// Auto-generated by tools/gen_disasm_blob.sh - DO NOT EDIT
// 
// Position-independent freestanding x86-64 disassembler blob
// (Intel + AT&T syntax) generated from tools/disasm_blob.cpp.
#pragma once
#include <cstdint>

// Entry-point offsets into the blob (VMA = blob offset).
static constexpr uint32_t kDs_zl11dec_grp1immp3decp4blobh = 0x15b0;
static constexpr uint32_t kDs_zl11decodeinstrp3decp4blob = 0x5f20;
static constexpr uint32_t kDs_zl11printimmsgnp4blobx = 0x280;
static constexpr uint32_t kDs_zl2bsp4blobpkc = 0x0;
static constexpr uint32_t kDs_zl4bhexp4blobyi = 0xf0;
static constexpr uint32_t kDs_zl4rd16p3decpi = 0x40;
static constexpr uint32_t kDs_zl4rd32p3decpi = 0xa0;
static constexpr uint32_t kDs_zl5accofp4blobi = 0x1b0;
static constexpr uint32_t kDs_zl7dec_twop3decp4blobh = 0x20a0;
static constexpr uint32_t kDs_zl7g_intel = 0x72f4;
static constexpr uint32_t kDs_zl7printrmp4blobp3decp5modrmi = 0x9b0;
static constexpr uint32_t kDs_zl7rdmodrmp3decp5modrmpi = 0xc00;
static constexpr uint32_t kDs_zl7regnamep4blobiii = 0x400;
static constexpr uint32_t kDs_zl8dec_grp1p3decp4blobh = 0x1940;
static constexpr uint32_t kDs_zl8dec_grp2p3decp4blobh = 0xde0;
static constexpr uint32_t kDs_zl8dec_grp3p3decp4blobh = 0x1250;
static constexpr uint32_t kDs_zl8printimmp4bloby = 0x210;
static constexpr uint32_t kDs_zl8printmemp4blobp3decp5modrm = 0x590;
static constexpr uint32_t kDs_zl9dec_unaryp4blobpk2s8ip3decp5modrmi = 0x9d0;
static constexpr uint32_t kDs_zl9decodeonep3decp4blob = 0x3440;
static constexpr uint32_t kDs_zl9g_addrpfx = 0x72f0;
static constexpr uint32_t kDs__bss_end = 0x72f8;
static constexpr uint32_t kDs__bss_start = 0x72f8;
static constexpr uint32_t kDsDisasm_entry = 0x6230;

static constexpr uint32_t kDsBlobEntry = kDsDisasm_entry;
static const uint8_t kDsBlob[] = {
    0x0f,0xb6,0x16,0x84,0xd2,0x74,0x2a,0x8b,0x47,0x0c,0x66,0x0f,0x1f,0x44,0x00,0x00,
    0x48,0x83,0xc6,0x01,0x39,0x47,0x08,0x7e,0x0b,0x48,0x8b,0x0f,0x48,0x98,0x88,0x14,
    0x01,0x8b,0x47,0x0c,0x83,0xc0,0x01,0x89,0x47,0x0c,0x0f,0xb6,0x16,0x84,0xd2,0x75,
    0xdf,0xc3,0x66,0x66,0x2e,0x0f,0x1f,0x84,0x00,0x00,0x00,0x00,0x00,0x0f,0x1f,0x00,
    0x48,0x8b,0x07,0x48,0x8b,0x57,0x08,0x48,0x8d,0x48,0x01,0x48,0x39,0xca,0x72,0x40,
    0xc7,0x06,0x01,0x00,0x00,0x00,0x48,0x89,0x0f,0x48,0x8b,0x4f,0x10,0x44,0x0f,0xb6,
    0x00,0x4c,0x8d,0x49,0x01,0x4c,0x89,0x4f,0x10,0x4c,0x8d,0x48,0x02,0x4c,0x39,0xca,
    0x72,0x1e,0xc7,0x06,0x01,0x00,0x00,0x00,0x48,0x83,0xc1,0x02,0x4c,0x89,0x0f,0x0f,
    0xb6,0x40,0x01,0x48,0x89,0x4f,0x10,0xc1,0xe0,0x08,0x44,0x09,0xc0,0xc3,0x66,0x90,
    0xc7,0x06,0x00,0x00,0x00,0x00,0x31,0xc0,0xc3,0x0f,0x1f,0x80,0x00,0x00,0x00,0x00,
    0x4c,0x8b,0x4f,0x08,0x48,0x8b,0x17,0x31,0xc9,0x45,0x31,0xc0,0x48,0x83,0xc2,0x01,
    0x49,0x39,0xd1,0x72,0x2b,0xc7,0x06,0x01,0x00,0x00,0x00,0x48,0x89,0x17,0x0f,0xb6,
    0x42,0xff,0x48,0x83,0x47,0x10,0x01,0xd3,0xe0,0x83,0xc1,0x08,0x41,0x09,0xc0,0x83,
    0xf9,0x20,0x75,0xd8,0x44,0x89,0xc0,0xc3,0x0f,0x1f,0x84,0x00,0x00,0x00,0x00,0x00,
    0x45,0x31,0xc0,0xc7,0x06,0x00,0x00,0x00,0x00,0x44,0x89,0xc0,0xc3,0x0f,0x1f,0x00,
    0x48,0x89,0xf1,0x48,0x63,0x47,0x0c,0x8b,0x77,0x08,0x48,0x85,0xc9,0x0f,0x84,0x8d,
    0x00,0x00,0x00,0x48,0x83,0xec,0x28,0x83,0xfa,0x01,0x41,0xb8,0x01,0x00,0x00,0x00,
    0x45,0x19,0xdb,0x4c,0x8d,0x4c,0x24,0xff,0x41,0x83,0xe3,0x20,0x41,0x83,0xc3,0x37,
    0xeb,0x09,0x66,0x0f,0x1f,0x44,0x00,0x00,0x49,0x89,0xd0,0x89,0xce,0x83,0xe6,0x0f,
    0x83,0xfe,0x09,0x44,0x8d,0x56,0x30,0x41,0x8d,0x14,0x33,0x41,0x0f,0x4e,0xd2,0x48,
    0xc1,0xe9,0x04,0x43,0x88,0x14,0x01,0x49,0x8d,0x50,0x01,0x75,0xdb,0x49,0x63,0xc8,
    0x49,0x01,0xc9,0x48,0x8d,0x14,0x0c,0x41,0x8d,0x48,0xff,0x49,0x29,0xc9,0x66,0x90,
    0x39,0x47,0x08,0x7e,0x10,0x48,0x8b,0x0f,0x0f,0xb6,0x72,0xff,0x48,0x98,0x40,0x88,
    0x34,0x01,0x8b,0x47,0x0c,0x83,0xc0,0x01,0x48,0x83,0xea,0x01,0x89,0x47,0x0c,0x4c,
    0x39,0xca,0x75,0xdc,0x48,0x83,0xc4,0x28,0xc3,0x0f,0x1f,0x80,0x00,0x00,0x00,0x00,
    0x39,0xf0,0x7d,0x0a,0x48,0x8b,0x17,0xc6,0x04,0x02,0x30,0x8b,0x47,0x0c,0x83,0xc0,
    0x01,0x89,0x47,0x0c,0xc3,0x66,0x66,0x2e,0x0f,0x1f,0x84,0x00,0x00,0x00,0x00,0x00,
    0xb9,0x72,0x00,0x00,0x00,0x48,0x8d,0x15,0x04,0x6c,0x00,0x00,0x83,0xfe,0x08,0x74,
    0x19,0x83,0xfe,0x02,0x48,0x8d,0x42,0x08,0x48,0x8d,0x52,0x10,0x0f,0x95,0xc1,0x48,
    0x0f,0x44,0xd0,0x8d,0x0c,0x8d,0x61,0x00,0x00,0x00,0x8b,0x47,0x0c,0x0f,0x1f,0x00,
    0x48,0x83,0xc2,0x01,0x39,0x47,0x08,0x7e,0x0b,0x48,0x8b,0x37,0x48,0x98,0x88,0x0c,
    0x06,0x8b,0x47,0x0c,0x83,0xc0,0x01,0x89,0x47,0x0c,0x0f,0xb6,0x0a,0x84,0xc9,0x75,
    0xdf,0xc3,0x66,0x66,0x2e,0x0f,0x1f,0x84,0x00,0x00,0x00,0x00,0x00,0x0f,0x1f,0x00,
    0x8b,0x15,0xde,0x70,0x00,0x00,0x48,0x63,0x47,0x0c,0x44,0x8b,0x47,0x08,0x85,0xd2,
    0x75,0x0b,0x44,0x39,0xc0,0x7c,0x49,0x83,0xc0,0x01,0x89,0x47,0x0c,0xb9,0x30,0x00,
    0x00,0x00,0x48,0x8d,0x15,0x37,0x64,0x00,0x00,0xeb,0x09,0x0f,0x1f,0x44,0x00,0x00,
    0x44,0x8b,0x47,0x08,0x48,0x83,0xc2,0x01,0x44,0x39,0xc0,0x7d,0x0c,0x4c,0x8b,0x07,
    0x48,0x98,0x41,0x88,0x0c,0x00,0x8b,0x47,0x0c,0x0f,0xb6,0x0a,0x83,0xc0,0x01,0x89,
    0x47,0x0c,0x84,0xc9,0x75,0xda,0x31,0xd2,0xe9,0x83,0xfe,0xff,0xff,0x0f,0x1f,0x00,
    0x48,0x8b,0x17,0xc6,0x04,0x02,0x24,0x8b,0x47,0x0c,0x44,0x8b,0x47,0x08,0xeb,0xa7,
    0x8b,0x0d,0x6e,0x70,0x00,0x00,0x48,0x63,0x47,0x0c,0x8b,0x57,0x08,0x85,0xc9,0x75,
    0x0a,0x39,0xd0,0x7c,0x73,0x83,0xc0,0x01,0x89,0x47,0x0c,0x48,0x85,0xf6,0x0f,0x89,
    0x7c,0x00,0x00,0x00,0x39,0xd0,0x7c,0x48,0x83,0xc0,0x01,0x48,0xf7,0xde,0x41,0xb8,
    0x30,0x00,0x00,0x00,0x89,0x47,0x0c,0x48,0x8d,0x0d,0xb2,0x63,0x00,0x00,0xeb,0x03,
    0x8b,0x57,0x08,0x48,0x83,0xc1,0x01,0x39,0xd0,0x7d,0x0c,0x48,0x8b,0x17,0x48,0x98,
    0x44,0x88,0x04,0x02,0x8b,0x47,0x0c,0x44,0x0f,0xb6,0x01,0x83,0xc0,0x01,0x89,0x47,
    0x0c,0x45,0x84,0xc0,0x75,0xda,0x31,0xd2,0xe9,0x03,0xfe,0xff,0xff,0x0f,0x1f,0x00,
    0x48,0x8b,0x17,0x48,0x98,0xc6,0x04,0x02,0x2d,0x8b,0x47,0x0c,0x8b,0x57,0x08,0xeb,
    0xa7,0x0f,0x1f,0x80,0x00,0x00,0x00,0x00,0x48,0x8b,0x17,0xc6,0x04,0x02,0x24,0x8b,
    0x47,0x0c,0x8b,0x57,0x08,0xe9,0x7b,0xff,0xff,0xff,0x66,0x0f,0x1f,0x44,0x00,0x00,
    0x41,0xb8,0x30,0x00,0x00,0x00,0x48,0x8d,0x0d,0x43,0x63,0x00,0x00,0xeb,0x04,0x90,
    0x8b,0x57,0x08,0x48,0x83,0xc1,0x01,0x39,0xd0,0x7d,0x0c,0x48,0x8b,0x17,0x48,0x98,
    0x44,0x88,0x04,0x02,0x8b,0x47,0x0c,0x44,0x0f,0xb6,0x01,0x83,0xc0,0x01,0x89,0x47,
    0x0c,0x45,0x84,0xc0,0x75,0xda,0x31,0xd2,0xe9,0x93,0xfd,0xff,0xff,0x0f,0x1f,0x00,
    0x48,0x89,0xf9,0x83,0xfe,0x03,0x7f,0x09,0x89,0xf0,0x83,0xe0,0x04,0x09,0xd0,0x74,
    0x47,0x48,0x63,0xf6,0x48,0x8d,0x05,0x65,0x6d,0x00,0x00,0x48,0x8d,0x14,0xf0,0x0f,
    0xb6,0x32,0x40,0x84,0xf6,0x74,0x2c,0x8b,0x41,0x0c,0x66,0x0f,0x1f,0x44,0x00,0x00,
    0x48,0x83,0xc2,0x01,0x3b,0x41,0x08,0x7d,0x0c,0x48,0x8b,0x39,0x48,0x98,0x40,0x88,
    0x34,0x07,0x8b,0x41,0x0c,0x83,0xc0,0x01,0x89,0x41,0x0c,0x0f,0xb6,0x32,0x40,0x84,
    0xf6,0x75,0xdd,0xc3,0x0f,0x1f,0x40,0x00,0x83,0xe6,0x03,0x48,0x8d,0x05,0xfe,0x6c,
    0x00,0x00,0x48,0x8d,0x14,0xf0,0x0f,0xb6,0x32,0x40,0x84,0xf6,0x74,0xe5,0x8b,0x47,
    0x0c,0x0f,0x1f,0x80,0x00,0x00,0x00,0x00,0x48,0x83,0xc2,0x01,0x39,0x41,0x08,0x7e,
    0x0c,0x48,0x8b,0x39,0x48,0x98,0x40,0x88,0x34,0x07,0x8b,0x41,0x0c,0x83,0xc0,0x01,
    0x89,0x41,0x0c,0x0f,0xb6,0x32,0x40,0x84,0xf6,0x75,0xdd,0xc3,0x0f,0x1f,0x40,0x00,
    0x48,0x89,0xf8,0x83,0xfa,0x01,0x74,0x60,0x48,0x63,0xf6,0x48,0xc1,0xe6,0x03,0x83,
    0xfa,0x02,0x0f,0x84,0x30,0x01,0x00,0x00,0x83,0xfa,0x04,0x0f,0x84,0x9f,0x00,0x00,
    0x00,0x48,0x8d,0x15,0x38,0x6e,0x00,0x00,0x48,0x01,0xf2,0x0f,0xb6,0x32,0x40,0x84,
    0xf6,0x74,0x31,0x8b,0x4f,0x0c,0x66,0x2e,0x0f,0x1f,0x84,0x00,0x00,0x00,0x00,0x00,
    0x48,0x83,0xc2,0x01,0x3b,0x48,0x08,0x7d,0x0d,0x48,0x8b,0x38,0x48,0x63,0xc9,0x40,
    0x88,0x34,0x0f,0x8b,0x48,0x0c,0x83,0xc1,0x01,0x89,0x48,0x0c,0x0f,0xb6,0x32,0x40,
    0x84,0xf6,0x75,0xdc,0xc3,0x0f,0x1f,0x00,0x83,0xfe,0x03,0x7f,0x0d,0x89,0xf2,0x83,
    0xe2,0x04,0x09,0xca,0x0f,0x84,0x86,0x00,0x00,0x00,0x48,0x63,0xf6,0x48,0x8d,0x15,
    0x5c,0x6c,0x00,0x00,0x48,0x8d,0x0c,0xf2,0x0f,0xb6,0x31,0x40,0x84,0xf6,0x74,0xd4,
    0x8b,0x50,0x0c,0x0f,0x1f,0x44,0x00,0x00,0x48,0x83,0xc1,0x01,0x3b,0x50,0x08,0x7d,
    0x0d,0x48,0x8b,0x38,0x48,0x63,0xd2,0x40,0x88,0x34,0x17,0x8b,0x50,0x0c,0x83,0xc2,
    0x01,0x89,0x50,0x0c,0x0f,0xb6,0x31,0x40,0x84,0xf6,0x75,0xdc,0xc3,0x0f,0x1f,0x00,
    0x48,0x8d,0x15,0x19,0x6d,0x00,0x00,0x48,0x01,0xf2,0x0f,0xb6,0x32,0x40,0x84,0xf6,
    0x74,0x92,0x8b,0x4f,0x0c,0x0f,0x1f,0x00,0x48,0x83,0xc2,0x01,0x3b,0x48,0x08,0x7d,
    0x0d,0x48,0x8b,0x38,0x48,0x63,0xc9,0x40,0x88,0x34,0x0f,0x8b,0x48,0x0c,0x83,0xc1,
    0x01,0x89,0x48,0x0c,0x0f,0xb6,0x32,0x40,0x84,0xf6,0x75,0xdc,0xc3,0x0f,0x1f,0x00,
    0x83,0xe6,0x03,0x48,0x8d,0x15,0xb6,0x6b,0x00,0x00,0x48,0x8d,0x0c,0xf2,0x0f,0xb6,
    0x31,0x40,0x84,0xf6,0x0f,0x84,0x4a,0xff,0xff,0xff,0x8b,0x57,0x0c,0x0f,0x1f,0x00,
    0x48,0x83,0xc1,0x01,0x39,0x50,0x08,0x7e,0x0d,0x48,0x8b,0x38,0x48,0x63,0xd2,0x40,
    0x88,0x34,0x17,0x8b,0x50,0x0c,0x83,0xc2,0x01,0x89,0x50,0x0c,0x0f,0xb6,0x31,0x40,
    0x84,0xf6,0x75,0xdc,0xc3,0x0f,0x1f,0x00,0x48,0x8d,0x15,0x11,0x6c,0x00,0x00,0x48,
    0x01,0xf2,0x0f,0xb6,0x32,0x40,0x84,0xf6,0x0f,0x84,0x06,0xff,0xff,0xff,0x8b,0x4f,
    0x0c,0x0f,0x1f,0x80,0x00,0x00,0x00,0x00,0x48,0x83,0xc2,0x01,0x3b,0x48,0x08,0x7d,
    0x0d,0x48,0x8b,0x38,0x48,0x63,0xc9,0x40,0x88,0x34,0x0f,0x8b,0x48,0x0c,0x83,0xc1,
    0x01,0x89,0x48,0x0c,0x0f,0xb6,0x32,0x40,0x84,0xf6,0x75,0xdc,0xc3,0x0f,0x1f,0x00,
    0x55,0x48,0x89,0xd5,0x53,0x48,0x83,0xec,0x08,0x44,0x8b,0x47,0x08,0x8b,0x1d,0x51,
    0x6d,0x00,0x00,0x48,0x63,0x47,0x0c,0x44,0x89,0xc2,0x85,0xdb,0x0f,0x85,0x4e,0x01,
    0x00,0x00,0x44,0x8b,0x4d,0x18,0x45,0x85,0xc9,0x0f,0x85,0xfe,0x01,0x00,0x00,0x48,
    0x63,0x75,0x0c,0x85,0xf6,0x0f,0x88,0xdd,0x02,0x00,0x00,0x44,0x39,0xc0,0x7d,0x0e,
    0x48,0x8b,0x17,0xc6,0x04,0x02,0x25,0x8b,0x47,0x0c,0x48,0x63,0x75,0x0c,0x83,0xc0,
    0x01,0x89,0x47,0x0c,0x4c,0x8d,0x0d,0x75,0x6c,0x00,0x00,0x49,0x8d,0x14,0xf1,0x0f,
    0xb6,0x0a,0x84,0xc9,0x0f,0x84,0x86,0x03,0x00,0x00,0x8b,0x47,0x0c,0x0f,0x1f,0x00,
    0x48,0x83,0xc2,0x01,0x39,0x47,0x08,0x7e,0x0b,0x48,0x8b,0x37,0x48,0x98,0x88,0x0c,
    0x06,0x8b,0x47,0x0c,0x83,0xc0,0x01,0x89,0x47,0x0c,0x0f,0xb6,0x0a,0x84,0xc9,0x75,
    0xdf,0x44,0x8b,0x45,0x10,0x45,0x85,0xc0,0x0f,0x88,0x4a,0x02,0x00,0x00,0x39,0x47,
    0x08,0x7e,0x0c,0x48,0x8b,0x17,0x48,0x98,0xc6,0x04,0x02,0x2b,0x8b,0x47,0x0c,0x83,
    0xc0,0x01,0x89,0x47,0x0c,0x85,0xdb,0x0f,0x84,0x6b,0x02,0x00,0x00,0x48,0x63,0x55,
    0x10,0x49,0x8d,0x14,0xd1,0x0f,0xb6,0x0a,0x84,0xc9,0x74,0x25,0x8b,0x47,0x0c,0x90,
    0x48,0x83,0xc2,0x01,0x39,0x47,0x08,0x7e,0x0b,0x48,0x8b,0x37,0x48,0x98,0x88,0x0c,
    0x06,0x8b,0x47,0x0c,0x83,0xc0,0x01,0x89,0x47,0x0c,0x0f,0xb6,0x0a,0x84,0xc9,0x75,
    0xdf,0x48,0x63,0x75,0x14,0x83,0xfe,0x01,0x0f,0x8e,0xea,0x01,0x00,0x00,0x48,0x63,
    0x47,0x0c,0x3b,0x47,0x08,0x7d,0x0e,0x48,0x8b,0x17,0xc6,0x04,0x02,0x2a,0x48,0x63,
    0x75,0x14,0x8b,0x47,0x0c,0x83,0xc0,0x01,0xba,0x01,0x00,0x00,0x00,0x89,0x47,0x0c,
    0xe8,0x3b,0xfa,0xff,0xff,0x8b,0x75,0x20,0x85,0xf6,0x0f,0x84,0x90,0x01,0x00,0x00,
    0x48,0x63,0x75,0x1c,0x85,0xf6,0x0f,0x84,0x84,0x01,0x00,0x00,0x8b,0x4f,0x0c,0x48,
    0x63,0xc1,0x48,0x85,0xf6,0x0f,0x88,0xfd,0x01,0x00,0x00,0x44,0x8b,0x47,0x08,0x44,
    0x39,0xc0,0x7d,0x0e,0x48,0x8b,0x17,0xc6,0x04,0x02,0x2b,0x8b,0x47,0x0c,0x44,0x8b,
    0x47,0x08,0x8d,0x48,0x01,0x89,0x4f,0x0c,0xeb,0x76,0x66,0x0f,0x1f,0x44,0x00,0x00,
    0x44,0x39,0xc0,0x7d,0x0a,0x48,0x8b,0x17,0xc6,0x04,0x02,0x5b,0x8b,0x47,0x0c,0x44,
    0x8b,0x45,0x18,0x8d,0x48,0x01,0x89,0x4f,0x0c,0x45,0x85,0xc0,0x0f,0x85,0x96,0x00,
    0x00,0x00,0x48,0x63,0x75,0x0c,0x85,0xf6,0x0f,0x89,0xb6,0xfe,0xff,0xff,0x48,0x63,
    0x55,0x10,0x4c,0x8d,0x0d,0x27,0x6b,0x00,0x00,0x85,0xd2,0x0f,0x89,0x10,0xff,0xff,
    0xff,0x8b,0x57,0x08,0x8b,0x75,0x20,0x41,0x89,0xd0,0x85,0xf6,0x0f,0x84,0x1e,0x02,
    0x00,0x00,0x48,0x63,0x75,0x1c,0x85,0xf6,0x0f,0x84,0x12,0x02,0x00,0x00,0x48,0x85,
    0xf6,0x0f,0x88,0x74,0x01,0x00,0x00,0x66,0x0f,0x1f,0x84,0x00,0x00,0x00,0x00,0x00,
    0xba,0x30,0x00,0x00,0x00,0x48,0x8d,0x05,0xf4,0x5e,0x00,0x00,0xeb,0x06,0x66,0x90,
    0x44,0x8b,0x47,0x08,0x48,0x83,0xc0,0x01,0x44,0x39,0xc1,0x7d,0x0d,0x4c,0x8b,0x07,
    0x48,0x63,0xc9,0x41,0x88,0x14,0x08,0x8b,0x4f,0x0c,0x0f,0xb6,0x10,0x83,0xc1,0x01,
    0x89,0x4f,0x0c,0x84,0xd2,0x75,0xd9,0x31,0xd2,0xe8,0x42,0xf9,0xff,0xff,0xe9,0x9d,
    0x00,0x00,0x00,0x0f,0x1f,0x44,0x00,0x00,0x8b,0x57,0x08,0x89,0xc8,0x4c,0x63,0x45,
    0x1c,0x48,0x8d,0x0d,0xb8,0x5c,0x00,0x00,0x4c,0x03,0x46,0x10,0xbe,0x72,0x00,0x00,
    0x00,0x0f,0x1f,0x80,0x00,0x00,0x00,0x00,0x48,0x83,0xc1,0x01,0x39,0xd0,0x7d,0x0f,
    0x48,0x8b,0x17,0x48,0x98,0x40,0x88,0x34,0x02,0x8b,0x57,0x08,0x8b,0x47,0x0c,0x0f,
    0xb6,0x31,0x83,0xc0,0x01,0x89,0x47,0x0c,0x40,0x84,0xf6,0x75,0xdb,0x39,0xd0,0x0f,
    0x8c,0x8b,0x00,0x00,0x00,0x83,0xc0,0x01,0xbe,0x30,0x00,0x00,0x00,0x48,0x8d,0x0d,
    0x5c,0x5e,0x00,0x00,0x89,0x47,0x0c,0xeb,0x0a,0x0f,0x1f,0x80,0x00,0x00,0x00,0x00,
    0x8b,0x57,0x08,0x48,0x83,0xc1,0x01,0x39,0xd0,0x7d,0x0c,0x48,0x8b,0x17,0x48,0x98,
    0x40,0x88,0x34,0x02,0x8b,0x47,0x0c,0x0f,0xb6,0x31,0x83,0xc0,0x01,0x89,0x47,0x0c,
    0x40,0x84,0xf6,0x75,0xdb,0x31,0xd2,0x4c,0x89,0xc6,0xe8,0xa1,0xf8,0xff,0xff,0x90,
    0x85,0xdb,0x74,0x19,0x48,0x63,0x47,0x0c,0x3b,0x47,0x08,0x7d,0x0a,0x48,0x8b,0x17,
    0xc6,0x04,0x02,0x5d,0x8b,0x47,0x0c,0x83,0xc0,0x01,0x89,0x47,0x0c,0x48,0x83,0xc4,
    0x08,0x5b,0x5d,0xc3,0x0f,0x1f,0x40,0x00,0x8b,0x45,0x20,0x85,0xc0,0x74,0xd1,0x48,
    0x63,0x75,0x1c,0x85,0xf6,0x0f,0x85,0x41,0xfe,0xff,0xff,0xeb,0xc3,0x0f,0x1f,0x00,
    0x48,0x8b,0x17,0x48,0x98,0xc6,0x04,0x02,0x2b,0x8b,0x47,0x0c,0x8b,0x57,0x08,0xe9,
    0x61,0xff,0xff,0xff,0x0f,0x1f,0x40,0x00,0x44,0x8b,0x5d,0x10,0x4c,0x8d,0x0d,0xad,
    0x69,0x00,0x00,0x45,0x85,0xdb,0x78,0x78,0x39,0x47,0x08,0x7e,0x0c,0x48,0x8b,0x17,
    0x48,0x98,0xc6,0x04,0x02,0x25,0x8b,0x47,0x0c,0x83,0xc0,0x01,0x89,0x47,0x0c,0xe9,
    0x79,0xfd,0xff,0xff,0x0f,0x1f,0x40,0x00,0x8b,0x57,0x08,0x39,0xca,0x7f,0x79,0x48,
    0xf7,0xde,0x83,0xc1,0x01,0x48,0x8d,0x05,0x84,0x5d,0x00,0x00,0x49,0x89,0xf0,0x89,
    0x4f,0x0c,0xbe,0x30,0x00,0x00,0x00,0xeb,0x0a,0x0f,0x1f,0x80,0x00,0x00,0x00,0x00,
    0x8b,0x57,0x08,0x48,0x83,0xc0,0x01,0x39,0xd1,0x7d,0x0d,0x48,0x8b,0x17,0x48,0x63,
    0xc9,0x40,0x88,0x34,0x0a,0x8b,0x4f,0x0c,0x0f,0xb6,0x30,0x83,0xc1,0x01,0x89,0x4f,
    0x0c,0x40,0x84,0xf6,0x75,0xda,0xe9,0x1a,0xff,0xff,0xff,0x0f,0x1f,0x44,0x00,0x00,
    0x8b,0x4d,0x20,0x85,0xc9,0x74,0x08,0x48,0x63,0x75,0x1c,0x85,0xf6,0x75,0x5b,0x39,
    0x47,0x08,0x0f,0x8e,0x1f,0xff,0xff,0xff,0x48,0x8b,0x17,0xc6,0x04,0x02,0x30,0x83,
    0x47,0x0c,0x01,0xe9,0xf8,0xfe,0xff,0xff,0x48,0x8b,0x07,0x48,0x63,0xc9,0xc6,0x04,
    0x08,0x2d,0x8b,0x4f,0x0c,0x8b,0x57,0x08,0xe9,0x72,0xff,0xff,0xff,0x0f,0x1f,0x00,
    0x3b,0x4f,0x08,0x7c,0x20,0x83,0xc0,0x02,0x89,0x47,0x0c,0xe9,0xd4,0xfe,0xff,0xff,
    0x44,0x8b,0x55,0x10,0x45,0x85,0xd2,0x0f,0x88,0xeb,0xfe,0xff,0xff,0x8b,0x47,0x0c,
    0xe9,0x99,0xfc,0xff,0xff,0x48,0x63,0xc1,0xeb,0xae,0x89,0xc1,0xe9,0xbd,0xfd,0xff,
    0xff,0x66,0x66,0x2e,0x0f,0x1f,0x84,0x00,0x00,0x00,0x00,0x00,0x0f,0x1f,0x40,0x00,
    0x83,0x3a,0x03,0x89,0xc8,0x74,0x09,0xe9,0xd4,0xfb,0xff,0xff,0x0f,0x1f,0x40,0x00,
    0x8b,0x4e,0x18,0x8b,0x72,0x08,0x89,0xc2,0xe9,0x33,0xfa,0xff,0xff,0x0f,0x1f,0x00,
    0x48,0x63,0xd2,0x49,0x89,0xca,0x8b,0x47,0x0c,0x48,0x8d,0x14,0xd6,0x8b,0x77,0x08,
    0x0f,0xb6,0x0a,0x84,0xc9,0x74,0x2c,0x66,0x0f,0x1f,0x84,0x00,0x00,0x00,0x00,0x00,
    0x48,0x83,0xc2,0x01,0x39,0xf0,0x7d,0x0e,0x48,0x8b,0x37,0x48,0x98,0x88,0x0c,0x06,
    0x8b,0x47,0x0c,0x8b,0x77,0x08,0x83,0xc0,0x01,0x89,0x47,0x0c,0x0f,0xb6,0x0a,0x84,
    0xc9,0x75,0xdd,0x39,0xf0,0x7d,0x0c,0x48,0x8b,0x17,0x48,0x98,0xc6,0x04,0x02,0x20,
    0x8b,0x47,0x0c,0x83,0xc0,0x01,0x41,0x83,0x38,0x03,0x89,0x47,0x0c,0x74,0x11,0x4c,
    0x89,0xc2,0x4c,0x89,0xd6,0xe9,0x56,0xfb,0xff,0xff,0x66,0x0f,0x1f,0x44,0x00,0x00,
    0x41,0x8b,0x4a,0x18,0x41,0x8b,0x70,0x08,0x44,0x89,0xca,0xe9,0xb0,0xf9,0xff,0xff,
    0x48,0x89,0xf8,0x48,0x89,0xd7,0x48,0x8b,0x10,0x4c,0x8b,0x48,0x08,0x48,0x8d,0x4a,
    0x01,0x49,0x39,0xc9,0x0f,0x82,0xb6,0x00,0x00,0x00,0xc7,0x07,0x01,0x00,0x00,0x00,
    0x48,0x89,0x08,0x44,0x0f,0xb6,0x02,0xba,0x01,0x00,0x00,0x00,0x48,0x83,0x40,0x10,
    0x01,0x44,0x89,0xc1,0x45,0x89,0xc2,0x41,0x83,0xe0,0x07,0xc0,0xe9,0x06,0x41,0xc0,
    0xea,0x03,0xd3,0xe2,0x41,0x83,0xe2,0x07,0x89,0x56,0x14,0x8b,0x50,0x18,0x8d,0x0c,
    0x12,0xc1,0xe2,0x03,0x83,0xe1,0x08,0x83,0xe2,0x08,0x44,0x09,0xd1,0x44,0x09,0xc2,
    0x41,0xb8,0xff,0xff,0xff,0xff,0x83,0xf9,0x04,0x89,0x56,0x0c,0x41,0x0f,0x44,0xc8,
    0x44,0x8b,0x06,0x89,0x4e,0x10,0x45,0x85,0xc0,0x74,0x45,0x41,0x83,0xf8,0x01,0x0f,
    0x85,0xab,0x00,0x00,0x00,0x48,0x8b,0x10,0x48,0x8d,0x4a,0x01,0x49,0x39,0xc9,0x72,
    0x4f,0xc7,0x07,0x01,0x00,0x00,0x00,0x48,0x89,0x08,0x0f,0xb6,0x12,0x48,0x83,0x40,
    0x10,0x01,0x89,0xd1,0x0f,0xb6,0xc2,0x81,0xc9,0x00,0xff,0xff,0xff,0x84,0xd2,0x0f,
    0x48,0xc1,0x89,0x46,0x1c,0xc7,0x46,0x20,0x01,0x00,0x00,0x00,0xc3,0x0f,0x1f,0x00,
    0x83,0xfa,0x05,0x74,0x2b,0xc3,0x66,0x2e,0x0f,0x1f,0x84,0x00,0x00,0x00,0x00,0x00,
    0xc7,0x07,0x00,0x00,0x00,0x00,0xc3,0x66,0x0f,0x1f,0x84,0x00,0x00,0x00,0x00,0x00,
    0xc7,0x07,0x00,0x00,0x00,0x00,0x31,0xc0,0xeb,0xc8,0x66,0x0f,0x1f,0x44,0x00,0x00,
    0x48,0x8b,0x08,0x45,0x31,0xdb,0x48,0x8d,0x51,0x01,0x31,0xc9,0x49,0x39,0xd1,0x0f,
    0x82,0x8b,0x00,0x00,0x00,0xc7,0x07,0x01,0x00,0x00,0x00,0x48,0x89,0x10,0x44,0x0f,
    0xb6,0x52,0xff,0x48,0x83,0xc2,0x01,0x48,0x83,0x40,0x10,0x01,0x41,0xd3,0xe2,0x83,
    0xc1,0x08,0x45,0x09,0xd3,0x83,0xf9,0x20,0x75,0xd2,0x45,0x89,0xd8,0xeb,0x67,0x90,
    0x41,0x83,0xf8,0x02,0x75,0x8f,0x48,0x8b,0x08,0x45,0x31,0xd2,0x4c,0x8d,0x41,0x01,
    0x31,0xc9,0x4d,0x39,0xc1,0x72,0x39,0xc7,0x07,0x01,0x00,0x00,0x00,0x4c,0x89,0x00,
    0x41,0x0f,0xb6,0x50,0xff,0x49,0x83,0xc0,0x01,0x48,0x83,0x40,0x10,0x01,0xd3,0xe2,
    0x83,0xc1,0x08,0x41,0x09,0xd2,0x83,0xf9,0x20,0x75,0xd7,0x44,0x89,0x56,0x1c,0xc7,
    0x46,0x20,0x01,0x00,0x00,0x00,0xc3,0x66,0x0f,0x1f,0x84,0x00,0x00,0x00,0x00,0x00,
    0xc7,0x07,0x00,0x00,0x00,0x00,0x45,0x31,0xd2,0xeb,0xe0,0x0f,0x1f,0x44,0x00,0x00,
    0xc7,0x07,0x00,0x00,0x00,0x00,0x44,0x89,0x46,0x1c,0xc7,0x46,0x0c,0xff,0xff,0xff,
    0xff,0xc7,0x46,0x18,0x00,0x00,0x00,0x00,0xc7,0x46,0x20,0x01,0x00,0x00,0x00,0xc3,
    0x49,0x89,0xd0,0x48,0x8b,0x17,0x4c,0x8b,0x57,0x08,0x48,0x8d,0x42,0x01,0x49,0x39,
    0xc2,0x0f,0x82,0xc9,0x00,0x00,0x00,0x41,0xc7,0x00,0x01,0x00,0x00,0x00,0x66,0x0f,
    0x6f,0x05,0xba,0x66,0x00,0x00,0x48,0x89,0x07,0x55,0x53,0x0f,0xb6,0x0a,0x48,0x8b,
    0x5f,0x10,0x41,0x89,0xcb,0x89,0xcd,0x83,0xe1,0x07,0x48,0x8d,0x43,0x01,0x41,0xc0,
    0xeb,0x06,0x40,0xc0,0xed,0x03,0x48,0x89,0x47,0x10,0x41,0x0f,0xb6,0xc3,0x83,0xe5,
    0x07,0x89,0x06,0x8b,0x47,0x18,0x48,0xc7,0x46,0x1c,0x00,0x00,0x00,0x00,0x44,0x8d,
    0x0c,0x00,0xc1,0xe0,0x03,0x0f,0x11,0x46,0x0c,0x41,0x83,0xe1,0x08,0x83,0xe0,0x08,
    0x41,0x09,0xe9,0x09,0xc8,0x44,0x89,0x4e,0x04,0x89,0x46,0x08,0x41,0x80,0xfb,0x03,
    0x74,0x54,0x83,0xf8,0x04,0x0f,0x84,0xc5,0x00,0x00,0x00,0x45,0x84,0xdb,0x74,0x60,
    0x41,0x80,0xfb,0x01,0x75,0x6a,0x48,0x8d,0x42,0x02,0x49,0x39,0xc2,0x0f,0x82,0x2d,
    0x01,0x00,0x00,0x41,0xc7,0x00,0x01,0x00,0x00,0x00,0x48,0x83,0xc3,0x02,0x48,0x89,
    0x07,0x0f,0xb6,0x42,0x01,0x48,0x89,0x5f,0x10,0x89,0xc1,0x81,0xc9,0x00,0xff,0xff,
    0xff,0x84,0xc0,0x0f,0x48,0xc1,0x89,0x46,0x1c,0x8b,0x46,0x08,0xc7,0x46,0x20,0x01,
    0x00,0x00,0x00,0x89,0x46,0x0c,0x5b,0x5d,0xc3,0x0f,0x1f,0x80,0x00,0x00,0x00,0x00,
    0x41,0xc7,0x00,0x00,0x00,0x00,0x00,0xc3,0x0f,0x1f,0x84,0x00,0x00,0x00,0x00,0x00,
    0x83,0xf8,0x05,0x74,0x7b,0x5b,0x5d,0x89,0x46,0x0c,0xc3,0x0f,0x1f,0x44,0x00,0x00,
    0x48,0x83,0xc2,0x02,0x31,0xc9,0x45,0x31,0xc9,0x49,0x39,0xd2,0x72,0x52,0x41,0xc7,
    0x00,0x01,0x00,0x00,0x00,0x48,0x89,0x17,0x0f,0xb6,0x42,0xff,0x48,0x83,0xc2,0x01,
    0x48,0x83,0x47,0x10,0x01,0xd3,0xe0,0x83,0xc1,0x08,0x41,0x09,0xc1,0x83,0xf9,0x20,
    0x75,0xd7,0x8b,0x46,0x08,0x5b,0x44,0x89,0x4e,0x1c,0xc7,0x46,0x20,0x01,0x00,0x00,
    0x00,0x5d,0x89,0x46,0x0c,0xc3,0x66,0x2e,0x0f,0x1f,0x84,0x00,0x00,0x00,0x00,0x00,
    0x5b,0x4c,0x89,0xc2,0x5d,0xe9,0xf6,0xfc,0xff,0xff,0x66,0x0f,0x1f,0x44,0x00,0x00,
    0x41,0xc7,0x00,0x00,0x00,0x00,0x00,0x45,0x31,0xc9,0xeb,0xc6,0x0f,0x1f,0x40,0x00,
    0x48,0x83,0xc2,0x02,0x31,0xc9,0x45,0x31,0xc9,0x49,0x39,0xd2,0x72,0x42,0x41,0xc7,
    0x00,0x01,0x00,0x00,0x00,0x48,0x89,0x17,0x0f,0xb6,0x42,0xff,0x48,0x83,0xc2,0x01,
    0x48,0x83,0x47,0x10,0x01,0xd3,0xe0,0x83,0xc1,0x08,0x41,0x09,0xc1,0x83,0xf9,0x20,
    0x75,0xd7,0x44,0x89,0x4e,0x1c,0xc7,0x46,0x18,0x01,0x00,0x00,0x00,0xc7,0x46,0x20,
    0x01,0x00,0x00,0x00,0xe9,0x1d,0xff,0xff,0xff,0x0f,0x1f,0x80,0x00,0x00,0x00,0x00,
    0x41,0xc7,0x00,0x00,0x00,0x00,0x00,0x45,0x31,0xc9,0xeb,0xd6,0x0f,0x1f,0x40,0x00,
    0x41,0xc7,0x00,0x00,0x00,0x00,0x00,0x31,0xc0,0xe9,0xe8,0xfe,0xff,0xff,0x66,0x90,
    0x41,0x56,0x41,0x55,0x49,0x89,0xfd,0x41,0x54,0x41,0x89,0xd4,0x55,0x48,0x89,0xf5,
    0x53,0x48,0x83,0xec,0x40,0x48,0x8d,0x5c,0x24,0x10,0x48,0x8d,0x54,0x24,0x0c,0xc7,
    0x44,0x24,0x0c,0x01,0x00,0x00,0x00,0x48,0x89,0xde,0xe8,0xf1,0xfd,0xff,0xff,0x44,
    0x8b,0x44,0x24,0x0c,0x45,0x85,0xc0,0x0f,0x84,0xbb,0x01,0x00,0x00,0x8b,0x44,0x24,
    0x14,0x44,0x89,0xe2,0x83,0xe2,0xef,0x83,0xe0,0x07,0x80,0xfa,0xc0,0x0f,0x84,0x95,
    0x01,0x00,0x00,0x41,0x80,0xfc,0xd2,0x0f,0x84,0x8b,0x01,0x00,0x00,0x45,0x8b,0x75,
    0x20,0x48,0x98,0x48,0x8d,0x15,0x36,0x60,0x00,0x00,0x8b,0x3d,0xa4,0x64,0x00,0x00,
    0x8b,0x75,0x08,0x48,0x8d,0x14,0xc2,0x8b,0x45,0x0c,0x0f,0xb6,0x0a,0x85,0xff,0x0f,
    0x84,0xcb,0x00,0x00,0x00,0xeb,0x29,0x66,0x0f,0x1f,0x84,0x00,0x00,0x00,0x00,0x00,
    0x48,0x83,0xc2,0x01,0x39,0xf0,0x7d,0x0f,0x48,0x8b,0x75,0x00,0x48,0x98,0x88,0x0c,
    0x06,0x8b,0x45,0x0c,0x8b,0x75,0x08,0x83,0xc0,0x01,0x89,0x45,0x0c,0x0f,0xb6,0x0a,
    0x84,0xc9,0x75,0xdc,0x39,0xc6,0x0f,0x8f,0x54,0x01,0x00,0x00,0x83,0xc0,0x01,0x83,
    0x7c,0x24,0x10,0x03,0x89,0x45,0x0c,0x0f,0x84,0x61,0x01,0x00,0x00,0x48,0x89,0xda,
    0x4c,0x89,0xee,0x48,0x89,0xef,0xe8,0xd5,0xf6,0xff,0xff,0x41,0x8d,0x44,0x24,0x40,
    0x3c,0x01,0x0f,0x86,0x66,0x01,0x00,0x00,0x41,0x83,0xc4,0x30,0x8b,0x45,0x0c,0xb9,
    0x2c,0x00,0x00,0x00,0x48,0x8d,0x15,0xad,0x55,0x00,0x00,0x41,0x80,0xfc,0x01,0x0f,
    0x86,0x2b,0x03,0x00,0x00,0x0f,0x1f,0x00,0x48,0x83,0xc2,0x01,0x39,0x45,0x08,0x7e,
    0x0c,0x48,0x8b,0x75,0x00,0x48,0x98,0x88,0x0c,0x06,0x8b,0x45,0x0c,0x0f,0xb6,0x0a,
    0x83,0xc0,0x01,0x89,0x45,0x0c,0x84,0xc9,0x75,0xde,0xe9,0xa4,0x00,0x00,0x00,0x90,
    0x48,0x83,0xc2,0x01,0x39,0xf0,0x7d,0x0f,0x48,0x8b,0x75,0x00,0x48,0x98,0x88,0x0c,
    0x06,0x8b,0x45,0x0c,0x8b,0x75,0x08,0x83,0xc0,0x01,0x89,0x45,0x0c,0x0f,0xb6,0x0a,
    0x84,0xc9,0x75,0xdc,0x39,0xc6,0x7e,0x0d,0x48,0x8b,0x55,0x00,0x48,0x98,0xc6,0x04,
    0x02,0x20,0x8b,0x45,0x0c,0x83,0xc0,0x01,0x41,0x8d,0x54,0x24,0x40,0x89,0x45,0x0c,
    0x80,0xfa,0x01,0x0f,0x86,0x87,0x01,0x00,0x00,0x41,0x83,0xc4,0x30,0xb9,0x25,0x00,
    0x00,0x00,0x48,0x8d,0x15,0x29,0x55,0x00,0x00,0x41,0x80,0xfc,0x01,0x0f,0x86,0x5d,
    0x02,0x00,0x00,0x0f,0x1f,0x44,0x00,0x00,0x48,0x83,0xc2,0x01,0x3b,0x45,0x08,0x7d,
    0x0c,0x48,0x8b,0x75,0x00,0x48,0x98,0x88,0x0c,0x06,0x8b,0x45,0x0c,0x0f,0xb6,0x0a,
    0x83,0xc0,0x01,0x89,0x45,0x0c,0x84,0xc9,0x75,0xde,0x83,0x7c,0x24,0x10,0x03,0x0f,
    0x84,0x13,0x02,0x00,0x00,0x48,0x89,0xda,0x4c,0x89,0xee,0x48,0x89,0xef,0xe8,0xdd,
    0xf5,0xff,0xff,0x48,0x83,0xc4,0x40,0xb8,0x01,0x00,0x00,0x00,0x5b,0x5d,0x41,0x5c,
    0x41,0x5d,0x41,0x5e,0xc3,0x0f,0x1f,0x00,0x41,0xbe,0x01,0x00,0x00,0x00,0xe9,0x6e,
    0xfe,0xff,0xff,0x0f,0x1f,0x44,0x00,0x00,0x48,0x83,0xc4,0x40,0x31,0xc0,0x5b,0x5d,
    0x41,0x5c,0x41,0x5d,0x41,0x5e,0xc3,0x66,0x0f,0x1f,0x84,0x00,0x00,0x00,0x00,0x00,
    0x48,0x8b,0x55,0x00,0x48,0x98,0xc6,0x04,0x02,0x20,0x8b,0x45,0x0c,0x83,0xc0,0x01,
    0x83,0x7c,0x24,0x10,0x03,0x89,0x45,0x0c,0x0f,0x85,0x9f,0xfe,0xff,0xff,0x41,0x8b,
    0x4d,0x18,0x8b,0x74,0x24,0x18,0x44,0x89,0xf2,0x48,0x89,0xef,0xe8,0xdf,0xf3,0xff,
    0xff,0x41,0x8d,0x44,0x24,0x40,0x3c,0x01,0x0f,0x87,0x9a,0xfe,0xff,0xff,0x49,0x8b,
    0x45,0x00,0x48,0x8d,0x50,0x01,0x49,0x39,0x55,0x08,0x72,0x9c,0x49,0x89,0x55,0x00,
    0x0f,0xb6,0x30,0xbf,0x2c,0x00,0x00,0x00,0x48,0x8d,0x0d,0x40,0x54,0x00,0x00,0x8b,
    0x45,0x0c,0x8b,0x55,0x08,0xc7,0x44,0x24,0x0c,0x01,0x00,0x00,0x00,0x49,0x83,0x45,
    0x10,0x01,0x66,0x0f,0x1f,0x44,0x00,0x00,0x48,0x83,0xc1,0x01,0x39,0xd0,0x7d,0x10,
    0x48,0x8b,0x55,0x00,0x48,0x98,0x40,0x88,0x3c,0x02,0x8b,0x45,0x0c,0x8b,0x55,0x08,
    0x0f,0xb6,0x39,0x83,0xc0,0x01,0x89,0x45,0x0c,0x40,0x84,0xff,0x75,0xda,0x40,0x0f,
    0xb6,0xfe,0x48,0x8d,0x0d,0xd7,0x55,0x00,0x00,0xbe,0x30,0x00,0x00,0x00,0xeb,0x03,
    0x8b,0x55,0x08,0x48,0x83,0xc1,0x01,0x39,0xd0,0x7d,0x0d,0x48,0x8b,0x55,0x00,0x48,
    0x98,0x40,0x88,0x34,0x02,0x8b,0x45,0x0c,0x0f,0xb6,0x31,0x83,0xc0,0x01,0x89,0x45,
    0x0c,0x40,0x84,0xf6,0x75,0xda,0x48,0x89,0xfe,0x31,0xd2,0x48,0x89,0xef,0xe8,0x1d,
    0xf0,0xff,0xff,0xe9,0xdb,0xfe,0xff,0xff,0x0f,0x1f,0x84,0x00,0x00,0x00,0x00,0x00,
    0x49,0x8b,0x55,0x00,0x48,0x8d,0x4a,0x01,0x49,0x39,0x4d,0x08,0x0f,0x82,0xe6,0xfe,
    0xff,0xff,0x8b,0x7d,0x08,0x49,0x89,0x4d,0x00,0xc7,0x44,0x24,0x0c,0x01,0x00,0x00,
    0x00,0x0f,0xb6,0x32,0x49,0x83,0x45,0x10,0x01,0x39,0xf8,0x0f,0x8c,0x8f,0x00,0x00,
    0x00,0x0f,0x1f,0x80,0x00,0x00,0x00,0x00,0x83,0xc0,0x01,0xb9,0x30,0x00,0x00,0x00,
    0x48,0x8d,0x15,0x49,0x55,0x00,0x00,0x89,0x45,0x0c,0xeb,0x07,0x0f,0x1f,0x40,0x00,
    0x8b,0x7d,0x08,0x48,0x83,0xc2,0x01,0x39,0xc7,0x7e,0x0c,0x48,0x8b,0x7d,0x00,0x48,
    0x98,0x88,0x0c,0x07,0x8b,0x45,0x0c,0x0f,0xb6,0x0a,0x83,0xc0,0x01,0x89,0x45,0x0c,
    0x84,0xc9,0x75,0xdc,0x31,0xd2,0x48,0x89,0xef,0xe8,0x92,0xef,0xff,0xff,0x8b,0x45,
    0x0c,0xb9,0x2c,0x00,0x00,0x00,0x48,0x8d,0x15,0x22,0x53,0x00,0x00,0x0f,0x1f,0x00,
    0x48,0x83,0xc2,0x01,0x3b,0x45,0x08,0x7d,0x0c,0x48,0x8b,0x75,0x00,0x48,0x98,0x88,
    0x0c,0x06,0x8b,0x45,0x0c,0x0f,0xb6,0x0a,0x83,0xc0,0x01,0x89,0x45,0x0c,0x84,0xc9,
    0x75,0xde,0xe9,0x03,0xfe,0xff,0xff,0x66,0x0f,0x1f,0x84,0x00,0x00,0x00,0x00,0x00,
    0x48,0x8b,0x55,0x00,0x48,0x98,0xc6,0x04,0x02,0x24,0x8b,0x45,0x0c,0x8b,0x7d,0x08,
    0xe9,0x63,0xff,0xff,0xff,0x0f,0x1f,0x00,0x41,0x8b,0x4d,0x18,0x8b,0x74,0x24,0x18,
    0x44,0x89,0xf2,0x48,0x89,0xef,0xe8,0x35,0xf2,0xff,0xff,0xe9,0xe3,0xfd,0xff,0xff,
    0xb9,0x24,0x00,0x00,0x00,0x48,0x8d,0x15,0xb1,0x52,0x00,0x00,0x0f,0x1f,0x40,0x00,
    0x48,0x83,0xc2,0x01,0x39,0x45,0x08,0x7e,0x0c,0x48,0x8b,0x75,0x00,0x48,0x98,0x88,
    0x0c,0x06,0x8b,0x45,0x0c,0x0f,0xb6,0x0a,0x83,0xc0,0x01,0x89,0x45,0x0c,0x84,0xc9,
    0x75,0xde,0xe9,0x93,0xfd,0xff,0xff,0x66,0x0f,0x1f,0x84,0x00,0x00,0x00,0x00,0x00,
    0x48,0x8d,0x15,0x6d,0x52,0x00,0x00,0x66,0x0f,0x1f,0x84,0x00,0x00,0x00,0x00,0x00,
    0x48,0x83,0xc2,0x01,0x39,0x45,0x08,0x7e,0x0c,0x48,0x8b,0x75,0x00,0x48,0x98,0x88,
    0x0c,0x06,0x8b,0x45,0x0c,0x0f,0xb6,0x0a,0x83,0xc0,0x01,0x89,0x45,0x0c,0x84,0xc9,
    0x75,0xde,0xe9,0x6c,0xfd,0xff,0xff,0x66,0x0f,0x1f,0x84,0x00,0x00,0x00,0x00,0x00,
    0x41,0x56,0x41,0x55,0x41,0x89,0xd5,0x41,0x54,0x49,0x89,0xfc,0x55,0x53,0x48,0x89,
    0xf3,0x48,0x83,0xec,0x40,0x4c,0x8d,0x74,0x24,0x0c,0x48,0x8d,0x6c,0x24,0x10,0xc7,
    0x44,0x24,0x0c,0x01,0x00,0x00,0x00,0x4c,0x89,0xf2,0x48,0x89,0xee,0xe8,0x7e,0xf9,
    0xff,0xff,0x44,0x8b,0x44,0x24,0x0c,0x45,0x85,0xc0,0x0f,0x84,0x78,0x01,0x00,0x00,
    0x8b,0x44,0x24,0x14,0x89,0xc2,0x83,0xe2,0x06,0x41,0x80,0xfd,0xf6,0x74,0x69,0x45,
    0x8b,0x6c,0x24,0x20,0x85,0xd2,0x0f,0x85,0x7a,0x01,0x00,0x00,0x41,0x83,0xfd,0x08,
    0x0f,0x84,0x7a,0x02,0x00,0x00,0x41,0x83,0xfd,0x02,0x0f,0x84,0x28,0x01,0x00,0x00,
    0x49,0x8b,0x04,0x24,0x49,0x8b,0x74,0x24,0x08,0x31,0xc9,0x45,0x31,0xf6,0x48,0x83,
    0xc0,0x01,0x48,0x39,0xc6,0x0f,0x82,0x2d,0x01,0x00,0x00,0x49,0x89,0x04,0x24,0x0f,
    0xb6,0x50,0xff,0x48,0x83,0xc0,0x01,0x49,0x83,0x44,0x24,0x10,0x01,0xd3,0xe2,0x83,
    0xc1,0x08,0x41,0x09,0xd6,0x83,0xf9,0x20,0x75,0xd8,0xc7,0x44,0x24,0x0c,0x01,0x00,
    0x00,0x00,0xeb,0x3b,0x0f,0x1f,0x40,0x00,0x85,0xd2,0x0f,0x85,0x10,0x01,0x00,0x00,
    0x49,0x8b,0x04,0x24,0x48,0x8d,0x50,0x01,0x49,0x39,0x54,0x24,0x08,0x0f,0x82,0xe5,
    0x00,0x00,0x00,0x49,0x89,0x14,0x24,0x44,0x0f,0xb6,0x30,0x41,0xbd,0x01,0x00,0x00,
    0x00,0x49,0x83,0x44,0x24,0x10,0x01,0xc7,0x44,0x24,0x0c,0x01,0x00,0x00,0x00,0x8b,
    0x35,0xaf,0x5f,0x00,0x00,0x8b,0x43,0x0c,0xb9,0x74,0x00,0x00,0x00,0x48,0x8d,0x15,
    0x44,0x51,0x00,0x00,0x85,0xf6,0x0f,0x84,0x4c,0x01,0x00,0x00,0x0f,0x1f,0x40,0x00,
    0x48,0x83,0xc2,0x01,0x39,0x43,0x08,0x7e,0x0b,0x48,0x8b,0x33,0x48,0x98,0x88,0x0c,
    0x06,0x8b,0x43,0x0c,0x0f,0xb6,0x0a,0x83,0xc0,0x01,0x89,0x43,0x0c,0x84,0xc9,0x75,
    0xdf,0x83,0x7c,0x24,0x10,0x03,0x0f,0x84,0xf4,0x01,0x00,0x00,0x48,0x89,0xea,0x4c,
    0x89,0xe6,0x48,0x89,0xdf,0xe8,0xf6,0xf1,0xff,0xff,0x8b,0x43,0x0c,0xb9,0x2c,0x00,
    0x00,0x00,0x48,0x8d,0x15,0xe6,0x50,0x00,0x00,0x0f,0x1f,0x80,0x00,0x00,0x00,0x00,
    0x48,0x83,0xc2,0x01,0x39,0x43,0x08,0x7e,0x0b,0x48,0x8b,0x33,0x48,0x98,0x88,0x0c,
    0x06,0x8b,0x43,0x0c,0x0f,0xb6,0x0a,0x83,0xc0,0x01,0x89,0x43,0x0c,0x84,0xc9,0x75,
    0xdf,0x4c,0x89,0xf6,0x48,0x89,0xdf,0xe8,0xa4,0xee,0xff,0xff,0xe9,0xb9,0x00,0x00,
    0x00,0x0f,0x1f,0x80,0x00,0x00,0x00,0x00,0x4c,0x89,0xf6,0x4c,0x89,0xe7,0xe8,0x4d,
    0xec,0xff,0xff,0x8b,0x7c,0x24,0x0c,0x44,0x0f,0xb7,0xf0,0x85,0xff,0x0f,0x85,0x3c,
    0xff,0xff,0xff,0x0f,0x1f,0x44,0x00,0x00,0x31,0xc0,0x48,0x83,0xc4,0x40,0x5b,0x5d,
    0x41,0x5c,0x41,0x5d,0x41,0x5e,0xc3,0x66,0x0f,0x1f,0x84,0x00,0x00,0x00,0x00,0x00,
    0x41,0xbd,0x01,0x00,0x00,0x00,0x83,0xe0,0x07,0x48,0x8d,0x15,0xf0,0x59,0x00,0x00,
    0x8b,0x73,0x08,0x48,0x8d,0x14,0xc2,0x8b,0x43,0x0c,0x0f,0xb6,0x0a,0x84,0xc9,0x74,
    0x2a,0x0f,0x1f,0x80,0x00,0x00,0x00,0x00,0x48,0x83,0xc2,0x01,0x39,0xf0,0x7d,0x0e,
    0x48,0x8b,0x33,0x48,0x98,0x88,0x0c,0x06,0x8b,0x43,0x0c,0x8b,0x73,0x08,0x83,0xc0,
    0x01,0x89,0x43,0x0c,0x0f,0xb6,0x0a,0x84,0xc9,0x75,0xdd,0x39,0xf0,0x7d,0x0c,0x48,
    0x8b,0x13,0x48,0x98,0xc6,0x04,0x02,0x20,0x8b,0x43,0x0c,0x83,0xc0,0x01,0x83,0x7c,
    0x24,0x10,0x03,0x89,0x43,0x0c,0x0f,0x84,0x88,0x00,0x00,0x00,0x48,0x89,0xea,0x4c,
    0x89,0xe6,0x48,0x89,0xdf,0xe8,0xf6,0xf0,0xff,0xff,0xb8,0x01,0x00,0x00,0x00,0xe9,
    0x66,0xff,0xff,0xff,0x0f,0x1f,0x40,0x00,0x48,0x83,0xc2,0x01,0x39,0x43,0x08,0x7e,
    0x0b,0x48,0x8b,0x33,0x48,0x98,0x88,0x0c,0x06,0x8b,0x43,0x0c,0x0f,0xb6,0x0a,0x83,
    0xc0,0x01,0x89,0x43,0x0c,0x84,0xc9,0x75,0xdf,0x4c,0x89,0xf6,0x48,0x89,0xdf,0xe8,
    0xac,0xed,0xff,0xff,0x8b,0x43,0x0c,0xb9,0x2c,0x00,0x00,0x00,0x48,0x8d,0x15,0xac,
    0x4f,0x00,0x00,0x0f,0x1f,0x44,0x00,0x00,0x48,0x83,0xc2,0x01,0x39,0x43,0x08,0x7e,
    0x0b,0x48,0x8b,0x33,0x48,0x98,0x88,0x0c,0x06,0x8b,0x43,0x0c,0x0f,0xb6,0x0a,0x83,
    0xc0,0x01,0x89,0x43,0x0c,0x84,0xc9,0x75,0xdf,0x83,0x7c,0x24,0x10,0x03,0x0f,0x85,
    0x78,0xff,0xff,0xff,0x41,0x8b,0x4c,0x24,0x18,0x8b,0x74,0x24,0x18,0x44,0x89,0xea,
    0x48,0x89,0xdf,0xe8,0xd8,0xee,0xff,0xff,0xe9,0x6d,0xff,0xff,0xff,0x0f,0x1f,0x00,
    0x49,0x8b,0x04,0x24,0x49,0x8b,0x74,0x24,0x08,0x31,0xc9,0x45,0x31,0xf6,0x48,0x83,
    0xc0,0x01,0x48,0x39,0xc6,0x0f,0x82,0xbd,0xfe,0xff,0xff,0x49,0x89,0x04,0x24,0x0f,
    0xb6,0x50,0xff,0x48,0x83,0xc0,0x01,0x49,0x83,0x44,0x24,0x10,0x01,0xd3,0xe2,0x83,
    0xc1,0x08,0x41,0x09,0xd6,0x83,0xf9,0x20,0x75,0xd8,0xc7,0x44,0x24,0x0c,0x01,0x00,
    0x00,0x00,0x45,0x85,0xf6,0x79,0x22,0x4d,0x63,0xf6,0xe9,0xc0,0xfd,0xff,0xff,0x90,
    0x41,0x8b,0x4c,0x24,0x18,0x8b,0x74,0x24,0x18,0x44,0x89,0xea,0x48,0x89,0xdf,0xe8,
    0x6c,0xee,0xff,0xff,0xe9,0x01,0xfe,0xff,0xff,0x45,0x89,0xf6,0xe9,0x9e,0xfd,0xff,
    0xff,0x66,0x66,0x2e,0x0f,0x1f,0x84,0x00,0x00,0x00,0x00,0x00,0x0f,0x1f,0x40,0x00,
    0x41,0x57,0x41,0x89,0xd7,0x41,0x56,0x41,0x55,0x41,0x54,0x49,0x89,0xfc,0x55,0x53,
    0x48,0x89,0xf3,0x48,0x83,0xec,0x48,0x4c,0x8d,0x6c,0x24,0x0c,0x48,0x8d,0x6c,0x24,
    0x10,0xc7,0x44,0x24,0x0c,0x01,0x00,0x00,0x00,0x4c,0x89,0xea,0x48,0x89,0xee,0xe8,
    0x1c,0xf6,0xff,0xff,0x44,0x8b,0x4c,0x24,0x0c,0x45,0x85,0xc9,0x0f,0x84,0x87,0x00,
    0x00,0x00,0x44,0x89,0xf8,0x44,0x8b,0x54,0x24,0x14,0x83,0xe0,0xfd,0x3c,0x80,0x0f,
    0x84,0x8b,0x00,0x00,0x00,0x45,0x8b,0x74,0x24,0x20,0x41,0x80,0xff,0x83,0x0f,0x84,
    0x8c,0x02,0x00,0x00,0x41,0x83,0xfe,0x08,0x0f,0x84,0xc2,0x02,0x00,0x00,0x41,0x83,
    0xfe,0x02,0x74,0x3c,0x49,0x8b,0x74,0x24,0x08,0x49,0x8b,0x14,0x24,0x31,0xc9,0x45,
    0x31,0xed,0x48,0x83,0xc2,0x01,0x48,0x39,0xd6,0x72,0x3e,0x49,0x89,0x14,0x24,0x0f,
    0xb6,0x42,0xff,0x49,0x83,0x44,0x24,0x10,0x01,0xd3,0xe0,0x83,0xc1,0x08,0x41,0x09,
    0xc5,0x83,0xf9,0x20,0x75,0xdc,0xc7,0x44,0x24,0x0c,0x01,0x00,0x00,0x00,0xeb,0x64,
    0x4c,0x89,0xee,0x4c,0x89,0xe7,0xe8,0xd5,0xe9,0xff,0xff,0x44,0x8b,0x44,0x24,0x0c,
    0x44,0x0f,0xb7,0xe8,0x45,0x85,0xc0,0x75,0x4b,0x48,0x83,0xc4,0x48,0x31,0xc0,0x5b,
    0x5d,0x41,0x5c,0x41,0x5d,0x41,0x5e,0x41,0x5f,0xc3,0x66,0x0f,0x1f,0x44,0x00,0x00,
    0x49,0x8b,0x04,0x24,0x48,0x8d,0x50,0x01,0x49,0x39,0x54,0x24,0x08,0x72,0xda,0x49,
    0x89,0x14,0x24,0x44,0x0f,0xb6,0x28,0xc7,0x44,0x24,0x0c,0x01,0x00,0x00,0x00,0x49,
    0x83,0x44,0x24,0x10,0x01,0x45,0x84,0xed,0x0f,0x88,0x8a,0x01,0x00,0x00,0x41,0xbe,
    0x01,0x00,0x00,0x00,0x48,0x8d,0x05,0x75,0x59,0x00,0x00,0x41,0x83,0xe2,0x07,0x8b,
    0x3d,0x1f,0x5c,0x00,0x00,0x8b,0x73,0x08,0x4a,0x8d,0x14,0xd0,0x8b,0x43,0x0c,0x0f,
    0xb6,0x0a,0x85,0xff,0x0f,0x84,0xc5,0x00,0x00,0x00,0xeb,0x23,0x0f,0x1f,0x40,0x00,
    0x48,0x83,0xc2,0x01,0x39,0xf0,0x7d,0x0e,0x48,0x8b,0x33,0x48,0x98,0x88,0x0c,0x06,
    0x8b,0x43,0x0c,0x8b,0x73,0x08,0x83,0xc0,0x01,0x89,0x43,0x0c,0x0f,0xb6,0x0a,0x84,
    0xc9,0x75,0xdd,0x39,0xf0,0x7d,0x0c,0x48,0x8b,0x13,0x48,0x98,0xc6,0x04,0x02,0x20,
    0x8b,0x43,0x0c,0x83,0xc0,0x01,0x83,0x7c,0x24,0x10,0x03,0x89,0x43,0x0c,0x0f,0x84,
    0x4c,0x01,0x00,0x00,0x48,0x89,0xea,0x4c,0x89,0xe6,0x48,0x89,0xdf,0xe8,0x4e,0xee,
    0xff,0xff,0x8b,0x43,0x0c,0xb9,0x2c,0x00,0x00,0x00,0x48,0x8d,0x15,0x3e,0x4d,0x00,
    0x00,0x0f,0x1f,0x80,0x00,0x00,0x00,0x00,0x48,0x83,0xc2,0x01,0x39,0x43,0x08,0x7e,
    0x0b,0x48,0x8b,0x33,0x48,0x98,0x88,0x0c,0x06,0x8b,0x43,0x0c,0x0f,0xb6,0x0a,0x83,
    0xc0,0x01,0x89,0x43,0x0c,0x84,0xc9,0x75,0xdf,0x4c,0x89,0xee,0x48,0x89,0xdf,0xe8,
    0xfc,0xea,0xff,0xff,0xe9,0x8d,0x00,0x00,0x00,0x0f,0x1f,0x80,0x00,0x00,0x00,0x00,
    0x48,0x83,0xc2,0x01,0x39,0xf0,0x7d,0x0e,0x48,0x8b,0x33,0x48,0x98,0x88,0x0c,0x06,
    0x8b,0x43,0x0c,0x8b,0x73,0x08,0x83,0xc0,0x01,0x89,0x43,0x0c,0x0f,0xb6,0x0a,0x84,
    0xc9,0x75,0xdd,0x39,0xf0,0x7c,0x79,0x83,0xc0,0x01,0x4c,0x89,0xee,0x48,0x89,0xdf,
    0x89,0x43,0x0c,0xe8,0xb8,0xea,0xff,0xff,0x8b,0x43,0x0c,0xb9,0x2c,0x00,0x00,0x00,
    0x48,0x8d,0x15,0xb8,0x4c,0x00,0x00,0x66,0x0f,0x1f,0x84,0x00,0x00,0x00,0x00,0x00,
    0x48,0x83,0xc2,0x01,0x39,0x43,0x08,0x7e,0x0b,0x48,0x8b,0x33,0x48,0x98,0x88,0x0c,
    0x06,0x8b,0x43,0x0c,0x0f,0xb6,0x0a,0x83,0xc0,0x01,0x89,0x43,0x0c,0x84,0xc9,0x75,
    0xdf,0x83,0x7c,0x24,0x10,0x03,0x74,0x58,0x48,0x89,0xea,0x4c,0x89,0xe6,0x48,0x89,
    0xdf,0xe8,0x7a,0xed,0xff,0xff,0x48,0x83,0xc4,0x48,0xb8,0x01,0x00,0x00,0x00,0x5b,
    0x5d,0x41,0x5c,0x41,0x5d,0x41,0x5e,0x41,0x5f,0xc3,0x66,0x0f,0x1f,0x44,0x00,0x00,
    0x48,0x8b,0x13,0x48,0x98,0xc6,0x04,0x02,0x20,0x8b,0x43,0x0c,0xe9,0x76,0xff,0xff,
    0xff,0x0f,0x1f,0x80,0x00,0x00,0x00,0x00,0x41,0x81,0xcd,0x00,0xff,0xff,0xff,0x4d,
    0x63,0xed,0xe9,0x67,0xfe,0xff,0xff,0x66,0x0f,0x1f,0x84,0x00,0x00,0x00,0x00,0x00,
    0x41,0x8b,0x4c,0x24,0x18,0x8b,0x74,0x24,0x18,0x44,0x89,0xf2,0x48,0x89,0xdf,0xe8,
    0x8c,0xeb,0xff,0xff,0xeb,0xa0,0x66,0x2e,0x0f,0x1f,0x84,0x00,0x00,0x00,0x00,0x00,
    0x41,0x8b,0x4c,0x24,0x18,0x8b,0x74,0x24,0x18,0x44,0x89,0xf2,0x48,0x89,0xdf,0xe8,
    0x6c,0xeb,0xff,0xff,0xe9,0xa9,0xfe,0xff,0xff,0x0f,0x1f,0x80,0x00,0x00,0x00,0x00,
    0x49,0x8b,0x04,0x24,0x48,0x8d,0x50,0x01,0x49,0x39,0x54,0x24,0x08,0x0f,0x82,0xc6,
    0xfd,0xff,0xff,0x49,0x89,0x14,0x24,0x0f,0xb6,0x10,0x49,0x83,0x44,0x24,0x10,0x01,
    0x41,0x89,0xd5,0xc7,0x44,0x24,0x0c,0x01,0x00,0x00,0x00,0x41,0x81,0xcd,0x00,0xff,
    0xff,0xff,0x84,0xd2,0x4d,0x63,0xed,0x4c,0x0f,0x49,0xea,0xe9,0xe4,0xfd,0xff,0xff,
    0x49,0x8b,0x04,0x24,0x49,0x8b,0x74,0x24,0x08,0x31,0xc9,0x45,0x31,0xed,0x48,0x83,
    0xc0,0x01,0x48,0x39,0xc6,0x0f,0x82,0x7e,0xfd,0xff,0xff,0x49,0x89,0x04,0x24,0x0f,
    0xb6,0x50,0xff,0x48,0x83,0xc0,0x01,0x49,0x83,0x44,0x24,0x10,0x01,0xd3,0xe2,0x83,
    0xc1,0x08,0x41,0x09,0xd5,0x83,0xf9,0x20,0x75,0xd8,0xc7,0x44,0x24,0x0c,0x01,0x00,
    0x00,0x00,0x45,0x85,0xed,0x79,0x08,0x4d,0x63,0xed,0xe9,0x95,0xfd,0xff,0xff,0x45,
    0x89,0xed,0xe9,0x8d,0xfd,0xff,0xff,0x66,0x0f,0x1f,0x84,0x00,0x00,0x00,0x00,0x00,
    0x41,0x57,0x41,0x89,0xd7,0x41,0x56,0x41,0x83,0xe7,0x07,0x41,0x89,0xd6,0x41,0x55,
    0x41,0x54,0x49,0x89,0xfc,0x55,0x53,0x48,0x89,0xf3,0x48,0x83,0xec,0x48,0xc7,0x44,
    0x24,0x0c,0x01,0x00,0x00,0x00,0x41,0x80,0xff,0x04,0x0f,0x84,0x20,0x03,0x00,0x00,
    0x41,0x80,0xff,0x05,0x0f,0x85,0x06,0x01,0x00,0x00,0x8b,0x47,0x20,0x83,0xf8,0x08,
    0x0f,0x84,0x82,0x05,0x00,0x00,0x83,0xf8,0x02,0x0f,0x84,0xc9,0x02,0x00,0x00,0x48,
    0x8b,0x07,0x48,0x8b,0x77,0x08,0x31,0xc9,0x45,0x31,0xc0,0x48,0x83,0xc0,0x01,0x48,
    0x39,0xc6,0x0f,0x82,0xd0,0x02,0x00,0x00,0x49,0x89,0x04,0x24,0x0f,0xb6,0x50,0xff,
    0x48,0x83,0xc0,0x01,0x49,0x83,0x44,0x24,0x10,0x01,0xd3,0xe2,0x83,0xc1,0x08,0x41,
    0x09,0xd0,0x83,0xf9,0x20,0x75,0xd8,0x41,0xc0,0xee,0x03,0x48,0x8d,0x05,0x6e,0x56,
    0x00,0x00,0x44,0x8b,0x0d,0x1b,0x59,0x00,0x00,0x8b,0x73,0x08,0x41,0x83,0xe6,0x07,
    0x4a,0x8d,0x14,0xf0,0x8b,0x43,0x0c,0x0f,0xb6,0x0a,0x45,0x85,0xc9,0x0f,0x84,0xac,
    0x04,0x00,0x00,0xeb,0x22,0x0f,0x1f,0x00,0x48,0x83,0xc2,0x01,0x39,0xf0,0x7d,0x0e,
    0x48,0x8b,0x33,0x48,0x98,0x88,0x0c,0x06,0x8b,0x43,0x0c,0x8b,0x73,0x08,0x83,0xc0,
    0x01,0x89,0x43,0x0c,0x0f,0xb6,0x0a,0x84,0xc9,0x75,0xdd,0x39,0xf0,0x0f,0x8c,0x9d,
    0x05,0x00,0x00,0x83,0xc0,0x01,0x41,0x8b,0x74,0x24,0x20,0x48,0x89,0xdf,0x89,0x43,
    0x0c,0xe8,0x7a,0xe7,0xff,0xff,0x8b,0x43,0x0c,0xb9,0x2c,0x00,0x00,0x00,0x48,0x8d,
    0x15,0x4a,0x4a,0x00,0x00,0x0f,0x1f,0x00,0x48,0x83,0xc2,0x01,0x39,0x43,0x08,0x7e,
    0x0b,0x48,0x8b,0x33,0x48,0x98,0x88,0x0c,0x06,0x8b,0x43,0x0c,0x0f,0xb6,0x0a,0x83,
    0xc0,0x01,0x89,0x43,0x0c,0x84,0xc9,0x75,0xdf,0x49,0x63,0xf0,0x48,0x89,0xdf,0xe8,
    0x0c,0xe8,0xff,0xff,0xe9,0x0f,0x03,0x00,0x00,0x0f,0x1f,0x80,0x00,0x00,0x00,0x00,
    0x48,0x8d,0x6c,0x24,0x10,0x48,0x8d,0x54,0x24,0x0c,0x48,0x89,0xee,0xe8,0x6e,0xf1,
    0xff,0xff,0x44,0x8b,0x44,0x24,0x0c,0x45,0x85,0xc0,0x0f,0x84,0xd8,0x01,0x00,0x00,
    0x41,0xbd,0x01,0x00,0x00,0x00,0x41,0xf6,0xc6,0x05,0x74,0x05,0x45,0x8b,0x6c,0x24,
    0x20,0x44,0x89,0xf0,0x48,0x8d,0x15,0x85,0x55,0x00,0x00,0x8b,0x3d,0x33,0x58,0x00,
    0x00,0x8b,0x73,0x08,0xc0,0xe8,0x03,0x83,0xe0,0x07,0x48,0x8d,0x14,0xc2,0x8b,0x43,
    0x0c,0x0f,0xb6,0x0a,0x85,0xff,0x0f,0x84,0xdb,0x00,0x00,0x00,0x84,0xc9,0x74,0x23,
    0x48,0x83,0xc2,0x01,0x39,0xf0,0x7d,0x0e,0x48,0x8b,0x33,0x48,0x98,0x88,0x0c,0x06,
    0x8b,0x43,0x0c,0x8b,0x73,0x08,0x83,0xc0,0x01,0x89,0x43,0x0c,0x0f,0xb6,0x0a,0x84,
    0xc9,0x75,0xdd,0x39,0xf0,0x7d,0x0c,0x48,0x8b,0x13,0x48,0x98,0xc6,0x04,0x02,0x20,
    0x8b,0x43,0x0c,0x83,0xc0,0x01,0x41,0x83,0xe6,0x06,0x44,0x8b,0x7c,0x24,0x14,0x44,
    0x8b,0x44,0x24,0x10,0x89,0x43,0x0c,0x0f,0x85,0x23,0x04,0x00,0x00,0x41,0x83,0xf8,
    0x03,0x0f,0x84,0xd9,0x04,0x00,0x00,0x48,0x89,0xea,0x4c,0x89,0xe6,0x48,0x89,0xdf,
    0xe8,0x4b,0xea,0xff,0xff,0x8b,0x43,0x0c,0xb9,0x2c,0x00,0x00,0x00,0x48,0x8d,0x15,
    0x3b,0x49,0x00,0x00,0x0f,0x1f,0x40,0x00,0x48,0x83,0xc2,0x01,0x39,0x43,0x08,0x7e,
    0x0b,0x48,0x8b,0x33,0x48,0x98,0x88,0x0c,0x06,0x8b,0x43,0x0c,0x0f,0xb6,0x0a,0x83,
    0xc0,0x01,0x89,0x43,0x0c,0x84,0xc9,0x75,0xdf,0x41,0x8b,0x4c,0x24,0x18,0x44,0x89,
    0xea,0x44,0x89,0xfe,0x48,0x89,0xdf,0xe8,0x74,0xe8,0xff,0xff,0xe9,0xf7,0x01,0x00,
    0x00,0x0f,0x1f,0x80,0x00,0x00,0x00,0x00,0x48,0x83,0xc2,0x01,0x39,0xf0,0x7d,0x0e,
    0x48,0x8b,0x33,0x48,0x98,0x88,0x0c,0x06,0x8b,0x43,0x0c,0x8b,0x73,0x08,0x83,0xc0,
    0x01,0x89,0x43,0x0c,0x0f,0xb6,0x0a,0x84,0xc9,0x75,0xdd,0x39,0xf0,0x7d,0x0c,0x48,
    0x8b,0x13,0x48,0x98,0xc6,0x04,0x02,0x20,0x8b,0x43,0x0c,0x45,0x0f,0xb6,0xff,0x83,
    0xc0,0x01,0x44,0x8b,0x74,0x24,0x14,0x44,0x8b,0x44,0x24,0x10,0x41,0x83,0xef,0x02,
    0x89,0x43,0x0c,0x41,0x83,0xff,0x01,0x0f,0x86,0x43,0x04,0x00,0x00,0x41,0x83,0xf8,
    0x03,0x0f,0x84,0xf9,0x03,0x00,0x00,0x48,0x89,0xea,0x4c,0x89,0xe6,0x48,0x89,0xdf,
    0xe8,0x8b,0xe9,0xff,0xff,0x8b,0x43,0x0c,0xb9,0x2c,0x00,0x00,0x00,0x48,0x8d,0x15,
    0x7b,0x48,0x00,0x00,0x0f,0x1f,0x40,0x00,0x48,0x83,0xc2,0x01,0x39,0x43,0x08,0x7e,
    0x0b,0x48,0x8b,0x33,0x48,0x98,0x88,0x0c,0x06,0x8b,0x43,0x0c,0x0f,0xb6,0x0a,0x83,
    0xc0,0x01,0x89,0x43,0x0c,0x84,0xc9,0x75,0xdf,0x41,0x8b,0x4c,0x24,0x18,0x44,0x89,
    0xea,0x44,0x89,0xf6,0x48,0x89,0xdf,0xe8,0xb4,0xe7,0xff,0xff,0xe9,0x37,0x01,0x00,
    0x00,0x0f,0x1f,0x80,0x00,0x00,0x00,0x00,0x48,0x8d,0x74,0x24,0x0c,0xe8,0xde,0xe3,
    0xff,0xff,0x44,0x8b,0x54,0x24,0x0c,0x44,0x0f,0xb7,0xc0,0x45,0x85,0xd2,0x0f,0x85,
    0x53,0xfd,0xff,0xff,0x0f,0x1f,0x40,0x00,0x31,0xc0,0x48,0x83,0xc4,0x48,0x5b,0x5d,
    0x41,0x5c,0x41,0x5d,0x41,0x5e,0x41,0x5f,0xc3,0x0f,0x1f,0x80,0x00,0x00,0x00,0x00,
    0x48,0x8b,0x07,0x48,0x8d,0x50,0x01,0x48,0x39,0x57,0x08,0x72,0xdb,0x41,0xc0,0xee,
    0x03,0x48,0x89,0x17,0x44,0x8b,0x1d,0x49,0x56,0x00,0x00,0x0f,0xb6,0x30,0x41,0x83,
    0xe6,0x07,0x48,0x8d,0x05,0x87,0x53,0x00,0x00,0x48,0x83,0x47,0x10,0x01,0x4a,0x8d,
    0x0c,0xf0,0x8b,0x53,0x08,0x8b,0x43,0x0c,0x0f,0xb6,0x39,0x45,0x85,0xdb,0x0f,0x84,
    0xe4,0x00,0x00,0x00,0x40,0x84,0xff,0x74,0x2c,0x0f,0x1f,0x80,0x00,0x00,0x00,0x00,
    0x48,0x83,0xc1,0x01,0x39,0xd0,0x7d,0x0f,0x48,0x8b,0x13,0x48,0x98,0x40,0x88,0x3c,
    0x02,0x8b,0x43,0x0c,0x8b,0x53,0x08,0x83,0xc0,0x01,0x89,0x43,0x0c,0x0f,0xb6,0x39,
    0x40,0x84,0xff,0x75,0xdb,0xbf,0x20,0x00,0x00,0x00,0x48,0x8d,0x0d,0xb8,0x48,0x00,
    0x00,0x0f,0x1f,0x80,0x00,0x00,0x00,0x00,0x48,0x83,0xc1,0x01,0x39,0xd0,0x7d,0x0f,
    0x48,0x8b,0x13,0x48,0x98,0x40,0x88,0x3c,0x02,0x8b,0x43,0x0c,0x8b,0x53,0x08,0x0f,
    0xb6,0x39,0x83,0xc0,0x01,0x89,0x43,0x0c,0x40,0x84,0xff,0x75,0xdb,0x40,0x0f,0xb6,
    0xfe,0x48,0x8d,0x0d,0x28,0x49,0x00,0x00,0xbe,0x30,0x00,0x00,0x00,0xeb,0x04,0x90,
    0x8b,0x53,0x08,0x48,0x83,0xc1,0x01,0x39,0xd0,0x7d,0x0c,0x48,0x8b,0x13,0x48,0x98,
    0x40,0x88,0x34,0x02,0x8b,0x43,0x0c,0x0f,0xb6,0x31,0x83,0xc0,0x01,0x89,0x43,0x0c,
    0x40,0x84,0xf6,0x75,0xdb,0x48,0x89,0xfe,0x31,0xd2,0x48,0x89,0xdf,0xe8,0x6e,0xe3,
    0xff,0xff,0x66,0x0f,0x1f,0x44,0x00,0x00,0xb8,0x01,0x00,0x00,0x00,0xe9,0xe8,0xfe,
    0xff,0xff,0x66,0x0f,0x1f,0x44,0x00,0x00,0x48,0x83,0xc1,0x01,0x39,0xd0,0x7d,0x0f,
    0x48,0x8b,0x13,0x48,0x98,0x40,0x88,0x3c,0x02,0x8b,0x43,0x0c,0x8b,0x53,0x08,0x83,
    0xc0,0x01,0x89,0x43,0x0c,0x0f,0xb6,0x39,0x40,0x84,0xff,0x75,0xdb,0xbf,0x20,0x00,
    0x00,0x00,0x48,0x8d,0x0d,0x11,0x48,0x00,0x00,0x0f,0x1f,0x80,0x00,0x00,0x00,0x00,
    0x48,0x83,0xc1,0x01,0x39,0xd0,0x7d,0x0f,0x48,0x8b,0x13,0x48,0x98,0x40,0x88,0x3c,
    0x02,0x8b,0x43,0x0c,0x8b,0x53,0x08,0x0f,0xb6,0x39,0x83,0xc0,0x01,0x89,0x43,0x0c,
    0x40,0x84,0xff,0x75,0xdb,0x40,0x0f,0xb6,0xfe,0x48,0x8d,0x0d,0x70,0x48,0x00,0x00,
    0xbe,0x30,0x00,0x00,0x00,0xeb,0x0c,0x66,0x0f,0x1f,0x84,0x00,0x00,0x00,0x00,0x00,
    0x8b,0x53,0x08,0x48,0x83,0xc1,0x01,0x39,0xd0,0x7d,0x0c,0x48,0x8b,0x13,0x48,0x98,
    0x40,0x88,0x34,0x02,0x8b,0x43,0x0c,0x0f,0xb6,0x31,0x83,0xc0,0x01,0x89,0x43,0x0c,
    0x40,0x84,0xf6,0x75,0xdb,0x31,0xd2,0x48,0x89,0xfe,0x48,0x89,0xdf,0xe8,0xae,0xe2,
    0xff,0xff,0x8b,0x43,0x0c,0xb9,0x2c,0x00,0x00,0x00,0x48,0x8d,0x15,0x4d,0x46,0x00,
    0x00,0x0f,0x1f,0x80,0x00,0x00,0x00,0x00,0x48,0x83,0xc2,0x01,0x39,0x43,0x08,0x7e,
    0x0b,0x48,0x8b,0x33,0x48,0x98,0x88,0x0c,0x06,0x8b,0x43,0x0c,0x0f,0xb6,0x0a,0x83,
    0xc0,0x01,0x89,0x43,0x0c,0x84,0xc9,0x75,0xdf,0xe9,0x0a,0xff,0xff,0xff,0x66,0x90,
    0x48,0x83,0xc2,0x01,0x39,0xf0,0x7d,0x0e,0x48,0x8b,0x33,0x48,0x98,0x88,0x0c,0x06,
    0x8b,0x43,0x0c,0x8b,0x73,0x08,0x83,0xc0,0x01,0x89,0x43,0x0c,0x0f,0xb6,0x0a,0x84,
    0xc9,0x75,0xdd,0x39,0xf0,0x0f,0x8c,0x2d,0x01,0x00,0x00,0x83,0xc0,0x01,0x49,0x63,
    0xf0,0x48,0x89,0xdf,0x89,0x43,0x0c,0xe8,0xc4,0xe3,0xff,0xff,0x8b,0x43,0x0c,0xb9,
    0x2c,0x00,0x00,0x00,0x48,0x8d,0x15,0xd9,0x45,0x00,0x00,0x0f,0x1f,0x44,0x00,0x00,
    0x48,0x83,0xc2,0x01,0x39,0x43,0x08,0x7e,0x0b,0x48,0x8b,0x33,0x48,0x98,0x88,0x0c,
    0x06,0x8b,0x43,0x0c,0x0f,0xb6,0x0a,0x83,0xc0,0x01,0x89,0x43,0x0c,0x84,0xc9,0x75,
    0xdf,0x41,0x8b,0x74,0x24,0x20,0x48,0x89,0xdf,0xe8,0xb2,0xe2,0xff,0xff,0xe9,0x85,
    0xfe,0xff,0xff,0x0f,0x1f,0x44,0x00,0x00,0x48,0x8b,0x07,0x48,0x8b,0x77,0x08,0x31,
    0xc9,0x31,0xff,0x48,0x83,0xc0,0x01,0x48,0x39,0xc6,0x0f,0x82,0x58,0xfd,0xff,0xff,
    0x49,0x89,0x04,0x24,0x0f,0xb6,0x50,0xff,0x48,0x83,0xc0,0x01,0x49,0x83,0x44,0x24,
    0x10,0x01,0xd3,0xe2,0x83,0xc1,0x08,0x09,0xd7,0x83,0xf9,0x20,0x75,0xd9,0x48,0x63,
    0xc7,0x41,0x89,0xf8,0x85,0xff,0x4c,0x0f,0x48,0xc0,0xe9,0x78,0xfa,0xff,0xff,0x90,
    0x41,0x8b,0x4c,0x24,0x18,0x44,0x89,0xea,0x44,0x89,0xfe,0x48,0x89,0xdf,0xe8,0x9d,
    0xe4,0xff,0xff,0x8b,0x43,0x0c,0xb9,0x2c,0x00,0x00,0x00,0x48,0x8d,0x15,0x1d,0x45,
    0x00,0x00,0x66,0x0f,0x1f,0x44,0x00,0x00,0x48,0x83,0xc2,0x01,0x3b,0x43,0x08,0x7d,
    0x0b,0x48,0x8b,0x33,0x48,0x98,0x88,0x0c,0x06,0x8b,0x43,0x0c,0x0f,0xb6,0x0a,0x83,
    0xc0,0x01,0x89,0x43,0x0c,0x84,0xc9,0x75,0xdf,0x41,0x83,0xf8,0x03,0x0f,0x84,0xdd,
    0x00,0x00,0x00,0x48,0x89,0xea,0x4c,0x89,0xe6,0x48,0x89,0xdf,0xe8,0xdf,0xe5,0xff,
    0xff,0xe9,0xd2,0xfd,0xff,0xff,0x66,0x2e,0x0f,0x1f,0x84,0x00,0x00,0x00,0x00,0x00,
    0x48,0x8b,0x13,0x48,0x98,0xc6,0x04,0x02,0x20,0x8b,0x43,0x0c,0xe9,0x52,0xfa,0xff,
    0xff,0x0f,0x1f,0x80,0x00,0x00,0x00,0x00,0x48,0x8b,0x13,0x48,0x98,0xc6,0x04,0x02,
    0x20,0x8b,0x43,0x0c,0xe9,0xc2,0xfe,0xff,0xff,0x0f,0x1f,0x80,0x00,0x00,0x00,0x00,
    0x41,0x8b,0x4c,0x24,0x18,0x8b,0x74,0x24,0x18,0x44,0x89,0xea,0x48,0x89,0xdf,0xe8,
    0xfc,0xe3,0xff,0xff,0xe9,0xfc,0xfb,0xff,0xff,0x0f,0x1f,0x80,0x00,0x00,0x00,0x00,
    0x41,0x8b,0x4c,0x24,0x18,0x8b,0x74,0x24,0x18,0x44,0x89,0xea,0x48,0x89,0xdf,0xe8,
    0xdc,0xe3,0xff,0xff,0xe9,0x1c,0xfb,0xff,0xff,0x0f,0x1f,0x80,0x00,0x00,0x00,0x00,
    0x41,0x8b,0x4c,0x24,0x18,0x44,0x89,0xea,0x44,0x89,0xf6,0x48,0x89,0xdf,0xe8,0xbd,
    0xe3,0xff,0xff,0x8b,0x43,0x0c,0xb9,0x2c,0x00,0x00,0x00,0x48,0x8d,0x15,0x3d,0x44,
    0x00,0x00,0x66,0x0f,0x1f,0x44,0x00,0x00,0x48,0x83,0xc2,0x01,0x39,0x43,0x08,0x7e,
    0x0b,0x48,0x8b,0x33,0x48,0x98,0x88,0x0c,0x06,0x8b,0x43,0x0c,0x0f,0xb6,0x0a,0x83,
    0xc0,0x01,0x89,0x43,0x0c,0x84,0xc9,0x75,0xdf,0xe9,0x1b,0xff,0xff,0xff,0x66,0x90,
    0x41,0x8b,0x4c,0x24,0x18,0x8b,0x74,0x24,0x18,0x44,0x89,0xea,0x48,0x89,0xdf,0xe8,
    0x6c,0xe3,0xff,0xff,0xe9,0xef,0xfc,0xff,0xff,0x0f,0x1f,0x80,0x00,0x00,0x00,0x00,
    0x41,0x56,0x41,0x55,0x41,0x54,0x55,0x53,0x48,0x83,0xec,0x40,0xc7,0x44,0x24,0x0c,
    0x01,0x00,0x00,0x00,0x80,0xfa,0xcf,0x77,0x47,0x0f,0xb6,0xc2,0x89,0xd5,0x44,0x0f,
    0xb6,0xf2,0x49,0x89,0xfc,0x48,0x8d,0x15,0xb4,0x45,0x00,0x00,0x48,0x89,0xf3,0x48,
    0x63,0x04,0x82,0x48,0x01,0xd0,0xff,0xe0,0x4c,0x8d,0x6c,0x24,0x10,0x48,0x8d,0x54,
    0x24,0x0c,0x4c,0x89,0xe7,0x4c,0x89,0xee,0xe8,0x63,0xe9,0xff,0xff,0x8b,0x44,0x24,
    0x0c,0x85,0xc0,0x0f,0x85,0xdf,0x0f,0x00,0x00,0x0f,0x1f,0x80,0x00,0x00,0x00,0x00,
    0x31,0xc0,0x48,0x83,0xc4,0x40,0x5b,0x5d,0x41,0x5c,0x41,0x5d,0x41,0x5e,0xc3,0x90,
    0x4c,0x8d,0x6c,0x24,0x10,0x48,0x8d,0x54,0x24,0x0c,0x4c,0x89,0xee,0xe8,0xde,0xea,
    0xff,0xff,0x8b,0x54,0x24,0x0c,0x85,0xd2,0x74,0xd6,0x41,0x81,0xee,0x90,0x00,0x00,
    0x00,0x48,0x8d,0x05,0x08,0x4e,0x00,0x00,0x8b,0x73,0x08,0x4d,0x63,0xf6,0x4a,0x8d,
    0x14,0xf0,0x8b,0x43,0x0c,0x0f,0xb6,0x0a,0x84,0xc9,0x74,0x27,0x0f,0x1f,0x40,0x00,
    0x48,0x83,0xc2,0x01,0x39,0xf0,0x7d,0x0e,0x48,0x8b,0x33,0x48,0x98,0x88,0x0c,0x06,
    0x8b,0x43,0x0c,0x8b,0x73,0x08,0x83,0xc0,0x01,0x89,0x43,0x0c,0x0f,0xb6,0x0a,0x84,
    0xc9,0x75,0xdd,0x39,0xf0,0x7d,0x0c,0x48,0x8b,0x13,0x48,0x98,0xc6,0x04,0x02,0x20,
    0x8b,0x43,0x0c,0x83,0xc0,0x01,0x83,0x7c,0x24,0x10,0x03,0x89,0x43,0x0c,0x0f,0x84,
    0xa2,0x11,0x00,0x00,0x0f,0x1f,0x40,0x00,0x4c,0x89,0xea,0x4c,0x89,0xe6,0x48,0x89,
    0xdf,0xe8,0xea,0xe3,0xff,0xff,0xb8,0x01,0x00,0x00,0x00,0xe9,0x52,0xff,0xff,0xff,
    0x49,0x8b,0x04,0x24,0x48,0x8b,0x7f,0x08,0x31,0xc9,0x45,0x31,0xc0,0x48,0x83,0xc0,
    0x01,0x48,0x39,0xc7,0x0f,0x82,0x36,0xff,0xff,0xff,0x49,0x89,0x04,0x24,0x49,0x8b,
    0x74,0x24,0x10,0x48,0x83,0xc0,0x01,0x0f,0xb6,0x50,0xfe,0x48,0x83,0xc6,0x01,0xd3,
    0xe2,0x83,0xc1,0x08,0x49,0x89,0x74,0x24,0x10,0x41,0x09,0xd0,0x83,0xf9,0x20,0x75,
    0xd0,0x45,0x85,0xc0,0x49,0x63,0xc0,0x44,0x89,0xc7,0x8b,0x53,0x08,0x48,0x0f,0x48,
    0xf8,0x41,0x83,0xc6,0x80,0x48,0x8d,0x05,0xb4,0x4d,0x00,0x00,0x4d,0x63,0xf6,0x4a,
    0x8d,0x0c,0xf0,0x48,0x01,0xf7,0x8b,0x43,0x0c,0x0f,0xb6,0x31,0x40,0x84,0xf6,0x74,
    0x2c,0x0f,0x1f,0x80,0x00,0x00,0x00,0x00,0x48,0x83,0xc1,0x01,0x39,0xd0,0x7d,0x0f,
    0x48,0x8b,0x13,0x48,0x98,0x40,0x88,0x34,0x02,0x8b,0x43,0x0c,0x8b,0x53,0x08,0x83,
    0xc0,0x01,0x89,0x43,0x0c,0x0f,0xb6,0x31,0x40,0x84,0xf6,0x75,0xdb,0x39,0xc2,0x7e,
    0x0f,0x48,0x8b,0x13,0x48,0x98,0xc6,0x04,0x02,0x20,0x8b,0x43,0x0c,0x8b,0x53,0x08,
    0x83,0xc0,0x01,0xbe,0x30,0x00,0x00,0x00,0x48,0x8d,0x0d,0x01,0x44,0x00,0x00,0x89,
    0x43,0x0c,0xeb,0x07,0x0f,0x1f,0x40,0x00,0x8b,0x53,0x08,0x48,0x83,0xc1,0x01,0x39,
    0xd0,0x7d,0x0c,0x48,0x8b,0x13,0x48,0x98,0x40,0x88,0x34,0x02,0x8b,0x43,0x0c,0x0f,
    0xb6,0x31,0x83,0xc0,0x01,0x89,0x43,0x0c,0x40,0x84,0xf6,0x75,0xdb,0x48,0x89,0xfe,
    0x31,0xd2,0x48,0x89,0xdf,0xe8,0x46,0xde,0xff,0xff,0xe9,0xf7,0xfe,0xff,0xff,0x90,
    0x4c,0x8d,0x6c,0x24,0x10,0x48,0x8d,0x54,0x24,0x0c,0x4c,0x89,0xee,0xe8,0x3e,0xe9,
    0xff,0xff,0x8b,0x4c,0x24,0x0c,0x85,0xc9,0x0f,0x84,0x32,0xfe,0xff,0xff,0x41,0x83,
    0xee,0x40,0x48,0x8d,0x05,0xe7,0x4b,0x00,0x00,0x8b,0x73,0x08,0x4d,0x63,0xf6,0x4a,
    0x8d,0x14,0xf0,0x8b,0x43,0x0c,0x0f,0xb6,0x0a,0x84,0xc9,0x74,0x26,0x0f,0x1f,0x00,
    0x48,0x83,0xc2,0x01,0x39,0xf0,0x7d,0x0e,0x48,0x8b,0x33,0x48,0x98,0x88,0x0c,0x06,
    0x8b,0x43,0x0c,0x8b,0x73,0x08,0x83,0xc0,0x01,0x89,0x43,0x0c,0x0f,0xb6,0x0a,0x84,
    0xc9,0x75,0xdd,0x39,0xf0,0x7d,0x0c,0x48,0x8b,0x13,0x48,0x98,0xc6,0x04,0x02,0x20,
    0x8b,0x43,0x0c,0x83,0xc0,0x01,0x41,0x8b,0x4c,0x24,0x18,0x41,0x8b,0x54,0x24,0x20,
    0x48,0x89,0xdf,0x89,0x43,0x0c,0x8b,0x74,0x24,0x14,0xe8,0xc1,0xe0,0xff,0xff,0x8b,
    0x43,0x0c,0xb9,0x2c,0x00,0x00,0x00,0x48,0x8d,0x15,0x41,0x41,0x00,0x00,0x66,0x90,
    0x48,0x83,0xc2,0x01,0x39,0x43,0x08,0x7e,0x0b,0x48,0x8b,0x33,0x48,0x98,0x88,0x0c,
    0x06,0x8b,0x43,0x0c,0x0f,0xb6,0x0a,0x83,0xc0,0x01,0x89,0x43,0x0c,0x84,0xc9,0x75,
    0xdf,0x83,0x7c,0x24,0x10,0x03,0x41,0x8b,0x54,0x24,0x20,0x0f,0x85,0x17,0xfe,0xff,
    0xff,0x41,0x8b,0x4c,0x24,0x18,0x8b,0x74,0x24,0x18,0x48,0x89,0xdf,0xe8,0x6e,0xe0,
    0xff,0xff,0xe9,0x0f,0xfe,0xff,0xff,0x66,0x0f,0x1f,0x84,0x00,0x00,0x00,0x00,0x00,
    0x8b,0x57,0x18,0x41,0x81,0xee,0xc8,0x00,0x00,0x00,0x8b,0x46,0x0c,0xb9,0x62,0x00,
    0x00,0x00,0xc1,0xe2,0x03,0x83,0xe2,0x08,0x41,0x09,0xd6,0x48,0x8d,0x15,0x55,0x41,
    0x00,0x00,0x66,0x0f,0x1f,0x44,0x00,0x00,0x48,0x83,0xc2,0x01,0x39,0x43,0x08,0x7e,
    0x0b,0x48,0x8b,0x33,0x48,0x98,0x88,0x0c,0x06,0x8b,0x43,0x0c,0x0f,0xb6,0x0a,0x83,
    0xc0,0x01,0x89,0x43,0x0c,0x84,0xc9,0x75,0xdf,0x48,0x8d,0x0d,0xf0,0x4d,0x00,0x00,
    0x49,0x63,0xd6,0x48,0x8d,0x14,0xd1,0x0f,0xb6,0x0a,0x84,0xc9,0x0f,0x84,0xa4,0xfd,
    0xff,0xff,0x66,0x0f,0x1f,0x44,0x00,0x00,0x48,0x83,0xc2,0x01,0x39,0x43,0x08,0x7e,
    0x0b,0x48,0x8b,0x33,0x48,0x98,0x88,0x0c,0x06,0x8b,0x43,0x0c,0x83,0xc0,0x01,0x89,
    0x43,0x0c,0x0f,0xb6,0x0a,0x84,0xc9,0x75,0xdf,0xe9,0x78,0xfd,0xff,0xff,0x66,0x90,
    0x45,0x31,0xf6,0x40,0x80,0xfd,0xa3,0x74,0x1b,0x41,0xbe,0x01,0x00,0x00,0x00,0x40,
    0x80,0xfd,0xab,0x74,0x0f,0x45,0x31,0xf6,0x40,0x80,0xfd,0xb3,0x41,0x0f,0x95,0xc6,
    0x41,0x83,0xc6,0x02,0x4c,0x8d,0x6c,0x24,0x10,0x48,0x8d,0x54,0x24,0x0c,0x4c,0x89,
    0xe7,0x4c,0x89,0xee,0xe8,0x97,0xe7,0xff,0xff,0x44,0x8b,0x54,0x24,0x0c,0x45,0x85,
    0xd2,0x0f,0x84,0x89,0xfc,0xff,0xff,0x48,0x8d,0x05,0xe2,0x49,0x00,0x00,0x4d,0x63,
    0xf6,0x44,0x8b,0x0d,0x6c,0x4e,0x00,0x00,0x8b,0x4b,0x08,0x4a,0x8d,0x14,0xf0,0x8b,
    0x43,0x0c,0x0f,0xb6,0x32,0x45,0x85,0xc9,0x0f,0x84,0xd2,0x00,0x00,0x00,0xeb,0x20,
    0x48,0x83,0xc2,0x01,0x39,0xc8,0x7d,0x0f,0x48,0x8b,0x0b,0x48,0x98,0x40,0x88,0x34,
    0x01,0x8b,0x43,0x0c,0x8b,0x4b,0x08,0x83,0xc0,0x01,0x89,0x43,0x0c,0x0f,0xb6,0x32,
    0x40,0x84,0xf6,0x75,0xdb,0x39,0xc8,0x7d,0x0c,0x48,0x8b,0x13,0x48,0x98,0xc6,0x04,
    0x02,0x20,0x8b,0x43,0x0c,0x83,0xc0,0x01,0x83,0x7c,0x24,0x10,0x03,0x41,0x8b,0x54,
    0x24,0x20,0x89,0x43,0x0c,0x0f,0x84,0xab,0x0e,0x00,0x00,0x4c,0x89,0xea,0x4c,0x89,
    0xe6,0x48,0x89,0xdf,0xe8,0x97,0xe0,0xff,0xff,0x8b,0x43,0x0c,0xb9,0x2c,0x00,0x00,
    0x00,0x48,0x8d,0x15,0x87,0x3f,0x00,0x00,0x0f,0x1f,0x84,0x00,0x00,0x00,0x00,0x00,
    0x48,0x83,0xc2,0x01,0x39,0x43,0x08,0x7e,0x0b,0x48,0x8b,0x33,0x48,0x98,0x88,0x0c,
    0x06,0x8b,0x43,0x0c,0x0f,0xb6,0x0a,0x83,0xc0,0x01,0x89,0x43,0x0c,0x84,0xc9,0x75,
    0xdf,0x41,0x8b,0x4c,0x24,0x18,0x41,0x8b,0x54,0x24,0x20,0x48,0x89,0xdf,0x8b,0x74,
    0x24,0x14,0xe8,0xb9,0xde,0xff,0xff,0xe9,0x5a,0xfc,0xff,0xff,0x0f,0x1f,0x40,0x00,
    0x48,0x83,0xc2,0x01,0x39,0xc8,0x7d,0x0f,0x48,0x8b,0x0b,0x48,0x98,0x40,0x88,0x34,
    0x01,0x8b,0x43,0x0c,0x8b,0x4b,0x08,0x83,0xc0,0x01,0x89,0x43,0x0c,0x0f,0xb6,0x32,
    0x40,0x84,0xf6,0x75,0xdb,0x39,0xc8,0x7d,0x0c,0x48,0x8b,0x13,0x48,0x98,0xc6,0x04,
    0x02,0x20,0x8b,0x43,0x0c,0x83,0xc0,0x01,0x41,0x8b,0x4c,0x24,0x18,0x41,0x8b,0x54,
    0x24,0x20,0x48,0x89,0xdf,0x89,0x43,0x0c,0x8b,0x74,0x24,0x14,0xe8,0x5f,0xde,0xff,
    0xff,0x8b,0x43,0x0c,0xb9,0x2c,0x00,0x00,0x00,0x48,0x8d,0x15,0xdf,0x3e,0x00,0x00,
    0x48,0x83,0xc2,0x01,0x3b,0x43,0x08,0x7d,0x0b,0x48,0x8b,0x33,0x48,0x98,0x88,0x0c,
    0x06,0x8b,0x43,0x0c,0x0f,0xb6,0x0a,0x83,0xc0,0x01,0x89,0x43,0x0c,0x84,0xc9,0x75,
    0xdf,0xe9,0x9b,0xfd,0xff,0xff,0x66,0x2e,0x0f,0x1f,0x84,0x00,0x00,0x00,0x00,0x00,
    0x4c,0x8d,0x6c,0x24,0x10,0x83,0x7f,0x1c,0x01,0x48,0x8d,0x54,0x24,0x0c,0x4c,0x89,
    0xee,0x45,0x19,0xf6,0xe8,0x07,0xe6,0xff,0xff,0x44,0x8b,0x5c,0x24,0x0c,0x41,0x83,
    0xe6,0xfc,0x41,0x83,0xc6,0x08,0x45,0x85,0xdb,0x0f,0x84,0xf1,0xfa,0xff,0xff,0x89,
    0xe8,0x41,0xb8,0x02,0x00,0x00,0x00,0xb9,0x6d,0x00,0x00,0x00,0x83,0xe0,0xf7,0x3c,
    0xb6,0x0f,0x94,0xc0,0x83,0xc5,0x4a,0x0f,0xb6,0xc0,0x41,0x29,0xc0,0x8b,0x43,0x0c,
    0x40,0x80,0xfd,0x01,0x0f,0x86,0xf6,0x0b,0x00,0x00,0x44,0x8b,0x0d,0xb3,0x4c,0x00,
    0x00,0x48,0x8d,0x15,0xb0,0x3e,0x00,0x00,0x45,0x85,0xc9,0x0f,0x84,0x97,0x00,0x00,
    0x00,0x0f,0x1f,0x80,0x00,0x00,0x00,0x00,0x48,0x83,0xc2,0x01,0x39,0x43,0x08,0x7e,
    0x0b,0x48,0x8b,0x33,0x48,0x98,0x88,0x0c,0x06,0x8b,0x43,0x0c,0x0f,0xb6,0x0a,0x83,
    0xc0,0x01,0x89,0x43,0x0c,0x84,0xc9,0x75,0xdf,0x41,0x8b,0x4c,0x24,0x18,0x8b,0x74,
    0x24,0x14,0x44,0x89,0xf2,0x48,0x89,0xdf,0xe8,0x73,0xdd,0xff,0xff,0x8b,0x43,0x0c,
    0xb9,0x2c,0x00,0x00,0x00,0x48,0x8d,0x15,0xf3,0x3d,0x00,0x00,0x0f,0x1f,0x40,0x00,
    0x48,0x83,0xc2,0x01,0x3b,0x43,0x08,0x7d,0x0b,0x48,0x8b,0x33,0x48,0x98,0x88,0x0c,
    0x06,0x8b,0x43,0x0c,0x0f,0xb6,0x0a,0x83,0xc0,0x01,0x89,0x43,0x0c,0x84,0xc9,0x75,
    0xdf,0x83,0x7c,0x24,0x10,0x03,0x0f,0x85,0xcc,0xfa,0xff,0xff,0x41,0x8b,0x4c,0x24,
    0x18,0x8b,0x74,0x24,0x18,0x44,0x89,0xc2,0x48,0x89,0xdf,0xe8,0x20,0xdd,0xff,0xff,
    0xe9,0xc1,0xfa,0xff,0xff,0x0f,0x1f,0x00,0x48,0x83,0xc2,0x01,0x3b,0x43,0x08,0x7d,
    0x0b,0x48,0x8b,0x33,0x48,0x98,0x88,0x0c,0x06,0x8b,0x43,0x0c,0x0f,0xb6,0x0a,0x83,
    0xc0,0x01,0x89,0x43,0x0c,0x84,0xc9,0x75,0xdf,0x83,0x7c,0x24,0x10,0x03,0x0f,0x84,
    0xbd,0x0c,0x00,0x00,0x4c,0x89,0xea,0x4c,0x89,0xe6,0x48,0x89,0xdf,0xe8,0x6e,0xde,
    0xff,0xff,0x8b,0x43,0x0c,0xb9,0x2c,0x00,0x00,0x00,0x48,0x8d,0x15,0x5e,0x3d,0x00,
    0x00,0x0f,0x1f,0x80,0x00,0x00,0x00,0x00,0x48,0x83,0xc2,0x01,0x39,0x43,0x08,0x7e,
    0x0b,0x48,0x8b,0x33,0x48,0x98,0x88,0x0c,0x06,0x8b,0x43,0x0c,0x0f,0xb6,0x0a,0x83,
    0xc0,0x01,0x89,0x43,0x0c,0x84,0xc9,0x75,0xdf,0x41,0x8b,0x4c,0x24,0x18,0x8b,0x74,
    0x24,0x14,0x44,0x89,0xf2,0x48,0x89,0xdf,0xe8,0x93,0xdc,0xff,0xff,0xe9,0x34,0xfa,
    0xff,0xff,0x41,0xbe,0x01,0x00,0x00,0x00,0x40,0x80,0xfd,0xc0,0x74,0x04,0x44,0x8b,
    0x77,0x20,0x4c,0x8d,0x6c,0x24,0x10,0x48,0x8d,0x54,0x24,0x0c,0x4c,0x89,0xe7,0x4c,
    0x89,0xee,0xe8,0x69,0xe4,0xff,0xff,0x8b,0x6c,0x24,0x0c,0x85,0xed,0x0f,0x84,0x5d,
    0xf9,0xff,0xff,0x44,0x8b,0x1d,0x4a,0x4b,0x00,0x00,0x8b,0x43,0x0c,0xb9,0x78,0x00,
    0x00,0x00,0x48,0x8d,0x15,0x2c,0x3d,0x00,0x00,0x45,0x85,0xdb,0x0f,0x84,0x7e,0x00,
    0x00,0x00,0x66,0x0f,0x1f,0x44,0x00,0x00,0x48,0x83,0xc2,0x01,0x39,0x43,0x08,0x7e,
    0x0b,0x48,0x8b,0x33,0x48,0x98,0x88,0x0c,0x06,0x8b,0x43,0x0c,0x0f,0xb6,0x0a,0x83,
    0xc0,0x01,0x89,0x43,0x0c,0x84,0xc9,0x75,0xdf,0x83,0x7c,0x24,0x10,0x03,0x0f,0x84,
    0x89,0x0b,0x00,0x00,0x4c,0x89,0xea,0x4c,0x89,0xe6,0x48,0x89,0xdf,0xe8,0x8e,0xdd,
    0xff,0xff,0x8b,0x43,0x0c,0xb9,0x2c,0x00,0x00,0x00,0x48,0x8d,0x15,0x7e,0x3c,0x00,
    0x00,0x0f,0x1f,0x80,0x00,0x00,0x00,0x00,0x48,0x83,0xc2,0x01,0x3b,0x43,0x08,0x7d,
    0x0b,0x48,0x8b,0x33,0x48,0x98,0x88,0x0c,0x06,0x8b,0x43,0x0c,0x0f,0xb6,0x0a,0x83,
    0xc0,0x01,0x89,0x43,0x0c,0x84,0xc9,0x75,0xdf,0xe9,0x1b,0xff,0xff,0xff,0x66,0x90,
    0x48,0x83,0xc2,0x01,0x39,0x43,0x08,0x7e,0x0b,0x48,0x8b,0x33,0x48,0x98,0x88,0x0c,
    0x06,0x8b,0x43,0x0c,0x0f,0xb6,0x0a,0x83,0xc0,0x01,0x89,0x43,0x0c,0x84,0xc9,0x75,
    0xdf,0x41,0x8b,0x4c,0x24,0x18,0x8b,0x74,0x24,0x14,0x44,0x89,0xf2,0x48,0x89,0xdf,
    0xe8,0x8b,0xdb,0xff,0xff,0x8b,0x43,0x0c,0xb9,0x2c,0x00,0x00,0x00,0x48,0x8d,0x15,
    0x0b,0x3c,0x00,0x00,0x0f,0x1f,0x40,0x00,0x48,0x83,0xc2,0x01,0x39,0x43,0x08,0x7e,
    0x0b,0x48,0x8b,0x33,0x48,0x98,0x88,0x0c,0x06,0x8b,0x43,0x0c,0x0f,0xb6,0x0a,0x83,
    0xc0,0x01,0x89,0x43,0x0c,0x84,0xc9,0x75,0xdf,0x83,0x7c,0x24,0x10,0x03,0x0f,0x85,
    0xe4,0xf8,0xff,0xff,0x41,0x8b,0x4c,0x24,0x18,0x8b,0x74,0x24,0x18,0x44,0x89,0xf2,
    0x48,0x89,0xdf,0xe8,0x38,0xdb,0xff,0xff,0xe9,0xd9,0xf8,0xff,0xff,0x4c,0x8d,0x6c,
    0x24,0x10,0x48,0x8d,0x54,0x24,0x0c,0x4c,0x89,0xee,0xe8,0x21,0xe3,0xff,0xff,0x8b,
    0x7c,0x24,0x0c,0x85,0xff,0x0f,0x84,0x15,0xf8,0xff,0xff,0x41,0x8b,0x74,0x24,0x28,
    0x85,0xf6,0x0f,0x85,0xf8,0x08,0x00,0x00,0x48,0x8d,0x05,0x13,0x3c,0x00,0x00,0x40,
    0x80,0xfd,0xbd,0xb9,0x62,0x00,0x00,0x00,0x48,0x8d,0x15,0xfe,0x3b,0x00,0x00,0x48,
    0x0f,0x45,0xd0,0x8b,0x43,0x0c,0x66,0x2e,0x0f,0x1f,0x84,0x00,0x00,0x00,0x00,0x00,
    0x48,0x83,0xc2,0x01,0x39,0x43,0x08,0x7e,0x0b,0x48,0x8b,0x33,0x48,0x98,0x88,0x0c,
    0x06,0x8b,0x43,0x0c,0x0f,0xb6,0x0a,0x83,0xc0,0x01,0x89,0x43,0x0c,0x84,0xc9,0x75,
    0xdf,0x41,0x8b,0x4c,0x24,0x18,0x41,0x8b,0x54,0x24,0x20,0x48,0x89,0xdf,0x8b,0x74,
    0x24,0x14,0xe8,0xa9,0xda,0xff,0xff,0x8b,0x43,0x0c,0xb9,0x2c,0x00,0x00,0x00,0x48,
    0x8d,0x15,0x29,0x3b,0x00,0x00,0x66,0x2e,0x0f,0x1f,0x84,0x00,0x00,0x00,0x00,0x00,
    0x48,0x83,0xc2,0x01,0x39,0x43,0x08,0x7e,0x0b,0x48,0x8b,0x33,0x48,0x98,0x88,0x0c,
    0x06,0x8b,0x43,0x0c,0x0f,0xb6,0x0a,0x83,0xc0,0x01,0x89,0x43,0x0c,0x84,0xc9,0x75,
    0xdf,0xe9,0xdb,0xf9,0xff,0xff,0x4c,0x8d,0x6c,0x24,0x10,0x48,0x8d,0x54,0x24,0x0c,
    0x4c,0x89,0xee,0xe8,0x58,0xe2,0xff,0xff,0x44,0x8b,0x44,0x24,0x0c,0x45,0x85,0xc0,
    0x0f,0x84,0x4a,0xf7,0xff,0xff,0x49,0x8b,0x04,0x24,0x48,0x8d,0x50,0x01,0x49,0x39,
    0x54,0x24,0x08,0x0f,0x82,0x37,0xf7,0xff,0xff,0x49,0x89,0x14,0x24,0x0f,0xb6,0x28,
    0x48,0x8d,0x15,0x89,0x44,0x00,0x00,0x8b,0x44,0x24,0x14,0x8b,0x3d,0x13,0x49,0x00,
    0x00,0xc7,0x44,0x24,0x0c,0x01,0x00,0x00,0x00,0x49,0x83,0x44,0x24,0x10,0x01,0x83,
    0xe0,0x03,0x48,0x8d,0x0c,0xc2,0x8b,0x43,0x0c,0x8b,0x53,0x08,0x0f,0xb6,0x31,0x85,
    0xff,0x0f,0x84,0x09,0x01,0x00,0x00,0xeb,0x27,0x0f,0x1f,0x80,0x00,0x00,0x00,0x00,
    0x48,0x83,0xc1,0x01,0x39,0xd0,0x7d,0x0f,0x48,0x8b,0x13,0x48,0x98,0x40,0x88,0x34,
    0x02,0x8b,0x43,0x0c,0x8b,0x53,0x08,0x83,0xc0,0x01,0x89,0x43,0x0c,0x0f,0xb6,0x31,
    0x40,0x84,0xf6,0x75,0xdb,0x39,0xd0,0x7d,0x0c,0x48,0x8b,0x13,0x48,0x98,0xc6,0x04,
    0x02,0x20,0x8b,0x43,0x0c,0x83,0xc0,0x01,0x83,0x7c,0x24,0x10,0x03,0x41,0x8b,0x54,
    0x24,0x20,0x89,0x43,0x0c,0x0f,0x84,0x60,0x09,0x00,0x00,0x4c,0x89,0xea,0x4c,0x89,
    0xe6,0x48,0x89,0xdf,0xe8,0x27,0xdb,0xff,0xff,0x8b,0x43,0x0c,0x8b,0x53,0x08,0xbe,
    0x2c,0x00,0x00,0x00,0x48,0x8d,0x0d,0x14,0x3a,0x00,0x00,0x0f,0x1f,0x44,0x00,0x00,
    0x48,0x83,0xc1,0x01,0x39,0xd0,0x7d,0x0f,0x48,0x8b,0x13,0x48,0x98,0x40,0x88,0x34,
    0x02,0x8b,0x43,0x0c,0x8b,0x53,0x08,0x0f,0xb6,0x31,0x83,0xc0,0x01,0x89,0x43,0x0c,
    0x40,0x84,0xf6,0x75,0xdb,0xbe,0x30,0x00,0x00,0x00,0x48,0x8d,0x0d,0xbf,0x3b,0x00,
    0x00,0xeb,0x08,0x0f,0x1f,0x44,0x00,0x00,0x8b,0x53,0x08,0x48,0x83,0xc1,0x01,0x39,
    0xc2,0x7e,0x0c,0x48,0x8b,0x13,0x48,0x98,0x40,0x88,0x34,0x02,0x8b,0x43,0x0c,0x0f,
    0xb6,0x31,0x83,0xc0,0x01,0x89,0x43,0x0c,0x40,0x84,0xf6,0x75,0xdb,0x31,0xd2,0x48,
    0x89,0xee,0x48,0x89,0xdf,0xe8,0x06,0xd6,0xff,0xff,0xe9,0xb7,0xf6,0xff,0xff,0x90,
    0x48,0x83,0xc1,0x01,0x39,0xd0,0x7d,0x0f,0x48,0x8b,0x13,0x48,0x98,0x40,0x88,0x34,
    0x02,0x8b,0x43,0x0c,0x8b,0x53,0x08,0x83,0xc0,0x01,0x89,0x43,0x0c,0x0f,0xb6,0x31,
    0x40,0x84,0xf6,0x75,0xdb,0xbe,0x20,0x00,0x00,0x00,0x48,0x8d,0x0d,0xb9,0x3a,0x00,
    0x00,0x0f,0x1f,0x80,0x00,0x00,0x00,0x00,0x48,0x83,0xc1,0x01,0x39,0xc2,0x7e,0x0f,
    0x48,0x8b,0x13,0x48,0x98,0x40,0x88,0x34,0x02,0x8b,0x43,0x0c,0x8b,0x53,0x08,0x0f,
    0xb6,0x31,0x83,0xc0,0x01,0x89,0x43,0x0c,0x40,0x84,0xf6,0x75,0xdb,0xbe,0x30,0x00,
    0x00,0x00,0x48,0x8d,0x0d,0x17,0x3b,0x00,0x00,0xeb,0x08,0x0f,0x1f,0x44,0x00,0x00,
    0x8b,0x53,0x08,0x48,0x83,0xc1,0x01,0x39,0xc2,0x7e,0x0c,0x48,0x8b,0x13,0x48,0x98,
    0x40,0x88,0x34,0x02,0x8b,0x43,0x0c,0x0f,0xb6,0x31,0x83,0xc0,0x01,0x89,0x43,0x0c,
    0x40,0x84,0xf6,0x75,0xdb,0x31,0xd2,0x48,0x89,0xee,0x48,0x89,0xdf,0xe8,0x5e,0xd5,
    0xff,0xff,0x8b,0x43,0x0c,0xb9,0x2c,0x00,0x00,0x00,0x48,0x8d,0x15,0xee,0x38,0x00,
    0x00,0x0f,0x1f,0x80,0x00,0x00,0x00,0x00,0x48,0x83,0xc2,0x01,0x39,0x43,0x08,0x7e,
    0x0b,0x48,0x8b,0x33,0x48,0x98,0x88,0x0c,0x06,0x8b,0x43,0x0c,0x0f,0xb6,0x0a,0x83,
    0xc0,0x01,0x89,0x43,0x0c,0x84,0xc9,0x75,0xdf,0xe9,0xa3,0xf7,0xff,0xff,0x8b,0x46,
    0x0c,0xb9,0x73,0x00,0x00,0x00,0x48,0x8d,0x15,0xf1,0x38,0x00,0x00,0x0f,0x1f,0x00,
    0x48,0x83,0xc2,0x01,0x39,0x43,0x08,0x7e,0x0b,0x48,0x8b,0x33,0x48,0x98,0x88,0x0c,
    0x06,0x8b,0x43,0x0c,0x0f,0xb6,0x0a,0x83,0xc0,0x01,0x89,0x43,0x0c,0x84,0xc9,0x75,
    0xdf,0xe9,0xa0,0xf5,0xff,0xff,0x8b,0x46,0x0c,0xb9,0x73,0x00,0x00,0x00,0x48,0x8d,
    0x15,0xb0,0x38,0x00,0x00,0x0f,0x1f,0x00,0x48,0x83,0xc2,0x01,0x39,0x43,0x08,0x7e,
    0x0b,0x48,0x8b,0x33,0x48,0x98,0x88,0x0c,0x06,0x8b,0x43,0x0c,0x0f,0xb6,0x0a,0x83,
    0xc0,0x01,0x89,0x43,0x0c,0x84,0xc9,0x75,0xdf,0xe9,0x68,0xf5,0xff,0xff,0x8b,0x46,
    0x0c,0xb9,0x72,0x00,0x00,0x00,0x48,0x8d,0x15,0x72,0x38,0x00,0x00,0x0f,0x1f,0x00,
    0x48,0x83,0xc2,0x01,0x39,0x43,0x08,0x7e,0x0b,0x48,0x8b,0x33,0x48,0x98,0x88,0x0c,
    0x06,0x8b,0x43,0x0c,0x0f,0xb6,0x0a,0x83,0xc0,0x01,0x89,0x43,0x0c,0x84,0xc9,0x75,
    0xdf,0xe9,0x30,0xf5,0xff,0xff,0x4c,0x8d,0x6c,0x24,0x10,0x48,0x8d,0x54,0x24,0x0c,
    0x4c,0x89,0xee,0xe8,0x78,0xdf,0xff,0xff,0x8b,0x44,0x24,0x0c,0x85,0xc0,0x0f,0x84,
    0x6c,0xf4,0xff,0xff,0x8b,0x43,0x0c,0xb9,0x6e,0x00,0x00,0x00,0x48,0x8d,0x15,0x18,
    0x38,0x00,0x00,0x0f,0x1f,0x44,0x00,0x00,0x48,0x83,0xc2,0x01,0x39,0x43,0x08,0x7e,
    0x0b,0x48,0x8b,0x33,0x48,0x98,0x88,0x0c,0x06,0x8b,0x43,0x0c,0x0f,0xb6,0x0a,0x83,
    0xc0,0x01,0x89,0x43,0x0c,0x84,0xc9,0x75,0xdf,0x83,0x7c,0x24,0x10,0x03,0x0f,0x84,
    0xd2,0xf4,0xff,0xff,0x39,0x43,0x08,0x7e,0x0c,0x48,0x8b,0x13,0x48,0x98,0xc6,0x04,
    0x02,0x20,0x8b,0x43,0x0c,0x83,0xc0,0x01,0x89,0x43,0x0c,0xe9,0xa8,0xf4,0xff,0xff,
    0x8b,0x46,0x0c,0xb9,0x75,0x00,0x00,0x00,0x48,0x8d,0x15,0xb8,0x37,0x00,0x00,0x90,
    0x48,0x83,0xc2,0x01,0x39,0x43,0x08,0x7e,0x0b,0x48,0x8b,0x33,0x48,0x98,0x88,0x0c,
    0x06,0x8b,0x43,0x0c,0x0f,0xb6,0x0a,0x83,0xc0,0x01,0x89,0x43,0x0c,0x84,0xc9,0x75,
    0xdf,0xe9,0x80,0xf4,0xff,0xff,0x8b,0x46,0x0c,0xb9,0x73,0x00,0x00,0x00,0x48,0x8d,
    0x15,0x7b,0x37,0x00,0x00,0x0f,0x1f,0x00,0x48,0x83,0xc2,0x01,0x39,0x43,0x08,0x7e,
    0x0b,0x48,0x8b,0x33,0x48,0x98,0x88,0x0c,0x06,0x8b,0x43,0x0c,0x0f,0xb6,0x0a,0x83,
    0xc0,0x01,0x89,0x43,0x0c,0x84,0xc9,0x75,0xdf,0xe9,0x48,0xf4,0xff,0xff,0x8b,0x46,
    0x0c,0xb9,0x73,0x00,0x00,0x00,0x48,0x8d,0x15,0x3b,0x37,0x00,0x00,0x0f,0x1f,0x00,
    0x48,0x83,0xc2,0x01,0x39,0x43,0x08,0x7e,0x0b,0x48,0x8b,0x33,0x48,0x98,0x88,0x0c,
    0x06,0x8b,0x43,0x0c,0x0f,0xb6,0x0a,0x83,0xc0,0x01,0x89,0x43,0x0c,0x84,0xc9,0x75,
    0xdf,0xe9,0x10,0xf4,0xff,0xff,0x8b,0x46,0x0c,0xb9,0x63,0x00,0x00,0x00,0x48,0x8d,
    0x15,0x31,0x37,0x00,0x00,0x0f,0x1f,0x00,0x48,0x83,0xc2,0x01,0x39,0x43,0x08,0x7e,
    0x0b,0x48,0x8b,0x33,0x48,0x98,0x88,0x0c,0x06,0x8b,0x43,0x0c,0x0f,0xb6,0x0a,0x83,
    0xc0,0x01,0x89,0x43,0x0c,0x84,0xc9,0x75,0xdf,0xe9,0xd8,0xf3,0xff,0xff,0x48,0x8b,
    0x07,0x48,0x8d,0x50,0x01,0x48,0x39,0x57,0x08,0x0f,0x82,0x21,0xf3,0xff,0xff,0x48,
    0x89,0x17,0x0f,0xb6,0x00,0x48,0x83,0x47,0x10,0x01,0x89,0xc2,0x89,0xc7,0xc7,0x44,
    0x24,0x14,0x00,0x00,0x00,0x00,0x48,0xc7,0x44,0x24,0x1c,0xff,0xff,0xff,0xff,0xc0,
    0xea,0x06,0x83,0xe7,0x07,0x0f,0xb6,0xca,0x89,0x7c,0x24,0x18,0x89,0x4c,0x24,0x10,
    0x89,0xc1,0xc0,0xe8,0x03,0x48,0xc7,0x44,0x24,0x24,0x01,0x00,0x00,0x00,0x83,0xe0,
    0x07,0x83,0xe1,0x07,0x48,0xc7,0x44,0x24,0x2c,0x00,0x00,0x00,0x00,0x3c,0x06,0x0f,
    0x87,0xcb,0xf2,0xff,0xff,0x48,0x8d,0x35,0x84,0x3b,0x00,0x00,0x0f,0xb6,0xc0,0x48,
    0x63,0x04,0x86,0x48,0x01,0xf0,0xff,0xe0,0x4c,0x8d,0x6c,0x24,0x10,0x48,0x8d,0x54,
    0x24,0x0c,0x4c,0x89,0xee,0xe8,0xa6,0xdd,0xff,0xff,0x8b,0x44,0x24,0x0c,0x85,0xc0,
    0x0f,0x84,0x9a,0xf2,0xff,0xff,0x44,0x8b,0x35,0x87,0x44,0x00,0x00,0x8b,0x43,0x0c,
    0xb9,0x63,0x00,0x00,0x00,0x48,0x8d,0x15,0x60,0x36,0x00,0x00,0x45,0x85,0xf6,0x0f,
    0x84,0x8b,0x00,0x00,0x00,0x0f,0x1f,0x00,0x48,0x83,0xc2,0x01,0x39,0x43,0x08,0x7e,
    0x0b,0x48,0x8b,0x33,0x48,0x98,0x88,0x0c,0x06,0x8b,0x43,0x0c,0x0f,0xb6,0x0a,0x83,
    0xc0,0x01,0x89,0x43,0x0c,0x84,0xc9,0x75,0xdf,0x83,0x7c,0x24,0x10,0x03,0x41,0x8b,
    0x54,0x24,0x20,0x0f,0x84,0xae,0x04,0x00,0x00,0x4c,0x89,0xea,0x4c,0x89,0xe6,0x48,
    0x89,0xdf,0xe8,0xc9,0xd6,0xff,0xff,0x8b,0x43,0x0c,0xb9,0x2c,0x00,0x00,0x00,0x48,
    0x8d,0x15,0xb9,0x35,0x00,0x00,0x66,0x2e,0x0f,0x1f,0x84,0x00,0x00,0x00,0x00,0x00,
    0x48,0x83,0xc2,0x01,0x39,0x43,0x08,0x7e,0x0b,0x48,0x8b,0x33,0x48,0x98,0x88,0x0c,
    0x06,0x8b,0x43,0x0c,0x0f,0xb6,0x0a,0x83,0xc0,0x01,0x89,0x43,0x0c,0x84,0xc9,0x75,
    0xdf,0xe9,0x2b,0xf6,0xff,0xff,0x66,0x2e,0x0f,0x1f,0x84,0x00,0x00,0x00,0x00,0x00,
    0x48,0x83,0xc2,0x01,0x39,0x43,0x08,0x7e,0x0b,0x48,0x8b,0x33,0x48,0x98,0x88,0x0c,
    0x06,0x8b,0x43,0x0c,0x0f,0xb6,0x0a,0x83,0xc0,0x01,0x89,0x43,0x0c,0x84,0xc9,0x75,
    0xdf,0x41,0x8b,0x4c,0x24,0x18,0x41,0x8b,0x54,0x24,0x20,0x48,0x89,0xdf,0x8b,0x74,
    0x24,0x14,0xe8,0xb9,0xd4,0xff,0xff,0x8b,0x43,0x0c,0xb9,0x2c,0x00,0x00,0x00,0x48,
    0x8d,0x15,0x39,0x35,0x00,0x00,0x66,0x2e,0x0f,0x1f,0x84,0x00,0x00,0x00,0x00,0x00,
    0x48,0x83,0xc2,0x01,0x39,0x43,0x08,0x7e,0x0b,0x48,0x8b,0x33,0x48,0x98,0x88,0x0c,
    0x06,0x8b,0x43,0x0c,0x0f,0xb6,0x0a,0x83,0xc0,0x01,0x89,0x43,0x0c,0x84,0xc9,0x75,
    0xdf,0xe9,0xeb,0xf3,0xff,0xff,0x4c,0x8d,0x6c,0x24,0x10,0x48,0x8d,0x54,0x24,0x0c,
    0x4c,0x89,0xee,0xe8,0x68,0xdc,0xff,0xff,0x44,0x8b,0x74,0x24,0x0c,0x45,0x85,0xf6,
    0x0f,0x84,0x5a,0xf1,0xff,0xff,0x8b,0x2d,0x48,0x43,0x00,0x00,0x8b,0x43,0x0c,0xb9,
    0x69,0x00,0x00,0x00,0x48,0x8d,0x15,0x30,0x35,0x00,0x00,0x85,0xed,0x0f,0x84,0x7d,
    0x00,0x00,0x00,0x0f,0x1f,0x44,0x00,0x00,0x48,0x83,0xc2,0x01,0x39,0x43,0x08,0x7e,
    0x0b,0x48,0x8b,0x33,0x48,0x98,0x88,0x0c,0x06,0x8b,0x43,0x0c,0x0f,0xb6,0x0a,0x83,
    0xc0,0x01,0x89,0x43,0x0c,0x84,0xc9,0x75,0xdf,0x41,0x8b,0x4c,0x24,0x18,0x41,0x8b,
    0x54,0x24,0x20,0x48,0x89,0xdf,0x8b,0x74,0x24,0x14,0xe8,0x01,0xd4,0xff,0xff,0x8b,
    0x43,0x0c,0xb9,0x2c,0x00,0x00,0x00,0x48,0x8d,0x15,0x81,0x34,0x00,0x00,0x66,0x90,
    0x48,0x83,0xc2,0x01,0x39,0x43,0x08,0x7e,0x0b,0x48,0x8b,0x33,0x48,0x98,0x88,0x0c,
    0x06,0x8b,0x43,0x0c,0x0f,0xb6,0x0a,0x83,0xc0,0x01,0x89,0x43,0x0c,0x84,0xc9,0x75,
    0xdf,0xe9,0x3b,0xf3,0xff,0xff,0x66,0x2e,0x0f,0x1f,0x84,0x00,0x00,0x00,0x00,0x00,
    0x48,0x83,0xc2,0x01,0x39,0x43,0x08,0x7e,0x0b,0x48,0x8b,0x33,0x48,0x98,0x88,0x0c,
    0x06,0x8b,0x43,0x0c,0x0f,0xb6,0x0a,0x83,0xc0,0x01,0x89,0x43,0x0c,0x84,0xc9,0x75,
    0xdf,0x83,0x7c,0x24,0x10,0x03,0x41,0x8b,0x54,0x24,0x20,0x0f,0x84,0xe0,0x02,0x00,
    0x00,0x4c,0x89,0xea,0x4c,0x89,0xe6,0x48,0x89,0xdf,0xe8,0x11,0xd5,0xff,0xff,0x8b,
    0x43,0x0c,0xb9,0x2c,0x00,0x00,0x00,0x48,0x8d,0x15,0x01,0x34,0x00,0x00,0x66,0x90,
    0x48,0x83,0xc2,0x01,0x39,0x43,0x08,0x7e,0x0b,0x48,0x8b,0x33,0x48,0x98,0x88,0x0c,
    0x06,0x8b,0x43,0x0c,0x0f,0xb6,0x0a,0x83,0xc0,0x01,0x89,0x43,0x0c,0x84,0xc9,0x75,
    0xdf,0xe9,0x7b,0xf4,0xff,0xff,0x48,0x8d,0x2d,0x70,0x34,0x00,0x00,0x80,0xfa,0x03,
    0x0f,0x84,0xe6,0x02,0x00,0x00,0x80,0xf9,0x04,0x0f,0x84,0x09,0xf0,0xff,0xff,0x89,
    0x7c,0x24,0x1c,0x4c,0x8d,0x6c,0x24,0x10,0x0f,0xb6,0x55,0x00,0x8b,0x43,0x0c,0x8b,
    0x4b,0x08,0x84,0xd2,0x74,0x2e,0x66,0x2e,0x0f,0x1f,0x84,0x00,0x00,0x00,0x00,0x00,
    0x48,0x83,0xc5,0x01,0x39,0xc8,0x7d,0x0e,0x48,0x8b,0x0b,0x48,0x98,0x88,0x14,0x01,
    0x8b,0x43,0x0c,0x8b,0x4b,0x08,0x0f,0xb6,0x55,0x00,0x83,0xc0,0x01,0x89,0x43,0x0c,
    0x84,0xd2,0x75,0xdc,0x39,0xc8,0x0f,0x8d,0xc9,0xfb,0xff,0xff,0xe9,0xb8,0xfb,0xff,
    0xff,0x48,0x8d,0x2d,0x0a,0x34,0x00,0x00,0xeb,0x93,0x48,0x8d,0x2d,0xed,0x33,0x00,
    0x00,0x80,0xfa,0x03,0x75,0x90,0x8b,0x43,0x0c,0x8b,0x73,0x08,0xba,0x73,0x00,0x00,
    0x00,0x0f,0x1f,0x80,0x00,0x00,0x00,0x00,0x48,0x83,0xc5,0x01,0x39,0xf0,0x7d,0x0e,
    0x48,0x8b,0x33,0x48,0x98,0x88,0x14,0x06,0x8b,0x43,0x0c,0x8b,0x73,0x08,0x0f,0xb6,
    0x55,0x00,0x83,0xc0,0x01,0x89,0x43,0x0c,0x84,0xd2,0x75,0xdc,0x39,0xf0,0x7d,0x0c,
    0x48,0x8b,0x13,0x48,0x98,0xc6,0x04,0x02,0x20,0x8b,0x43,0x0c,0x0f,0xb6,0xc9,0x48,
    0x8d,0x15,0xda,0x40,0x00,0x00,0x83,0xc0,0x01,0x48,0x8d,0x14,0xca,0x89,0x43,0x0c,
    0x0f,0xb6,0x0a,0x84,0xc9,0x0f,0x84,0x0b,0xf0,0xff,0xff,0x0f,0x1f,0x44,0x00,0x00,
    0x48,0x83,0xc2,0x01,0x39,0x43,0x08,0x7e,0x0b,0x48,0x8b,0x33,0x48,0x98,0x88,0x0c,
    0x06,0x8b,0x43,0x0c,0x83,0xc0,0x01,0x89,0x43,0x0c,0x0f,0xb6,0x0a,0x84,0xc9,0x75,
    0xdf,0xe9,0xe0,0xef,0xff,0xff,0x48,0x8d,0x2d,0x6a,0x33,0x00,0x00,0xe9,0xeb,0xfe,
    0xff,0xff,0x48,0x8d,0x2d,0x4a,0x33,0x00,0x00,0xe9,0xdf,0xfe,0xff,0xff,0x48,0x8d,
    0x2d,0x43,0x33,0x00,0x00,0xe9,0xd3,0xfe,0xff,0xff,0x66,0x0f,0x1f,0x44,0x00,0x00,
    0x8b,0x43,0x0c,0xb9,0x74,0x00,0x00,0x00,0x48,0x8d,0x15,0x07,0x33,0x00,0x00,0x40,
    0x80,0xfd,0xbd,0x0f,0x84,0xe1,0x01,0x00,0x00,0x48,0x83,0xc2,0x01,0x39,0x43,0x08,
    0x7e,0x0b,0x48,0x8b,0x33,0x48,0x98,0x88,0x0c,0x06,0x8b,0x43,0x0c,0x0f,0xb6,0x0a,
    0x83,0xc0,0x01,0x89,0x43,0x0c,0x84,0xc9,0x75,0xdf,0xe9,0x12,0xf7,0xff,0xff,0x90,
    0x44,0x8b,0x15,0xbd,0x40,0x00,0x00,0x48,0x8d,0x15,0xb3,0x32,0x00,0x00,0x45,0x85,
    0xd2,0x74,0x7d,0x0f,0x1f,0x44,0x00,0x00,0x48,0x83,0xc2,0x01,0x39,0x43,0x08,0x7e,
    0x0b,0x48,0x8b,0x33,0x48,0x98,0x88,0x0c,0x06,0x8b,0x43,0x0c,0x0f,0xb6,0x0a,0x83,
    0xc0,0x01,0x89,0x43,0x0c,0x84,0xc9,0x75,0xdf,0x41,0x8b,0x4c,0x24,0x18,0x8b,0x74,
    0x24,0x14,0x44,0x89,0xf2,0x48,0x89,0xdf,0xe8,0x83,0xd1,0xff,0xff,0x8b,0x43,0x0c,
    0xb9,0x2c,0x00,0x00,0x00,0x48,0x8d,0x15,0x03,0x32,0x00,0x00,0x0f,0x1f,0x40,0x00,
    0x48,0x83,0xc2,0x01,0x39,0x43,0x08,0x7e,0x0b,0x48,0x8b,0x33,0x48,0x98,0x88,0x0c,
    0x06,0x8b,0x43,0x0c,0x0f,0xb6,0x0a,0x83,0xc0,0x01,0x89,0x43,0x0c,0x84,0xc9,0x75,
    0xdf,0xe9,0x0b,0xf4,0xff,0xff,0x66,0x2e,0x0f,0x1f,0x84,0x00,0x00,0x00,0x00,0x00,
    0x48,0x83,0xc2,0x01,0x3b,0x43,0x08,0x7d,0x0b,0x48,0x8b,0x33,0x48,0x98,0x88,0x0c,
    0x06,0x8b,0x43,0x0c,0x0f,0xb6,0x0a,0x83,0xc0,0x01,0x89,0x43,0x0c,0x84,0xc9,0x75,
    0xdf,0x83,0x7c,0x24,0x10,0x03,0x0f,0x84,0x3a,0x01,0x00,0x00,0x4c,0x89,0xea,0x4c,
    0x89,0xe6,0x48,0x89,0xdf,0xe8,0x96,0xd2,0xff,0xff,0x8b,0x43,0x0c,0xb9,0x2c,0x00,
    0x00,0x00,0x48,0x8d,0x15,0x86,0x31,0x00,0x00,0x0f,0x1f,0x80,0x00,0x00,0x00,0x00,
    0x48,0x83,0xc2,0x01,0x3b,0x43,0x08,0x7d,0x0b,0x48,0x8b,0x33,0x48,0x98,0x88,0x0c,
    0x06,0x8b,0x43,0x0c,0x0f,0xb6,0x0a,0x83,0xc0,0x01,0x89,0x43,0x0c,0x84,0xc9,0x75,
    0xdf,0xe9,0x23,0xf4,0xff,0xff,0x41,0x8b,0x4c,0x24,0x18,0x8b,0x74,0x24,0x18,0xba,
    0x01,0x00,0x00,0x00,0x48,0x89,0xdf,0xe8,0xb4,0xd0,0xff,0xff,0xe9,0x55,0xee,0xff,
    0xff,0x41,0x8b,0x4c,0x24,0x18,0x8b,0x74,0x24,0x18,0x48,0x89,0xdf,0xe8,0x9e,0xd0,
    0xff,0xff,0xe9,0x18,0xfd,0xff,0xff,0x41,0x8b,0x4c,0x24,0x18,0x8b,0x74,0x24,0x18,
    0x48,0x89,0xdf,0xe8,0x88,0xd0,0xff,0xff,0xe9,0x4a,0xfb,0xff,0xff,0x41,0x8b,0x4c,
    0x24,0x18,0x8b,0x74,0x24,0x18,0x44,0x89,0xf2,0x48,0x89,0xdf,0xe8,0x6f,0xd0,0xff,
    0xff,0xe9,0x6c,0xf4,0xff,0xff,0x41,0x8b,0x4c,0x24,0x18,0x8b,0x74,0x24,0x18,0x48,
    0x89,0xdf,0xe8,0x59,0xd0,0xff,0xff,0xe9,0x4d,0xf1,0xff,0xff,0x0f,0xb6,0x55,0x00,
    0x8b,0x43,0x0c,0x8b,0x73,0x08,0xe9,0x8d,0xfd,0xff,0xff,0x41,0x8b,0x4c,0x24,0x18,
    0x8b,0x74,0x24,0x18,0x48,0x89,0xdf,0xe8,0x34,0xd0,0xff,0xff,0xe9,0x98,0xf6,0xff,
    0xff,0x41,0x8b,0x4c,0x24,0x18,0x8b,0x74,0x24,0x18,0x44,0x89,0xc2,0x48,0x89,0xdf,
    0xe8,0x1b,0xd0,0xff,0xff,0xe9,0x38,0xf3,0xff,0xff,0xb9,0x6c,0x00,0x00,0x00,0x48,
    0x8d,0x15,0x09,0x31,0x00,0x00,0x66,0x2e,0x0f,0x1f,0x84,0x00,0x00,0x00,0x00,0x00,
    0x48,0x83,0xc2,0x01,0x39,0x43,0x08,0x7e,0x0b,0x48,0x8b,0x33,0x48,0x98,0x88,0x0c,
    0x06,0x8b,0x43,0x0c,0x0f,0xb6,0x0a,0x83,0xc0,0x01,0x89,0x43,0x0c,0x84,0xc9,0x75,
    0xdf,0xe9,0x1b,0xf5,0xff,0xff,0x41,0x8b,0x4c,0x24,0x18,0x8b,0x74,0x24,0x18,0x44,
    0x89,0xc2,0x48,0x89,0xdf,0xe8,0xc6,0xcf,0xff,0xff,0xe9,0xbb,0xfe,0xff,0xff,0x90,
    0x41,0x57,0x41,0x56,0x41,0x55,0x41,0x54,0x55,0x53,0x48,0x83,0xec,0x48,0x48,0x8b,
    0x07,0x4c,0x8b,0x6f,0x08,0xc7,0x44,0x24,0x08,0x01,0x00,0x00,0x00,0x48,0x8d,0x50,
    0x01,0x49,0x39,0xd5,0x0f,0x82,0xa6,0x00,0x00,0x00,0x48,0x89,0xf3,0x48,0x8b,0x77,
    0x10,0x48,0x89,0x17,0x48,0x89,0xfd,0x44,0x0f,0xb6,0x30,0x48,0x8d,0x4e,0x01,0x48,
    0x89,0x4f,0x10,0x45,0x89,0xf4,0x41,0x83,0xfe,0x3d,0x7e,0x24,0x41,0x8d,0x4c,0x24,
    0xf1,0x41,0x80,0xfc,0x0e,0x76,0x79,0x48,0x8d,0x3d,0x3e,0x35,0x00,0x00,0x0f,0xb6,
    0xc9,0x48,0x63,0x0c,0x8f,0x48,0x01,0xf9,0xff,0xe1,0x66,0x0f,0x1f,0x44,0x00,0x00,
    0x44,0x89,0xf1,0x83,0xe1,0x07,0x80,0xf9,0x05,0x77,0xd1,0x48,0x83,0xc4,0x48,0x44,
    0x89,0xf2,0x48,0x89,0xde,0x5b,0x5d,0x41,0x5c,0x41,0x5d,0x41,0x5e,0x41,0x5f,0xe9,
    0x6c,0xe4,0xff,0xff,0x49,0x83,0xc5,0x01,0x31,0xc9,0xeb,0x23,0x0f,0x1f,0x40,0x00,
    0x48,0x89,0x55,0x00,0x0f,0xb6,0x42,0xff,0x48,0x83,0x45,0x10,0x01,0x48,0xd3,0xe0,
    0x83,0xc1,0x08,0x49,0x09,0xc0,0x83,0xf9,0x40,0x0f,0x84,0xbc,0x04,0x00,0x00,0x48,
    0x83,0xc2,0x01,0x4c,0x39,0xea,0x75,0xd8,0x0f,0x1f,0x84,0x00,0x00,0x00,0x00,0x00,
    0x31,0xc0,0x48,0x83,0xc4,0x48,0x5b,0x5d,0x41,0x5c,0x41,0x5d,0x41,0x5e,0x41,0x5f,
    0xc3,0x0f,0x1f,0x80,0x00,0x00,0x00,0x00,0x48,0x8d,0x50,0x02,0x49,0x39,0xd5,0x72,
    0xdf,0x48,0x89,0x55,0x00,0x0f,0xb6,0x40,0x01,0x48,0x83,0xc6,0x02,0x48,0x8d,0x15,
    0x7c,0x3a,0x00,0x00,0x48,0x89,0x75,0x10,0x89,0xc1,0x81,0xc9,0x00,0xff,0xff,0xff,
    0x84,0xc0,0x0f,0x48,0xc1,0x48,0x98,0x48,0x8d,0x3c,0x30,0x41,0x8d,0x46,0x90,0x48,
    0x98,0x48,0x8d,0x0c,0xc2,0x8b,0x43,0x0c,0x8b,0x53,0x08,0x0f,0xb6,0x31,0x40,0x84,
    0xf6,0x74,0x2a,0x0f,0x1f,0x44,0x00,0x00,0x48,0x83,0xc1,0x01,0x39,0xd0,0x7d,0x0f,
    0x48,0x8b,0x13,0x48,0x98,0x40,0x88,0x34,0x02,0x8b,0x43,0x0c,0x8b,0x53,0x08,0x83,
    0xc0,0x01,0x89,0x43,0x0c,0x0f,0xb6,0x31,0x40,0x84,0xf6,0x75,0xdb,0x39,0xd0,0x7d,
    0x0f,0x48,0x8b,0x13,0x48,0x98,0xc6,0x04,0x02,0x20,0x8b,0x43,0x0c,0x8b,0x53,0x08,
    0x83,0xc0,0x01,0xbe,0x30,0x00,0x00,0x00,0x48,0x8d,0x0d,0xb1,0x30,0x00,0x00,0x89,
    0x43,0x0c,0xeb,0x07,0x0f,0x1f,0x40,0x00,0x8b,0x53,0x08,0x48,0x83,0xc1,0x01,0x39,
    0xd0,0x7d,0x0c,0x48,0x8b,0x13,0x48,0x98,0x40,0x88,0x34,0x02,0x8b,0x43,0x0c,0x0f,
    0xb6,0x31,0x83,0xc0,0x01,0x89,0x43,0x0c,0x40,0x84,0xf6,0x75,0xdb,0x48,0x89,0xfe,
    0x31,0xd2,0x48,0x89,0xdf,0xe8,0xf6,0xca,0xff,0xff,0x48,0x83,0xc4,0x48,0xb8,0x01,
    0x00,0x00,0x00,0x5b,0x5d,0x41,0x5c,0x41,0x5d,0x41,0x5e,0x41,0x5f,0xc3,0x66,0x90,
    0x8b,0x55,0x20,0x44,0x8b,0x65,0x18,0x83,0xfa,0x08,0x0f,0x84,0xfb,0x26,0x00,0x00,
    0x83,0xfa,0x02,0x0f,0x84,0x55,0x25,0x00,0x00,0x48,0x83,0xc0,0x02,0x31,0xc9,0x45,
    0x31,0xc0,0x49,0x39,0xc5,0x0f,0x82,0xd5,0xfe,0xff,0xff,0x48,0x89,0x45,0x00,0x0f,
    0xb6,0x50,0xff,0x48,0x83,0xc0,0x01,0x48,0x83,0x45,0x10,0x01,0xd3,0xe2,0x83,0xc1,
    0x08,0x41,0x09,0xd0,0x83,0xf9,0x20,0x75,0xd9,0x41,0xc1,0xe4,0x03,0x41,0x81,0xee,
    0xb8,0x00,0x00,0x00,0x8b,0x43,0x0c,0x8b,0x53,0x08,0x44,0x8b,0x2d,0x83,0x3c,0x00,
    0x00,0x41,0x83,0xe4,0x08,0x45,0x09,0xf4,0x45,0x85,0xed,0x0f,0x84,0xe5,0x22,0x00,
    0x00,0xb9,0x6d,0x00,0x00,0x00,0x48,0x8d,0x15,0xba,0x2e,0x00,0x00,0x0f,0x1f,0x00,
    0x48,0x83,0xc2,0x01,0x39,0x43,0x08,0x7e,0x0b,0x48,0x8b,0x33,0x48,0x98,0x88,0x0c,
    0x06,0x8b,0x43,0x0c,0x0f,0xb6,0x0a,0x83,0xc0,0x01,0x89,0x43,0x0c,0x84,0xc9,0x75,
    0xdf,0x8b,0x4d,0x18,0x8b,0x55,0x20,0x44,0x89,0xe6,0x48,0x89,0xdf,0xe8,0x3e,0xcd,
    0xff,0xff,0x8b,0x43,0x0c,0x8b,0x53,0x08,0xbe,0x2c,0x00,0x00,0x00,0x48,0x8d,0x0d,
    0xbb,0x2d,0x00,0x00,0x0f,0x1f,0x40,0x00,0x48,0x83,0xc1,0x01,0x39,0xd0,0x7d,0x0f,
    0x48,0x8b,0x13,0x48,0x98,0x40,0x88,0x34,0x02,0x8b,0x43,0x0c,0x8b,0x53,0x08,0x0f,
    0xb6,0x31,0x83,0xc0,0x01,0x89,0x43,0x0c,0x40,0x84,0xf6,0x75,0xdb,0xbe,0x30,0x00,
    0x00,0x00,0x48,0x8d,0x0d,0x67,0x2f,0x00,0x00,0xeb,0x08,0x0f,0x1f,0x44,0x00,0x00,
    0x8b,0x53,0x08,0x48,0x83,0xc1,0x01,0x39,0xd0,0x7d,0x0c,0x48,0x8b,0x13,0x48,0x98,
    0x40,0x88,0x34,0x02,0x8b,0x43,0x0c,0x0f,0xb6,0x31,0x83,0xc0,0x01,0x89,0x43,0x0c,
    0x40,0x84,0xf6,0x75,0xdb,0x31,0xd2,0x4c,0x89,0xc6,0x48,0x89,0xdf,0xe8,0xae,0xc9,
    0xff,0xff,0xe9,0xb3,0xfe,0xff,0xff,0x66,0x0f,0x1f,0x84,0x00,0x00,0x00,0x00,0x00,
    0x8b,0x55,0x18,0x41,0x83,0xee,0x58,0x8b,0x43,0x0c,0xb9,0x70,0x00,0x00,0x00,0xc1,
    0xe2,0x03,0x83,0xe2,0x08,0x89,0xd6,0x48,0x8d,0x15,0xd4,0x2d,0x00,0x00,0x44,0x09,
    0xf6,0x0f,0x1f,0x80,0x00,0x00,0x00,0x00,0x48,0x83,0xc2,0x01,0x39,0x43,0x08,0x7e,
    0x0b,0x48,0x8b,0x3b,0x48,0x98,0x88,0x0c,0x07,0x8b,0x43,0x0c,0x0f,0xb6,0x0a,0x83,
    0xc0,0x01,0x89,0x43,0x0c,0x84,0xc9,0x75,0xdf,0x48,0x8d,0x0d,0xc0,0x3a,0x00,0x00,
    0x48,0x63,0xd6,0x48,0x8d,0x14,0xd1,0x0f,0xb6,0x0a,0x84,0xc9,0x0f,0x84,0x48,0xfe,
    0xff,0xff,0x66,0x0f,0x1f,0x44,0x00,0x00,0x48,0x83,0xc2,0x01,0x39,0x43,0x08,0x7e,
    0x0b,0x48,0x8b,0x33,0x48,0x98,0x88,0x0c,0x06,0x8b,0x43,0x0c,0x83,0xc0,0x01,0x89,
    0x43,0x0c,0x0f,0xb6,0x0a,0x84,0xc9,0x75,0xdf,0xe9,0x1c,0xfe,0xff,0xff,0x66,0x90,
    0x8b,0x55,0x18,0x41,0x83,0xee,0x50,0x8b,0x43,0x0c,0xb9,0x70,0x00,0x00,0x00,0xc1,
    0xe2,0x03,0x83,0xe2,0x08,0x89,0xd6,0x48,0x8d,0x15,0x3e,0x2d,0x00,0x00,0x44,0x09,
    0xf6,0x0f,0x1f,0x80,0x00,0x00,0x00,0x00,0x48,0x83,0xc2,0x01,0x39,0x43,0x08,0x7e,
    0x0b,0x48,0x8b,0x3b,0x48,0x98,0x88,0x0c,0x07,0x8b,0x43,0x0c,0x0f,0xb6,0x0a,0x83,
    0xc0,0x01,0x89,0x43,0x0c,0x84,0xc9,0x75,0xdf,0x48,0x8d,0x0d,0x30,0x3a,0x00,0x00,
    0x48,0x63,0xd6,0x48,0x8d,0x14,0xd1,0x0f,0xb6,0x0a,0x84,0xc9,0x0f,0x84,0xb8,0xfd,
    0xff,0xff,0x66,0x0f,0x1f,0x44,0x00,0x00,0x48,0x83,0xc2,0x01,0x39,0x43,0x08,0x7e,
    0x0b,0x48,0x8b,0x33,0x48,0x98,0x88,0x0c,0x06,0x8b,0x43,0x0c,0x83,0xc0,0x01,0x89,
    0x43,0x0c,0x0f,0xb6,0x0a,0x84,0xc9,0x75,0xdf,0xe9,0x8c,0xfd,0xff,0xff,0x66,0x90,
    0x48,0x8d,0x48,0x02,0x8b,0x55,0x18,0x49,0x39,0xcd,0x0f,0x82,0x90,0xfc,0xff,0xff,
    0x44,0x8d,0x24,0xd5,0x00,0x00,0x00,0x00,0x8b,0x15,0x66,0x3a,0x00,0x00,0x48,0x83,
    0xc6,0x02,0x48,0x89,0x4d,0x00,0x41,0x83,0xe4,0x08,0x41,0x81,0xee,0xb0,0x00,0x00,
    0x00,0x44,0x0f,0xb6,0x40,0x01,0x48,0x89,0x75,0x10,0x8b,0x43,0x0c,0x45,0x09,0xf4,
    0x85,0xd2,0x0f,0x84,0x1a,0x1f,0x00,0x00,0xb9,0x6d,0x00,0x00,0x00,0x48,0x8d,0x15,
    0x83,0x2c,0x00,0x00,0x0f,0x1f,0x40,0x00,0x48,0x83,0xc2,0x01,0x39,0x43,0x08,0x7e,
    0x0b,0x48,0x8b,0x33,0x48,0x98,0x88,0x0c,0x06,0x8b,0x43,0x0c,0x0f,0xb6,0x0a,0x83,
    0xc0,0x01,0x89,0x43,0x0c,0x84,0xc9,0x75,0xdf,0x8b,0x55,0x18,0x44,0x89,0xe6,0x48,
    0x89,0xdf,0xe8,0x69,0xca,0xff,0xff,0x8b,0x43,0x0c,0x8b,0x53,0x08,0xbe,0x2c,0x00,
    0x00,0x00,0x48,0x8d,0x0d,0x86,0x2b,0x00,0x00,0x0f,0x1f,0x80,0x00,0x00,0x00,0x00,
    0x48,0x83,0xc1,0x01,0x39,0xd0,0x7d,0x0f,0x48,0x8b,0x13,0x48,0x98,0x40,0x88,0x34,
    0x02,0x8b,0x43,0x0c,0x8b,0x53,0x08,0x0f,0xb6,0x31,0x83,0xc0,0x01,0x89,0x43,0x0c,
    0x40,0x84,0xf6,0x75,0xdb,0xbe,0x30,0x00,0x00,0x00,0x48,0x8d,0x0d,0x2f,0x2d,0x00,
    0x00,0xeb,0x08,0x0f,0x1f,0x44,0x00,0x00,0x8b,0x53,0x08,0x48,0x83,0xc1,0x01,0x39,
    0xd0,0x7d,0x0c,0x48,0x8b,0x13,0x48,0x98,0x40,0x88,0x34,0x02,0x8b,0x43,0x0c,0x0f,
    0xb6,0x31,0x83,0xc0,0x01,0x89,0x43,0x0c,0x40,0x84,0xf6,0x75,0xdb,0xe9,0xc3,0xfd,
    0xff,0xff,0x66,0x0f,0x1f,0x44,0x00,0x00,0x48,0x83,0xc4,0x48,0x44,0x89,0xf2,0x48,
    0x89,0xde,0x48,0x89,0xef,0x5b,0x5d,0x41,0x5c,0x41,0x5d,0x41,0x5e,0x41,0x5f,0xe9,
    0x4c,0xd4,0xff,0xff,0x45,0x89,0xe6,0x41,0xbf,0x01,0x00,0x00,0x00,0x41,0x83,0xe6,
    0xfd,0x41,0x80,0xfe,0xa0,0x74,0x04,0x44,0x8b,0x7d,0x20,0x44,0x8b,0x55,0x2c,0x45,
    0x31,0xc0,0x45,0x85,0xd2,0x0f,0x84,0x19,0xfb,0xff,0xff,0x44,0x8b,0x0d,0x32,0x39,
    0x00,0x00,0x8b,0x43,0x0c,0x41,0x83,0xc4,0x60,0xb9,0x6d,0x00,0x00,0x00,0x48,0x8d,
    0x15,0x72,0x2b,0x00,0x00,0x45,0x85,0xc9,0x0f,0x84,0xea,0x00,0x00,0x00,0x66,0x90,
    0x48,0x83,0xc2,0x01,0x3b,0x43,0x08,0x7d,0x0b,0x48,0x8b,0x33,0x48,0x98,0x88,0x0c,
    0x06,0x8b,0x43,0x0c,0x0f,0xb6,0x0a,0x83,0xc0,0x01,0x89,0x43,0x0c,0x84,0xc9,0x75,
    0xdf,0x41,0x80,0xfc,0x01,0x0f,0x87,0x25,0x1b,0x00,0x00,0x41,0x80,0xfe,0xa0,0x0f,
    0x85,0x1b,0x24,0x00,0x00,0x48,0x8d,0x35,0x17,0x2c,0x00,0x00,0x48,0x89,0xdf,0xe8,
    0xdc,0xc5,0xff,0xff,0x8b,0x43,0x0c,0x8b,0x53,0x08,0xbe,0x2c,0x00,0x00,0x00,0x48,
    0x8d,0x0d,0x2d,0x2b,0x00,0x00,0x66,0x2e,0x0f,0x1f,0x84,0x00,0x00,0x00,0x00,0x00,
    0x48,0x83,0xc1,0x01,0x39,0xd0,0x7d,0x0f,0x48,0x8b,0x13,0x48,0x98,0x40,0x88,0x34,
    0x02,0x8b,0x43,0x0c,0x8b,0x53,0x08,0x0f,0xb6,0x31,0x83,0xc0,0x01,0x89,0x43,0x0c,
    0x40,0x84,0xf6,0x75,0xdb,0xbe,0x30,0x00,0x00,0x00,0x48,0x8d,0x0d,0xff,0x2b,0x00,
    0x00,0xeb,0x08,0x0f,0x1f,0x44,0x00,0x00,0x8b,0x53,0x08,0x48,0x83,0xc1,0x01,0x39,
    0xd0,0x7d,0x0c,0x48,0x8b,0x13,0x48,0x98,0x40,0x88,0x34,0x02,0x8b,0x43,0x0c,0x0f,
    0xb6,0x31,0x83,0xc0,0x01,0x89,0x43,0x0c,0x40,0x84,0xf6,0x75,0xdb,0x31,0xd2,0x4c,
    0x89,0xc6,0x48,0x89,0xdf,0xe8,0x46,0xc6,0xff,0xff,0x48,0x63,0x43,0x0c,0x3b,0x43,
    0x08,0x7d,0x07,0x48,0x8b,0x13,0xc6,0x04,0x02,0x5d,0x83,0x43,0x0c,0x01,0xe9,0x37,
    0xfb,0xff,0xff,0x0f,0x1f,0x44,0x00,0x00,0x48,0x83,0xc2,0x01,0x39,0x43,0x08,0x7e,
    0x0b,0x48,0x8b,0x33,0x48,0x98,0x88,0x0c,0x06,0x8b,0x43,0x0c,0x0f,0xb6,0x0a,0x83,
    0xc0,0x01,0x89,0x43,0x0c,0x84,0xc9,0x75,0xdf,0x41,0x80,0xfc,0x01,0x0f,0x86,0x65,
    0x23,0x00,0x00,0x41,0x80,0xfe,0xa0,0x0f,0x85,0x7b,0x22,0x00,0x00,0xb9,0x61,0x00,
    0x00,0x00,0x48,0x8d,0x15,0x2a,0x2b,0x00,0x00,0x0f,0x1f,0x80,0x00,0x00,0x00,0x00,
    0x48,0x83,0xc2,0x01,0x39,0x43,0x08,0x7e,0x0b,0x48,0x8b,0x33,0x48,0x98,0x88,0x0c,
    0x06,0x8b,0x43,0x0c,0x0f,0xb6,0x0a,0x83,0xc0,0x01,0x89,0x43,0x0c,0x84,0xc9,0x75,
    0xdf,0xb9,0x2c,0x00,0x00,0x00,0x48,0x8d,0x15,0x52,0x29,0x00,0x00,0x0f,0x1f,0x00,
    0x48,0x83,0xc2,0x01,0x39,0x43,0x08,0x7e,0x0b,0x48,0x8b,0x33,0x48,0x98,0x88,0x0c,
    0x06,0x8b,0x43,0x0c,0x0f,0xb6,0x0a,0x83,0xc0,0x01,0x89,0x43,0x0c,0x84,0xc9,0x75,
    0xdf,0x4c,0x89,0xc6,0x48,0x89,0xdf,0xe8,0xa4,0xc6,0xff,0xff,0xe9,0x89,0xfa,0xff,
    0xff,0x4c,0x8d,0x7c,0x24,0x10,0x48,0x8d,0x54,0x24,0x08,0x48,0x89,0xef,0x4c,0x89,
    0xfe,0xe8,0x7a,0xd0,0xff,0xff,0x44,0x8b,0x54,0x24,0x08,0x45,0x85,0xd2,0x0f,0x84,
    0x7c,0xf9,0xff,0xff,0x44,0x89,0xe0,0x41,0xbd,0x01,0x00,0x00,0x00,0x83,0xe0,0xfd,
    0x3c,0x88,0x74,0x04,0x44,0x8b,0x6d,0x20,0x41,0x83,0xc4,0x78,0x8b,0x05,0x42,0x37,
    0x00,0x00,0x41,0x80,0xfc,0x01,0x0f,0x86,0xc4,0x1e,0x00,0x00,0x85,0xc0,0xb9,0x6d,
    0x00,0x00,0x00,0x8b,0x43,0x0c,0x48,0x8d,0x15,0x7a,0x29,0x00,0x00,0x0f,0x84,0x8d,
    0x00,0x00,0x00,0x0f,0x1f,0x44,0x00,0x00,0x48,0x83,0xc2,0x01,0x39,0x43,0x08,0x7e,
    0x0b,0x48,0x8b,0x33,0x48,0x98,0x88,0x0c,0x06,0x8b,0x43,0x0c,0x0f,0xb6,0x0a,0x83,
    0xc0,0x01,0x89,0x43,0x0c,0x84,0xc9,0x75,0xdf,0x8b,0x4d,0x18,0x8b,0x74,0x24,0x14,
    0x44,0x89,0xea,0x48,0x89,0xdf,0xe8,0xf5,0xc7,0xff,0xff,0x8b,0x43,0x0c,0xb9,0x2c,
    0x00,0x00,0x00,0x48,0x8d,0x15,0x75,0x28,0x00,0x00,0x66,0x0f,0x1f,0x44,0x00,0x00,
    0x48,0x83,0xc2,0x01,0x39,0x43,0x08,0x7e,0x0b,0x48,0x8b,0x33,0x48,0x98,0x88,0x0c,
    0x06,0x8b,0x43,0x0c,0x0f,0xb6,0x0a,0x83,0xc0,0x01,0x89,0x43,0x0c,0x84,0xc9,0x75,
    0xdf,0x44,0x89,0xe9,0x4c,0x89,0xfa,0x48,0x89,0xee,0x48,0x89,0xdf,0xe8,0x5e,0xcd,
    0xff,0xff,0xe9,0xa3,0xf9,0xff,0xff,0x66,0x0f,0x1f,0x84,0x00,0x00,0x00,0x00,0x00,
    0x48,0x83,0xc2,0x01,0x39,0x43,0x08,0x7e,0x0b,0x48,0x8b,0x33,0x48,0x98,0x88,0x0c,
    0x06,0x8b,0x43,0x0c,0x0f,0xb6,0x0a,0x83,0xc0,0x01,0x89,0x43,0x0c,0x84,0xc9,0x75,
    0xdf,0x44,0x89,0xe9,0x4c,0x89,0xfa,0x48,0x89,0xee,0x48,0x89,0xdf,0xe8,0x1e,0xcd,
    0xff,0xff,0x8b,0x43,0x0c,0xb9,0x2c,0x00,0x00,0x00,0x48,0x8d,0x15,0xee,0x27,0x00,
    0x00,0x0f,0x1f,0x80,0x00,0x00,0x00,0x00,0x48,0x83,0xc2,0x01,0x39,0x43,0x08,0x7e,
    0x0b,0x48,0x8b,0x33,0x48,0x98,0x88,0x0c,0x06,0x8b,0x43,0x0c,0x0f,0xb6,0x0a,0x83,
    0xc0,0x01,0x89,0x43,0x0c,0x84,0xc9,0x75,0xdf,0x8b,0x4d,0x18,0x8b,0x74,0x24,0x14,
    0x44,0x89,0xea,0x48,0x89,0xdf,0xe8,0x25,0xc7,0xff,0xff,0xe9,0x1a,0xf9,0xff,0xff,
    0x48,0x83,0xc4,0x48,0x44,0x89,0xf2,0x48,0x89,0xde,0x48,0x89,0xef,0x5b,0x5d,0x41,
    0x5c,0x41,0x5d,0x41,0x5e,0x41,0x5f,0xe9,0xb4,0xd8,0xff,0xff,0x4c,0x8d,0x7c,0x24,
    0x10,0x48,0x8d,0x54,0x24,0x08,0x48,0x89,0xef,0x4c,0x89,0xfe,0xe8,0xef,0xce,0xff,
    0xff,0x44,0x8b,0x64,0x24,0x08,0x45,0x85,0xe4,0x0f,0x84,0xf1,0xf7,0xff,0xff,0x41,
    0xbc,0x01,0x00,0x00,0x00,0x41,0x81,0xfe,0x86,0x00,0x00,0x00,0x74,0x04,0x44,0x8b,
    0x65,0x20,0x44,0x8b,0x1d,0xbb,0x35,0x00,0x00,0x8b,0x43,0x0c,0xb9,0x78,0x00,0x00,
    0x00,0x48,0x8d,0x15,0x97,0x27,0x00,0x00,0x45,0x85,0xdb,0x0f,0x84,0x8f,0x00,0x00,
    0x00,0x0f,0x1f,0x80,0x00,0x00,0x00,0x00,0x48,0x83,0xc2,0x01,0x39,0x43,0x08,0x7e,
    0x0b,0x48,0x8b,0x33,0x48,0x98,0x88,0x0c,0x06,0x8b,0x43,0x0c,0x0f,0xb6,0x0a,0x83,
    0xc0,0x01,0x89,0x43,0x0c,0x84,0xc9,0x75,0xdf,0x83,0x7c,0x24,0x10,0x03,0x0f,0x84,
    0x38,0x20,0x00,0x00,0x4c,0x89,0xfa,0x48,0x89,0xee,0x48,0x89,0xdf,0xe8,0xfe,0xc7,
    0xff,0xff,0x8b,0x43,0x0c,0xb9,0x2c,0x00,0x00,0x00,0x48,0x8d,0x15,0xee,0x26,0x00,
    0x00,0x0f,0x1f,0x80,0x00,0x00,0x00,0x00,0x48,0x83,0xc2,0x01,0x39,0x43,0x08,0x7e,
    0x0b,0x48,0x8b,0x33,0x48,0x98,0x88,0x0c,0x06,0x8b,0x43,0x0c,0x0f,0xb6,0x0a,0x83,
    0xc0,0x01,0x89,0x43,0x0c,0x84,0xc9,0x75,0xdf,0x8b,0x4d,0x18,0x8b,0x74,0x24,0x14,
    0x44,0x89,0xe2,0x48,0x89,0xdf,0xe8,0x25,0xc6,0xff,0xff,0xe9,0x1a,0xf8,0xff,0xff,
    0x48,0x83,0xc2,0x01,0x39,0x43,0x08,0x7e,0x0b,0x48,0x8b,0x33,0x48,0x98,0x88,0x0c,
    0x06,0x8b,0x43,0x0c,0x0f,0xb6,0x0a,0x83,0xc0,0x01,0x89,0x43,0x0c,0x84,0xc9,0x75,
    0xdf,0x8b,0x4d,0x18,0x8b,0x74,0x24,0x14,0x44,0x89,0xe2,0x48,0x89,0xdf,0xe8,0xed,
    0xc5,0xff,0xff,0x8b,0x43,0x0c,0xb9,0x2c,0x00,0x00,0x00,0x48,0x8d,0x15,0x6d,0x26,
    0x00,0x00,0x66,0x0f,0x1f,0x44,0x00,0x00,0x48,0x83,0xc2,0x01,0x39,0x43,0x08,0x7e,
    0x0b,0x48,0x8b,0x33,0x48,0x98,0x88,0x0c,0x06,0x8b,0x43,0x0c,0x0f,0xb6,0x0a,0x83,
    0xc0,0x01,0x89,0x43,0x0c,0x84,0xc9,0x75,0xdf,0x83,0x7c,0x24,0x10,0x03,0x0f,0x84,
    0x9f,0x1d,0x00,0x00,0x4c,0x89,0xfa,0x48,0x89,0xee,0x48,0x89,0xdf,0xe8,0x2e,0xc7,
    0xff,0xff,0xe9,0x93,0xf7,0xff,0xff,0x4c,0x8d,0x64,0x24,0x08,0x4c,0x8d,0x7c,0x24,
    0x10,0x48,0x89,0xef,0x4c,0x89,0xe2,0x4c,0x89,0xfe,0xe8,0x81,0xcd,0xff,0xff,0x44,
    0x8b,0x4c,0x24,0x08,0x45,0x85,0xc9,0x0f,0x84,0x83,0xf6,0xff,0xff,0x41,0x81,0xfe,
    0xc6,0x00,0x00,0x00,0x0f,0x84,0x0e,0x1d,0x00,0x00,0x44,0x8b,0x6d,0x20,0x41,0x83,
    0xfd,0x08,0x0f,0x84,0xe6,0x1f,0x00,0x00,0x4c,0x89,0xe6,0x48,0x89,0xef,0x41,0x83,
    0xfd,0x02,0x0f,0x84,0xd3,0x1e,0x00,0x00,0xe8,0xe3,0xc1,0xff,0xff,0x8b,0x7c,0x24,
    0x08,0x41,0x89,0xc4,0x85,0xff,0x0f,0x84,0x44,0xf6,0xff,0xff,0x48,0x8d,0x15,0xe4,
    0x26,0x00,0x00,0x41,0x83,0xfd,0x01,0x74,0x16,0x41,0x83,0xfd,0x04,0x48,0x8d,0x15,
    0x50,0x27,0x00,0x00,0x48,0x8d,0x05,0x76,0x26,0x00,0x00,0x48,0x0f,0x45,0xd0,0x8b,
    0x35,0xff,0x33,0x00,0x00,0x8b,0x43,0x0c,0x8b,0x4b,0x08,0x85,0xf6,0x0f,0x84,0x45,
    0x1d,0x00,0x00,0xb9,0x6d,0x00,0x00,0x00,0x48,0x8d,0x15,0x38,0x26,0x00,0x00,0x90,
    0x48,0x83,0xc2,0x01,0x39,0x43,0x08,0x7e,0x0b,0x48,0x8b,0x33,0x48,0x98,0x88,0x0c,
    0x06,0x8b,0x43,0x0c,0x0f,0xb6,0x0a,0x83,0xc0,0x01,0x89,0x43,0x0c,0x84,0xc9,0x75,
    0xdf,0x83,0x7c,0x24,0x10,0x03,0x0f,0x84,0xb7,0x1f,0x00,0x00,0x4c,0x89,0xfa,0x48,
    0x89,0xee,0x48,0x89,0xdf,0xe8,0x46,0xc6,0xff,0xff,0x8b,0x43,0x0c,0xb9,0x2c,0x00,
    0x00,0x00,0x48,0x8d,0x15,0x36,0x25,0x00,0x00,0x0f,0x1f,0x80,0x00,0x00,0x00,0x00,
    0x48,0x83,0xc2,0x01,0x39,0x43,0x08,0x7e,0x0b,0x48,0x8b,0x33,0x48,0x98,0x88,0x0c,
    0x06,0x8b,0x43,0x0c,0x0f,0xb6,0x0a,0x83,0xc0,0x01,0x89,0x43,0x0c,0x84,0xc9,0x75,
    0xdf,0x4c,0x89,0xe6,0x48,0x89,0xdf,0xe8,0xf4,0xc2,0xff,0xff,0xe9,0x69,0xf6,0xff,
    0xff,0x48,0x83,0xc4,0x48,0x44,0x89,0xf2,0x48,0x89,0xde,0x48,0x89,0xef,0x5b,0x5d,
    0x41,0x5c,0x41,0x5d,0x41,0x5e,0x41,0x5f,0xe9,0xa3,0xd2,0xff,0xff,0x4c,0x8d,0x7c,
    0x24,0x10,0x48,0x8d,0x54,0x24,0x08,0x48,0x89,0xef,0x4c,0x89,0xfe,0xe8,0x3e,0xcc,
    0xff,0xff,0x8b,0x44,0x24,0x08,0x85,0xc0,0x0f,0x84,0x42,0xf5,0xff,0xff,0x41,0xbc,
    0x01,0x00,0x00,0x00,0x41,0x81,0xfe,0x84,0x00,0x00,0x00,0x74,0x04,0x44,0x8b,0x65,
    0x20,0x44,0x8b,0x2d,0x0c,0x33,0x00,0x00,0x8b,0x43,0x0c,0xb9,0x74,0x00,0x00,0x00,
    0x48,0x8d,0x15,0xa1,0x24,0x00,0x00,0x45,0x85,0xed,0x0f,0x84,0x80,0x00,0x00,0x00,
    0x48,0x83,0xc2,0x01,0x39,0x43,0x08,0x7e,0x0b,0x48,0x8b,0x33,0x48,0x98,0x88,0x0c,
    0x06,0x8b,0x43,0x0c,0x0f,0xb6,0x0a,0x83,0xc0,0x01,0x89,0x43,0x0c,0x84,0xc9,0x75,
    0xdf,0x83,0x7c,0x24,0x10,0x03,0x0f,0x84,0xa7,0x1d,0x00,0x00,0x4c,0x89,0xfa,0x48,
    0x89,0xee,0x48,0x89,0xdf,0xe8,0x56,0xc5,0xff,0xff,0x8b,0x43,0x0c,0xb9,0x2c,0x00,
    0x00,0x00,0x48,0x8d,0x15,0x46,0x24,0x00,0x00,0x0f,0x1f,0x80,0x00,0x00,0x00,0x00,
    0x48,0x83,0xc2,0x01,0x39,0x43,0x08,0x7e,0x0b,0x48,0x8b,0x33,0x48,0x98,0x88,0x0c,
    0x06,0x8b,0x43,0x0c,0x0f,0xb6,0x0a,0x83,0xc0,0x01,0x89,0x43,0x0c,0x84,0xc9,0x75,
    0xdf,0xe9,0x53,0xfd,0xff,0xff,0x66,0x2e,0x0f,0x1f,0x84,0x00,0x00,0x00,0x00,0x00,
    0x48,0x83,0xc2,0x01,0x39,0x43,0x08,0x7e,0x0b,0x48,0x8b,0x33,0x48,0x98,0x88,0x0c,
    0x06,0x8b,0x43,0x0c,0x0f,0xb6,0x0a,0x83,0xc0,0x01,0x89,0x43,0x0c,0x84,0xc9,0x75,
    0xdf,0x8b,0x4d,0x18,0x8b,0x74,0x24,0x14,0x44,0x89,0xe2,0x48,0x89,0xdf,0xe8,0x4d,
    0xc3,0xff,0xff,0x8b,0x43,0x0c,0xb9,0x2c,0x00,0x00,0x00,0x48,0x8d,0x15,0xcd,0x23,
    0x00,0x00,0x66,0x0f,0x1f,0x44,0x00,0x00,0x48,0x83,0xc2,0x01,0x39,0x43,0x08,0x7e,
    0x0b,0x48,0x8b,0x33,0x48,0x98,0x88,0x0c,0x06,0x8b,0x43,0x0c,0x0f,0xb6,0x0a,0x83,
    0xc0,0x01,0x89,0x43,0x0c,0x84,0xc9,0x75,0xdf,0xe9,0x5b,0xfd,0xff,0xff,0x4c,0x8d,
    0x64,0x24,0x08,0x4c,0x8d,0x7c,0x24,0x10,0x48,0x89,0xef,0x4c,0x89,0xe2,0x4c,0x89,
    0xfe,0xe8,0xfa,0xca,0xff,0xff,0x44,0x8b,0x4c,0x24,0x08,0x45,0x85,0xc9,0x0f,0x84,
    0xfc,0xf3,0xff,0xff,0x41,0x83,0xfe,0x6b,0x0f,0x84,0xec,0x1a,0x00,0x00,0x8b,0x45,
    0x20,0x4c,0x89,0xe6,0x48,0x89,0xef,0x83,0xf8,0x08,0x0f,0x84,0x10,0x1d,0x00,0x00,
    0x83,0xf8,0x02,0x0f,0x84,0x75,0x1c,0x00,0x00,0xe8,0x62,0xbf,0xff,0xff,0x41,0x89,
    0xc4,0x8b,0x7c,0x24,0x08,0x85,0xff,0x0f,0x84,0xc3,0xf3,0xff,0xff,0x8b,0x35,0xa1,
    0x31,0x00,0x00,0x8b,0x43,0x0c,0xb9,0x69,0x00,0x00,0x00,0x48,0x8d,0x15,0x89,0x23,
    0x00,0x00,0x85,0xf6,0x0f,0x84,0xc6,0x00,0x00,0x00,0x66,0x0f,0x1f,0x44,0x00,0x00,
    0x48,0x83,0xc2,0x01,0x3b,0x43,0x08,0x7d,0x0b,0x48,0x8b,0x33,0x48,0x98,0x88,0x0c,
    0x06,0x8b,0x43,0x0c,0x0f,0xb6,0x0a,0x83,0xc0,0x01,0x89,0x43,0x0c,0x84,0xc9,0x75,
    0xdf,0x8b,0x4d,0x18,0x8b,0x55,0x20,0x48,0x89,0xdf,0x8b,0x74,0x24,0x14,0xe8,0x5d,
    0xc2,0xff,0xff,0x8b,0x43,0x0c,0xb9,0x2c,0x00,0x00,0x00,0x48,0x8d,0x15,0xdd,0x22,
    0x00,0x00,0x66,0x0f,0x1f,0x44,0x00,0x00,0x48,0x83,0xc2,0x01,0x39,0x43,0x08,0x7e,
    0x0b,0x48,0x8b,0x33,0x48,0x98,0x88,0x0c,0x06,0x8b,0x43,0x0c,0x0f,0xb6,0x0a,0x83,
    0xc0,0x01,0x89,0x43,0x0c,0x84,0xc9,0x75,0xdf,0x83,0x7c,0x24,0x10,0x03,0x8b,0x55,
    0x20,0x0f,0x84,0xe4,0x1c,0x00,0x00,0x4c,0x89,0xfa,0x48,0x89,0xee,0x48,0x89,0xdf,
    0xe8,0x9b,0xc3,0xff,0xff,0x8b,0x43,0x0c,0xb9,0x2c,0x00,0x00,0x00,0x48,0x8d,0x15,
    0x8b,0x22,0x00,0x00,0x0f,0x1f,0x40,0x00,0x48,0x83,0xc2,0x01,0x39,0x43,0x08,0x7e,
    0x0b,0x48,0x8b,0x33,0x48,0x98,0x88,0x0c,0x06,0x8b,0x43,0x0c,0x0f,0xb6,0x0a,0x83,
    0xc0,0x01,0x89,0x43,0x0c,0x84,0xc9,0x75,0xdf,0xe9,0x53,0xfd,0xff,0xff,0x66,0x90,
    0x48,0x83,0xc2,0x01,0x39,0x43,0x08,0x7e,0x0b,0x48,0x8b,0x33,0x48,0x98,0x88,0x0c,
    0x06,0x8b,0x43,0x0c,0x0f,0xb6,0x0a,0x83,0xc0,0x01,0x89,0x43,0x0c,0x84,0xc9,0x75,
    0xdf,0x4c,0x89,0xe6,0x48,0x89,0xdf,0xe8,0x24,0xc0,0xff,0xff,0x8b,0x43,0x0c,0xb9,
    0x2c,0x00,0x00,0x00,0x48,0x8d,0x15,0x24,0x22,0x00,0x00,0x0f,0x1f,0x44,0x00,0x00,
    0x48,0x83,0xc2,0x01,0x3b,0x43,0x08,0x7d,0x0b,0x48,0x8b,0x33,0x48,0x98,0x88,0x0c,
    0x06,0x8b,0x43,0x0c,0x0f,0xb6,0x0a,0x83,0xc0,0x01,0x89,0x43,0x0c,0x84,0xc9,0x75,
    0xdf,0x83,0x7c,0x24,0x10,0x03,0x8b,0x55,0x20,0x0f,0x84,0x40,0x1c,0x00,0x00,0x4c,
    0x89,0xfa,0x48,0x89,0xee,0x48,0x89,0xdf,0xe8,0xe3,0xc2,0xff,0xff,0x8b,0x43,0x0c,
    0xb9,0x2c,0x00,0x00,0x00,0x48,0x8d,0x15,0xd3,0x21,0x00,0x00,0x0f,0x1f,0x40,0x00,
    0x48,0x83,0xc2,0x01,0x39,0x43,0x08,0x7e,0x0b,0x48,0x8b,0x33,0x48,0x98,0x88,0x0c,
    0x06,0x8b,0x43,0x0c,0x0f,0xb6,0x0a,0x83,0xc0,0x01,0x89,0x43,0x0c,0x84,0xc9,0x75,
    0xdf,0x8b,0x4d,0x18,0x8b,0x55,0x20,0x48,0x89,0xdf,0x8b,0x74,0x24,0x14,0xe8,0x0d,
    0xc1,0xff,0xff,0xe9,0x02,0xf3,0xff,0xff,0x8b,0x55,0x1c,0x85,0xd2,0x0f,0x84,0x0d,
    0xf2,0xff,0xff,0x4c,0x8d,0x7c,0x24,0x10,0x48,0x8d,0x54,0x24,0x08,0x48,0x89,0xef,
    0x4c,0x89,0xfe,0xe8,0xe8,0xc8,0xff,0xff,0x8b,0x44,0x24,0x08,0x85,0xc0,0x0f,0x84,
    0xec,0xf1,0xff,0xff,0x8b,0x43,0x0c,0x8b,0x53,0x08,0xbe,0x6d,0x00,0x00,0x00,0x48,
    0x8d,0x0d,0x2c,0x23,0x00,0x00,0x66,0x2e,0x0f,0x1f,0x84,0x00,0x00,0x00,0x00,0x00,
    0x48,0x83,0xc1,0x01,0x39,0xd0,0x7d,0x0f,0x48,0x8b,0x13,0x48,0x98,0x40,0x88,0x34,
    0x02,0x8b,0x43,0x0c,0x8b,0x53,0x08,0x0f,0xb6,0x31,0x83,0xc0,0x01,0x89,0x43,0x0c,
    0x40,0x84,0xf6,0x75,0xdb,0x48,0x63,0x74,0x24,0x14,0x48,0x8d,0x0d,0xef,0x2e,0x00,
    0x00,0x48,0x8d,0x0c,0xf1,0x0f,0xb6,0x31,0x40,0x84,0xf6,0x74,0x28,0x0f,0x1f,0x00,
    0x48,0x83,0xc1,0x01,0x39,0xd0,0x7d,0x0f,0x48,0x8b,0x13,0x48,0x98,0x40,0x88,0x34,
    0x02,0x8b,0x43,0x0c,0x8b,0x53,0x08,0x83,0xc0,0x01,0x89,0x43,0x0c,0x0f,0xb6,0x31,
    0x40,0x84,0xf6,0x75,0xdb,0xbe,0x2c,0x00,0x00,0x00,0x48,0x8d,0x0d,0xde,0x20,0x00,
    0x00,0xeb,0x08,0x0f,0x1f,0x44,0x00,0x00,0x8b,0x53,0x08,0x48,0x83,0xc1,0x01,0x39,
    0xd0,0x7d,0x0c,0x48,0x8b,0x13,0x48,0x98,0x40,0x88,0x34,0x02,0x8b,0x43,0x0c,0x0f,
    0xb6,0x31,0x83,0xc0,0x01,0x89,0x43,0x0c,0x40,0x84,0xf6,0x75,0xdb,0x83,0x7c,0x24,
    0x10,0x03,0x0f,0x85,0x6c,0xfa,0xff,0xff,0x8b,0x4d,0x18,0x8b,0x74,0x24,0x18,0xba,
    0x04,0x00,0x00,0x00,0x48,0x89,0xdf,0xe8,0x04,0xc0,0xff,0xff,0xe9,0xf9,0xf1,0xff,
    0xff,0x0f,0x1f,0x80,0x00,0x00,0x00,0x00,0x48,0x83,0xc0,0x02,0x31,0xc9,0x31,0xf6,
    0x49,0x39,0xc5,0x0f,0x82,0xf7,0xf0,0xff,0xff,0x48,0x89,0x45,0x00,0x0f,0xb6,0x50,
    0xff,0x48,0x83,0xc0,0x01,0x48,0x83,0x45,0x10,0x01,0xd3,0xe2,0x83,0xc1,0x08,0x09,
    0xd6,0x83,0xf9,0x20,0x75,0xda,0x8b,0x43,0x0c,0xb9,0x70,0x00,0x00,0x00,0x48,0x8d,
    0x15,0xf7,0x20,0x00,0x00,0x0f,0x1f,0x00,0x48,0x83,0xc2,0x01,0x39,0x43,0x08,0x7e,
    0x0b,0x48,0x8b,0x3b,0x48,0x98,0x88,0x0c,0x07,0x8b,0x43,0x0c,0x0f,0xb6,0x0a,0x83,
    0xc0,0x01,0x89,0x43,0x0c,0x84,0xc9,0x75,0xdf,0x48,0x63,0xd6,0x89,0xf0,0x85,0xf6,
    0x48,0x89,0xdf,0x48,0x89,0xd6,0x48,0x0f,0x49,0xf0,0xe8,0x01,0xbe,0xff,0xff,0xe9,
    0x76,0xf1,0xff,0xff,0x48,0x8d,0x50,0x02,0x49,0x39,0xd5,0x0f,0x82,0x7f,0xf0,0xff,
    0xff,0x48,0x83,0xc6,0x02,0x48,0x89,0x55,0x00,0x0f,0xb6,0x78,0x01,0xb9,0x69,0x00,
    0x00,0x00,0x48,0x89,0x75,0x10,0x8b,0x43,0x0c,0x48,0x8d,0x15,0x50,0x21,0x00,0x00,
    0x48,0x83,0xc2,0x01,0x39,0x43,0x08,0x7e,0x0b,0x48,0x8b,0x33,0x48,0x98,0x88,0x0c,
    0x06,0x8b,0x43,0x0c,0x0f,0xb6,0x0a,0x83,0xc0,0x01,0x89,0x43,0x0c,0x84,0xc9,0x75,
    0xdf,0x40,0x0f,0xb6,0xf7,0x31,0xd2,0x48,0x89,0xdf,0xe8,0x11,0xbc,0xff,0xff,0xe9,
    0x16,0xf1,0xff,0xff,0x48,0x83,0xc0,0x02,0x31,0xc9,0x31,0xf6,0x49,0x39,0xc5,0x0f,
    0x82,0x1b,0xf0,0xff,0xff,0x48,0x89,0x45,0x00,0x0f,0xb6,0x50,0xff,0x48,0x83,0xc0,
    0x01,0x48,0x83,0x45,0x10,0x01,0xd3,0xe2,0x83,0xc1,0x08,0x09,0xd6,0x83,0xf9,0x20,
    0x75,0xda,0x48,0x63,0xd6,0x89,0xf0,0x85,0xf6,0xb9,0x63,0x00,0x00,0x00,0x48,0x89,
    0xd6,0x48,0x8d,0x15,0xdf,0x20,0x00,0x00,0x48,0x0f,0x49,0xf0,0x8b,0x43,0x0c,0x90,
    0x48,0x83,0xc2,0x01,0x39,0x43,0x08,0x7e,0x0b,0x48,0x8b,0x3b,0x48,0x98,0x88,0x0c,
    0x07,0x8b,0x43,0x0c,0x0f,0xb6,0x0a,0x83,0xc0,0x01,0x89,0x43,0x0c,0x84,0xc9,0x75,
    0xdf,0x48,0x03,0x75,0x10,0x31,0xd2,0x48,0x89,0xdf,0xe8,0x91,0xbb,0xff,0xff,0xe9,
    0x96,0xf0,0xff,0xff,0x8b,0x43,0x0c,0xb9,0x69,0x00,0x00,0x00,0x48,0x8d,0x15,0x88,
    0x20,0x00,0x00,0x0f,0x1f,0x44,0x00,0x00,0x48,0x83,0xc2,0x01,0x39,0x43,0x08,0x7e,
    0x0b,0x48,0x8b,0x33,0x48,0x98,0x88,0x0c,0x06,0x8b,0x43,0x0c,0x0f,0xb6,0x0a,0x83,
    0xc0,0x01,0x89,0x43,0x0c,0x84,0xc9,0x75,0xdf,0xe9,0x5c,0xf0,0xff,0xff,0x48,0x83,
    0xc0,0x02,0x31,0xc9,0x31,0xf6,0x49,0x39,0xc5,0x0f,0x82,0x61,0xef,0xff,0xff,0x48,
    0x89,0x45,0x00,0x0f,0xb6,0x50,0xff,0x48,0x83,0xc0,0x01,0x48,0x83,0x45,0x10,0x01,
    0xd3,0xe2,0x83,0xc1,0x08,0x09,0xd6,0x83,0xf9,0x20,0x75,0xda,0x48,0x63,0xd6,0x89,
    0xf0,0x85,0xf6,0xb9,0x6a,0x00,0x00,0x00,0x48,0x89,0xd6,0x48,0x8d,0x15,0x2d,0x20,
    0x00,0x00,0x48,0x0f,0x49,0xf0,0x8b,0x43,0x0c,0x0f,0x1f,0x80,0x00,0x00,0x00,0x00,
    0x48,0x83,0xc2,0x01,0x3b,0x43,0x08,0x7d,0x0b,0x48,0x8b,0x3b,0x48,0x98,0x88,0x0c,
    0x07,0x8b,0x43,0x0c,0x0f,0xb6,0x0a,0x83,0xc0,0x01,0x89,0x43,0x0c,0x84,0xc9,0x75,
    0xdf,0xe9,0x3b,0xff,0xff,0xff,0x48,0x8d,0x50,0x02,0x49,0x39,0xd5,0x0f,0x82,0xed,
    0xee,0xff,0xff,0x48,0x89,0x55,0x00,0x0f,0xb6,0x40,0x01,0x48,0x83,0xc6,0x02,0xb9,
    0x6a,0x00,0x00,0x00,0x48,0x89,0x75,0x10,0x89,0xc2,0x0f,0xb6,0xf0,0x81,0xca,0x00,
    0xff,0xff,0xff,0x84,0xc0,0x8b,0x43,0x0c,0x0f,0x48,0xf2,0x48,0x8d,0x15,0xbd,0x1f,
    0x00,0x00,0x66,0x0f,0x1f,0x44,0x00,0x00,0x48,0x83,0xc2,0x01,0x39,0x43,0x08,0x7e,
    0x0b,0x48,0x8b,0x3b,0x48,0x98,0x88,0x0c,0x07,0x8b,0x43,0x0c,0x0f,0xb6,0x0a,0x83,
    0xc0,0x01,0x89,0x43,0x0c,0x84,0xc9,0x75,0xdf,0x48,0x63,0xf6,0xe9,0xd0,0xfe,0xff,
    0xff,0x8b,0x43,0x0c,0xb9,0x69,0x00,0x00,0x00,0x48,0x8d,0x15,0x86,0x1f,0x00,0x00,
    0x48,0x83,0xc2,0x01,0x39,0x43,0x08,0x7e,0x0b,0x48,0x8b,0x33,0x48,0x98,0x88,0x0c,
    0x06,0x8b,0x43,0x0c,0x0f,0xb6,0x0a,0x83,0xc0,0x01,0x89,0x43,0x0c,0x84,0xc9,0x75,
    0xdf,0xe9,0x44,0xef,0xff,0xff,0x8b,0x43,0x0c,0xb9,0x69,0x00,0x00,0x00,0x48,0x8d,
    0x15,0x5b,0x1f,0x00,0x00,0x0f,0x1f,0x00,0x48,0x83,0xc2,0x01,0x39,0x43,0x08,0x7e,
    0x0b,0x48,0x8b,0x33,0x48,0x98,0x88,0x0c,0x06,0x8b,0x43,0x0c,0x0f,0xb6,0x0a,0x83,
    0xc0,0x01,0x89,0x43,0x0c,0x84,0xc9,0x75,0xdf,0xe9,0x0c,0xef,0xff,0xff,0x8b,0x43,
    0x0c,0xb9,0x6f,0x00,0x00,0x00,0x48,0x8d,0x15,0x2e,0x1f,0x00,0x00,0x0f,0x1f,0x00,
    0x48,0x83,0xc2,0x01,0x39,0x43,0x08,0x7e,0x0b,0x48,0x8b,0x33,0x48,0x98,0x88,0x0c,
    0x06,0x8b,0x43,0x0c,0x0f,0xb6,0x0a,0x83,0xc0,0x01,0x89,0x43,0x0c,0x84,0xc9,0x75,
    0xdf,0xe9,0xd4,0xee,0xff,0xff,0x48,0x8d,0x50,0x02,0x49,0x39,0xd5,0x0f,0x82,0xdd,
    0xed,0xff,0xff,0x48,0x83,0xc6,0x02,0x48,0x89,0x55,0x00,0x0f,0xb6,0x50,0x01,0x48,
    0x89,0xef,0x48,0x89,0x75,0x10,0x48,0x83,0xc4,0x48,0x48,0x89,0xde,0x5b,0x5d,0x41,
    0x5c,0x41,0x5d,0x41,0x5e,0x41,0x5f,0xe9,0x44,0xd9,0xff,0xff,0x48,0x8d,0x05,0x0e,
    0x1e,0x00,0x00,0x83,0x7d,0x20,0x08,0xb9,0x6d,0x00,0x00,0x00,0x48,0x8d,0x15,0x04,
    0x1e,0x00,0x00,0x48,0x0f,0x44,0xd0,0x8b,0x43,0x0c,0x66,0x0f,0x1f,0x44,0x00,0x00,
    0x48,0x83,0xc2,0x01,0x39,0x43,0x08,0x7e,0x0b,0x48,0x8b,0x33,0x48,0x98,0x88,0x0c,
    0x06,0x8b,0x43,0x0c,0x0f,0xb6,0x0a,0x83,0xc0,0x01,0x89,0x43,0x0c,0x84,0xc9,0x75,
    0xdf,0xe9,0x54,0xee,0xff,0xff,0x8b,0x43,0x0c,0xb9,0x63,0x00,0x00,0x00,0x48,0x8d,
    0x15,0xc8,0x1d,0x00,0x00,0x0f,0x1f,0x00,0x48,0x83,0xc2,0x01,0x3b,0x43,0x08,0x7d,
    0x0b,0x48,0x8b,0x33,0x48,0x98,0x88,0x0c,0x06,0x8b,0x43,0x0c,0x0f,0xb6,0x0a,0x83,
    0xc0,0x01,0x89,0x43,0x0c,0x84,0xc9,0x75,0xdf,0xe9,0x1c,0xee,0xff,0xff,0x48,0x8d,
    0x74,0x24,0x08,0x48,0x89,0xef,0xe8,0x55,0xb8,0xff,0xff,0x44,0x8b,0x5c,0x24,0x08,
    0x45,0x85,0xdb,0x0f,0x84,0x17,0xed,0xff,0xff,0x44,0x8b,0x15,0xf4,0x2a,0x00,0x00,
    0x8b,0x53,0x0c,0xbe,0x72,0x00,0x00,0x00,0x45,0x85,0xd2,0x0f,0x84,0xdd,0x0e,0x00,
    0x00,0x48,0x8d,0x0d,0xcc,0x1d,0x00,0x00,0x0f,0x1f,0x84,0x00,0x00,0x00,0x00,0x00,
    0x48,0x83,0xc1,0x01,0x39,0x53,0x08,0x7e,0x0d,0x48,0x8b,0x3b,0x48,0x63,0xd2,0x40,
    0x88,0x34,0x17,0x8b,0x53,0x0c,0x0f,0xb6,0x31,0x83,0xc2,0x01,0x89,0x53,0x0c,0x40,
    0x84,0xf6,0x75,0xdc,0x0f,0xb7,0xf0,0x31,0xd2,0x48,0x89,0xdf,0xe8,0x9f,0xb8,0xff,
    0xff,0xe9,0xa4,0xed,0xff,0xff,0x8b,0x43,0x0c,0xb9,0x72,0x00,0x00,0x00,0x48,0x8d,
    0x15,0x4e,0x1c,0x00,0x00,0x0f,0x1f,0x00,0x48,0x83,0xc2,0x01,0x39,0x43,0x08,0x7e,
    0x0b,0x48,0x8b,0x33,0x48,0x98,0x88,0x0c,0x06,0x8b,0x43,0x0c,0x0f,0xb6,0x0a,0x83,
    0xc0,0x01,0x89,0x43,0x0c,0x84,0xc9,0x75,0xdf,0xe9,0x6c,0xed,0xff,0xff,0x8b,0x43,
    0x0c,0xb9,0x6c,0x00,0x00,0x00,0x48,0x8d,0x15,0x58,0x1d,0x00,0x00,0x0f,0x1f,0x00,
    0x48,0x83,0xc2,0x01,0x39,0x43,0x08,0x7e,0x0b,0x48,0x8b,0x33,0x48,0x98,0x88,0x0c,
    0x06,0x8b,0x43,0x0c,0x0f,0xb6,0x0a,0x83,0xc0,0x01,0x89,0x43,0x0c,0x84,0xc9,0x75,
    0xdf,0xe9,0x34,0xed,0xff,0xff,0x8b,0x43,0x0c,0xb9,0x6d,0x00,0x00,0x00,0x48,0x8d,
    0x15,0x96,0x1c,0x00,0x00,0x0f,0x1f,0x00,0x48,0x83,0xc2,0x01,0x3b,0x43,0x08,0x7d,
    0x0b,0x48,0x8b,0x33,0x48,0x98,0x88,0x0c,0x06,0x8b,0x43,0x0c,0x0f,0xb6,0x0a,0x83,
    0xc0,0x01,0x89,0x43,0x0c,0x84,0xc9,0x75,0xdf,0xe9,0xfc,0xec,0xff,0xff,0x8b,0x43,
    0x0c,0xb9,0x63,0x00,0x00,0x00,0x48,0x8d,0x15,0x4d,0x1d,0x00,0x00,0x0f,0x1f,0x00,
    0x48,0x83,0xc2,0x01,0x3b,0x43,0x08,0x7d,0x0b,0x48,0x8b,0x33,0x48,0x98,0x88,0x0c,
    0x06,0x8b,0x43,0x0c,0x0f,0xb6,0x0a,0x83,0xc0,0x01,0x89,0x43,0x0c,0x84,0xc9,0x75,
    0xdf,0xe9,0xc4,0xec,0xff,0xff,0x8b,0x43,0x0c,0xb9,0x73,0x00,0x00,0x00,0x48,0x8d,
    0x15,0x19,0x1d,0x00,0x00,0x0f,0x1f,0x00,0x48,0x83,0xc2,0x01,0x39,0x43,0x08,0x7e,
    0x0b,0x48,0x8b,0x33,0x48,0x98,0x88,0x0c,0x06,0x8b,0x43,0x0c,0x0f,0xb6,0x0a,0x83,
    0xc0,0x01,0x89,0x43,0x0c,0x84,0xc9,0x75,0xdf,0xe9,0x8c,0xec,0xff,0xff,0x48,0x8d,
    0x54,0x24,0x0c,0x48,0x8d,0x74,0x24,0x10,0x48,0x89,0xef,0xc7,0x44,0x24,0x0c,0x01,
    0x00,0x00,0x00,0xe8,0x78,0xc2,0xff,0xff,0x8b,0x44,0x24,0x0c,0x85,0xc0,0x0f,0x84,
    0x7e,0xeb,0xff,0xff,0x8b,0x54,0x24,0x14,0x41,0xb9,0x01,0x00,0x00,0x00,0x49,0x89,
    0xf0,0x83,0xe2,0x07,0x0f,0x84,0x6d,0x0b,0x00,0x00,0x31,0xc0,0x83,0xfa,0x01,0x0f,
    0x85,0x5d,0xeb,0xff,0xff,0x41,0xb9,0x01,0x00,0x00,0x00,0x48,0x89,0xe9,0x48,0x8d,
    0x35,0x1b,0x24,0x00,0x00,0x48,0x89,0xdf,0xe8,0x03,0xc0,0xff,0xff,0xe9,0x28,0xec,
    0xff,0xff,0x4c,0x8d,0x7c,0x24,0x10,0x48,0x8d,0x54,0x24,0x0c,0x48,0x89,0xef,0xc7,
    0x44,0x24,0x0c,0x01,0x00,0x00,0x00,0x4c,0x89,0xfe,0xe8,0x11,0xc2,0xff,0xff,0x8b,
    0x44,0x24,0x0c,0x85,0xc0,0x0f,0x84,0x17,0xeb,0xff,0xff,0x8b,0x44,0x24,0x14,0x83,
    0xe0,0x07,0x83,0xf8,0x06,0x0f,0x87,0x05,0xeb,0xff,0xff,0x48,0x8d,0x15,0x8e,0x23,
    0x00,0x00,0x48,0x63,0x04,0x82,0x48,0x01,0xd0,0xff,0xe0,0x4c,0x8d,0x7c,0x24,0x10,
    0x48,0x89,0xef,0x48,0x8d,0x54,0x24,0x08,0x4c,0x89,0xfe,0xe8,0xd0,0xc1,0xff,0xff,
    0x8b,0x7c,0x24,0x08,0x85,0xff,0x0f,0x84,0xd4,0xea,0xff,0xff,0x83,0x7c,0x24,0x10,
    0x03,0x0f,0x84,0xc9,0xea,0xff,0xff,0x83,0x7d,0x1c,0x01,0x8b,0x35,0xa3,0x28,0x00,
    0x00,0xb9,0x6c,0x00,0x00,0x00,0x48,0x8d,0x15,0xef,0x1a,0x00,0x00,0x45,0x19,0xe4,
    0x8b,0x43,0x0c,0x41,0x83,0xe4,0xfc,0x41,0x83,0xc4,0x08,0x85,0xf6,0x74,0x71,0x90,
    0x48,0x83,0xc2,0x01,0x3b,0x43,0x08,0x7d,0x0b,0x48,0x8b,0x33,0x48,0x98,0x88,0x0c,
    0x06,0x8b,0x43,0x0c,0x0f,0xb6,0x0a,0x83,0xc0,0x01,0x89,0x43,0x0c,0x84,0xc9,0x75,
    0xdf,0x8b,0x4d,0x18,0x8b,0x74,0x24,0x14,0x44,0x89,0xe2,0x48,0x89,0xdf,0xe8,0x5d,
    0xb9,0xff,0xff,0x8b,0x43,0x0c,0xb9,0x2c,0x00,0x00,0x00,0x48,0x8d,0x15,0xdd,0x19,
    0x00,0x00,0x66,0x0f,0x1f,0x44,0x00,0x00,0x48,0x83,0xc2,0x01,0x39,0x43,0x08,0x7e,
    0x0b,0x48,0x8b,0x33,0x48,0x98,0x88,0x0c,0x06,0x8b,0x43,0x0c,0x0f,0xb6,0x0a,0x83,
    0xc0,0x01,0x89,0x43,0x0c,0x84,0xc9,0x75,0xdf,0xe9,0x76,0xf3,0xff,0xff,0x66,0x90,
    0x48,0x83,0xc2,0x01,0x39,0x43,0x08,0x7e,0x0b,0x48,0x8b,0x33,0x48,0x98,0x88,0x0c,
    0x06,0x8b,0x43,0x0c,0x0f,0xb6,0x0a,0x83,0xc0,0x01,0x89,0x43,0x0c,0x84,0xc9,0x75,
    0xdf,0x4c,0x89,0xfa,0x48,0x89,0xee,0x48,0x89,0xdf,0xe8,0x81,0xba,0xff,0xff,0x8b,
    0x43,0x0c,0xb9,0x2c,0x00,0x00,0x00,0x48,0x8d,0x15,0x71,0x19,0x00,0x00,0x66,0x90,
    0x48,0x83,0xc2,0x01,0x3b,0x43,0x08,0x7d,0x0b,0x48,0x8b,0x33,0x48,0x98,0x88,0x0c,
    0x06,0x8b,0x43,0x0c,0x0f,0xb6,0x0a,0x83,0xc0,0x01,0x89,0x43,0x0c,0x84,0xc9,0x75,
    0xdf,0xe9,0x83,0xf2,0xff,0xff,0x8b,0x43,0x0c,0xb9,0x63,0x00,0x00,0x00,0x48,0x8d,
    0x15,0xf5,0x1a,0x00,0x00,0x0f,0x1f,0x00,0x48,0x83,0xc2,0x01,0x39,0x43,0x08,0x7e,
    0x0b,0x48,0x8b,0x33,0x48,0x98,0x88,0x0c,0x06,0x8b,0x43,0x0c,0x0f,0xb6,0x0a,0x83,
    0xc0,0x01,0x89,0x43,0x0c,0x84,0xc9,0x75,0xdf,0xe9,0x7c,0xea,0xff,0xff,0x8b,0x43,
    0x0c,0xb9,0x63,0x00,0x00,0x00,0x48,0x8d,0x15,0xc5,0x1a,0x00,0x00,0x0f,0x1f,0x00,
    0x48,0x83,0xc2,0x01,0x39,0x43,0x08,0x7e,0x0b,0x48,0x8b,0x33,0x48,0x98,0x88,0x0c,
    0x06,0x8b,0x43,0x0c,0x0f,0xb6,0x0a,0x83,0xc0,0x01,0x89,0x43,0x0c,0x84,0xc9,0x75,
    0xdf,0xe9,0x44,0xea,0xff,0xff,0x8b,0x43,0x0c,0xb9,0x73,0x00,0x00,0x00,0x48,0x8d,
    0x15,0x91,0x1a,0x00,0x00,0x0f,0x1f,0x00,0x48,0x83,0xc2,0x01,0x39,0x43,0x08,0x7e,
    0x0b,0x48,0x8b,0x33,0x48,0x98,0x88,0x0c,0x06,0x8b,0x43,0x0c,0x0f,0xb6,0x0a,0x83,
    0xc0,0x01,0x89,0x43,0x0c,0x84,0xc9,0x75,0xdf,0xe9,0x0c,0xea,0xff,0xff,0x8b,0x43,
    0x0c,0xb9,0x73,0x00,0x00,0x00,0x48,0x8d,0x15,0x51,0x1a,0x00,0x00,0x0f,0x1f,0x00,
    0x48,0x83,0xc2,0x01,0x39,0x43,0x08,0x7e,0x0b,0x48,0x8b,0x33,0x48,0x98,0x88,0x0c,
    0x06,0x8b,0x43,0x0c,0x0f,0xb6,0x0a,0x83,0xc0,0x01,0x89,0x43,0x0c,0x84,0xc9,0x75,
    0xdf,0xe9,0xd4,0xe9,0xff,0xff,0x4c,0x8d,0x7c,0x24,0x10,0x48,0x8d,0x54,0x24,0x08,
    0x48,0x89,0xef,0x4c,0x89,0xfe,0xe8,0xc5,0xbf,0xff,0xff,0x44,0x8b,0x4c,0x24,0x08,
    0x45,0x85,0xc9,0x0f,0x84,0xc7,0xe8,0xff,0xff,0x44,0x8b,0x05,0xa4,0x26,0x00,0x00,
    0x8b,0x43,0x0c,0x45,0x85,0xc0,0x0f,0x84,0xc5,0x0a,0x00,0x00,0xb9,0x6d,0x00,0x00,
    0x00,0x48,0x8d,0x15,0xdf,0x18,0x00,0x00,0x0f,0x1f,0x84,0x00,0x00,0x00,0x00,0x00,
    0x48,0x83,0xc2,0x01,0x39,0x43,0x08,0x7e,0x0b,0x48,0x8b,0x33,0x48,0x98,0x88,0x0c,
    0x06,0x8b,0x43,0x0c,0x0f,0xb6,0x0a,0x83,0xc0,0x01,0x89,0x43,0x0c,0x84,0xc9,0x75,
    0xdf,0x83,0x7c,0x24,0x10,0x03,0x0f,0x84,0x4e,0x11,0x00,0x00,0x4c,0x89,0xfa,0x48,
    0x89,0xee,0x48,0x89,0xdf,0xe8,0xe6,0xb8,0xff,0xff,0x8b,0x43,0x0c,0xb9,0x2c,0x00,
    0x00,0x00,0x48,0x8d,0x15,0xd6,0x17,0x00,0x00,0x0f,0x1f,0x80,0x00,0x00,0x00,0x00,
    0x48,0x83,0xc2,0x01,0x39,0x43,0x08,0x7e,0x0b,0x48,0x8b,0x33,0x48,0x98,0x88,0x0c,
    0x06,0x8b,0x43,0x0c,0x0f,0xb6,0x0a,0x83,0xc0,0x01,0x89,0x43,0x0c,0x84,0xc9,0x75,
    0xdf,0x8b,0x54,0x24,0x14,0x48,0x8d,0x0d,0x94,0x23,0x00,0x00,0x83,0xe2,0x05,0x48,
    0x8d,0x14,0xd1,0x0f,0xb6,0x0a,0x84,0xc9,0x0f,0x84,0xfc,0xe8,0xff,0xff,0x66,0x90,
    0x48,0x83,0xc2,0x01,0x3b,0x43,0x08,0x7d,0x0b,0x48,0x8b,0x33,0x48,0x98,0x88,0x0c,
    0x06,0x8b,0x43,0x0c,0x83,0xc0,0x01,0x89,0x43,0x0c,0x0f,0xb6,0x0a,0x84,0xc9,0x75,
    0xdf,0xe9,0xd4,0xe8,0xff,0xff,0x48,0x8d,0x05,0x8c,0x18,0x00,0x00,0x83,0x7d,0x20,
    0x08,0xb9,0x73,0x00,0x00,0x00,0x48,0x8d,0x15,0x82,0x18,0x00,0x00,0x48,0x0f,0x44,
    0xd0,0x8b,0x43,0x0c,0x0f,0x1f,0x40,0x00,0x48,0x83,0xc2,0x01,0x39,0x43,0x08,0x7e,
    0x0b,0x48,0x8b,0x33,0x48,0x98,0x88,0x0c,0x06,0x8b,0x43,0x0c,0x0f,0xb6,0x0a,0x83,
    0xc0,0x01,0x89,0x43,0x0c,0x84,0xc9,0x75,0xdf,0xe9,0x8c,0xe8,0xff,0xff,0x4c,0x8d,
    0x7c,0x24,0x10,0x48,0x8d,0x54,0x24,0x08,0x48,0x89,0xef,0x4c,0x89,0xfe,0xe8,0x7d,
    0xbe,0xff,0xff,0x44,0x8b,0x74,0x24,0x08,0x45,0x85,0xf6,0x0f,0x84,0x7f,0xe7,0xff,
    0xff,0x44,0x8b,0x2d,0x5c,0x25,0x00,0x00,0x8b,0x43,0x0c,0x45,0x85,0xed,0x0f,0x84,
    0xf8,0x0a,0x00,0x00,0x8b,0x53,0x08,0xbe,0x6d,0x00,0x00,0x00,0x48,0x8d,0x0d,0x94,
    0x17,0x00,0x00,0x0f,0x1f,0x44,0x00,0x00,0x48,0x83,0xc1,0x01,0x39,0xd0,0x7d,0x0f,
    0x48,0x8b,0x13,0x48,0x98,0x40,0x88,0x34,0x02,0x8b,0x43,0x0c,0x8b,0x53,0x08,0x0f,
    0xb6,0x31,0x83,0xc0,0x01,0x89,0x43,0x0c,0x40,0x84,0xf6,0x75,0xdb,0x8b,0x4c,0x24,
    0x14,0x48,0x8d,0x35,0x98,0x22,0x00,0x00,0x83,0xe1,0x05,0x48,0x8d,0x0c,0xce,0x0f,
    0xb6,0x31,0x40,0x84,0xf6,0x74,0x2e,0x66,0x0f,0x1f,0x84,0x00,0x00,0x00,0x00,0x00,
    0x48,0x83,0xc1,0x01,0x39,0xd0,0x7d,0x0f,0x48,0x8b,0x13,0x48,0x98,0x40,0x88,0x34,
    0x02,0x8b,0x43,0x0c,0x8b,0x53,0x08,0x83,0xc0,0x01,0x89,0x43,0x0c,0x0f,0xb6,0x31,
    0x40,0x84,0xf6,0x75,0xdb,0xbe,0x2c,0x00,0x00,0x00,0x48,0x8d,0x0d,0x5e,0x16,0x00,
    0x00,0xeb,0x08,0x0f,0x1f,0x44,0x00,0x00,0x8b,0x53,0x08,0x48,0x83,0xc1,0x01,0x39,
    0xd0,0x7d,0x0c,0x48,0x8b,0x13,0x48,0x98,0x40,0x88,0x34,0x02,0x8b,0x43,0x0c,0x0f,
    0xb6,0x31,0x83,0xc0,0x01,0x89,0x43,0x0c,0x40,0x84,0xf6,0x75,0xdb,0x83,0x7c,0x24,
    0x10,0x03,0x0f,0x85,0xec,0xef,0xff,0xff,0x8b,0x4d,0x18,0x8b,0x74,0x24,0x18,0xba,
    0x02,0x00,0x00,0x00,0x48,0x89,0xdf,0xe8,0x84,0xb5,0xff,0xff,0xe9,0x79,0xe7,0xff,
    0xff,0x8b,0x43,0x0c,0xb9,0x6f,0x00,0x00,0x00,0x48,0x8d,0x15,0xa6,0x17,0x00,0x00,
    0x48,0x83,0xc2,0x01,0x39,0x43,0x08,0x7e,0x0b,0x48,0x8b,0x33,0x48,0x98,0x88,0x0c,
    0x06,0x8b,0x43,0x0c,0x0f,0xb6,0x0a,0x83,0xc0,0x01,0x89,0x43,0x0c,0x84,0xc9,0x75,
    0xdf,0xe9,0x44,0xe7,0xff,0xff,0x8b,0x43,0x0c,0xb9,0x68,0x00,0x00,0x00,0x48,0x8d,
    0x15,0x7d,0x17,0x00,0x00,0x0f,0x1f,0x00,0x48,0x83,0xc2,0x01,0x39,0x43,0x08,0x7e,
    0x0b,0x48,0x8b,0x33,0x48,0x98,0x88,0x0c,0x06,0x8b,0x43,0x0c,0x0f,0xb6,0x0a,0x83,
    0xc0,0x01,0x89,0x43,0x0c,0x84,0xc9,0x75,0xdf,0xe9,0x0c,0xe7,0xff,0xff,0x8b,0x43,
    0x0c,0xb9,0x63,0x00,0x00,0x00,0x48,0x8d,0x15,0x49,0x17,0x00,0x00,0x0f,0x1f,0x00,
    0x48,0x83,0xc2,0x01,0x39,0x43,0x08,0x7e,0x0b,0x48,0x8b,0x33,0x48,0x98,0x88,0x0c,
    0x06,0x8b,0x43,0x0c,0x0f,0xb6,0x0a,0x83,0xc0,0x01,0x89,0x43,0x0c,0x84,0xc9,0x75,
    0xdf,0xe9,0xd4,0xe6,0xff,0xff,0x48,0x8d,0x50,0x02,0x49,0x39,0xd5,0x0f,0x82,0xdd,
    0xe5,0xff,0xff,0x48,0x83,0xc6,0x02,0x48,0x89,0x55,0x00,0x0f,0xb6,0x78,0x01,0xb9,
    0x70,0x00,0x00,0x00,0x48,0x89,0x75,0x10,0x8b,0x43,0x0c,0x48,0x8d,0x15,0xea,0x15,
    0x00,0x00,0x66,0x0f,0x1f,0x44,0x00,0x00,0x48,0x83,0xc2,0x01,0x39,0x43,0x08,0x7e,
    0x0b,0x48,0x8b,0x33,0x48,0x98,0x88,0x0c,0x06,0x8b,0x43,0x0c,0x0f,0xb6,0x0a,0x83,
    0xc0,0x01,0x89,0x43,0x0c,0x84,0xc9,0x75,0xdf,0x89,0xfa,0x40,0x0f,0xb6,0xc7,0x81,
    0xca,0x00,0xff,0xff,0xff,0x40,0x84,0xff,0x48,0x89,0xdf,0x0f,0x48,0xc2,0x48,0x63,
    0xf0,0xe8,0xea,0xb2,0xff,0xff,0xe9,0x5f,0xe6,0xff,0xff,0x48,0x8d,0x05,0xe1,0x15,
    0x00,0x00,0x83,0x7d,0x20,0x08,0xb9,0x63,0x00,0x00,0x00,0x48,0x8d,0x15,0xd7,0x15,
    0x00,0x00,0x48,0x0f,0x44,0xd0,0x8b,0x43,0x0c,0x0f,0x1f,0x80,0x00,0x00,0x00,0x00,
    0x48,0x83,0xc2,0x01,0x3b,0x43,0x08,0x7d,0x0b,0x48,0x8b,0x33,0x48,0x98,0x88,0x0c,
    0x06,0x8b,0x43,0x0c,0x0f,0xb6,0x0a,0x83,0xc0,0x01,0x89,0x43,0x0c,0x84,0xc9,0x75,
    0xdf,0xe9,0x14,0xe6,0xff,0xff,0x48,0x8d,0x50,0x02,0x49,0x39,0xd5,0x0f,0x82,0x1d,
    0xe5,0xff,0xff,0x44,0x8b,0x05,0xfa,0x22,0x00,0x00,0x48,0x83,0xc6,0x02,0x48,0x89,
    0x55,0x00,0x8b,0x53,0x08,0x0f,0xb6,0x78,0x01,0x48,0x89,0x75,0x10,0xbe,0x74,0x00,
    0x00,0x00,0x8b,0x43,0x0c,0x45,0x85,0xc0,0x0f,0x84,0x20,0x06,0x00,0x00,0x48,0x8d,
    0x0d,0xa0,0x15,0x00,0x00,0x0f,0x1f,0x00,0x48,0x83,0xc1,0x01,0x39,0xd0,0x7d,0x0f,
    0x48,0x8b,0x13,0x48,0x98,0x40,0x88,0x34,0x02,0x8b,0x43,0x0c,0x8b,0x53,0x08,0x0f,
    0xb6,0x31,0x83,0xc0,0x01,0x89,0x43,0x0c,0x40,0x84,0xf6,0x75,0xdb,0xbe,0x30,0x00,
    0x00,0x00,0x48,0x8d,0x0d,0x17,0x16,0x00,0x00,0xeb,0x08,0x0f,0x1f,0x44,0x00,0x00,
    0x8b,0x53,0x08,0x48,0x83,0xc1,0x01,0x39,0xc2,0x7e,0x0c,0x48,0x8b,0x13,0x48,0x98,
    0x40,0x88,0x34,0x02,0x8b,0x43,0x0c,0x0f,0xb6,0x31,0x83,0xc0,0x01,0x89,0x43,0x0c,
    0x40,0x84,0xf6,0x75,0xdb,0xe9,0x63,0xe5,0xff,0xff,0x8b,0x45,0x20,0x83,0xf8,0x08,
    0x0f,0x84,0xc1,0x0c,0x00,0x00,0x31,0xc9,0x45,0x31,0xc0,0x83,0xf8,0x02,0x0f,0x84,
    0xba,0x09,0x00,0x00,0x48,0x83,0xc2,0x01,0x49,0x39,0xd5,0x0f,0x82,0x5f,0xe4,0xff,
    0xff,0x48,0x89,0x55,0x00,0x0f,0xb6,0x42,0xff,0x48,0x83,0x45,0x10,0x01,0xd3,0xe0,
    0x83,0xc1,0x08,0x41,0x09,0xc0,0x83,0xf9,0x20,0x75,0xd9,0x8b,0x35,0x23,0x22,0x00,
    0x00,0x8b,0x43,0x0c,0xb9,0x74,0x00,0x00,0x00,0x48,0x8d,0x15,0xb8,0x13,0x00,0x00,
    0x85,0xf6,0x0f,0x84,0x90,0x00,0x00,0x00,0x0f,0x1f,0x84,0x00,0x00,0x00,0x00,0x00,
    0x48,0x83,0xc2,0x01,0x39,0x43,0x08,0x7e,0x0b,0x48,0x8b,0x33,0x48,0x98,0x88,0x0c,
    0x06,0x8b,0x43,0x0c,0x0f,0xb6,0x0a,0x83,0xc0,0x01,0x89,0x43,0x0c,0x84,0xc9,0x75,
    0xdf,0x31,0xf6,0x83,0x7d,0x20,0x08,0x48,0x89,0xdf,0x40,0x0f,0x94,0xc6,0x8d,0x34,
    0xb5,0x04,0x00,0x00,0x00,0xe8,0x86,0xb0,0xff,0xff,0x8b,0x43,0x0c,0xb9,0x2c,0x00,
    0x00,0x00,0x48,0x8d,0x15,0x56,0x13,0x00,0x00,0x0f,0x1f,0x80,0x00,0x00,0x00,0x00,
    0x48,0x83,0xc2,0x01,0x39,0x43,0x08,0x7e,0x0b,0x48,0x8b,0x33,0x48,0x98,0x88,0x0c,
    0x06,0x8b,0x43,0x0c,0x0f,0xb6,0x0a,0x83,0xc0,0x01,0x89,0x43,0x0c,0x84,0xc9,0x75,
    0xdf,0x4c,0x89,0xc6,0x48,0x89,0xdf,0xe8,0x14,0xb1,0xff,0xff,0xe9,0x89,0xe4,0xff,
    0xff,0x0f,0x1f,0x80,0x00,0x00,0x00,0x00,0x48,0x83,0xc2,0x01,0x39,0x43,0x08,0x7e,
    0x0b,0x48,0x8b,0x33,0x48,0x98,0x88,0x0c,0x06,0x8b,0x43,0x0c,0x0f,0xb6,0x0a,0x83,
    0xc0,0x01,0x89,0x43,0x0c,0x84,0xc9,0x75,0xdf,0x4c,0x89,0xc6,0x48,0x89,0xdf,0xe8,
    0xdc,0xb0,0xff,0xff,0x8b,0x43,0x0c,0xb9,0x2c,0x00,0x00,0x00,0x48,0x8d,0x15,0xf1,
    0x12,0x00,0x00,0x0f,0x1f,0x44,0x00,0x00,0x48,0x83,0xc2,0x01,0x39,0x43,0x08,0x7e,
    0x0b,0x48,0x8b,0x33,0x48,0x98,0x88,0x0c,0x06,0x8b,0x43,0x0c,0x0f,0xb6,0x0a,0x83,
    0xc0,0x01,0x89,0x43,0x0c,0x84,0xc9,0x75,0xdf,0x31,0xf6,0x83,0x7d,0x20,0x08,0x48,
    0x89,0xdf,0x40,0x0f,0x94,0xc6,0x8d,0x34,0xb5,0x04,0x00,0x00,0x00,0xe8,0xbe,0xaf,
    0xff,0xff,0xe9,0x03,0xe4,0xff,0xff,0x8b,0x43,0x0c,0xb9,0x73,0x00,0x00,0x00,0x48,
    0x8d,0x15,0x89,0x13,0x00,0x00,0x66,0x2e,0x0f,0x1f,0x84,0x00,0x00,0x00,0x00,0x00,
    0x48,0x83,0xc2,0x01,0x3b,0x43,0x08,0x7d,0x0b,0x48,0x8b,0x33,0x48,0x98,0x88,0x0c,
    0x06,0x8b,0x43,0x0c,0x0f,0xb6,0x0a,0x83,0xc0,0x01,0x89,0x43,0x0c,0x84,0xc9,0x75,
    0xdf,0xe9,0xc4,0xe3,0xff,0xff,0x48,0x8d,0x05,0x58,0x13,0x00,0x00,0x83,0x7d,0x20,
    0x08,0xb9,0x73,0x00,0x00,0x00,0x48,0x8d,0x15,0x4e,0x13,0x00,0x00,0x48,0x0f,0x44,
    0xd0,0x8b,0x43,0x0c,0x0f,0x1f,0x40,0x00,0x48,0x83,0xc2,0x01,0x39,0x43,0x08,0x7e,
    0x0b,0x48,0x8b,0x33,0x48,0x98,0x88,0x0c,0x06,0x8b,0x43,0x0c,0x0f,0xb6,0x0a,0x83,
    0xc0,0x01,0x89,0x43,0x0c,0x84,0xc9,0x75,0xdf,0xe9,0x7c,0xe3,0xff,0xff,0x8b,0x43,
    0x0c,0xb9,0x6c,0x00,0x00,0x00,0x48,0x8d,0x15,0x14,0x13,0x00,0x00,0x0f,0x1f,0x00,
    0x48,0x83,0xc2,0x01,0x3b,0x43,0x08,0x7d,0x0b,0x48,0x8b,0x33,0x48,0x98,0x88,0x0c,
    0x06,0x8b,0x43,0x0c,0x0f,0xb6,0x0a,0x83,0xc0,0x01,0x89,0x43,0x0c,0x84,0xc9,0x75,
    0xdf,0xe9,0x44,0xe3,0xff,0xff,0x48,0x8d,0x05,0xea,0x12,0x00,0x00,0x83,0x7d,0x20,
    0x08,0xb9,0x6c,0x00,0x00,0x00,0x48,0x8d,0x15,0xe0,0x12,0x00,0x00,0x48,0x0f,0x44,
    0xd0,0x8b,0x43,0x0c,0x0f,0x1f,0x40,0x00,0x48,0x83,0xc2,0x01,0x3b,0x43,0x08,0x7d,
    0x0b,0x48,0x8b,0x33,0x48,0x98,0x88,0x0c,0x06,0x8b,0x43,0x0c,0x0f,0xb6,0x0a,0x83,
    0xc0,0x01,0x89,0x43,0x0c,0x84,0xc9,0x75,0xdf,0xe9,0xfc,0xe2,0xff,0xff,0x8b,0x43,
    0x0c,0xb9,0x73,0x00,0x00,0x00,0x48,0x8d,0x15,0xa6,0x12,0x00,0x00,0x0f,0x1f,0x00,
    0x48,0x83,0xc2,0x01,0x3b,0x43,0x08,0x7d,0x0b,0x48,0x8b,0x33,0x48,0x98,0x88,0x0c,
    0x06,0x8b,0x43,0x0c,0x0f,0xb6,0x0a,0x83,0xc0,0x01,0x89,0x43,0x0c,0x84,0xc9,0x75,
    0xdf,0xe9,0xc4,0xe2,0xff,0xff,0x4c,0x8d,0x7c,0x24,0x10,0x48,0x8d,0x54,0x24,0x08,
    0x48,0x89,0xef,0x4c,0x89,0xfe,0xe8,0xb5,0xb8,0xff,0xff,0x44,0x8b,0x64,0x24,0x08,
    0x45,0x85,0xe4,0x0f,0x84,0xb7,0xe1,0xff,0xff,0x8b,0x43,0x0c,0xb9,0x70,0x00,0x00,
    0x00,0x48,0x8d,0x15,0xda,0x11,0x00,0x00,0x0f,0x1f,0x84,0x00,0x00,0x00,0x00,0x00,
    0x48,0x83,0xc2,0x01,0x3b,0x43,0x08,0x7d,0x0b,0x48,0x8b,0x33,0x48,0x98,0x88,0x0c,
    0x06,0x8b,0x43,0x0c,0x0f,0xb6,0x0a,0x83,0xc0,0x01,0x89,0x43,0x0c,0x84,0xc9,0x75,
    0xdf,0x83,0x7c,0x24,0x10,0x03,0x0f,0x85,0xb8,0xea,0xff,0xff,0x8b,0x4d,0x18,0x8b,
    0x74,0x24,0x18,0xba,0x08,0x00,0x00,0x00,0x48,0x89,0xdf,0xe8,0x50,0xb0,0xff,0xff,
    0xe9,0x45,0xe2,0xff,0xff,0x8b,0x43,0x0c,0xb9,0x6e,0x00,0x00,0x00,0x48,0x8d,0x15,
    0xf7,0x10,0x00,0x00,0x0f,0x1f,0x40,0x00,0x48,0x83,0xc2,0x01,0x3b,0x43,0x08,0x7d,
    0x0b,0x48,0x8b,0x33,0x48,0x98,0x88,0x0c,0x06,0x8b,0x43,0x0c,0x0f,0xb6,0x0a,0x83,
    0xc0,0x01,0x89,0x43,0x0c,0x84,0xc9,0x75,0xdf,0xe9,0x0c,0xe2,0xff,0xff,0x8b,0x6d,
    0x1c,0x8b,0x43,0x0c,0xb9,0x63,0x00,0x00,0x00,0x85,0xed,0x0f,0x84,0x0d,0x02,0x00,
    0x00,0x48,0x8d,0x15,0x49,0x11,0x00,0x00,0x0f,0x1f,0x84,0x00,0x00,0x00,0x00,0x00,
    0x48,0x83,0xc2,0x01,0x39,0x43,0x08,0x7e,0x0b,0x48,0x8b,0x33,0x48,0x98,0x88,0x0c,
    0x06,0x8b,0x43,0x0c,0x0f,0xb6,0x0a,0x83,0xc0,0x01,0x89,0x43,0x0c,0x84,0xc9,0x75,
    0xdf,0xe9,0xc4,0xe1,0xff,0xff,0x44,0x8b,0x5d,0x1c,0x8b,0x43,0x0c,0xb9,0x63,0x00,
    0x00,0x00,0x45,0x85,0xdb,0x0f,0x84,0x90,0x01,0x00,0x00,0x48,0x8d,0x15,0x09,0x11,
    0x00,0x00,0x66,0x0f,0x1f,0x44,0x00,0x00,0x48,0x83,0xc2,0x01,0x39,0x43,0x08,0x7e,
    0x0b,0x48,0x8b,0x33,0x48,0x98,0x88,0x0c,0x06,0x8b,0x43,0x0c,0x0f,0xb6,0x0a,0x83,
    0xc0,0x01,0x89,0x43,0x0c,0x84,0xc9,0x75,0xdf,0xe9,0x7c,0xe1,0xff,0xff,0x41,0xb9,
    0x08,0x00,0x00,0x00,0x4d,0x89,0xf8,0x48,0x89,0xe9,0x48,0x89,0xdf,0xba,0x06,0x00,
    0x00,0x00,0x48,0x8d,0x35,0x47,0x19,0x00,0x00,0xe8,0x32,0xb5,0xff,0xff,0xe9,0x57,
    0xe1,0xff,0xff,0x41,0xb9,0x08,0x00,0x00,0x00,0x4d,0x89,0xf8,0x48,0x89,0xe9,0x48,
    0x89,0xdf,0xba,0x04,0x00,0x00,0x00,0x48,0x8d,0x35,0x22,0x19,0x00,0x00,0xe8,0x0d,
    0xb5,0xff,0xff,0xe9,0x32,0xe1,0xff,0xff,0x41,0xb9,0x08,0x00,0x00,0x00,0x4d,0x89,
    0xf8,0x48,0x89,0xe9,0x48,0x89,0xdf,0xba,0x02,0x00,0x00,0x00,0x48,0x8d,0x35,0xfd,
    0x18,0x00,0x00,0xe8,0xe8,0xb4,0xff,0xff,0xe9,0x0d,0xe1,0xff,0xff,0x44,0x8b,0x4d,
    0x20,0x4d,0x89,0xf8,0x48,0x89,0xe9,0xba,0x01,0x00,0x00,0x00,0x48,0x8d,0x35,0xdd,
    0x18,0x00,0x00,0x48,0x89,0xdf,0xe8,0xc5,0xb4,0xff,0xff,0xe9,0xea,0xe0,0xff,0xff,
    0x44,0x8b,0x4d,0x20,0x4d,0x89,0xf8,0x48,0x89,0xe9,0x31,0xd2,0x48,0x8d,0x35,0xbd,
    0x18,0x00,0x00,0x48,0x89,0xdf,0xe8,0xa5,0xb4,0xff,0xff,0xe9,0xca,0xe0,0xff,0xff,
    0x8b,0x53,0x08,0x39,0xd0,0x7d,0x0f,0x48,0x8b,0x13,0x48,0x98,0xc6,0x04,0x02,0x5b,
    0x8b,0x43,0x0c,0x8b,0x53,0x08,0x83,0xc0,0x01,0xbe,0x30,0x00,0x00,0x00,0x48,0x8d,
    0x0d,0x1b,0x11,0x00,0x00,0x89,0x43,0x0c,0xeb,0x03,0x8b,0x53,0x08,0x48,0x83,0xc1,
    0x01,0x39,0xd0,0x7d,0x0c,0x48,0x8b,0x13,0x48,0x98,0x40,0x88,0x34,0x02,0x8b,0x43,
    0x0c,0x0f,0xb6,0x31,0x83,0xc0,0x01,0x89,0x43,0x0c,0x40,0x84,0xf6,0x75,0xdb,0x31,
    0xd2,0x4c,0x89,0xc6,0x48,0x89,0xdf,0xe8,0x64,0xab,0xff,0xff,0x8b,0x43,0x0c,0xb9,
    0x5d,0x00,0x00,0x00,0x48,0x8d,0x15,0xcc,0x0f,0x00,0x00,0x0f,0x1f,0x44,0x00,0x00,
    0x48,0x83,0xc2,0x01,0x39,0x43,0x08,0x7e,0x0b,0x48,0x8b,0x33,0x48,0x98,0x88,0x0c,
    0x06,0x8b,0x43,0x0c,0x0f,0xb6,0x0a,0x83,0xc0,0x01,0x89,0x43,0x0c,0x84,0xc9,0x75,
    0xdf,0x41,0x80,0xfe,0xa0,0x0f,0x84,0x38,0x08,0x00,0x00,0x44,0x89,0xfe,0x48,0x89,
    0xdf,0xe8,0xda,0xab,0xff,0xff,0xe9,0x1f,0xe0,0xff,0xff,0x48,0x8d,0x15,0x7d,0x0f,
    0x00,0x00,0x66,0x0f,0x1f,0x44,0x00,0x00,0x48,0x83,0xc2,0x01,0x3b,0x43,0x08,0x7d,
    0x0b,0x48,0x8b,0x33,0x48,0x98,0x88,0x0c,0x06,0x8b,0x43,0x0c,0x0f,0xb6,0x0a,0x83,
    0xc0,0x01,0x89,0x43,0x0c,0x84,0xc9,0x75,0xdf,0xe9,0xec,0xdf,0xff,0xff,0x48,0x8d,
    0x15,0x41,0x0f,0x00,0x00,0x0f,0x1f,0x00,0x48,0x83,0xc2,0x01,0x39,0x43,0x08,0x7e,
    0x0b,0x48,0x8b,0x33,0x48,0x98,0x88,0x0c,0x06,0x8b,0x43,0x0c,0x0f,0xb6,0x0a,0x83,
    0xc0,0x01,0x89,0x43,0x0c,0x84,0xc9,0x75,0xdf,0xe9,0xbc,0xdf,0xff,0xff,0x48,0x8d,
    0x0d,0x8a,0x0f,0x00,0x00,0x0f,0x1f,0x00,0x48,0x83,0xc1,0x01,0x39,0xd0,0x7d,0x0f,
    0x48,0x8b,0x13,0x48,0x98,0x40,0x88,0x34,0x02,0x8b,0x43,0x0c,0x8b,0x53,0x08,0x0f,
    0xb6,0x31,0x83,0xc0,0x01,0x89,0x43,0x0c,0x40,0x84,0xf6,0x75,0xdb,0xbe,0x30,0x00,
    0x00,0x00,0x48,0x8d,0x0d,0xf7,0x0f,0x00,0x00,0xeb,0x08,0x0f,0x1f,0x44,0x00,0x00,
    0x8b,0x53,0x08,0x48,0x83,0xc1,0x01,0x39,0xc2,0x7e,0x0c,0x48,0x8b,0x13,0x48,0x98,
    0x40,0x88,0x34,0x02,0x8b,0x43,0x0c,0x0f,0xb6,0x31,0x83,0xc0,0x01,0x89,0x43,0x0c,
    0x40,0x84,0xf6,0x75,0xdb,0x31,0xd2,0x48,0x89,0xfe,0x48,0x89,0xdf,0xe8,0x3e,0xaa,
    0xff,0xff,0x8b,0x43,0x0c,0xb9,0x2c,0x00,0x00,0x00,0x48,0x8d,0x15,0xdd,0x0d,0x00,
    0x00,0x0f,0x1f,0x80,0x00,0x00,0x00,0x00,0x48,0x83,0xc2,0x01,0x39,0x43,0x08,0x7e,
    0x0b,0x48,0x8b,0x33,0x48,0x98,0x88,0x0c,0x06,0x8b,0x43,0x0c,0x0f,0xb6,0x0a,0x83,
    0xc0,0x01,0x89,0x43,0x0c,0x84,0xc9,0x75,0xdf,0xe9,0x0c,0xdf,0xff,0xff,0x48,0x8d,
    0x0d,0xf6,0x0e,0x00,0x00,0x0f,0x1f,0x00,0x48,0x83,0xc1,0x01,0x39,0x53,0x08,0x7e,
    0x0d,0x48,0x8b,0x3b,0x48,0x63,0xd2,0x40,0x88,0x34,0x17,0x8b,0x53,0x0c,0x0f,0xb6,
    0x31,0x83,0xc2,0x01,0x89,0x53,0x0c,0x40,0x84,0xf6,0x75,0xdc,0xe9,0x23,0xf1,0xff,
    0xff,0x8b,0x53,0x08,0xbe,0x6d,0x00,0x00,0x00,0x48,0x8d,0x0d,0x17,0x0e,0x00,0x00,
    0x48,0x83,0xc1,0x01,0x39,0xd0,0x7d,0x0f,0x48,0x8b,0x13,0x48,0x98,0x40,0x88,0x34,
    0x02,0x8b,0x43,0x0c,0x8b,0x53,0x08,0x0f,0xb6,0x31,0x83,0xc0,0x01,0x89,0x43,0x0c,
    0x40,0x84,0xf6,0x75,0xdb,0x8b,0x4c,0x24,0x14,0x48,0x8d,0x35,0x20,0x19,0x00,0x00,
    0x83,0xe1,0x05,0x48,0x8d,0x0c,0xce,0x0f,0xb6,0x31,0x40,0x84,0xf6,0x74,0x26,0x90,
    0x48,0x83,0xc1,0x01,0x39,0xc2,0x7e,0x0f,0x48,0x8b,0x13,0x48,0x98,0x40,0x88,0x34,
    0x02,0x8b,0x43,0x0c,0x8b,0x53,0x08,0x83,0xc0,0x01,0x89,0x43,0x0c,0x0f,0xb6,0x31,
    0x40,0x84,0xf6,0x75,0xdb,0xbe,0x2c,0x00,0x00,0x00,0x48,0x8d,0x0d,0xee,0x0c,0x00,
    0x00,0xeb,0x08,0x0f,0x1f,0x44,0x00,0x00,0x8b,0x53,0x08,0x48,0x83,0xc1,0x01,0x39,
    0xd0,0x7d,0x0c,0x48,0x8b,0x13,0x48,0x98,0x40,0x88,0x34,0x02,0x8b,0x43,0x0c,0x0f,
    0xb6,0x31,0x83,0xc0,0x01,0x89,0x43,0x0c,0x40,0x84,0xf6,0x75,0xdb,0xe9,0x8b,0xf6,
    0xff,0xff,0x8b,0x53,0x08,0xbe,0x6d,0x00,0x00,0x00,0x48,0x8d,0x0d,0xf5,0x0d,0x00,
    0x00,0x0f,0x1f,0x80,0x00,0x00,0x00,0x00,0x48,0x83,0xc1,0x01,0x39,0xd0,0x7d,0x0f,
    0x48,0x8b,0x13,0x48,0x98,0x40,0x88,0x34,0x02,0x8b,0x43,0x0c,0x8b,0x53,0x08,0x0f,
    0xb6,0x31,0x83,0xc0,0x01,0x89,0x43,0x0c,0x40,0x84,0xf6,0x75,0xdb,0xbe,0x30,0x00,
    0x00,0x00,0x48,0x8d,0x0d,0x57,0x0e,0x00,0x00,0xeb,0x08,0x0f,0x1f,0x44,0x00,0x00,
    0x8b,0x53,0x08,0x48,0x83,0xc1,0x01,0x39,0xc2,0x7e,0x0c,0x48,0x8b,0x13,0x48,0x98,
    0x40,0x88,0x34,0x02,0x8b,0x43,0x0c,0x0f,0xb6,0x31,0x83,0xc0,0x01,0x89,0x43,0x0c,
    0x40,0x84,0xf6,0x75,0xdb,0x31,0xd2,0x4c,0x89,0xc6,0x48,0x89,0xdf,0xe8,0x9e,0xa8,
    0xff,0xff,0x8b,0x43,0x0c,0xb9,0x2c,0x00,0x00,0x00,0x48,0x8d,0x15,0x2e,0x0c,0x00,
    0x00,0x0f,0x1f,0x80,0x00,0x00,0x00,0x00,0x48,0x83,0xc2,0x01,0x3b,0x43,0x08,0x7d,
    0x0b,0x48,0x8b,0x33,0x48,0x98,0x88,0x0c,0x06,0x8b,0x43,0x0c,0x0f,0xb6,0x0a,0x83,
    0xc0,0x01,0x89,0x43,0x0c,0x84,0xc9,0x75,0xdf,0x8b,0x55,0x18,0x44,0x89,0xe6,0x48,
    0x89,0xdf,0xe8,0xc9,0xaa,0xff,0xff,0xe9,0x5e,0xdd,0xff,0xff,0xb9,0x6d,0x00,0x00,
    0x00,0x48,0x8d,0x15,0x9f,0x0c,0x00,0x00,0x0f,0x1f,0x84,0x00,0x00,0x00,0x00,0x00,
    0x48,0x83,0xc2,0x01,0x39,0x43,0x08,0x7e,0x0b,0x48,0x8b,0x33,0x48,0x98,0x88,0x0c,
    0x06,0x8b,0x43,0x0c,0x0f,0xb6,0x0a,0x83,0xc0,0x01,0x89,0x43,0x0c,0x84,0xc9,0x75,
    0xdf,0x83,0x7c,0x24,0x10,0x03,0x0f,0x84,0x3b,0x05,0x00,0x00,0x4c,0x89,0xfa,0x48,
    0x89,0xee,0x48,0x89,0xdf,0xe8,0xa6,0xac,0xff,0xff,0x8b,0x43,0x0c,0xb9,0x2c,0x00,
    0x00,0x00,0x48,0x8d,0x15,0x96,0x0b,0x00,0x00,0x0f,0x1f,0x80,0x00,0x00,0x00,0x00,
    0x48,0x83,0xc2,0x01,0x3b,0x43,0x08,0x7d,0x0b,0x48,0x8b,0x33,0x48,0x98,0x88,0x0c,
    0x06,0x8b,0x43,0x0c,0x0f,0xb6,0x0a,0x83,0xc0,0x01,0x89,0x43,0x0c,0x84,0xc9,0x75,
    0xdf,0x8b,0x54,0x24,0x14,0x48,0x8d,0x0d,0x54,0x17,0x00,0x00,0x83,0xe2,0x05,0x48,
    0x8d,0x14,0xd1,0x0f,0xb6,0x0a,0x84,0xc9,0x0f,0x84,0xbc,0xdc,0xff,0xff,0x66,0x90,
    0x48,0x83,0xc2,0x01,0x39,0x43,0x08,0x7e,0x0b,0x48,0x8b,0x33,0x48,0x98,0x88,0x0c,
    0x06,0x8b,0x43,0x0c,0x83,0xc0,0x01,0x89,0x43,0x0c,0x0f,0xb6,0x0a,0x84,0xc9,0x75,
    0xdf,0xe9,0x94,0xdc,0xff,0xff,0xbe,0x6d,0x00,0x00,0x00,0x48,0x8d,0x0d,0x6b,0x0c,
    0x00,0x00,0x66,0x0f,0x1f,0x44,0x00,0x00,0x48,0x83,0xc1,0x01,0x39,0xd0,0x7d,0x0f,
    0x48,0x8b,0x13,0x48,0x98,0x40,0x88,0x34,0x02,0x8b,0x43,0x0c,0x8b,0x53,0x08,0x0f,
    0xb6,0x31,0x83,0xc0,0x01,0x89,0x43,0x0c,0x40,0x84,0xf6,0x75,0xdb,0xbe,0x30,0x00,
    0x00,0x00,0x48,0x8d,0x0d,0xc7,0x0c,0x00,0x00,0xeb,0x08,0x0f,0x1f,0x44,0x00,0x00,
    0x8b,0x53,0x08,0x48,0x83,0xc1,0x01,0x39,0xc2,0x7e,0x0c,0x48,0x8b,0x13,0x48,0x98,
    0x40,0x88,0x34,0x02,0x8b,0x43,0x0c,0x0f,0xb6,0x31,0x83,0xc0,0x01,0x89,0x43,0x0c,
    0x40,0x84,0xf6,0x75,0xdb,0x31,0xd2,0x4c,0x89,0xc6,0x48,0x89,0xdf,0xe8,0x0e,0xa7,
    0xff,0xff,0x8b,0x43,0x0c,0xb9,0x2c,0x00,0x00,0x00,0x48,0x8d,0x15,0x9e,0x0a,0x00,
    0x00,0x0f,0x1f,0x80,0x00,0x00,0x00,0x00,0x48,0x83,0xc2,0x01,0x39,0x43,0x08,0x7e,
    0x0b,0x48,0x8b,0x33,0x48,0x98,0x88,0x0c,0x06,0x8b,0x43,0x0c,0x0f,0xb6,0x0a,0x83,
    0xc0,0x01,0x89,0x43,0x0c,0x84,0xc9,0x75,0xdf,0x4d,0x63,0xe4,0x48,0x8d,0x15,0x3d,
    0x18,0x00,0x00,0x4a,0x8d,0x14,0xe2,0x0f,0xb6,0x0a,0x84,0xc9,0x0f,0x84,0xc8,0xdb,
    0xff,0xff,0x66,0x0f,0x1f,0x44,0x00,0x00,0x48,0x83,0xc2,0x01,0x3b,0x43,0x08,0x7d,
    0x0b,0x48,0x8b,0x33,0x48,0x98,0x88,0x0c,0x06,0x8b,0x43,0x0c,0x83,0xc0,0x01,0x89,
    0x43,0x0c,0x0f,0xb6,0x0a,0x84,0xc9,0x75,0xdf,0xe9,0x9c,0xdb,0xff,0xff,0x48,0x8d,
    0x74,0x24,0x08,0x48,0x89,0xef,0xe8,0xd5,0xa5,0xff,0xff,0x44,0x0f,0xb7,0xc0,0x8b,
    0x44,0x24,0x08,0x85,0xc0,0x0f,0x85,0x50,0xf6,0xff,0xff,0xe9,0x90,0xda,0xff,0xff,
    0x85,0xc0,0xb9,0x6d,0x00,0x00,0x00,0x8b,0x43,0x0c,0x48,0x8d,0x15,0xb6,0x0a,0x00,
    0x00,0x74,0x7d,0x0f,0x1f,0x44,0x00,0x00,0x48,0x83,0xc2,0x01,0x39,0x43,0x08,0x7e,
    0x0b,0x48,0x8b,0x33,0x48,0x98,0x88,0x0c,0x06,0x8b,0x43,0x0c,0x0f,0xb6,0x0a,0x83,
    0xc0,0x01,0x89,0x43,0x0c,0x84,0xc9,0x75,0xdf,0x44,0x89,0xe9,0x4c,0x89,0xfa,0x48,
    0x89,0xee,0x48,0x89,0xdf,0xe8,0xe6,0xae,0xff,0xff,0x8b,0x43,0x0c,0xb9,0x2c,0x00,
    0x00,0x00,0x48,0x8d,0x15,0xb6,0x09,0x00,0x00,0x0f,0x1f,0x80,0x00,0x00,0x00,0x00,
    0x48,0x83,0xc2,0x01,0x39,0x43,0x08,0x7e,0x0b,0x48,0x8b,0x33,0x48,0x98,0x88,0x0c,
    0x06,0x8b,0x43,0x0c,0x0f,0xb6,0x0a,0x83,0xc0,0x01,0x89,0x43,0x0c,0x84,0xc9,0x75,
    0xdf,0xe9,0xc3,0xe1,0xff,0xff,0x66,0x2e,0x0f,0x1f,0x84,0x00,0x00,0x00,0x00,0x00,
    0x48,0x83,0xc2,0x01,0x39,0x43,0x08,0x7e,0x0b,0x48,0x8b,0x33,0x48,0x98,0x88,0x0c,
    0x06,0x8b,0x43,0x0c,0x0f,0xb6,0x0a,0x83,0xc0,0x01,0x89,0x43,0x0c,0x84,0xc9,0x75,
    0xdf,0x8b,0x4d,0x18,0x8b,0x74,0x24,0x14,0x44,0x89,0xea,0x48,0x89,0xdf,0xe8,0xbd,
    0xa8,0xff,0xff,0x8b,0x43,0x0c,0xb9,0x2c,0x00,0x00,0x00,0x48,0x8d,0x15,0x3d,0x09,
    0x00,0x00,0x66,0x0f,0x1f,0x44,0x00,0x00,0x48,0x83,0xc2,0x01,0x39,0x43,0x08,0x7e,
    0x0b,0x48,0x8b,0x33,0x48,0x98,0x88,0x0c,0x06,0x8b,0x43,0x0c,0x0f,0xb6,0x0a,0x83,
    0xc0,0x01,0x89,0x43,0x0c,0x84,0xc9,0x75,0xdf,0xe9,0xc3,0xe0,0xff,0xff,0x48,0x8d,
    0x74,0x24,0x08,0x48,0x89,0xef,0xe8,0xb5,0xa4,0xff,0xff,0x44,0x8b,0x7c,0x24,0x08,
    0x45,0x85,0xff,0x0f,0x84,0x77,0xd9,0xff,0xff,0x44,0x0f,0xb7,0xc0,0xe9,0xb7,0xda,
    0xff,0xff,0x66,0x0f,0x1f,0x44,0x00,0x00,0x48,0x8b,0x45,0x00,0x48,0x8d,0x50,0x01,
    0x49,0x39,0xd5,0x0f,0x82,0x57,0xd9,0xff,0xff,0x48,0x89,0x55,0x00,0x44,0x0f,0xb6,
    0x20,0x41,0xbd,0x01,0x00,0x00,0x00,0x48,0x83,0x45,0x10,0x01,0x44,0x89,0xe2,0xc7,
    0x44,0x24,0x08,0x01,0x00,0x00,0x00,0x81,0xca,0x00,0xff,0xff,0xff,0x45,0x84,0xe4,
    0x44,0x0f,0x48,0xe2,0x48,0x8d,0x15,0xcc,0x09,0x00,0x00,0x4d,0x63,0xe4,0xe9,0xfc,
    0xe2,0xff,0xff,0x8b,0x4d,0x18,0x8b,0x74,0x24,0x18,0x44,0x89,0xe2,0x48,0x89,0xdf,
    0xe8,0xfb,0xa7,0xff,0xff,0xe9,0xf0,0xd9,0xff,0xff,0x48,0x8b,0x45,0x00,0x48,0x8d,
    0x50,0x01,0x49,0x39,0xd5,0x0f,0x82,0xa0,0x02,0x00,0x00,0x48,0x89,0x55,0x00,0x44,
    0x0f,0xb6,0x20,0xc7,0x44,0x24,0x08,0x01,0x00,0x00,0x00,0x44,0x89,0xe2,0x48,0x83,
    0x45,0x10,0x01,0x81,0xca,0x00,0xff,0xff,0xff,0x45,0x84,0xe4,0x44,0x0f,0x48,0xe2,
    0x4d,0x63,0xe4,0xe9,0xf9,0xe4,0xff,0xff,0xbf,0x6d,0x00,0x00,0x00,0x48,0x8d,0x35,
    0x9d,0x09,0x00,0x00,0x0f,0x1f,0x40,0x00,0x48,0x83,0xc6,0x01,0x39,0xc8,0x7d,0x0f,
    0x48,0x8b,0x0b,0x48,0x98,0x40,0x88,0x3c,0x01,0x8b,0x43,0x0c,0x8b,0x4b,0x08,0x0f,
    0xb6,0x3e,0x83,0xc0,0x01,0x89,0x43,0x0c,0x40,0x84,0xff,0x75,0xdb,0xeb,0x1e,0x90,
    0x48,0x83,0xc2,0x01,0x39,0xc8,0x7d,0x0f,0x48,0x8b,0x0b,0x48,0x98,0x40,0x88,0x34,
    0x01,0x8b,0x43,0x0c,0x8b,0x4b,0x08,0x83,0xc0,0x01,0x89,0x43,0x0c,0x0f,0xb6,0x32,
    0x40,0x84,0xf6,0x75,0xdb,0x39,0xc8,0x7d,0x0c,0x48,0x8b,0x13,0x48,0x98,0xc6,0x04,
    0x02,0x20,0x8b,0x43,0x0c,0x83,0xc0,0x01,0x4c,0x89,0xe6,0x48,0x89,0xdf,0x89,0x43,
    0x0c,0xe8,0xba,0xa5,0xff,0xff,0x8b,0x43,0x0c,0xb9,0x2c,0x00,0x00,0x00,0x48,0x8d,
    0x15,0xba,0x07,0x00,0x00,0x0f,0x1f,0x00,0x48,0x83,0xc2,0x01,0x39,0x43,0x08,0x7e,
    0x0b,0x48,0x8b,0x33,0x48,0x98,0x88,0x0c,0x06,0x8b,0x43,0x0c,0x0f,0xb6,0x0a,0x83,
    0xc0,0x01,0x89,0x43,0x0c,0x84,0xc9,0x75,0xdf,0x83,0x7c,0x24,0x10,0x03,0x0f,0x85,
    0x50,0xe1,0xff,0xff,0x8b,0x4d,0x18,0x8b,0x74,0x24,0x18,0x44,0x89,0xea,0x48,0x89,
    0xdf,0xe8,0xea,0xa6,0xff,0xff,0xe9,0xdf,0xd8,0xff,0xff,0x48,0x83,0xc0,0x02,0x49,
    0x83,0xc5,0x01,0x31,0xc9,0x45,0x31,0xc0,0xeb,0x23,0x48,0x89,0x45,0x00,0x0f,0xb6,
    0x50,0xff,0x48,0x83,0xc0,0x01,0x48,0x83,0x45,0x10,0x01,0x48,0xd3,0xe2,0x83,0xc1,
    0x08,0x49,0x09,0xd0,0x83,0xf9,0x40,0x0f,0x84,0x0c,0xd9,0xff,0xff,0x4c,0x39,0xe8,
    0x75,0xd8,0xe9,0xb9,0xd7,0xff,0xff,0x48,0x8d,0x74,0x24,0x08,0x48,0x89,0xef,0xe8,
    0x3c,0xa3,0xff,0xff,0x4c,0x63,0xc0,0x45,0x85,0xc0,0x78,0x03,0x45,0x89,0xc0,0x8b,
    0x44,0x24,0x08,0xe9,0xfb,0xfc,0xff,0xff,0x44,0x89,0xfe,0x48,0x89,0xdf,0xe8,0x2d,
    0xa4,0xff,0xff,0x8b,0x43,0x0c,0xe9,0xa6,0xdd,0xff,0xff,0xe8,0xb0,0xa2,0xff,0xff,
    0x44,0x8b,0x44,0x24,0x08,0x48,0x8d,0x15,0x8a,0x07,0x00,0x00,0x44,0x0f,0xb7,0xe0,
    0x45,0x85,0xc0,0x0f,0x85,0x46,0xe1,0xff,0xff,0xe9,0x62,0xd7,0xff,0xff,0xe8,0x8d,
    0xa2,0xff,0xff,0x44,0x0f,0xb7,0xe0,0xe9,0x85,0xe3,0xff,0xff,0x8b,0x4d,0x18,0x8b,
    0x74,0x24,0x18,0x44,0x89,0xe2,0x48,0x89,0xdf,0xe8,0x32,0xa6,0xff,0xff,0xe9,0xbf,
    0xdf,0xff,0xff,0x8b,0x4d,0x18,0x8b,0x74,0x24,0x18,0x44,0x89,0xe2,0x48,0x89,0xdf,
    0xe8,0x1b,0xa6,0xff,0xff,0xe9,0x50,0xe2,0xff,0xff,0x8b,0x4d,0x18,0x8b,0x74,0x24,
    0x18,0xba,0x02,0x00,0x00,0x00,0x48,0x89,0xdf,0xe8,0x02,0xa6,0xff,0xff,0xe9,0xa7,
    0xee,0xff,0xff,0x48,0x8d,0x35,0x29,0x08,0x00,0x00,0x48,0x89,0xdf,0xe8,0xee,0xa1,
    0xff,0xff,0xe9,0xe3,0xd7,0xff,0xff,0x8b,0x4d,0x18,0x8b,0x74,0x24,0x18,0xba,0x02,
    0x00,0x00,0x00,0x48,0x89,0xdf,0xe8,0xd5,0xa5,0xff,0xff,0xe9,0xba,0xfa,0xff,0xff,
    0x44,0x89,0xfe,0x48,0x89,0xdf,0xe8,0x75,0xa3,0xff,0xff,0xe9,0xe4,0xdb,0xff,0xff,
    0xe8,0x5b,0xa2,0xff,0xff,0x41,0x89,0xc4,0x85,0xc0,0x0f,0x89,0xf1,0xe2,0xff,0xff,
    0x4c,0x63,0xe0,0xe9,0xe9,0xe2,0xff,0xff,0x4c,0x89,0xc6,0x48,0x89,0xdf,0xe8,0xad,
    0xa3,0xff,0xff,0x48,0x8d,0x35,0x25,0x06,0x00,0x00,0xe8,0x91,0xa1,0xff,0xff,0x41,
    0x80,0xfe,0xa0,0x74,0x8e,0x48,0x8d,0x35,0x15,0x06,0x00,0x00,0xe8,0x7f,0xa1,0xff,
    0xff,0x44,0x89,0xfe,0xe8,0x27,0xa3,0xff,0xff,0xe9,0x6c,0xd7,0xff,0xff,0x4c,0x89,
    0xe6,0x48,0x89,0xef,0xe8,0x07,0xa2,0xff,0xff,0x4c,0x63,0xe0,0x45,0x85,0xe4,0x78,
    0x69,0x83,0x7c,0x24,0x08,0x00,0x0f,0x84,0x64,0xd6,0xff,0xff,0x45,0x89,0xe4,0x48,
    0x8d,0x15,0xab,0x06,0x00,0x00,0xe9,0x34,0xe0,0xff,0xff,0x45,0x31,0xc0,0x45,0x31,
    0xe4,0x44,0x89,0x44,0x24,0x08,0xe9,0x75,0xfd,0xff,0xff,0x8b,0x4d,0x18,0x8b,0x74,
    0x24,0x18,0x48,0x89,0xdf,0xe8,0x26,0xa5,0xff,0xff,0xe9,0x16,0xe3,0xff,0xff,0x8b,
    0x4d,0x18,0x8b,0x74,0x24,0x18,0x48,0x89,0xdf,0xe8,0x12,0xa5,0xff,0xff,0xe9,0xba,
    0xe3,0xff,0xff,0x8b,0x4d,0x18,0x8b,0x74,0x24,0x18,0x44,0x89,0xea,0x48,0x89,0xdf,
    0xe8,0xfb,0xa4,0xff,0xff,0xe9,0x40,0xe0,0xff,0xff,0x83,0x7c,0x24,0x08,0x00,0x75,
    0x9e,0xe9,0xfa,0xd5,0xff,0xff,0x66,0x2e,0x0f,0x1f,0x84,0x00,0x00,0x00,0x00,0x00,
    0x41,0x57,0x41,0x56,0x41,0x55,0x41,0x54,0x55,0x53,0x48,0x83,0xec,0x18,0x48,0x8b,
    0x47,0x10,0x4c,0x8b,0x27,0x4c,0x8b,0x7f,0x08,0x48,0x89,0x44,0x24,0x08,0x4d,0x39,
    0xfc,0x0f,0x83,0xee,0x00,0x00,0x00,0x4d,0x8d,0x6c,0x24,0x01,0x48,0x89,0xf5,0x48,
    0x89,0xfb,0x45,0x31,0xdb,0x4c,0x89,0xea,0x45,0x31,0xf6,0x45,0x31,0xd2,0x41,0xb9,
    0x01,0x00,0x00,0x00,0x0f,0xb6,0x42,0xff,0x48,0x89,0xd6,0x49,0xb8,0x01,0x01,0x01,
    0x00,0x00,0x00,0xc0,0x00,0x3c,0x66,0x0f,0x84,0x0f,0x01,0x00,0x00,0x0f,0x1f,0x00,
    0x3c,0xf0,0x0f,0x84,0x18,0x01,0x00,0x00,0x0f,0x87,0xc2,0x00,0x00,0x00,0x3c,0x26,
    0x0f,0x84,0x0a,0x01,0x00,0x00,0x8d,0x48,0xd2,0x80,0xf9,0x39,0x0f,0x87,0x26,0x01,
    0x00,0x00,0x4c,0x89,0xcf,0x48,0xd3,0xe7,0x4c,0x85,0xc7,0x0f,0x85,0xef,0x00,0x00,
    0x00,0x80,0xf9,0x39,0x0f,0x84,0xe6,0x00,0x00,0x00,0x89,0xc1,0x83,0xe1,0xf0,0x80,
    0xf9,0x40,0x0f,0x85,0x00,0x01,0x00,0x00,0x89,0x43,0x18,0xc1,0xf8,0x03,0x48,0x83,
    0x43,0x10,0x01,0x83,0xe0,0x01,0x48,0x89,0x13,0xba,0x08,0x00,0x00,0x00,0x89,0x43,
    0x1c,0x0f,0x84,0xe9,0x00,0x00,0x00,0x66,0x41,0x0f,0x6e,0xcb,0x66,0x41,0x0f,0x6e,
    0xd2,0x66,0x0f,0x6e,0xc2,0x8b,0x05,0xf5,0x12,0x00,0x00,0x66,0x41,0x0f,0x6e,0xde,
    0x66,0x0f,0x62,0xca,0x66,0x0f,0x62,0xc3,0x66,0x0f,0x6c,0xc1,0x0f,0x11,0x43,0x20,
    0x85,0xc0,0x0f,0x85,0x10,0x01,0x00,0x00,0x48,0x89,0xee,0x48,0x89,0xdf,0xe8,0x1d,
    0xd4,0xff,0xff,0x85,0xc0,0x0f,0x85,0xbd,0x00,0x00,0x00,0x4c,0x39,0x6b,0x08,0x0f,
    0x83,0x7b,0x01,0x00,0x00,0x48,0x83,0xc4,0x18,0x31,0xc0,0x5b,0x5d,0x41,0x5c,0x41,
    0x5d,0x41,0x5e,0x41,0x5f,0xc3,0x66,0x2e,0x0f,0x1f,0x84,0x00,0x00,0x00,0x00,0x00,
    0x3c,0xf2,0x74,0x5c,0x3c,0xf3,0x75,0x70,0x48,0x8b,0x43,0x10,0x48,0x89,0x13,0x41,
    0xbb,0x01,0x00,0x00,0x00,0x48,0x83,0xc0,0x01,0x0f,0x1f,0x80,0x00,0x00,0x00,0x00,
    0x48,0x89,0x43,0x10,0x48,0x83,0xc2,0x01,0x4c,0x39,0xfe,0x73,0xb8,0x0f,0xb6,0x42,
    0xff,0x48,0x89,0xd6,0x3c,0x66,0x0f,0x85,0xf4,0xfe,0xff,0xff,0x48,0x8b,0x43,0x10,
    0x48,0x89,0x13,0x41,0xba,0x01,0x00,0x00,0x00,0x48,0x83,0xc0,0x01,0xeb,0xd1,0x90,
    0x48,0x8b,0x43,0x10,0x48,0x89,0x13,0x48,0x83,0xc0,0x01,0xeb,0xc3,0x0f,0x1f,0x00,
    0x48,0x8b,0x43,0x10,0x48,0x89,0x13,0x41,0xbe,0x01,0x00,0x00,0x00,0x48,0x83,0xc0,
    0x01,0xeb,0xad,0x0f,0x1f,0x44,0x00,0x00,0x48,0xc7,0x43,0x18,0x00,0x00,0x00,0x00,
    0x41,0x83,0xfa,0x01,0x19,0xd2,0x83,0xe2,0x02,0x83,0xc2,0x02,0xe9,0x06,0xff,0xff,
    0xff,0x0f,0x1f,0x80,0x00,0x00,0x00,0x00,0x48,0x8b,0x03,0x48,0x63,0x55,0x0c,0x4c,
    0x29,0xe0,0x3b,0x55,0x08,0x7d,0x0b,0x48,0x8b,0x4d,0x00,0xc6,0x04,0x11,0x0a,0x8b,
    0x55,0x0c,0x83,0xc2,0x01,0x85,0xc0,0x89,0x55,0x0c,0xba,0x01,0x00,0x00,0x00,0x0f,
    0x4e,0xc2,0x48,0x83,0xc4,0x18,0x5b,0x5d,0x41,0x5c,0x41,0x5d,0x41,0x5e,0x41,0x5f,
    0xc3,0x0f,0x1f,0x80,0x00,0x00,0x00,0x00,0x8b,0x45,0x0c,0xb9,0x30,0x00,0x00,0x00,
    0x48,0x8d,0x15,0x39,0x05,0x00,0x00,0x66,0x0f,0x1f,0x84,0x00,0x00,0x00,0x00,0x00,
    0x48,0x83,0xc2,0x01,0x39,0x45,0x08,0x7e,0x0c,0x48,0x8b,0x75,0x00,0x48,0x98,0x88,
    0x0c,0x06,0x8b,0x45,0x0c,0x0f,0xb6,0x0a,0x83,0xc0,0x01,0x89,0x45,0x0c,0x84,0xc9,
    0x75,0xde,0x48,0x8b,0x74,0x24,0x08,0x31,0xd2,0x48,0x89,0xef,0xe8,0x7f,0x9f,0xff,
    0xff,0x8b,0x45,0x0c,0xb9,0x3a,0x00,0x00,0x00,0x48,0x8d,0x15,0xea,0x04,0x00,0x00,
    0x48,0x83,0xc2,0x01,0x39,0x45,0x08,0x7e,0x0c,0x48,0x8b,0x75,0x00,0x48,0x98,0x88,
    0x0c,0x06,0x8b,0x45,0x0c,0x0f,0xb6,0x0a,0x83,0xc0,0x01,0x89,0x45,0x0c,0x84,0xc9,
    0x75,0xde,0xe9,0x71,0xfe,0xff,0xff,0x66,0x0f,0x1f,0x84,0x00,0x00,0x00,0x00,0x00,
    0x8b,0x45,0x0c,0xb9,0x64,0x00,0x00,0x00,0x48,0x8d,0x15,0xae,0x04,0x00,0x00,0x90,
    0x48,0x83,0xc2,0x01,0x39,0x45,0x08,0x7e,0x0c,0x48,0x8b,0x75,0x00,0x48,0x98,0x88,
    0x0c,0x06,0x8b,0x45,0x0c,0x0f,0xb6,0x0a,0x83,0xc0,0x01,0x89,0x45,0x0c,0x84,0xc9,
    0x75,0xde,0x41,0x0f,0xb6,0x34,0x24,0x31,0xd2,0x48,0x89,0xef,0xe8,0xff,0x9e,0xff,
    0xff,0x48,0x63,0x45,0x0c,0x3b,0x45,0x08,0x7d,0x0b,0x48,0x8b,0x55,0x00,0xc6,0x04,
    0x02,0x0a,0x8b,0x45,0x0c,0x83,0xc0,0x01,0x89,0x45,0x0c,0x48,0x8b,0x44,0x24,0x08,
    0x4c,0x89,0x2b,0x48,0x83,0xc0,0x01,0x48,0x89,0x43,0x10,0x48,0x83,0xc4,0x18,0xb8,
    0x01,0x00,0x00,0x00,0x5b,0x5d,0x41,0x5c,0x41,0x5d,0x41,0x5e,0x41,0x5f,0xc3,0x90,
    0x41,0x57,0x41,0x56,0x41,0x55,0x41,0x54,0x49,0x89,0xd4,0x55,0x48,0x89,0xcd,0x53,
    0x48,0x83,0xec,0x68,0x48,0x89,0x74,0x24,0x18,0x4c,0x89,0x4c,0x24,0x10,0x48,0x83,
    0xff,0x01,0x0f,0x84,0xb0,0x00,0x00,0x00,0x48,0x83,0xff,0x02,0x74,0x12,0x31,0xc0,
    0x48,0x83,0xc4,0x68,0x5b,0x5d,0x41,0x5c,0x41,0x5d,0x41,0x5e,0x41,0x5f,0xc3,0x90,
    0x48,0x8d,0x42,0xff,0x48,0x3d,0xfe,0xff,0xff,0x7f,0x77,0xe2,0x49,0x8d,0x40,0xff,
    0x48,0x3d,0xfe,0xff,0xff,0x7f,0x77,0xd6,0x8b,0x94,0x24,0xa0,0x00,0x00,0x00,0x31,
    0xc0,0x48,0x8d,0x74,0x24,0x20,0x48,0x8d,0x7c,0x24,0x30,0xc7,0x05,0x4b,0x10,0x00,
    0x00,0x00,0x00,0x00,0x00,0x85,0xd2,0x48,0x89,0x4c,0x24,0x30,0x0f,0x94,0xc0,0x4c,
    0x01,0xc5,0x44,0x89,0x64,0x24,0x28,0x89,0x05,0x37,0x10,0x00,0x00,0x48,0x8b,0x44,
    0x24,0x10,0x48,0x89,0x6c,0x24,0x38,0x48,0x89,0x44,0x24,0x40,0x48,0x8b,0x44,0x24,
    0x18,0xc7,0x44,0x24,0x2c,0x00,0x00,0x00,0x00,0x48,0x89,0x44,0x24,0x20,0xe8,0x3d,
    0xfc,0xff,0xff,0x85,0xc0,0x0f,0x8e,0x73,0xff,0xff,0xff,0x48,0x63,0x54,0x24,0x2c,
    0x41,0x39,0xd4,0x7e,0x09,0x48,0x8b,0x4c,0x24,0x20,0xc6,0x04,0x11,0x00,0x48,0x98,
    0xe9,0x5b,0xff,0xff,0xff,0x0f,0x1f,0x00,0x48,0x8d,0x42,0xff,0x48,0x3d,0xfe,0xff,
    0xff,0x7f,0x0f,0x87,0x53,0x01,0x00,0x00,0x49,0x81,0xf8,0xff,0xff,0xff,0x7f,0x0f,
    0x87,0x46,0x01,0x00,0x00,0x31,0xc0,0x4e,0x8d,0x6c,0x05,0x00,0x48,0x89,0x6c,0x24,
    0x30,0x49,0x89,0xee,0x8b,0x8c,0x24,0xa0,0x00,0x00,0x00,0x4c,0x89,0x6c,0x24,0x38,
    0x4c,0x89,0x4c,0x24,0x40,0x85,0xc9,0xc7,0x44,0x24,0x28,0x00,0x00,0x00,0x00,0x48,
    0xc7,0x44,0x24,0x20,0x00,0x00,0x00,0x00,0x0f,0x94,0xc0,0x89,0x05,0x93,0x0f,0x00,
    0x00,0x8b,0x84,0x24,0xa8,0x00,0x00,0x00,0x83,0xe0,0x01,0x89,0x05,0x7f,0x0f,0x00,
    0x00,0x4c,0x39,0xed,0x73,0x62,0x48,0x8d,0x44,0x24,0x30,0x31,0xdb,0x4c,0x8d,0x7c,
    0x24,0x20,0x48,0x89,0x44,0x24,0x08,0x66,0x0f,0x1f,0x84,0x00,0x00,0x00,0x00,0x00,
    0x48,0x8b,0x7c,0x24,0x08,0x4c,0x89,0xfe,0xc7,0x44,0x24,0x2c,0x00,0x00,0x00,0x00,
    0xe8,0x7b,0xfb,0xff,0xff,0x85,0xc0,0x48,0x8b,0x44,0x24,0x30,0x7f,0x0f,0x48,0x83,
    0xc0,0x01,0x48,0x83,0x44,0x24,0x40,0x01,0x48,0x89,0x44,0x24,0x30,0x48,0x63,0x4c,
    0x24,0x2c,0x48,0x01,0xcb,0x48,0x3b,0x44,0x24,0x38,0x72,0xc4,0x48,0x89,0xd8,0x49,
    0x39,0xdc,0x0f,0x82,0x88,0xfe,0xff,0xff,0x48,0x8b,0x44,0x24,0x10,0x48,0x89,0x6c,
    0x24,0x30,0x48,0x8d,0x5c,0x24,0x20,0x4c,0x89,0x6c,0x24,0x38,0x48,0x89,0x44,0x24,
    0x40,0x48,0x8b,0x44,0x24,0x18,0x44,0x89,0x64,0x24,0x28,0x48,0x89,0x44,0x24,0x20,
    0xc7,0x44,0x24,0x2c,0x00,0x00,0x00,0x00,0xeb,0x21,0x66,0x0f,0x1f,0x44,0x00,0x00,
    0x48,0x8d,0x7c,0x24,0x30,0x48,0x89,0xde,0xe8,0x03,0xfb,0xff,0xff,0x85,0xc0,0x7e,
    0x2f,0x4c,0x8b,0x74,0x24,0x30,0x4c,0x8b,0x6c,0x24,0x38,0x4d,0x39,0xee,0x72,0xe0,
    0x48,0x63,0x44,0x24,0x2c,0x41,0x39,0xc4,0x0f,0x8e,0x20,0xfe,0xff,0xff,0x48,0x8b,
    0x54,0x24,0x20,0xc6,0x04,0x02,0x00,0xe9,0x12,0xfe,0xff,0xff,0x0f,0x1f,0x40,0x00,
    0x48,0x8b,0x44,0x24,0x30,0x48,0x83,0x44,0x24,0x40,0x01,0x4c,0x8b,0x6c,0x24,0x38,
    0x4c,0x8d,0x70,0x01,0x4c,0x89,0x74,0x24,0x30,0xeb,0xc0,0x48,0xc7,0xc0,0xff,0xff,
    0xff,0xff,0xe9,0xe9,0xfd,0xff,0xff,0x00,0x00,0x00,0x00,0x00,0x00,0x00,0x00,0x00,
    0x72,0x69,0x70,0x00,0x2c,0x20,0x31,0x00,0x2c,0x20,0x63,0x6c,0x00,0x24,0x31,0x2c,
    0x20,0x00,0x25,0x63,0x6c,0x2c,0x20,0x00,0x74,0x65,0x73,0x74,0x20,0x00,0x2c,0x20,
    0x25,0x61,0x6c,0x00,0x2c,0x20,0x25,0x00,0x73,0x79,0x73,0x63,0x61,0x6c,0x6c,0x00,
    0x73,0x79,0x73,0x72,0x65,0x74,0x00,0x75,0x64,0x32,0x00,0x6e,0x6f,0x70,0x00,0x72,
    0x64,0x74,0x73,0x63,0x00,0x73,0x79,0x73,0x65,0x6e,0x74,0x65,0x72,0x00,0x73,0x79,
    0x73,0x65,0x78,0x69,0x74,0x00,0x63,0x70,0x75,0x69,0x64,0x00,0x63,0x6d,0x70,0x78,
    0x63,0x68,0x67,0x20,0x00,0x78,0x61,0x64,0x64,0x20,0x00,0x69,0x6d,0x75,0x6c,0x20,
    0x00,0x6d,0x6f,0x76,0x7a,0x78,0x20,0x00,0x6d,0x6f,0x76,0x73,0x78,0x20,0x00,0x6c,
    0x7a,0x63,0x6e,0x74,0x20,0x00,0x74,0x7a,0x63,0x6e,0x74,0x20,0x00,0x62,0x73,0x72,
    0x20,0x00,0x62,0x73,0x66,0x20,0x00,0x62,0x73,0x77,0x61,0x70,0x20,0x00,0x73,0x69,
    0x64,0x74,0x00,0x6c,0x6d,0x73,0x77,0x00,0x73,0x6d,0x73,0x77,0x00,0x6c,0x69,0x64,
    0x74,0x00,0x6c,0x67,0x64,0x74,0x00,0x73,0x67,0x64,0x74,0x00,0x70,0x75,0x73,0x68,
    0x20,0x00,0x70,0x6f,0x70,0x20,0x00,0x6d,0x6f,0x76,0x20,0x00,0x6c,0x65,0x61,0x20,
    0x00,0x63,0x64,0x71,0x65,0x00,0x63,0x77,0x64,0x65,0x00,0x63,0x71,0x6f,0x00,0x63,
    0x64,0x71,0x00,0x2c,0x20,0x5b,0x00,0x5d,0x2c,0x20,0x00,0x6d,0x6f,0x76,0x73,0x62,
    0x00,0x6d,0x6f,0x76,0x73,0x71,0x00,0x6d,0x6f,0x76,0x73,0x6c,0x00,0x63,0x6d,0x70,
    0x73,0x62,0x00,0x63,0x6d,0x70,0x73,0x71,0x00,0x63,0x6d,0x70,0x73,0x6c,0x00,0x73,
    0x74,0x6f,0x73,0x62,0x00,0x73,0x74,0x6f,0x73,0x71,0x00,0x73,0x74,0x6f,0x73,0x6c,
    0x00,0x6c,0x6f,0x64,0x73,0x62,0x00,0x6c,0x6f,0x64,0x73,0x71,0x00,0x6c,0x6f,0x64,
    0x73,0x6c,0x00,0x73,0x63,0x61,0x73,0x62,0x00,0x73,0x63,0x61,0x73,0x71,0x00,0x73,
    0x63,0x61,0x73,0x6c,0x00,0x74,0x65,0x73,0x74,0x20,0x61,0x6c,0x2c,0x20,0x00,0x74,
    0x65,0x73,0x74,0x20,0x24,0x00,0x6d,0x6f,0x76,0x62,0x20,0x24,0x00,0x6d,0x6f,0x76,
    0x71,0x20,0x24,0x00,0x72,0x65,0x74,0x20,0x30,0x78,0x00,0x72,0x65,0x74,0x20,0x24,
    0x00,0x6d,0x6f,0x76,0x00,0x6c,0x65,0x61,0x76,0x65,0x00,0x69,0x6e,0x74,0x33,0x00,
    0x69,0x6e,0x74,0x20,0x30,0x78,0x00,0x63,0x61,0x6c,0x6c,0x20,0x30,0x78,0x00,0x6a,
    0x6d,0x70,0x20,0x30,0x78,0x00,0x69,0x6e,0x20,0x61,0x6c,0x2c,0x20,0x64,0x78,0x00,
    0x69,0x6e,0x20,0x65,0x61,0x78,0x2c,0x20,0x64,0x78,0x00,0x6f,0x75,0x74,0x20,0x64,
    0x78,0x2c,0x20,0x61,0x6c,0x00,0x6f,0x75,0x74,0x20,0x64,0x78,0x2c,0x20,0x65,0x61,
    0x78,0x00,0x68,0x6c,0x74,0x00,0x63,0x6d,0x63,0x00,0x63,0x6c,0x63,0x00,0x73,0x74,
    0x63,0x00,0x63,0x6c,0x69,0x00,0x73,0x74,0x69,0x00,0x63,0x6c,0x64,0x00,0x73,0x74,
    0x64,0x00,0x6d,0x6f,0x76,0x73,0x78,0x64,0x20,0x00,0x3a,0x20,0x00,0x64,0x62,0x20,
    0x30,0x78,0x00,0x00,0x00,0x00,0x00,0x00,0x00,0x00,0x00,0x00,0x00,0x00,0x00,0x00,
    0x80,0xba,0xff,0xff,0x4e,0xc7,0xff,0xff,0x80,0xba,0xff,0xff,0x80,0xba,0xff,0xff,
    0x80,0xba,0xff,0xff,0xde,0xc6,0xff,0xff,0x80,0xba,0xff,0xff,0xa6,0xc6,0xff,0xff,
    0x80,0xba,0xff,0xff,0x80,0xba,0xff,0xff,0x80,0xba,0xff,0xff,0x70,0xc6,0xff,0xff,
    0x80,0xba,0xff,0xff,0x80,0xba,0xff,0xff,0x80,0xba,0xff,0xff,0x80,0xba,0xff,0xff,
    0x80,0xba,0xff,0xff,0x80,0xba,0xff,0xff,0x80,0xba,0xff,0xff,0x80,0xba,0xff,0xff,
    0x80,0xba,0xff,0xff,0x80,0xba,0xff,0xff,0x80,0xba,0xff,0xff,0x80,0xba,0xff,0xff,
    0x80,0xba,0xff,0xff,0x80,0xba,0xff,0xff,0x80,0xba,0xff,0xff,0x80,0xba,0xff,0xff,
    0x80,0xba,0xff,0xff,0x80,0xba,0xff,0xff,0x80,0xba,0xff,0xff,0xf6,0xc5,0xff,0xff,
    0x80,0xba,0xff,0xff,0x80,0xba,0xff,0xff,0x80,0xba,0xff,0xff,0x80,0xba,0xff,0xff,
    0x80,0xba,0xff,0xff,0x80,0xba,0xff,0xff,0x80,0xba,0xff,0xff,0x80,0xba,0xff,0xff,
    0x80,0xba,0xff,0xff,0x80,0xba,0xff,0xff,0x80,0xba,0xff,0xff,0x80,0xba,0xff,0xff,
    0x80,0xba,0xff,0xff,0x80,0xba,0xff,0xff,0x80,0xba,0xff,0xff,0x80,0xba,0xff,0xff,
    0x80,0xba,0xff,0xff,0xbe,0xc5,0xff,0xff,0x80,0xba,0xff,0xff,0x80,0xba,0xff,0xff,
    0x86,0xc5,0xff,0xff,0x4e,0xc5,0xff,0xff,0x80,0xba,0xff,0xff,0x80,0xba,0xff,0xff,
    0x80,0xba,0xff,0xff,0x80,0xba,0xff,0xff,0x80,0xba,0xff,0xff,0x80,0xba,0xff,0xff,
    0x80,0xba,0xff,0xff,0x80,0xba,0xff,0xff,0x80,0xba,0xff,0xff,0x80,0xba,0xff,0xff,
    0x30,0xbc,0xff,0xff,0x30,0xbc,0xff,0xff,0x30,0xbc,0xff,0xff,0x30,0xbc,0xff,0xff,
    0x30,0xbc,0xff,0xff,0x30,0xbc,0xff,0xff,0x30,0xbc,0xff,0xff,0x30,0xbc,0xff,0xff,
    0x30,0xbc,0xff,0xff,0x30,0xbc,0xff,0xff,0x30,0xbc,0xff,0xff,0x30,0xbc,0xff,0xff,
    0x30,0xbc,0xff,0xff,0x30,0xbc,0xff,0xff,0x30,0xbc,0xff,0xff,0x30,0xbc,0xff,0xff,
    0x80,0xba,0xff,0xff,0x80,0xba,0xff,0xff,0x80,0xba,0xff,0xff,0x80,0xba,0xff,0xff,
    0x80,0xba,0xff,0xff,0x80,0xba,0xff,0xff,0x80,0xba,0xff,0xff,0x80,0xba,0xff,0xff,
    0x80,0xba,0xff,0xff,0x80,0xba,0xff,0xff,0x80,0xba,0xff,0xff,0x80,0xba,0xff,0xff,
    0x80,0xba,0xff,0xff,0x80,0xba,0xff,0xff,0x80,0xba,0xff,0xff,0x80,0xba,0xff,0xff,
    0x80,0xba,0xff,0xff,0x80,0xba,0xff,0xff,0x80,0xba,0xff,0xff,0x80,0xba,0xff,0xff,
    0x80,0xba,0xff,0xff,0x80,0xba,0xff,0xff,0x80,0xba,0xff,0xff,0x80,0xba,0xff,0xff,
    0x80,0xba,0xff,0xff,0x80,0xba,0xff,0xff,0x80,0xba,0xff,0xff,0x80,0xba,0xff,0xff,
    0x80,0xba,0xff,0xff,0x80,0xba,0xff,0xff,0x80,0xba,0xff,0xff,0x80,0xba,0xff,0xff,
    0x80,0xba,0xff,0xff,0x80,0xba,0xff,0xff,0x80,0xba,0xff,0xff,0x80,0xba,0xff,0xff,
    0x80,0xba,0xff,0xff,0x80,0xba,0xff,0xff,0x80,0xba,0xff,0xff,0x80,0xba,0xff,0xff,
    0x80,0xba,0xff,0xff,0x80,0xba,0xff,0xff,0x80,0xba,0xff,0xff,0x80,0xba,0xff,0xff,
    0x80,0xba,0xff,0xff,0x80,0xba,0xff,0xff,0x80,0xba,0xff,0xff,0x80,0xba,0xff,0xff,
    0x30,0xbb,0xff,0xff,0x30,0xbb,0xff,0xff,0x30,0xbb,0xff,0xff,0x30,0xbb,0xff,0xff,
    0x30,0xbb,0xff,0xff,0x30,0xbb,0xff,0xff,0x30,0xbb,0xff,0xff,0x30,0xbb,0xff,0xff,
    0x30,0xbb,0xff,0xff,0x30,0xbb,0xff,0xff,0x30,0xbb,0xff,0xff,0x30,0xbb,0xff,0xff,
    0x30,0xbb,0xff,0xff,0x30,0xbb,0xff,0xff,0x30,0xbb,0xff,0xff,0x30,0xbb,0xff,0xff,
    0x90,0xba,0xff,0xff,0x90,0xba,0xff,0xff,0x90,0xba,0xff,0xff,0x90,0xba,0xff,0xff,
    0x90,0xba,0xff,0xff,0x90,0xba,0xff,0xff,0x90,0xba,0xff,0xff,0x90,0xba,0xff,0xff,
    0x90,0xba,0xff,0xff,0x90,0xba,0xff,0xff,0x90,0xba,0xff,0xff,0x90,0xba,0xff,0xff,
    0x90,0xba,0xff,0xff,0x90,0xba,0xff,0xff,0x90,0xba,0xff,0xff,0x90,0xba,0xff,0xff,
    0x80,0xba,0xff,0xff,0x80,0xba,0xff,0xff,0x16,0xc7,0xff,0xff,0xb0,0xbd,0xff,0xff,
    0x80,0xba,0xff,0xff,0x80,0xba,0xff,0xff,0x80,0xba,0xff,0xff,0x80,0xba,0xff,0xff,
    0x80,0xba,0xff,0xff,0x80,0xba,0xff,0xff,0x80,0xba,0xff,0xff,0xb0,0xbd,0xff,0xff,
    0x80,0xba,0xff,0xff,0x80,0xba,0xff,0xff,0x80,0xba,0xff,0xff,0x06,0xc9,0xff,0xff,
    0x80,0xba,0xff,0xff,0xc8,0xc7,0xff,0xff,0x80,0xba,0xff,0xff,0xb0,0xbd,0xff,0xff,
    0x80,0xba,0xff,0xff,0x80,0xba,0xff,0xff,0x60,0xbf,0xff,0xff,0x60,0xbf,0xff,0xff,
    0x80,0xba,0xff,0xff,0x80,0xba,0xff,0xff,0x16,0xc3,0xff,0xff,0xb0,0xbd,0xff,0xff,
    0x4d,0xc2,0xff,0xff,0x4d,0xc2,0xff,0xff,0x60,0xbf,0xff,0xff,0x60,0xbf,0xff,0xff,
    0xf2,0xc0,0xff,0xff,0xf2,0xc0,0xff,0xff,0x80,0xba,0xff,0xff,0x80,0xba,0xff,0xff,
    0x80,0xba,0xff,0xff,0x80,0xba,0xff,0xff,0x80,0xba,0xff,0xff,0x80,0xba,0xff,0xff,
    0x20,0xbd,0xff,0xff,0x20,0xbd,0xff,0xff,0x20,0xbd,0xff,0xff,0x20,0xbd,0xff,0xff,
    0x20,0xbd,0xff,0xff,0x20,0xbd,0xff,0xff,0x20,0xbd,0xff,0xff,0x20,0xbd,0xff,0xff,
    0x06,0xc8,0xff,0xff,0x6a,0xc7,0xff,0xff,0x61,0xc7,0xff,0xff,0xf6,0xc6,0xff,0xff,
    0x1e,0xc8,0xff,0xff,0x40,0xb7,0xff,0xff,0x12,0xc8,0xff,0xff,0x4a,0xdd,0xff,0xff,
    0x34,0xcb,0xff,0xff,0x34,0xcb,0xff,0xff,0x34,0xcb,0xff,0xff,0x34,0xcb,0xff,0xff,
    0x34,0xcb,0xff,0xff,0x34,0xcb,0xff,0xff,0x34,0xcb,0xff,0xff,0x34,0xcb,0xff,0xff,
    0x34,0xcb,0xff,0xff,0x34,0xcb,0xff,0xff,0x34,0xcb,0xff,0xff,0x34,0xcb,0xff,0xff,
    0x34,0xcb,0xff,0xff,0x34,0xcb,0xff,0xff,0x34,0xcb,0xff,0xff,0x34,0xcb,0xff,0xff,
    0x34,0xcb,0xff,0xff,0x34,0xcb,0xff,0xff,0x34,0xcb,0xff,0xff,0x34,0xcb,0xff,0xff,
    0x34,0xcb,0xff,0xff,0x34,0xcb,0xff,0xff,0x34,0xcb,0xff,0xff,0x34,0xcb,0xff,0xff,
    0x34,0xcb,0xff,0xff,0x34,0xcb,0xff,0xff,0x34,0xcb,0xff,0xff,0x34,0xcb,0xff,0xff,
    0x34,0xcb,0xff,0xff,0x34,0xcb,0xff,0xff,0x34,0xcb,0xff,0xff,0x34,0xcb,0xff,0xff,
    0x34,0xcb,0xff,0xff,0x34,0xcb,0xff,0xff,0x34,0xcb,0xff,0xff,0x34,0xcb,0xff,0xff,
    0x34,0xcb,0xff,0xff,0x34,0xcb,0xff,0xff,0x34,0xcb,0xff,0xff,0x34,0xcb,0xff,0xff,
    0x34,0xcb,0xff,0xff,0x34,0xcb,0xff,0xff,0x34,0xcb,0xff,0xff,0x34,0xcb,0xff,0xff,
    0x34,0xcb,0xff,0xff,0x34,0xcb,0xff,0xff,0x34,0xcb,0xff,0xff,0x34,0xcb,0xff,0xff,
    0x34,0xcb,0xff,0xff,0x34,0xcb,0xff,0xff,0x34,0xcb,0xff,0xff,0x34,0xcb,0xff,0xff,
    0x34,0xcb,0xff,0xff,0x34,0xcb,0xff,0xff,0x34,0xcb,0xff,0xff,0x34,0xcb,0xff,0xff,
    0x34,0xcb,0xff,0xff,0x34,0xcb,0xff,0xff,0x34,0xcb,0xff,0xff,0x34,0xcb,0xff,0xff,
    0x34,0xcb,0xff,0xff,0x34,0xcb,0xff,0xff,0x34,0xcb,0xff,0xff,0x34,0xcb,0xff,0xff,
    0x04,0xce,0xff,0xff,0x04,0xce,0xff,0xff,0x04,0xce,0xff,0xff,0x04,0xce,0xff,0xff,
    0x04,0xce,0xff,0xff,0x04,0xce,0xff,0xff,0x04,0xce,0xff,0xff,0x04,0xce,0xff,0xff,
    0x74,0xcd,0xff,0xff,0x74,0xcd,0xff,0xff,0x74,0xcd,0xff,0xff,0x74,0xcd,0xff,0xff,
    0x74,0xcd,0xff,0xff,0x74,0xcd,0xff,0xff,0x74,0xcd,0xff,0xff,0x74,0xcd,0xff,0xff,
    0x34,0xcb,0xff,0xff,0x34,0xcb,0xff,0xff,0x34,0xcb,0xff,0xff,0x1c,0xd9,0xff,0xff,
    0x34,0xcb,0xff,0xff,0x34,0xcb,0xff,0xff,0x34,0xcb,0xff,0xff,0x34,0xcb,0xff,0xff,
    0x2c,0xda,0xff,0xff,0x12,0xd7,0xff,0xff,0x4a,0xe5,0xff,0xff,0x12,0xd7,0xff,0xff,
    0x34,0xcb,0xff,0xff,0x34,0xcb,0xff,0xff,0x34,0xcb,0xff,0xff,0x34,0xcb,0xff,0xff,
    0x4c,0xcb,0xff,0xff,0x4c,0xcb,0xff,0xff,0x4c,0xcb,0xff,0xff,0x4c,0xcb,0xff,0xff,
    0x4c,0xcb,0xff,0xff,0x4c,0xcb,0xff,0xff,0x4c,0xcb,0xff,0xff,0x4c,0xcb,0xff,0xff,
    0x4c,0xcb,0xff,0xff,0x4c,0xcb,0xff,0xff,0x4c,0xcb,0xff,0xff,0x4c,0xcb,0xff,0xff,
    0x4c,0xcb,0xff,0xff,0x4c,0xcb,0xff,0xff,0x4c,0xcb,0xff,0xff,0x4c,0xcb,0xff,0xff,
    0x04,0xd3,0xff,0xff,0x04,0xd3,0xff,0xff,0x04,0xd3,0xff,0xff,0x04,0xd3,0xff,0xff,
    0xd1,0xd5,0xff,0xff,0xd1,0xd5,0xff,0xff,0x20,0xd3,0xff,0xff,0x20,0xd3,0xff,0xff,
    0x95,0xd1,0xff,0xff,0x95,0xd1,0xff,0xff,0x95,0xd1,0xff,0xff,0x95,0xd1,0xff,0xff,
    0x4a,0xe2,0xff,0xff,0x3f,0xe0,0xff,0xff,0x92,0xe3,0xff,0xff,0x5a,0xe9,0xff,0xff,
    0xd9,0xe9,0xff,0xff,0x34,0xcb,0xff,0xff,0x34,0xcb,0xff,0xff,0x34,0xcb,0xff,0xff,
    0x34,0xcb,0xff,0xff,0x34,0xcb,0xff,0xff,0x34,0xcb,0xff,0xff,0x34,0xcb,0xff,0xff,
    0x12,0xea,0xff,0xff,0x5a,0xea,0xff,0xff,0x34,0xcb,0xff,0xff,0x34,0xcb,0xff,0xff,
    0x34,0xcb,0xff,0xff,0x34,0xcb,0xff,0xff,0x34,0xcb,0xff,0xff,0x34,0xcb,0xff,0xff,
    0xb8,0xcf,0xff,0xff,0xb8,0xcf,0xff,0xff,0xb8,0xcf,0xff,0xff,0xb8,0xcf,0xff,0xff,
    0xea,0xde,0xff,0xff,0x80,0xdd,0xff,0xff,0xca,0xdd,0xff,0xff,0xbf,0xe5,0xff,0xff,
    0x0a,0xe6,0xff,0xff,0xae,0xe6,0xff,0xff,0x1b,0xe8,0xff,0xff,0x5a,0xe8,0xff,0xff,
    0xa2,0xe8,0xff,0xff,0xda,0xe8,0xff,0xff,0x22,0xe9,0xff,0xff,0x4a,0xe3,0xff,0xff,
    0x94,0xce,0xff,0xff,0x94,0xce,0xff,0xff,0x94,0xce,0xff,0xff,0x94,0xce,0xff,0xff,
    0x94,0xce,0xff,0xff,0x94,0xce,0xff,0xff,0x94,0xce,0xff,0xff,0x94,0xce,0xff,0xff,
    0x34,0xcc,0xff,0xff,0x34,0xcc,0xff,0xff,0x34,0xcc,0xff,0xff,0x34,0xcc,0xff,0xff,
    0x34,0xcc,0xff,0xff,0x34,0xcc,0xff,0xff,0x34,0xcc,0xff,0xff,0x34,0xcc,0xff,0xff,
    0x9c,0xcf,0xff,0xff,0x9c,0xcf,0xff,0xff,0x02,0xde,0xff,0xff,0x7a,0xde,0xff,0xff,
    0x34,0xcb,0xff,0xff,0x34,0xcb,0xff,0xff,0x8b,0xd4,0xff,0xff,0x8b,0xd4,0xff,0xff,
    0x34,0xcb,0xff,0xff,0xb2,0xde,0xff,0xff,0x34,0xcb,0xff,0xff,0x34,0xcb,0xff,0xff,
    0x88,0xdb,0xff,0xff,0xa8,0xda,0xff,0xff,0x34,0xcb,0xff,0xff,0x34,0xcb,0xff,0xff,
    0x9c,0xcf,0xff,0xff,0x9c,0xcf,0xff,0xff,0x9c,0xcf,0xff,0xff,0x9c,0xcf,0xff,0xff,
    0x34,0xcb,0xff,0xff,0x34,0xcb,0xff,0xff,0x34,0xcb,0xff,0xff,0x34,0xcb,0xff,0xff,
    0x34,0xcb,0xff,0xff,0x34,0xcb,0xff,0xff,0x34,0xcb,0xff,0xff,0x34,0xcb,0xff,0xff,
    0x34,0xcb,0xff,0xff,0x34,0xcb,0xff,0xff,0x34,0xcb,0xff,0xff,0x34,0xcb,0xff,0xff,
    0x34,0xcb,0xff,0xff,0x34,0xcb,0xff,0xff,0x34,0xcb,0xff,0xff,0x34,0xcb,0xff,0xff,
    0x34,0xcb,0xff,0xff,0x34,0xcb,0xff,0xff,0x34,0xcb,0xff,0xff,0x34,0xcb,0xff,0xff,
    0x08,0xdb,0xff,0xff,0xc2,0xdb,0xff,0xff,0x34,0xcb,0xff,0xff,0x3a,0xdc,0xff,0xff,
    0xa5,0xdc,0xff,0xff,0xda,0xdc,0xff,0xff,0x12,0xdd,0xff,0xff,0xa5,0xe4,0xff,0xff,
    0x34,0xcb,0xff,0xff,0x34,0xcb,0xff,0xff,0x34,0xcb,0xff,0xff,0x34,0xcb,0xff,0xff,
    0xda,0xe4,0xff,0xff,0x12,0xe5,0xff,0xff,0xb5,0xd5,0xff,0xff,0xb5,0xd5,0xff,0xff,
    0x6a,0xe1,0xff,0xff,0x12,0xe2,0xff,0xff,0xa2,0xe1,0xff,0xff,0xda,0xe1,0xff,0xff,
    0x22,0xdf,0xff,0xff,0x5a,0xdf,0xff,0xff,0x92,0xdf,0xff,0xff,0xf6,0xdf,0xff,0xff,
    0x70,0xe7,0xff,0xff,0x4d,0xe7,0xff,0xff,0x28,0xe7,0xff,0xff,0x70,0xc7,0xff,0xff,
    0x03,0xe7,0xff,0xff,0x70,0xc7,0xff,0xff,0xde,0xe6,0xff,0xff,0x00,0x00,0x00,0x00,
    0x72,0x61,0x78,0x00,0x00,0x00,0x00,0x00,0x61,0x78,0x00,0x00,0x00,0x00,0x00,0x00,
    0x65,0x61,0x78,0x00,0x00,0x00,0x00,0x00,0x00,0x00,0x00,0x00,0x00,0x00,0x00,0x00,
    0x69,0x6e,0x63,0x00,0x00,0x00,0x00,0x00,0x64,0x65,0x63,0x00,0x00,0x00,0x00,0x00,
    0x63,0x61,0x6c,0x6c,0x00,0x00,0x00,0x00,0x63,0x61,0x6c,0x6c,0x00,0x00,0x00,0x00,
    0x6a,0x6d,0x70,0x00,0x00,0x00,0x00,0x00,0x6a,0x6d,0x70,0x00,0x00,0x00,0x00,0x00,
    0x70,0x75,0x73,0x68,0x00,0x00,0x00,0x00,0x00,0x00,0x00,0x00,0x00,0x00,0x00,0x00,
    0x00,0x00,0x00,0x00,0x00,0x00,0x00,0x00,0x00,0x00,0x00,0x00,0x00,0x00,0x00,0x00,
    0x6e,0x6f,0x74,0x00,0x00,0x00,0x00,0x00,0x6e,0x65,0x67,0x00,0x00,0x00,0x00,0x00,
    0x6d,0x75,0x6c,0x00,0x00,0x00,0x00,0x00,0x69,0x6d,0x75,0x6c,0x00,0x00,0x00,0x00,
    0x64,0x69,0x76,0x00,0x00,0x00,0x00,0x00,0x69,0x64,0x69,0x76,0x00,0x00,0x00,0x00,
    0x62,0x74,0x00,0x00,0x00,0x00,0x00,0x00,0x62,0x74,0x73,0x00,0x00,0x00,0x00,0x00,
    0x62,0x74,0x72,0x00,0x00,0x00,0x00,0x00,0x62,0x74,0x63,0x00,0x00,0x00,0x00,0x00,
    0x72,0x6f,0x6c,0x00,0x00,0x00,0x00,0x00,0x72,0x6f,0x72,0x00,0x00,0x00,0x00,0x00,
    0x72,0x63,0x6c,0x00,0x00,0x00,0x00,0x00,0x72,0x63,0x72,0x00,0x00,0x00,0x00,0x00,
    0x73,0x68,0x6c,0x00,0x00,0x00,0x00,0x00,0x73,0x68,0x72,0x00,0x00,0x00,0x00,0x00,
    0x73,0x61,0x72,0x00,0x00,0x00,0x00,0x00,0x73,0x61,0x72,0x00,0x00,0x00,0x00,0x00,
    0x63,0x6d,0x6f,0x76,0x6f,0x00,0x00,0x00,0x63,0x6d,0x6f,0x76,0x6e,0x6f,0x00,0x00,
    0x63,0x6d,0x6f,0x76,0x62,0x00,0x00,0x00,0x63,0x6d,0x6f,0x76,0x61,0x65,0x00,0x00,
    0x63,0x6d,0x6f,0x76,0x65,0x00,0x00,0x00,0x63,0x6d,0x6f,0x76,0x6e,0x65,0x00,0x00,
    0x63,0x6d,0x6f,0x76,0x62,0x65,0x00,0x00,0x63,0x6d,0x6f,0x76,0x61,0x00,0x00,0x00,
    0x63,0x6d,0x6f,0x76,0x73,0x00,0x00,0x00,0x63,0x6d,0x6f,0x76,0x6e,0x73,0x00,0x00,
    0x63,0x6d,0x6f,0x76,0x70,0x00,0x00,0x00,0x63,0x6d,0x6f,0x76,0x6e,0x70,0x00,0x00,
    0x63,0x6d,0x6f,0x76,0x6c,0x00,0x00,0x00,0x63,0x6d,0x6f,0x76,0x67,0x65,0x00,0x00,
    0x63,0x6d,0x6f,0x76,0x6c,0x65,0x00,0x00,0x63,0x6d,0x6f,0x76,0x67,0x00,0x00,0x00,
    0x73,0x65,0x74,0x6f,0x00,0x00,0x00,0x00,0x73,0x65,0x74,0x6e,0x6f,0x00,0x00,0x00,
    0x73,0x65,0x74,0x62,0x00,0x00,0x00,0x00,0x73,0x65,0x74,0x61,0x65,0x00,0x00,0x00,
    0x73,0x65,0x74,0x65,0x00,0x00,0x00,0x00,0x73,0x65,0x74,0x6e,0x65,0x00,0x00,0x00,
    0x73,0x65,0x74,0x62,0x65,0x00,0x00,0x00,0x73,0x65,0x74,0x61,0x00,0x00,0x00,0x00,
    0x73,0x65,0x74,0x73,0x00,0x00,0x00,0x00,0x73,0x65,0x74,0x6e,0x73,0x00,0x00,0x00,
    0x73,0x65,0x74,0x70,0x00,0x00,0x00,0x00,0x73,0x65,0x74,0x6e,0x70,0x00,0x00,0x00,
    0x73,0x65,0x74,0x6c,0x00,0x00,0x00,0x00,0x73,0x65,0x74,0x67,0x65,0x00,0x00,0x00,
    0x73,0x65,0x74,0x6c,0x65,0x00,0x00,0x00,0x73,0x65,0x74,0x67,0x00,0x00,0x00,0x00,
    0x6a,0x6f,0x00,0x00,0x00,0x00,0x00,0x00,0x6a,0x6e,0x6f,0x00,0x00,0x00,0x00,0x00,
    0x6a,0x62,0x00,0x00,0x00,0x00,0x00,0x00,0x6a,0x61,0x65,0x00,0x00,0x00,0x00,0x00,
    0x6a,0x65,0x00,0x00,0x00,0x00,0x00,0x00,0x6a,0x6e,0x65,0x00,0x00,0x00,0x00,0x00,
    0x6a,0x62,0x65,0x00,0x00,0x00,0x00,0x00,0x6a,0x61,0x00,0x00,0x00,0x00,0x00,0x00,
    0x6a,0x73,0x00,0x00,0x00,0x00,0x00,0x00,0x6a,0x6e,0x73,0x00,0x00,0x00,0x00,0x00,
    0x6a,0x70,0x00,0x00,0x00,0x00,0x00,0x00,0x6a,0x6e,0x70,0x00,0x00,0x00,0x00,0x00,
    0x6a,0x6c,0x00,0x00,0x00,0x00,0x00,0x00,0x6a,0x67,0x65,0x00,0x00,0x00,0x00,0x00,
    0x6a,0x6c,0x65,0x00,0x00,0x00,0x00,0x00,0x6a,0x67,0x00,0x00,0x00,0x00,0x00,0x00,
    0x61,0x64,0x64,0x00,0x00,0x00,0x00,0x00,0x6f,0x72,0x00,0x00,0x00,0x00,0x00,0x00,
    0x61,0x64,0x63,0x00,0x00,0x00,0x00,0x00,0x73,0x62,0x62,0x00,0x00,0x00,0x00,0x00,
    0x61,0x6e,0x64,0x00,0x00,0x00,0x00,0x00,0x73,0x75,0x62,0x00,0x00,0x00,0x00,0x00,
    0x78,0x6f,0x72,0x00,0x00,0x00,0x00,0x00,0x63,0x6d,0x70,0x00,0x00,0x00,0x00,0x00,
    0x65,0x73,0x00,0x00,0x00,0x00,0x00,0x00,0x63,0x73,0x00,0x00,0x00,0x00,0x00,0x00,
    0x73,0x73,0x00,0x00,0x00,0x00,0x00,0x00,0x64,0x73,0x00,0x00,0x00,0x00,0x00,0x00,
    0x66,0x73,0x00,0x00,0x00,0x00,0x00,0x00,0x67,0x73,0x00,0x00,0x00,0x00,0x00,0x00,
    0x00,0x00,0x00,0x00,0x00,0x00,0x00,0x00,0x00,0x00,0x00,0x00,0x00,0x00,0x00,0x00,
    0x61,0x68,0x00,0x00,0x00,0x00,0x00,0x00,0x63,0x68,0x00,0x00,0x00,0x00,0x00,0x00,
    0x64,0x68,0x00,0x00,0x00,0x00,0x00,0x00,0x62,0x68,0x00,0x00,0x00,0x00,0x00,0x00,
    0x61,0x6c,0x00,0x00,0x00,0x00,0x00,0x00,0x63,0x6c,0x00,0x00,0x00,0x00,0x00,0x00,
    0x64,0x6c,0x00,0x00,0x00,0x00,0x00,0x00,0x62,0x6c,0x00,0x00,0x00,0x00,0x00,0x00,
    0x73,0x70,0x6c,0x00,0x00,0x00,0x00,0x00,0x62,0x70,0x6c,0x00,0x00,0x00,0x00,0x00,
    0x73,0x69,0x6c,0x00,0x00,0x00,0x00,0x00,0x64,0x69,0x6c,0x00,0x00,0x00,0x00,0x00,
    0x72,0x38,0x62,0x00,0x00,0x00,0x00,0x00,0x72,0x39,0x62,0x00,0x00,0x00,0x00,0x00,
    0x72,0x31,0x30,0x62,0x00,0x00,0x00,0x00,0x72,0x31,0x31,0x62,0x00,0x00,0x00,0x00,
    0x72,0x31,0x32,0x62,0x00,0x00,0x00,0x00,0x72,0x31,0x33,0x62,0x00,0x00,0x00,0x00,
    0x72,0x31,0x34,0x62,0x00,0x00,0x00,0x00,0x72,0x31,0x35,0x62,0x00,0x00,0x00,0x00,
    0x61,0x78,0x00,0x00,0x00,0x00,0x00,0x00,0x63,0x78,0x00,0x00,0x00,0x00,0x00,0x00,
    0x64,0x78,0x00,0x00,0x00,0x00,0x00,0x00,0x62,0x78,0x00,0x00,0x00,0x00,0x00,0x00,
    0x73,0x70,0x00,0x00,0x00,0x00,0x00,0x00,0x62,0x70,0x00,0x00,0x00,0x00,0x00,0x00,
    0x73,0x69,0x00,0x00,0x00,0x00,0x00,0x00,0x64,0x69,0x00,0x00,0x00,0x00,0x00,0x00,
    0x72,0x38,0x77,0x00,0x00,0x00,0x00,0x00,0x72,0x39,0x77,0x00,0x00,0x00,0x00,0x00,
    0x72,0x31,0x30,0x77,0x00,0x00,0x00,0x00,0x72,0x31,0x31,0x77,0x00,0x00,0x00,0x00,
    0x72,0x31,0x32,0x77,0x00,0x00,0x00,0x00,0x72,0x31,0x33,0x77,0x00,0x00,0x00,0x00,
    0x72,0x31,0x34,0x77,0x00,0x00,0x00,0x00,0x72,0x31,0x35,0x77,0x00,0x00,0x00,0x00,
    0x65,0x61,0x78,0x00,0x00,0x00,0x00,0x00,0x65,0x63,0x78,0x00,0x00,0x00,0x00,0x00,
    0x65,0x64,0x78,0x00,0x00,0x00,0x00,0x00,0x65,0x62,0x78,0x00,0x00,0x00,0x00,0x00,
    0x65,0x73,0x70,0x00,0x00,0x00,0x00,0x00,0x65,0x62,0x70,0x00,0x00,0x00,0x00,0x00,
    0x65,0x73,0x69,0x00,0x00,0x00,0x00,0x00,0x65,0x64,0x69,0x00,0x00,0x00,0x00,0x00,
    0x72,0x38,0x64,0x00,0x00,0x00,0x00,0x00,0x72,0x39,0x64,0x00,0x00,0x00,0x00,0x00,
    0x72,0x31,0x30,0x64,0x00,0x00,0x00,0x00,0x72,0x31,0x31,0x64,0x00,0x00,0x00,0x00,
    0x72,0x31,0x32,0x64,0x00,0x00,0x00,0x00,0x72,0x31,0x33,0x64,0x00,0x00,0x00,0x00,
    0x72,0x31,0x34,0x64,0x00,0x00,0x00,0x00,0x72,0x31,0x35,0x64,0x00,0x00,0x00,0x00,
    0x72,0x61,0x78,0x00,0x00,0x00,0x00,0x00,0x72,0x63,0x78,0x00,0x00,0x00,0x00,0x00,
    0x72,0x64,0x78,0x00,0x00,0x00,0x00,0x00,0x72,0x62,0x78,0x00,0x00,0x00,0x00,0x00,
    0x72,0x73,0x70,0x00,0x00,0x00,0x00,0x00,0x72,0x62,0x70,0x00,0x00,0x00,0x00,0x00,
    0x72,0x73,0x69,0x00,0x00,0x00,0x00,0x00,0x72,0x64,0x69,0x00,0x00,0x00,0x00,0x00,
    0x72,0x38,0x00,0x00,0x00,0x00,0x00,0x00,0x72,0x39,0x00,0x00,0x00,0x00,0x00,0x00,
    0x31,0x30,0x00,0x00,0x00,0x00,0x00,0x00,0x72,0x31,0x31,0x00,0x00,0x00,0x00,0x00,
    0x72,0x31,0x32,0x00,0x00,0x00,0x00,0x00,0x72,0x31,0x33,0x00,0x00,0x00,0x00,0x00,
    0x72,0x31,0x34,0x00,0x00,0x00,0x00,0x00,0x72,0x31,0x35,0x00,0x00,0x00,0x00,0x00,
    0xff,0xff,0xff,0xff,0xff,0xff,0xff,0xff,0x01,0x00,0x00,0x00,0x00,0x00,0x00,0x00,
    0x01,0x00,0x00,0x00,0x01,0x00,0x00,0x00,
};
static constexpr uint32_t kDsBlobSize = 29432;
