// Auto-generated by tools/gen_asm_blob.sh - DO NOT EDIT
// Position-independent freestanding x86-64 assembler blob
// generated from tools/asmrt.asm. The array already covers the
// assembler's .bss arena, so it is written verbatim and entered
// with `call rel32`.
#pragma once
#include <cstdint>

// Entry-point offsets into the blob (VMA = blob offset).
static constexpr uint32_t kAsm__bss_end = 0x8870;
static constexpr uint32_t kAsm__bss_start = 0x4b00;
static constexpr uint32_t kAsmAsm_entry = 0x27;
static constexpr uint32_t kAsmAsm_run = 0x279;
static constexpr uint32_t kAsmAsmf_alu = 0x25e6;
static constexpr uint32_t kAsmAsmf_at_eol = 0x5d4;
static constexpr uint32_t kAsmAsmf_check_syms = 0x890;
static constexpr uint32_t kAsmAsmf_clear_stamps = 0x3eb;
static constexpr uint32_t kAsmAsmf_data = 0x292d;
static constexpr uint32_t kAsmAsmf_digit_val = 0xb2e;
static constexpr uint32_t kAsmAsmf_emit_b = 0x1b88;
static constexpr uint32_t kAsmAsmf_emit_disp = 0x1c22;
static constexpr uint32_t kAsmAsmf_emit_immval = 0x223a;
static constexpr uint32_t kAsmAsmf_emit_insn = 0x29d7;
static constexpr uint32_t kAsmAsmf_emit_insn_go = 0x2a14;
static constexpr uint32_t kAsmAsmf_emit_mem = 0x1c9c;
static constexpr uint32_t kAsmAsmf_emit_modrm = 0x1c1c;
static constexpr uint32_t kAsmAsmf_emit_n = 0x1bb3;
static constexpr uint32_t kAsmAsmf_emit_reg_imm = 0x22a0;
static constexpr uint32_t kAsmAsmf_emit_rel32 = 0x224c;
static constexpr uint32_t kAsmAsmf_emit_rex = 0x1be7;
static constexpr uint32_t kAsmAsmf_emit_rm_imm = 0x245f;
static constexpr uint32_t kAsmAsmf_emit_size_prefix = 0x1c0f;
static constexpr uint32_t kAsmAsmf_emit_str = 0x2993;
static constexpr uint32_t kAsmAsmf_enc = 0x21a4;
static constexpr uint32_t kAsmAsmf_err_code = 0x1d;
static constexpr uint32_t kAsmAsmf_error = 0x0;
static constexpr uint32_t kAsmAsmf_expr_account = 0x19ba;
static constexpr uint32_t kAsmAsmf_expr_term = 0x19ff;
static constexpr uint32_t kAsmAsmf_find_mnem = 0x1106;
static constexpr uint32_t kAsmAsmf_format_error = 0xf9;
static constexpr uint32_t kAsmAsmf_h_alu = 0x30aa;
static constexpr uint32_t kAsmAsmf_h_bsfbsr = 0x36ac;
static constexpr uint32_t kAsmAsmf_h_bswap = 0x3725;
static constexpr uint32_t kAsmAsmf_h_bt = 0x3770;
static constexpr uint32_t kAsmAsmf_h_call = 0x347d;
static constexpr uint32_t kAsmAsmf_h_cmovcc = 0x35a1;
static constexpr uint32_t kAsmAsmf_h_cmpxchg = 0x3622;
static constexpr uint32_t kAsmAsmf_h_data = 0x386c;
static constexpr uint32_t kAsmAsmf_h_imul = 0x31f6;
static constexpr uint32_t kAsmAsmf_h_incdec = 0x33a4;
static constexpr uint32_t kAsmAsmf_h_int = 0x3858;
static constexpr uint32_t kAsmAsmf_h_jcc = 0x352c;
static constexpr uint32_t kAsmAsmf_h_jmp = 0x33f2;
static constexpr uint32_t kAsmAsmf_h_lea = 0x2db7;
static constexpr uint32_t kAsmAsmf_h_leave = 0x3524;
static constexpr uint32_t kAsmAsmf_h_loop = 0x36e9;
static constexpr uint32_t kAsmAsmf_h_misc = 0x3852;
static constexpr uint32_t kAsmAsmf_h_mov = 0x2c16;
static constexpr uint32_t kAsmAsmf_h_movsx = 0x2d68;
static constexpr uint32_t kAsmAsmf_h_movsxd = 0x2d86;
static constexpr uint32_t kAsmAsmf_h_movzx = 0x2d4a;
static constexpr uint32_t kAsmAsmf_h_nop = 0x3813;
static constexpr uint32_t kAsmAsmf_h_pop = 0x300d;
static constexpr uint32_t kAsmAsmf_h_popcnt = 0x3664;
static constexpr uint32_t kAsmAsmf_h_push = 0x2f1c;
static constexpr uint32_t kAsmAsmf_h_ret = 0x34ff;
static constexpr uint32_t kAsmAsmf_h_setcc = 0x3577;
static constexpr uint32_t kAsmAsmf_h_shift = 0x33ec;
static constexpr uint32_t kAsmAsmf_h_test = 0x30b0;
static constexpr uint32_t kAsmAsmf_h_tzcnt = 0x36a3;
static constexpr uint32_t kAsmAsmf_h_unary = 0x31ba;
static constexpr uint32_t kAsmAsmf_h_xadd = 0x35e0;
static constexpr uint32_t kAsmAsmf_h_xchg = 0x2e02;
static constexpr uint32_t kAsmAsmf_is_alpha = 0x533;
static constexpr uint32_t kAsmAsmf_is_digit = 0x520;
static constexpr uint32_t kAsmAsmf_is_idchar = 0x54b;
static constexpr uint32_t kAsmAsmf_is_idstart = 0x583;
static constexpr uint32_t kAsmAsmf_is_label_here = 0xf5d;
static constexpr uint32_t kAsmAsmf_is_space = 0x4ff;
static constexpr uint32_t kAsmAsmf_keyeq = 0x61e;
static constexpr uint32_t kAsmAsmf_mem_disp = 0x1eae;
static constexpr uint32_t kAsmAsmf_misc = 0x28f8;
static constexpr uint32_t kAsmAsmf_movx_common = 0x253e;
static constexpr uint32_t kAsmAsmf_op = 0x1f2b;
static constexpr uint32_t kAsmAsmf_op_clear = 0x117c;
static constexpr uint32_t kAsmAsmf_op_flags = 0x1ffd;
static constexpr uint32_t kAsmAsmf_op_is_imm = 0x202c;
static constexpr uint32_t kAsmAsmf_op_is_mem = 0x2046;
static constexpr uint32_t kAsmAsmf_op_is_reg = 0x2012;
static constexpr uint32_t kAsmAsmf_op_kind = 0x1fe9;
static constexpr uint32_t kAsmAsmf_op_reg = 0x1f98;
static constexpr uint32_t kAsmAsmf_op_size = 0x1f3d;
static constexpr uint32_t kAsmAsmf_op_val = 0x1faf;
static constexpr uint32_t kAsmAsmf_parse_expr = 0x18e0;
static constexpr uint32_t kAsmAsmf_parse_line = 0xc0d;
static constexpr uint32_t kAsmAsmf_parse_mem = 0x1613;
static constexpr uint32_t kAsmAsmf_parse_number = 0x8e1;
static constexpr uint32_t kAsmAsmf_parse_operand = 0x11ab;
static constexpr uint32_t kAsmAsmf_parse_quoted = 0xb59;
static constexpr uint32_t kAsmAsmf_put_dec = 0x205;
static constexpr uint32_t kAsmAsmf_put_reason = 0x23f;
static constexpr uint32_t kAsmAsmf_putc = 0x1e8;
static constexpr uint32_t kAsmAsmf_putn = 0x1a3;
static constexpr uint32_t kAsmAsmf_puts = 0x1ce;
static constexpr uint32_t kAsmAsmf_reg_match = 0x159e;
static constexpr uint32_t kAsmAsmf_rel8_ok = 0x226c;
static constexpr uint32_t kAsmAsmf_rex_bits = 0x2060;
static constexpr uint32_t kAsmAsmf_run_pass = 0x444;
static constexpr uint32_t kAsmAsmf_scale_log2 = 0x1f07;
static constexpr uint32_t kAsmAsmf_scan_ident = 0x5f6;
static constexpr uint32_t kAsmAsmf_scope_name = 0x671;
static constexpr uint32_t kAsmAsmf_shift = 0x2801;
static constexpr uint32_t kAsmAsmf_skip_eol = 0x4d2;
static constexpr uint32_t kAsmAsmf_skip_space = 0x5aa;
static constexpr uint32_t kAsmAsmf_sym_define = 0x825;
static constexpr uint32_t kAsmAsmf_sym_here = 0x1882;
static constexpr uint32_t kAsmAsmf_sym_intern = 0x6e1;
static constexpr uint32_t kAsmAsmf_sym_lookup = 0x79c;
static constexpr uint32_t kAsmAsmf_sym_val = 0x80e;
static constexpr uint32_t kAsmAsmf_syms_hash = 0x414;
static constexpr uint32_t kAsmAsmf_syms_reset = 0x3a0;
static constexpr uint32_t kAsmAsmf_take_label = 0x1009;
static constexpr uint32_t kAsmAsmf_try_directive = 0xe5e;
static constexpr uint32_t kAsmAsmf_try_number = 0x1b24;
static constexpr uint32_t kAsmAsmf_try_reg = 0x147d;
static constexpr uint32_t kAsmAsmf_try_rel = 0x1870;
static constexpr uint32_t kAsmAsmf_try_size = 0x13f2;
static constexpr uint32_t kAsmG_alu_base = 0x4bd0;
static constexpr uint32_t kAsmG_alu_grp = 0x4bcc;
static constexpr uint32_t kAsmG_cap = 0x4b18;
static constexpr uint32_t kAsmG_cur = 0x4b50;
static constexpr uint32_t kAsmG_depth = 0x4c64;
static constexpr uint32_t kAsmG_desc_0f = 0x4ba4;
static constexpr uint32_t kAsmG_desc_forcerex = 0x4ba8;
static constexpr uint32_t kAsmG_desc_opcode = 0x4ba0;
static constexpr uint32_t kAsmG_disp_kind = 0x4c18;
static constexpr uint32_t kAsmG_dst = 0x4b10;
static constexpr uint32_t kAsmG_enc_form = 0x4bb4;
static constexpr uint32_t kAsmG_enc_reg = 0x4bb0;
static constexpr uint32_t kAsmG_enc_rm = 0x4bac;
static constexpr uint32_t kAsmG_end = 0x4b58;
static constexpr uint32_t kAsmG_err = 0x4b40;
static constexpr uint32_t kAsmG_errname = 0x4b44;
static constexpr uint32_t kAsmG_errnamelen = 0x4b4c;
static constexpr uint32_t kAsmG_expr_first = 0x4c58;
static constexpr uint32_t kAsmG_expr_net = 0x4c5c;
static constexpr uint32_t kAsmG_expr_sign = 0x4c60;
static constexpr uint32_t kAsmG_expr_sym = 0x4c54;
static constexpr uint32_t kAsmG_firstlab = 0x4b68;
static constexpr uint32_t kAsmG_fmtcur = 0x4b90;
static constexpr uint32_t kAsmG_fmtend = 0x4b98;
static constexpr uint32_t kAsmG_hi8_any = 0x4bf4;
static constexpr uint32_t kAsmG_htmp = 0x4c28;
static constexpr uint32_t kAsmG_id_digit = 0x4bd4;
static constexpr uint32_t kAsmG_immval = 0x4bb8;
static constexpr uint32_t kAsmG_imul_immop = 0x4be0;
static constexpr uint32_t kAsmG_imul_rm = 0x4bdc;
static constexpr uint32_t kAsmG_iter = 0x4c1c;
static constexpr uint32_t kAsmG_labels = 0x4b60;
static constexpr uint32_t kAsmG_labels_tab = 0x56a0;
static constexpr uint32_t kAsmG_line = 0x4b3c;
static constexpr uint32_t kAsmG_maxops = 0x4c98;
static constexpr uint32_t kAsmG_minops = 0x4c94;
static constexpr uint32_t kAsmG_mnem_idx = 0x4c8c;
static constexpr uint32_t kAsmG_mnembuf = 0x4c84;
static constexpr uint32_t kAsmG_mnemonic_id = 0x4c90;
static constexpr uint32_t kAsmG_movx_op = 0x4bc8;
static constexpr uint32_t kAsmG_namelen = 0x4b64;
static constexpr uint32_t kAsmG_names = 0x76a0;
static constexpr uint32_t kAsmG_nametmp = 0x876c;
static constexpr uint32_t kAsmG_need_sib = 0x4c14;
static constexpr uint32_t kAsmG_nops = 0x4b6c;
static constexpr uint32_t kAsmG_op_size = 0x4c4c;
static constexpr uint32_t kAsmG_oprec = 0x4c50;
static constexpr uint32_t kAsmG_ops = 0x54a0;
static constexpr uint32_t kAsmG_org = 0x4b20;
static constexpr uint32_t kAsmG_out = 0x4b28;
static constexpr uint32_t kAsmG_param = 0x4b70;
static constexpr uint32_t kAsmG_paren_first = 0x4c68;
static constexpr uint32_t kAsmG_paren_net = 0x4c6c;
static constexpr uint32_t kAsmG_paren_val = 0x4c70;
static constexpr uint32_t kAsmG_pass = 0x4b38;
static constexpr uint32_t kAsmG_pos = 0x4b30;
static constexpr uint32_t kAsmG_prevhash = 0x4c20;
static constexpr uint32_t kAsmG_reg_flags = 0x4c80;
static constexpr uint32_t kAsmG_reg_num = 0x4c78;
static constexpr uint32_t kAsmG_reg_size = 0x4c7c;
static constexpr uint32_t kAsmG_rel_target = 0x4bc0;
static constexpr uint32_t kAsmG_reloc = 0x4c30;
static constexpr uint32_t kAsmG_ri_32 = 0x4c00;
static constexpr uint32_t kAsmG_ri_base = 0x4bf8;
static constexpr uint32_t kAsmG_ri_index = 0x4bfc;
static constexpr uint32_t kAsmG_rip_patch = 0x4be4;
static constexpr uint32_t kAsmG_rip_target = 0x4bec;
static constexpr uint32_t kAsmG_rm_base = 0x4c04;
static constexpr uint32_t kAsmG_rm_force = 0x4c10;
static constexpr uint32_t kAsmG_rm_low = 0x4c08;
static constexpr uint32_t kAsmG_rm_reg = 0x4c0c;
static constexpr uint32_t kAsmG_scopebuf = 0x86a4;
static constexpr uint32_t kAsmG_scopelen = 0x86a0;
static constexpr uint32_t kAsmG_sh_digit = 0x4bd8;
static constexpr uint32_t kAsmG_size1 = 0x4b88;
static constexpr uint32_t kAsmG_sizehint = 0x4b74;
static constexpr uint32_t kAsmG_src = 0x4b00;
static constexpr uint32_t kAsmG_srclen = 0x4b08;
static constexpr uint32_t kAsmG_strbuf = 0x4c9c;
static constexpr uint32_t kAsmG_strend = 0x4b80;
static constexpr uint32_t kAsmG_strfill = 0x549c;
static constexpr uint32_t kAsmG_strlen = 0x4c2c;
static constexpr uint32_t kAsmG_strptr = 0x4b78;
static constexpr uint32_t kAsmG_times_from = 0x4c44;
static constexpr uint32_t kAsmG_times_left = 0x4c3c;
static constexpr uint32_t kAsmG_tokend = 0x4c34;

static constexpr uint32_t kAsmBlobEntry = kAsmAsm_entry;
static const uint8_t kAsmBlob[] = {
    0x83,0x3d,0x39,0x4b,0x00,0x00,0x00,0x75,0x13,0x89,0x3d,0x31,0x4b,0x00,0x00,0x48,
    0x89,0x35,0x2e,0x4b,0x00,0x00,0x89,0x15,0x30,0x4b,0x00,0x00,0xc3,0x31,0xf6,0x31,
    0xd2,0xe8,0xda,0xff,0xff,0xff,0xc3,0x53,0x55,0x41,0x54,0x41,0x55,0x41,0x56,0x41,
    0x57,0x48,0x83,0xec,0x08,0x41,0x89,0xfc,0x4d,0x89,0xc7,0x4c,0x89,0x0d,0xde,0x4a,
    0x00,0x00,0x41,0x83,0xfc,0x02,0x74,0x6c,0x41,0x83,0xfc,0x01,0x74,0x17,0x41,0x83,
    0xfc,0x03,0x74,0x0c,0x48,0xc7,0xc0,0xff,0xff,0xff,0xff,0xe9,0x8a,0x00,0x00,0x00,
    0xba,0x00,0x00,0x00,0x00,0x48,0x85,0xc9,0x74,0x37,0x4d,0x85,0xff,0x74,0x23,0x48,
    0x89,0x35,0x9a,0x4a,0x00,0x00,0x48,0x89,0x15,0x9b,0x4a,0x00,0x00,0x48,0x89,0x0d,
    0x7c,0x4a,0x00,0x00,0x4c,0x89,0x3d,0x7d,0x4a,0x00,0x00,0xe8,0xe9,0x01,0x00,0x00,
    0xeb,0x58,0x48,0xc7,0x05,0xa3,0x4a,0x00,0x00,0x00,0x00,0x00,0x00,0x31,0xc0,0xeb,
    0x49,0xbf,0x01,0x00,0x00,0x00,0xe8,0x72,0xff,0xff,0xff,0x48,0xc7,0xc0,0xff,0xff,
    0xff,0xff,0xeb,0x36,0x48,0x85,0xd2,0x74,0x2d,0x48,0x85,0xf6,0x74,0x28,0x49,0x89,
    0xf4,0x48,0x89,0xf0,0x48,0x01,0xd0,0x48,0x89,0x35,0xc2,0x4a,0x00,0x00,0x48,0x89,
    0x05,0xc3,0x4a,0x00,0x00,0xe8,0x1f,0x00,0x00,0x00,0x48,0x8b,0x05,0xaf,0x4a,0x00,
    0x00,0x4c,0x29,0xe0,0xeb,0x04,0x31,0xc0,0xeb,0x00,0x48,0x83,0xc4,0x08,0x41,0x5f,
    0x41,0x5e,0x41,0x5d,0x41,0x5c,0x5d,0x5b,0xc3,0x53,0x48,0x8b,0x1d,0x8f,0x4a,0x00,
    0x00,0x83,0x3d,0x38,0x4a,0x00,0x00,0x00,0x0f,0x84,0x85,0x00,0x00,0x00,0x48,0x8d,
    0x3d,0xce,0x49,0x00,0x00,0xe8,0xb4,0x00,0x00,0x00,0xe8,0xe6,0x00,0x00,0x00,0x48,
    0x8d,0x3d,0xc3,0x49,0x00,0x00,0xe8,0xa3,0x00,0x00,0x00,0x8b,0x3d,0x0f,0x4a,0x00,
    0x00,0xe8,0x09,0x01,0x00,0x00,0x48,0x8b,0x05,0x07,0x4a,0x00,0x00,0x48,0x85,0xc0,
    0x74,0x29,0x83,0x3d,0x03,0x4a,0x00,0x00,0x00,0x74,0x20,0x48,0x8d,0x3d,0x9a,0x49,
    0x00,0x00,0xe8,0x77,0x00,0x00,0x00,0x48,0x8b,0x3d,0xe6,0x49,0x00,0x00,0x8b,0x35,
    0xe8,0x49,0x00,0x00,0xe8,0x3a,0x00,0x00,0x00,0xeb,0x00,0x48,0x8b,0x05,0x1e,0x4a,
    0x00,0x00,0x48,0x8b,0x0d,0x1f,0x4a,0x00,0x00,0x48,0x39,0xc8,0x72,0x06,0x48,0x89,
    0xc8,0x48,0xff,0xc8,0xc6,0x00,0x00,0x48,0x8b,0x05,0x02,0x4a,0x00,0x00,0x48,0x29,
    0xd8,0x5b,0xc3,0x48,0x3b,0x1d,0xfe,0x49,0x00,0x00,0x73,0x03,0xc6,0x03,0x00,0x31,
    0xc0,0x5b,0xc3,0x53,0x41,0x54,0x41,0x55,0x48,0x89,0xfb,0x49,0x89,0xf4,0x45,0x31,
    0xed,0x45,0x39,0xe5,0x73,0x12,0x42,0x8a,0x04,0x2b,0xe8,0x29,0x00,0x00,0x00,0x73,
    0x02,0xeb,0x05,0x41,0xff,0xc5,0xeb,0xe9,0x41,0x5d,0x41,0x5c,0x5b,0xc3,0x53,0x48,
    0x89,0xfb,0x8a,0x03,0x84,0xc0,0x74,0x0e,0xe8,0x0b,0x00,0x00,0x00,0x73,0x02,0xeb,
    0x05,0x48,0xff,0xc3,0xeb,0xec,0x5b,0xc3,0x48,0x8b,0x0d,0xa1,0x49,0x00,0x00,0x48,
    0x3b,0x0d,0xa2,0x49,0x00,0x00,0x73,0x0b,0x88,0x01,0x48,0xff,0x05,0x8f,0x49,0x00,
    0x00,0xf8,0xc3,0xf9,0xc3,0x53,0x8b,0x05,0x30,0x49,0x00,0x00,0x85,0xc0,0x75,0x09,
    0xb0,0x30,0xe8,0xd1,0xff,0xff,0xff,0xeb,0x24,0xbb,0x0a,0x00,0x00,0x00,0x45,0x31,
    0xc0,0x31,0xd2,0xf7,0xf3,0x80,0xc2,0x30,0x52,0x41,0xff,0xc0,0x85,0xc0,0x75,0xf1,
    0x5a,0x88,0xd0,0xe8,0xb0,0xff,0xff,0xff,0x41,0xff,0xc8,0x75,0xf3,0x5b,0xc3,0x53,
    0x41,0x54,0x41,0x55,0x4c,0x8d,0x25,0x02,0x47,0x00,0x00,0x49,0x89,0xfb,0x49,0xc1,
    0xe3,0x04,0x4d,0x01,0xdc,0x41,0x8b,0x0c,0x24,0x45,0x8b,0x6c,0x24,0x04,0x48,0x8d,
    0x1d,0xc8,0x47,0x00,0x00,0x48,0x01,0xcb,0x48,0x89,0xdf,0x4c,0x89,0xee,0xe8,0x30,
    0xff,0xff,0xff,0x41,0x5d,0x41,0x5c,0x5b,0xc3,0xc7,0x05,0x1d,0x84,0x00,0x00,0x00,
    0x00,0x00,0x00,0xc7,0x05,0xd7,0x48,0x00,0x00,0x00,0x00,0x00,0x00,0xc7,0x05,0xd1,
    0x48,0x00,0x00,0x00,0x00,0x00,0x00,0xc7,0x05,0x9f,0x48,0x00,0x00,0x00,0x00,0x00,
    0x00,0xc7,0x05,0xa1,0x48,0x00,0x00,0x00,0x00,0x00,0x00,0x48,0xc7,0x05,0x8e,0x48,
    0x00,0x00,0x00,0x00,0x00,0x00,0xc7,0x05,0x5c,0x49,0x00,0x00,0x00,0x00,0x00,0x00,
    0xc7,0x05,0x9a,0x49,0x00,0x00,0x00,0x00,0x00,0x00,0x48,0xc7,0x05,0x4b,0x49,0x00,
    0x00,0x00,0x00,0x00,0x00,0xe8,0xc6,0x00,0x00,0x00,0xc7,0x05,0x54,0x48,0x00,0x00,
    0x01,0x00,0x00,0x00,0xc7,0x05,0x4e,0x48,0x00,0x00,0x01,0x00,0x00,0x00,0xc7,0x05,
    0x70,0x48,0x00,0x00,0x00,0x00,0x00,0x00,0xe8,0xee,0x00,0x00,0x00,0xe8,0x42,0x01,
    0x00,0x00,0x83,0x3d,0x37,0x48,0x00,0x00,0x00,0x0f,0x85,0x89,0x00,0x00,0x00,0xe8,
    0x00,0x01,0x00,0x00,0x48,0x3b,0x05,0x05,0x49,0x00,0x00,0x74,0x18,0x48,0x89,0x05,
    0xfc,0x48,0x00,0x00,0xff,0x05,0xf2,0x48,0x00,0x00,0x83,0x3d,0xeb,0x48,0x00,0x00,
    0x08,0x73,0x02,0xeb,0xa5,0x48,0x8b,0x05,0xf4,0x47,0x00,0x00,0x48,0x89,0x05,0x45,
    0x48,0x00,0x00,0xc7,0x05,0xef,0x47,0x00,0x00,0x01,0x00,0x00,0x00,0xc7,0x05,0xe1,
    0x47,0x00,0x00,0x02,0x00,0x00,0x00,0xe8,0xe8,0x00,0x00,0x00,0x83,0x3d,0xdd,0x47,
    0x00,0x00,0x00,0x75,0x33,0x48,0x8b,0x05,0xc4,0x47,0x00,0x00,0x48,0x8b,0x1d,0x15,
    0x48,0x00,0x00,0x48,0x39,0xd8,0x75,0x16,0xe8,0x13,0x05,0x00,0x00,0x83,0x3d,0xbc,
    0x47,0x00,0x00,0x00,0x75,0x12,0x48,0x8b,0x05,0xa3,0x47,0x00,0x00,0xc3,0xbf,0x0b,
    0x00,0x00,0x00,0xe8,0x85,0xfc,0xff,0xff,0x48,0xc7,0xc0,0xff,0xff,0xff,0xff,0xc3,
    0x31,0xc9,0x3b,0x0d,0xb8,0x47,0x00,0x00,0x73,0x2c,0x89,0xc8,0x48,0x8d,0x15,0xed,
    0x52,0x00,0x00,0x49,0x89,0xc3,0x49,0xc1,0xe3,0x05,0x4c,0x01,0xda,0xc7,0x42,0x0c,
    0x00,0x00,0x00,0x00,0xc7,0x42,0x14,0x00,0x00,0x00,0x00,0x48,0xc7,0x02,0x00,0x00,
    0x00,0x00,0xff,0xc1,0xeb,0xcc,0xc7,0x05,0x80,0x47,0x00,0x00,0x00,0x00,0x00,0x00,
    0xc7,0x05,0x7a,0x47,0x00,0x00,0x00,0x00,0x00,0x00,0xc3,0x31,0xc9,0x3b,0x0d,0x6d,
    0x47,0x00,0x00,0x73,0x1e,0x89,0xc8,0x48,0x8d,0x15,0xa2,0x52,0x00,0x00,0x49,0x89,
    0xc3,0x49,0xc1,0xe3,0x05,0x4c,0x01,0xda,0xc7,0x42,0x0c,0x00,0x00,0x00,0x00,0xff,
    0xc1,0xeb,0xda,0xc3,0x53,0x31,0xdb,0x31,0xc9,0x3b,0x0d,0x41,0x47,0x00,0x00,0x73,
    0x1e,0x89,0xc8,0x48,0x8d,0x15,0x76,0x52,0x00,0x00,0x49,0x89,0xc3,0x49,0xc1,0xe3,
    0x05,0x4c,0x01,0xda,0xd1,0xc3,0x48,0x03,0x1a,0x01,0xcb,0xff,0xc1,0xeb,0xda,0x48,
    0x89,0xd8,0x5b,0xc3,0xc7,0x05,0x52,0x82,0x00,0x00,0x00,0x00,0x00,0x00,0xc7,0x05,
    0x44,0x50,0x00,0x00,0x00,0x00,0x00,0x00,0x48,0xc7,0x05,0xcd,0x46,0x00,0x00,0x00,
    0x00,0x00,0x00,0x83,0x3d,0xce,0x46,0x00,0x00,0x02,0x75,0x10,0x48,0x8b,0x05,0x9d,
    0x46,0x00,0x00,0x48,0x89,0x05,0xae,0x46,0x00,0x00,0xeb,0x0b,0x48,0xc7,0x05,0xa1,
    0x46,0x00,0x00,0x00,0x00,0x00,0x00,0x48,0x8b,0x1d,0x72,0x46,0x00,0x00,0x48,0x89,
    0x1d,0xbb,0x46,0x00,0x00,0x48,0x8b,0x05,0x6c,0x46,0x00,0x00,0x48,0x01,0xd8,0x48,
    0x89,0x05,0xb2,0x46,0x00,0x00,0x48,0x39,0xd8,0x77,0x01,0xc3,0x48,0x8b,0x1d,0x9d,
    0x46,0x00,0x00,0x48,0x3b,0x1d,0x9e,0x46,0x00,0x00,0x73,0x15,0xe8,0x4c,0x07,0x00,
    0x00,0x83,0x3d,0x78,0x46,0x00,0x00,0x00,0x75,0x07,0xe8,0x03,0x00,0x00,0x00,0xeb,
    0xdb,0xc3,0x4c,0x8b,0x1d,0x77,0x46,0x00,0x00,0x4c,0x8b,0x15,0x78,0x46,0x00,0x00,
    0x4d,0x39,0xd3,0x73,0x12,0x41,0x8a,0x03,0x49,0xff,0xc3,0x3c,0x0a,0x74,0x02,0xeb,
    0xef,0xff,0x05,0x45,0x46,0x00,0x00,0x4c,0x89,0x1d,0x52,0x46,0x00,0x00,0xc3,0x3c,
    0x20,0x74,0x12,0x3c,0x09,0x74,0x0e,0x3c,0x0d,0x74,0x0a,0x3c,0x0b,0x74,0x06,0x3c,
    0x0c,0x74,0x02,0xeb,0x08,0xb8,0x01,0x00,0x00,0x00,0x09,0xc0,0xc3,0x31,0xc0,0xc3,
    0x3c,0x30,0x72,0x04,0x3c,0x39,0x76,0x03,0x31,0xc0,0xc3,0xb8,0x01,0x00,0x00,0x00,
    0x09,0xc0,0xc3,0x50,0x0c,0x20,0x3c,0x61,0x72,0x04,0x3c,0x7a,0x76,0x04,0x58,0x31,
    0xc0,0xc3,0x58,0xb8,0x01,0x00,0x00,0x00,0x09,0xc0,0xc3,0x53,0x88,0xc3,0xe8,0xe0,
    0xff,0xff,0xff,0x75,0x21,0x88,0xd8,0xe8,0xc4,0xff,0xff,0xff,0x75,0x18,0x88,0xd8,
    0x3c,0x5f,0x74,0x12,0x3c,0x2e,0x74,0x0e,0x3c,0x24,0x74,0x0a,0x3c,0x40,0x74,0x06,
    0x3c,0x3f,0x74,0x02,0xeb,0x09,0x5b,0xb8,0x01,0x00,0x00,0x00,0x09,0xc0,0xc3,0x5b,
    0x31,0xc0,0xc3,0x53,0x88,0xc3,0xe8,0xa8,0xff,0xff,0xff,0x75,0x10,0x88,0xd8,0x3c,
    0x5f,0x74,0x0a,0x3c,0x2e,0x74,0x06,0x3c,0x24,0x74,0x02,0xeb,0x09,0x5b,0xb8,0x01,
    0x00,0x00,0x00,0x09,0xc0,0xc3,0x5b,0x31,0xc0,0xc3,0x4c,0x8b,0x1d,0x9f,0x45,0x00,
    0x00,0x4c,0x8b,0x15,0xa0,0x45,0x00,0x00,0x4d,0x39,0xd3,0x73,0x0f,0x41,0x8a,0x03,
    0xe8,0x3a,0xff,0xff,0xff,0x74,0x05,0x49,0xff,0xc3,0xeb,0xec,0x4c,0x89,0x1d,0x7d,
    0x45,0x00,0x00,0xc3,0x4c,0x8b,0x1d,0x75,0x45,0x00,0x00,0x4c,0x3b,0x1d,0x76,0x45,
    0x00,0x00,0x73,0x0e,0x41,0x8a,0x03,0x84,0xc0,0x74,0x0a,0x3c,0x0a,0x74,0x06,0x3c,
    0x3b,0xc3,0x31,0xc0,0xc3,0xc3,0x49,0x89,0xfb,0x4c,0x8b,0x15,0x58,0x45,0x00,0x00,
    0x4d,0x39,0xd3,0x73,0x0f,0x41,0x8a,0x03,0xe8,0x3e,0xff,0xff,0xff,0x74,0x05,0x49,
    0xff,0xc3,0xeb,0xec,0x4c,0x89,0xde,0x4c,0x89,0xd8,0x48,0x29,0xf8,0xc3,0x4c,0x8b,
    0x1d,0x2b,0x45,0x00,0x00,0x4c,0x8b,0x15,0x2c,0x45,0x00,0x00,0x31,0xc9,0x4c,0x39,
    0xc1,0x73,0x19,0x4c,0x89,0xda,0x48,0x01,0xca,0x4c,0x39,0xd2,0x73,0x31,0x8a,0x04,
    0x0f,0x41,0x3a,0x04,0x0b,0x75,0x28,0x48,0xff,0xc1,0xeb,0xe2,0x4c,0x89,0xda,0x48,
    0x01,0xca,0x4c,0x39,0xd2,0x73,0x0f,0x41,0x8a,0x04,0x0b,0x84,0xc0,0x74,0x07,0xe8,
    0xe7,0xfe,0xff,0xff,0x75,0x09,0x4c,0x01,0x05,0xe3,0x44,0x00,0x00,0xf9,0xc3,0xf8,
    0xc3,0x48,0x83,0xfe,0x01,0x76,0x69,0x80,0x3f,0x2e,0x75,0x64,0x44,0x8b,0x15,0x1d,
    0x80,0x00,0x00,0x45,0x85,0xd2,0x74,0x58,0x49,0x8d,0x04,0x32,0x48,0x3d,0x04,0x01,
    0x00,0x00,0x73,0x4c,0x4c,0x8d,0x05,0x09,0x80,0x00,0x00,0x4c,0x8d,0x0d,0xca,0x80,
    0x00,0x00,0x45,0x31,0xdb,0x45,0x39,0xd3,0x73,0x0d,0x43,0x8a,0x04,0x18,0x43,0x88,
    0x04,0x19,0x41,0xff,0xc3,0xeb,0xee,0x4d,0x31,0xdb,0x49,0x39,0xf3,0x73,0x11,0x4b,
    0x8d,0x0c,0x1a,0x42,0x8a,0x04,0x1f,0x41,0x88,0x04,0x09,0x49,0xff,0xc3,0xeb,0xea,
    0x4c,0x89,0xd0,0x48,0x01,0xf0,0x48,0x89,0xc6,0x48,0x8d,0x3d,0x8c,0x80,0x00,0x00,
    0xc3,0x53,0x41,0x54,0x41,0x55,0x49,0x89,0xfc,0x49,0x89,0xf5,0xe8,0xab,0x00,0x00,
    0x00,0x48,0x85,0xc0,0x0f,0x89,0x9c,0x00,0x00,0x00,0x8b,0x05,0x60,0x44,0x00,0x00,
    0x3d,0x00,0x01,0x00,0x00,0x73,0x7a,0x44,0x8b,0x05,0x56,0x44,0x00,0x00,0x45,0x89,
    0xe9,0x45,0x01,0xc1,0x41,0x81,0xf9,0x00,0x10,0x00,0x00,0x73,0x64,0x4c,0x8d,0x15,
    0x7c,0x6f,0x00,0x00,0x4d,0x01,0xc2,0x45,0x31,0xdb,0x45,0x39,0xeb,0x73,0x0d,0x43,
    0x8a,0x14,0x1c,0x43,0x88,0x14,0x1a,0x41,0xff,0xc3,0xeb,0xee,0x48,0x8d,0x15,0x5d,
    0x4f,0x00,0x00,0x49,0x89,0xc3,0x49,0xc1,0xe3,0x05,0x4c,0x01,0xda,0x44,0x89,0x6a,
    0x08,0x44,0x89,0x42,0x10,0xc7,0x42,0x0c,0x00,0x00,0x00,0x00,0xc7,0x42,0x14,0x00,
    0x00,0x00,0x00,0x48,0xc7,0x02,0x00,0x00,0x00,0x00,0x4c,0x89,0x0d,0xf3,0x43,0x00,
    0x00,0xff,0x05,0xe9,0x43,0x00,0x00,0x8b,0x05,0xe3,0x43,0x00,0x00,0xff,0xc8,0xeb,
    0x15,0xbf,0x0a,0x00,0x00,0x00,0x31,0xf6,0x31,0xd2,0xe8,0x71,0xf8,0xff,0xff,0x48,
    0xc7,0xc0,0xff,0xff,0xff,0xff,0x41,0x5d,0x41,0x5c,0x5b,0xc3,0x41,0x54,0x41,0x55,
    0x41,0x56,0x49,0x89,0xfc,0x49,0x89,0xf5,0x45,0x31,0xf6,0x44,0x3b,0x35,0xae,0x43,
    0x00,0x00,0x73,0x4c,0x4c,0x89,0xf0,0x48,0x8d,0x15,0xe2,0x4e,0x00,0x00,0x49,0x89,
    0xc3,0x49,0xc1,0xe3,0x05,0x4c,0x01,0xda,0x44,0x39,0x6a,0x08,0x75,0x2d,0x44,0x8b,
    0x42,0x10,0x48,0x8d,0x0d,0xc7,0x6e,0x00,0x00,0x4c,0x01,0xc1,0x31,0xc0,0x44,0x39,
    0xe8,0x73,0x0e,0x44,0x8a,0x04,0x01,0x45,0x3a,0x04,0x04,0x75,0x0e,0xff,0xc0,0xeb,
    0xed,0x4c,0x89,0xf0,0x41,0x5e,0x41,0x5d,0x41,0x5c,0xc3,0x41,0xff,0xc6,0xeb,0xab,
    0x48,0xc7,0xc0,0xff,0xff,0xff,0xff,0x41,0x5e,0x41,0x5d,0x41,0x5c,0xc3,0x52,0x48,
    0x8d,0x15,0x8a,0x4e,0x00,0x00,0x49,0x89,0xc3,0x49,0xc1,0xe3,0x05,0x4c,0x01,0xda,
    0x48,0x8b,0x02,0x5a,0xc3,0x53,0x41,0x54,0x41,0x55,0x41,0x56,0x49,0x89,0xfc,0x49,
    0x89,0xf5,0x49,0x89,0xd6,0x51,0xe8,0xa6,0xfe,0xff,0xff,0x59,0x48,0x85,0xc0,0x78,
    0x3f,0x48,0x8d,0x1d,0x58,0x4e,0x00,0x00,0x49,0x89,0xc3,0x49,0xc1,0xe3,0x05,0x4c,
    0x01,0xdb,0x8b,0x15,0xe0,0x42,0x00,0x00,0x39,0x53,0x0c,0x74,0x11,0x89,0x53,0x0c,
    0x4c,0x89,0x33,0x89,0x4b,0x14,0x41,0x5e,0x41,0x5d,0x41,0x5c,0x5b,0xc3,0xbf,0x06,
    0x00,0x00,0x00,0x4c,0x89,0xe6,0x4c,0x89,0xea,0xe8,0x82,0xf7,0xff,0xff,0xeb,0xe6,
    0xbf,0x0a,0x00,0x00,0x00,0x31,0xf6,0x31,0xd2,0xe8,0x72,0xf7,0xff,0xff,0xeb,0xd6,
    0x41,0x54,0x41,0x55,0x45,0x31,0xe4,0x44,0x3b,0x25,0xc2,0x42,0x00,0x00,0x73,0x3c,
    0x48,0x8d,0x15,0xf9,0x4d,0x00,0x00,0x4d,0x89,0xe3,0x49,0xc1,0xe3,0x05,0x4c,0x01,
    0xda,0x8b,0x42,0x0c,0x83,0xf8,0x02,0x75,0x05,0x41,0xff,0xc4,0xeb,0xd9,0x8b,0x4a,
    0x08,0x44,0x8b,0x42,0x10,0x48,0x8d,0x35,0xd4,0x6d,0x00,0x00,0x4c,0x01,0xc6,0x48,
    0x89,0xca,0xbf,0x05,0x00,0x00,0x00,0xe8,0x24,0xf7,0xff,0xff,0x41,0x5d,0x41,0x5c,
    0xc3,0x53,0x41,0x54,0x41,0x55,0x41,0x56,0xc7,0x05,0x3a,0x43,0x00,0x00,0x00,0x00,
    0x00,0x00,0x4c,0x8b,0x25,0x57,0x42,0x00,0x00,0x4c,0x8b,0x2d,0x58,0x42,0x00,0x00,
    0xc7,0x05,0x1e,0x43,0x00,0x00,0x00,0x00,0x00,0x00,0x31,0xdb,0x45,0x31,0xf6,0x45,
    0x31,0xff,0x4d,0x39,0xec,0x0f,0x83,0xff,0x01,0x00,0x00,0x41,0x8a,0x04,0x24,0x3c,
    0x2d,0x74,0x06,0x3c,0x2b,0x74,0x0d,0xeb,0x0e,0x41,0xbf,0x01,0x00,0x00,0x00,0x49,
    0xff,0xc4,0xeb,0x03,0x49,0xff,0xc4,0x4d,0x39,0xec,0x0f,0x83,0xda,0x01,0x00,0x00,
    0x41,0x8a,0x04,0x24,0x3c,0x27,0x0f,0x84,0xad,0x01,0x00,0x00,0x3c,0x22,0x0f,0x84,
    0xa5,0x01,0x00,0x00,0x4d,0x89,0xe1,0x4d,0x89,0xe3,0x4d,0x89,0xe0,0x4d,0x39,0xe8,
    0x73,0x0f,0x41,0x8a,0x00,0xe8,0xe1,0xfb,0xff,0xff,0x74,0x05,0x49,0xff,0xc0,0xeb,
    0xec,0x4d,0x39,0xe0,0x77,0x05,0xe9,0x9f,0x01,0x00,0x00,0x4c,0x89,0x05,0xb2,0x42,
    0x00,0x00,0x49,0x8d,0x44,0x24,0x01,0x4c,0x39,0xc0,0x75,0x26,0x41,0x80,0x3c,0x24,
    0x24,0x75,0x1f,0x4d,0x89,0xc1,0x41,0xbe,0x01,0x00,0x00,0x00,0x48,0x8b,0x1d,0x8d,
    0x41,0x00,0x00,0xc7,0x05,0x83,0x42,0x00,0x00,0x01,0x00,0x00,0x00,0xe9,0x21,0x01,
    0x00,0x00,0x41,0xba,0x0a,0x00,0x00,0x00,0x41,0x8a,0x04,0x24,0x3c,0x24,0x74,0x30,
    0x3c,0x25,0x74,0x38,0x3c,0x30,0x75,0x58,0x49,0x8d,0x44,0x24,0x01,0x4c,0x39,0xe8,
    0x73,0x4e,0x8a,0x00,0x0c,0x20,0x3c,0x78,0x74,0x16,0x3c,0x62,0x74,0x1e,0x3c,0x6f,
    0x74,0x26,0x3c,0x71,0x74,0x22,0x3c,0x64,0x74,0x2a,0x3c,0x79,0x74,0x0e,0xeb,0x30,
    0x41,0xba,0x10,0x00,0x00,0x00,0x49,0x83,0xc1,0x02,0xeb,0x7e,0x41,0xba,0x02,0x00,
    0x00,0x00,0x49,0x83,0xc1,0x02,0xeb,0x72,0x41,0xba,0x08,0x00,0x00,0x00,0x49,0x83,
    0xc1,0x02,0xeb,0x66,0x41,0xba,0x0a,0x00,0x00,0x00,0x49,0x83,0xc1,0x02,0xeb,0x5a,
    0x4c,0x89,0xc0,0x48,0xff,0xc8,0x4c,0x39,0xe0,0x72,0x4f,0x8a,0x08,0x80,0xc9,0x20,
    0x80,0xf9,0x68,0x74,0x1b,0x80,0xf9,0x62,0x74,0x21,0x80,0xf9,0x6f,0x74,0x27,0x80,
    0xf9,0x71,0x74,0x22,0x80,0xf9,0x64,0x74,0x28,0x80,0xf9,0x79,0x74,0x0d,0xeb,0x2a,
    0x41,0xba,0x10,0x00,0x00,0x00,0x49,0xff,0xc8,0xeb,0x1f,0x41,0xba,0x02,0x00,0x00,
    0x00,0x49,0xff,0xc8,0xeb,0x14,0x41,0xba,0x08,0x00,0x00,0x00,0x49,0xff,0xc8,0xeb,
    0x09,0x41,0xba,0x0a,0x00,0x00,0x00,0x49,0xff,0xc8,0x4d,0x89,0xc3,0x4d,0x39,0xd9,
    0x0f,0x83,0x94,0x00,0x00,0x00,0x4d,0x39,0xd9,0x73,0x48,0x41,0x8a,0x01,0x3c,0x5f,
    0x74,0x39,0x3c,0x60,0x74,0x35,0x4c,0x89,0xd2,0x31,0xc9,0xe8,0x8e,0x00,0x00,0x00,
    0x48,0x39,0xd1,0x73,0x75,0x49,0x0f,0xaf,0xda,0x48,0x01,0xcb,0x48,0x89,0xda,0x48,
    0xc1,0xea,0x20,0x48,0x85,0xd2,0x74,0x13,0x83,0x3d,0x69,0x41,0x00,0x00,0x00,0x75,
    0x0a,0xc7,0x05,0x5d,0x41,0x00,0x00,0x01,0x00,0x00,0x00,0x49,0xff,0xc1,0x41,0xff,
    0xc6,0xeb,0xb3,0x45,0x85,0xf6,0x74,0x42,0x48,0x8b,0x05,0x55,0x41,0x00,0x00,0x48,
    0x89,0x05,0x6a,0x40,0x00,0x00,0x48,0x89,0xd8,0x45,0x85,0xff,0x74,0x03,0x48,0xf7,
    0xd8,0x41,0x5e,0x41,0x5d,0x41,0x5c,0x5b,0xc3,0x4c,0x89,0xe7,0xe8,0x58,0x00,0x00,
    0x00,0x83,0x3d,0x38,0x40,0x00,0x00,0x00,0x75,0x1a,0x45,0x85,0xff,0x74,0x03,0x48,
    0xf7,0xd8,0x41,0x5e,0x41,0x5d,0x41,0x5c,0x5b,0xc3,0xbf,0x07,0x00,0x00,0x00,0xe8,
    0xf9,0xf4,0xff,0xff,0x31,0xc0,0x41,0x5e,0x41,0x5d,0x41,0x5c,0x5b,0xc3,0x31,0xc9,
    0x3c,0x30,0x72,0x04,0x3c,0x39,0x76,0x12,0x0c,0x20,0x3c,0x61,0x72,0x14,0x3c,0x66,
    0x77,0x10,0x0f,0xb6,0xc8,0x83,0xe9,0x57,0xf8,0xc3,0x0f,0xb6,0xc8,0x83,0xe9,0x30,
    0xf8,0xc3,0xb9,0xff,0xff,0xff,0xff,0xf9,0xc3,0x53,0x41,0x54,0x41,0x55,0x41,0x56,
    0x41,0x57,0x49,0x89,0xfc,0x4c,0x8b,0x2d,0xec,0x3f,0x00,0x00,0x48,0x8d,0x1d,0x29,
    0x41,0x00,0x00,0x8b,0x05,0x23,0x49,0x00,0x00,0x48,0x01,0xc3,0x31,0xc9,0x45,0x8a,
    0x34,0x24,0x49,0xff,0xc4,0x45,0x31,0xff,0x4d,0x39,0xec,0x73,0x6b,0x41,0x8a,0x04,
    0x24,0x44,0x38,0xf0,0x74,0x23,0x3c,0x0a,0x74,0x5e,0x3c,0x00,0x74,0x5a,0x88,0x04,
    0x0b,0xff,0xc1,0x8b,0x05,0xf3,0x48,0x00,0x00,0x48,0x01,0xc8,0x48,0x3d,0x00,0x08,
    0x00,0x00,0x73,0x44,0x49,0xff,0xc4,0xeb,0xcf,0x49,0xff,0xc4,0x48,0x85,0xc9,0x74,
    0x37,0x48,0x89,0x1d,0xb0,0x3f,0x00,0x00,0x48,0x8d,0x04,0x0b,0x48,0x89,0x05,0xad,
    0x3f,0x00,0x00,0x48,0x89,0x0d,0x52,0x40,0x00,0x00,0x01,0x0d,0xbc,0x48,0x00,0x00,
    0x48,0x89,0xca,0x0f,0xb6,0x03,0x4c,0x89,0x25,0x63,0x3f,0x00,0x00,0xf8,0x41,0x5f,
    0x41,0x5e,0x41,0x5d,0x41,0x5c,0x5b,0xc3,0xbf,0x07,0x00,0x00,0x00,0xe8,0x1b,0xf4,
    0xff,0xff,0xf9,0x41,0x5f,0x41,0x5e,0x41,0x5d,0x41,0x5c,0x5b,0xc3,0x53,0x48,0xc7,
    0x05,0x23,0x40,0x00,0x00,0x00,0x00,0x00,0x00,0xe8,0x8c,0xf9,0xff,0xff,0x48,0x8b,
    0x1d,0x2b,0x3f,0x00,0x00,0x48,0x3b,0x1d,0x2c,0x3f,0x00,0x00,0x0f,0x83,0x2a,0x02,
    0x00,0x00,0x8a,0x03,0x3c,0x3b,0x0f,0x84,0x20,0x02,0x00,0x00,0x3c,0x2a,0x0f,0x84,
    0x18,0x02,0x00,0x00,0xe8,0x15,0x02,0x00,0x00,0x0f,0x82,0x0d,0x02,0x00,0x00,0xe8,
    0x09,0x03,0x00,0x00,0x73,0x19,0xe8,0xae,0x03,0x00,0x00,0x83,0x3d,0xde,0x3e,0x00,
    0x00,0x00,0x0f,0x85,0xf4,0x01,0x00,0x00,0xe8,0x3d,0xf9,0xff,0xff,0xeb,0xe0,0xe8,
    0x36,0xf9,0xff,0xff,0x48,0x8b,0x1d,0xd5,0x3e,0x00,0x00,0x48,0x3b,0x1d,0xd6,0x3e,
    0x00,0x00,0x0f,0x83,0xd4,0x01,0x00,0x00,0x8a,0x03,0x3c,0x3b,0x0f,0x84,0xca,0x01,
    0x00,0x00,0x3c,0x0a,0x0f,0x84,0xc2,0x01,0x00,0x00,0x41,0xb8,0x05,0x00,0x00,0x00,
    0x48,0x8d,0x3d,0x69,0x2e,0x00,0x00,0xe8,0x72,0xf9,0xff,0xff,0x73,0x31,0xe8,0xf7,
    0xf8,0xff,0xff,0xe8,0x28,0x0c,0x00,0x00,0x83,0x3d,0x81,0x3e,0x00,0x00,0x00,0x0f,
    0x85,0x97,0x01,0x00,0x00,0x48,0x89,0x05,0x70,0x3f,0x00,0x00,0x48,0x8b,0x05,0x7d,
    0x3e,0x00,0x00,0x48,0x89,0x05,0x6a,0x3f,0x00,0x00,0xe9,0x46,0x01,0x00,0x00,0x48,
    0x8b,0x1d,0x6a,0x3e,0x00,0x00,0x48,0x3b,0x1d,0x6b,0x3e,0x00,0x00,0x0f,0x83,0x32,
    0x01,0x00,0x00,0x8a,0x03,0x3c,0x3b,0x0f,0x84,0x28,0x01,0x00,0x00,0x3c,0x0a,0x0f,
    0x84,0x20,0x01,0x00,0x00,0x48,0x89,0xdf,0xe8,0xe9,0xf8,0xff,0xff,0x48,0x89,0xdf,
    0x48,0x89,0xc6,0x56,0xe8,0xed,0x03,0x00,0x00,0x5e,0x48,0x85,0xc0,0x0f,0x88,0x26,
    0x01,0x00,0x00,0x48,0x89,0x05,0x62,0x3f,0x00,0x00,0x48,0x89,0xc2,0x48,0xc1,0xe2,
    0x04,0x48,0x8d,0x0d,0x75,0x2f,0x00,0x00,0x48,0x01,0xd1,0x0f,0xb7,0x41,0x08,0x89,
    0x05,0x4b,0x3f,0x00,0x00,0x0f,0xb7,0x41,0x0a,0x89,0x05,0x21,0x3e,0x00,0x00,0x0f,
    0xb7,0x41,0x0c,0x89,0x05,0x3b,0x3f,0x00,0x00,0x0f,0xb7,0x41,0x0e,0x89,0x05,0x35,
    0x3f,0x00,0x00,0x48,0x8b,0x1d,0xe6,0x3d,0x00,0x00,0x48,0x01,0xf3,0x48,0x89,0x1d,
    0xdc,0x3d,0x00,0x00,0xc7,0x05,0xee,0x3d,0x00,0x00,0x00,0x00,0x00,0x00,0xc7,0x05,
    0x6c,0x3e,0x00,0x00,0x00,0x00,0x00,0x00,0xe8,0x1d,0xf8,0xff,0xff,0xe8,0x42,0xf8,
    0xff,0xff,0x74,0x6a,0x8b,0x05,0xd2,0x3d,0x00,0x00,0x83,0xf8,0x08,0x73,0x47,0x48,
    0x89,0xc7,0xe8,0x04,0x04,0x00,0x00,0x83,0x3d,0x92,0x3d,0x00,0x00,0x00,0x0f,0x85,
    0xa8,0x00,0x00,0x00,0xff,0x05,0xb2,0x3d,0x00,0x00,0xe8,0xeb,0xf7,0xff,0xff,0xe8,
    0x10,0xf8,0xff,0xff,0x75,0x02,0xeb,0x36,0x48,0x8b,0x1d,0x81,0x3d,0x00,0x00,0x8a,
    0x03,0x3c,0x2c,0x75,0x1d,0x48,0xff,0xc3,0x48,0x89,0x1d,0x71,0x3d,0x00,0x00,0xe8,
    0xc6,0xf7,0xff,0xff,0xeb,0xae,0xbf,0x03,0x00,0x00,0x00,0xe8,0x2d,0xf2,0xff,0xff,
    0xeb,0x6a,0xbf,0x03,0x00,0x00,0x00,0xe8,0x21,0xf2,0xff,0xff,0xeb,0x5e,0x8b,0x05,
    0x68,0x3d,0x00,0x00,0x3b,0x05,0x8a,0x3e,0x00,0x00,0x72,0x08,0x3b,0x05,0x86,0x3e,
    0x00,0x00,0x76,0x0c,0xbf,0x0b,0x00,0x00,0x00,0xe8,0xff,0xf1,0xff,0xff,0xeb,0x3c,
    0xe8,0xb2,0x1b,0x00,0x00,0x48,0x83,0x3d,0x0f,0x3e,0x00,0x00,0x00,0x74,0x2d,0x48,
    0xff,0x0d,0x06,0x3e,0x00,0x00,0x48,0x8b,0x05,0x07,0x3e,0x00,0x00,0x48,0x89,0x05,
    0x0c,0x3d,0x00,0x00,0xe9,0x96,0xfe,0xff,0xff,0xbf,0x02,0x00,0x00,0x00,0x48,0x8b,
    0x35,0xfb,0x3c,0x00,0x00,0x31,0xd2,0xe8,0xa4,0xf1,0xff,0xff,0x5b,0xc3,0x41,0xb8,
    0x04,0x00,0x00,0x00,0x48,0x8d,0x3d,0x81,0x2c,0x00,0x00,0xe8,0xae,0xf7,0xff,0xff,
    0x0f,0x82,0x82,0x00,0x00,0x00,0x41,0xb8,0x07,0x00,0x00,0x00,0x48,0x8d,0x3d,0x6d,
    0x2c,0x00,0x00,0xe8,0x96,0xf7,0xff,0xff,0x0f,0x82,0xa8,0x00,0x00,0x00,0x41,0xb8,
    0x06,0x00,0x00,0x00,0x48,0x8d,0x3d,0x5c,0x2c,0x00,0x00,0xe8,0x7e,0xf7,0xff,0xff,
    0x0f,0x82,0x90,0x00,0x00,0x00,0x41,0xb8,0x06,0x00,0x00,0x00,0x48,0x8d,0x3d,0x4a,
    0x2c,0x00,0x00,0xe8,0x66,0xf7,0xff,0xff,0x72,0x7c,0x41,0xb8,0x07,0x00,0x00,0x00,
    0x48,0x8d,0x3d,0x3c,0x2c,0x00,0x00,0xe8,0x52,0xf7,0xff,0xff,0x72,0x68,0x41,0xb8,
    0x03,0x00,0x00,0x00,0x48,0x8d,0x3d,0x2f,0x2c,0x00,0x00,0xe8,0x3e,0xf7,0xff,0xff,
    0x72,0x54,0x41,0xb8,0x03,0x00,0x00,0x00,0x48,0x8d,0x3d,0x1e,0x2c,0x00,0x00,0xe8,
    0x2a,0xf7,0xff,0xff,0x72,0x29,0xf8,0xc3,0xe8,0xad,0xf6,0xff,0xff,0x41,0xb8,0x02,
    0x00,0x00,0x00,0x48,0x8d,0x3d,0xe4,0x3b,0x00,0x00,0xe8,0x0f,0xf7,0xff,0xff,0x73,
    0x02,0xeb,0x23,0xbf,0x0b,0x00,0x00,0x00,0xe8,0x00,0xf1,0xff,0xff,0xf9,0xc3,0xe8,
    0x86,0xf6,0xff,0xff,0xe8,0xb8,0xf9,0xff,0xff,0x83,0x3d,0x10,0x3c,0x00,0x00,0x00,
    0x75,0x02,0xf9,0xc3,0xf9,0xc3,0x48,0x8b,0x1d,0x13,0x3c,0x00,0x00,0x4c,0x8b,0x15,
    0x14,0x3c,0x00,0x00,0x4c,0x39,0xd3,0x73,0x0b,0x8a,0x03,0x3c,0x0a,0x74,0x05,0x48,
    0xff,0xc3,0xeb,0xf0,0x48,0x89,0x1d,0xf5,0x3b,0x00,0x00,0xf9,0xc3,0x53,0x48,0x8b,
    0x1d,0xeb,0x3b,0x00,0x00,0x48,0x3b,0x1d,0xec,0x3b,0x00,0x00,0x0f,0x83,0x94,0x00,
    0x00,0x00,0x8a,0x03,0xe8,0x0a,0xf6,0xff,0xff,0x0f,0x84,0x87,0x00,0x00,0x00,0x48,
    0x89,0xdf,0xe8,0x6f,0xf6,0xff,0xff,0x48,0x89,0xc1,0x48,0x8d,0x04,0x0b,0x48,0x3b,
    0x05,0xc3,0x3b,0x00,0x00,0x73,0x6f,0x80,0x38,0x3a,0x74,0x67,0x49,0x89,0xc2,0x4c,
    0x3b,0x15,0xb2,0x3b,0x00,0x00,0x73,0x5e,0x41,0x8a,0x12,0x80,0xfa,0x20,0x74,0x05,
    0x80,0xfa,0x09,0x75,0x05,0x49,0xff,0xc2,0xeb,0xe5,0x48,0x8b,0x15,0x97,0x3b,0x00,
    0x00,0x4c,0x29,0xd2,0x48,0x83,0xfa,0x03,0x7c,0x3c,0x41,0x8a,0x12,0x80,0xca,0x20,
    0x80,0xfa,0x65,0x75,0x31,0x41,0x8a,0x52,0x01,0x80,0xca,0x20,0x80,0xfa,0x71,0x75,
    0x25,0x41,0x8a,0x52,0x02,0x80,0xca,0x20,0x80,0xfa,0x75,0x75,0x19,0x49,0x8d,0x42,
    0x03,0x48,0x3b,0x05,0x60,0x3b,0x00,0x00,0x73,0x09,0x8a,0x00,0xe8,0x4a,0xf5,0xff,
    0xff,0x75,0x03,0xf9,0x5b,0xc3,0xf8,0x5b,0xc3,0x53,0x41,0x54,0x41,0x55,0x48,0x8b,
    0x1d,0x3b,0x3b,0x00,0x00,0x48,0x89,0xdf,0xe8,0xd9,0xf5,0xff,0xff,0x49,0x89,0xdc,
    0x49,0x89,0xc5,0x4b,0x8d,0x1c,0x2c,0x48,0x89,0x1d,0x22,0x3b,0x00,0x00,0xe8,0x77,
    0xf5,0xff,0xff,0x48,0x8b,0x05,0x16,0x3b,0x00,0x00,0x48,0x3b,0x05,0x17,0x3b,0x00,
    0x00,0x73,0x0f,0x80,0x38,0x3a,0x75,0x0a,0x48,0xff,0xc0,0x48,0x89,0x05,0xfe,0x3a,
    0x00,0x00,0xe8,0x53,0xf5,0xff,0xff,0x41,0x80,0x3c,0x24,0x2e,0x74,0x32,0x44,0x89,
    0xe9,0x81,0xf9,0xc8,0x00,0x00,0x00,0x76,0x05,0xb9,0xc8,0x00,0x00,0x00,0x89,0x0d,
    0x2c,0x76,0x00,0x00,0x45,0x31,0xc0,0x4c,0x8d,0x0d,0x26,0x76,0x00,0x00,0x41,0x39,
    0xc8,0x73,0x1e,0x43,0x8a,0x04,0x04,0x43,0x88,0x04,0x01,0x41,0xff,0xc0,0xeb,0xee,
    0x4c,0x89,0xe7,0x4c,0x89,0xee,0xe8,0xd6,0xf5,0xff,0xff,0x49,0x89,0xfc,0x49,0x89,
    0xf5,0xe8,0x04,0xf5,0xff,0xff,0x41,0xb8,0x03,0x00,0x00,0x00,0x48,0x8d,0x3d,0x3d,
    0x3a,0x00,0x00,0xe8,0x66,0xf5,0xff,0xff,0x73,0x32,0xe8,0xeb,0xf4,0xff,0xff,0xc7,
    0x05,0x8b,0x3b,0x00,0x00,0x00,0x00,0x00,0x00,0xe8,0x12,0x08,0x00,0x00,0x83,0x3d,
    0x6b,0x3a,0x00,0x00,0x00,0x75,0x29,0x48,0x89,0xc2,0xb9,0x01,0x00,0x00,0x00,0x4c,
    0x89,0xe7,0x4c,0x89,0xee,0xe8,0x3b,0xf7,0xff,0xff,0xeb,0x14,0x48,0x8b,0x15,0x3d,
    0x3a,0x00,0x00,0x31,0xc9,0x4c,0x89,0xe7,0x4c,0x89,0xee,0xe8,0x25,0xf7,0xff,0xff,
    0x41,0x5d,0x41,0x5c,0x5b,0xc3,0x41,0x54,0x41,0x55,0x41,0x56,0x41,0x57,0x49,0x89,
    0xfc,0x49,0x89,0xf5,0x49,0x83,0xfd,0x08,0x77,0x52,0x4c,0x8d,0x3d,0x63,0x3b,0x00,
    0x00,0x31,0xc0,0x49,0x89,0x07,0x45,0x31,0xf6,0x45,0x39,0xee,0x73,0x0f,0x43,0x8a,
    0x04,0x34,0x0c,0x20,0x43,0x88,0x04,0x37,0x41,0xff,0xc6,0xeb,0xec,0x4d,0x8b,0x37,
    0x31,0xc9,0x81,0xf9,0xca,0x00,0x00,0x00,0x73,0x22,0x4c,0x8d,0x3d,0x5c,0x2b,0x00,
    0x00,0x49,0x89,0xcb,0x49,0xc1,0xe3,0x04,0x4d,0x01,0xdf,0x49,0x8b,0x07,0x4c,0x39,
    0xf0,0x75,0x05,0x48,0x89,0xc8,0xeb,0x0b,0xff,0xc1,0xeb,0xd6,0x48,0xc7,0xc0,0xff,
    0xff,0xff,0xff,0x41,0x5f,0x41,0x5e,0x41,0x5d,0x41,0x5c,0xc3,0x53,0x51,0x52,0x48,
    0x89,0xfb,0x31,0xc0,0xb9,0x08,0x00,0x00,0x00,0x48,0x89,0x44,0xcb,0xf8,0xff,0xc9,
    0x75,0xf7,0xc7,0x43,0x0c,0xff,0xff,0xff,0xff,0xc7,0x43,0x10,0xff,0xff,0xff,0xff,
    0xc7,0x43,0x14,0x01,0x00,0x00,0x00,0x5a,0x59,0x5b,0xc3,0x53,0x48,0x89,0xfb,0x48,
    0x8d,0x3d,0xea,0x42,0x00,0x00,0x49,0x89,0xdb,0x49,0xc1,0xe3,0x06,0x4c,0x01,0xdf,
    0xe8,0xb7,0xff,0xff,0xff,0xe8,0xe0,0xf3,0xff,0xff,0xc7,0x05,0x5c,0x3a,0x00,0x00,
    0x00,0x00,0x00,0x00,0x31,0xff,0xe8,0x17,0x02,0x00,0x00,0x8b,0x05,0x6b,0x3a,0x00,
    0x00,0x48,0x8d,0x3d,0xb8,0x42,0x00,0x00,0x49,0x89,0xdb,0x49,0xc1,0xe3,0x06,0x4c,
    0x01,0xdf,0x89,0x47,0x04,0xe8,0xb0,0xf3,0xff,0xff,0x48,0x8b,0x05,0x4f,0x39,0x00,
    0x00,0x48,0x3b,0x05,0x50,0x39,0x00,0x00,0x0f,0x83,0xc1,0x01,0x00,0x00,0x8a,0x08,
    0x80,0xf9,0x5b,0x0f,0x84,0x98,0x01,0x00,0x00,0x80,0xf9,0x27,0x0f,0x84,0xe4,0x00,
    0x00,0x00,0x80,0xf9,0x22,0x0f,0x84,0xdb,0x00,0x00,0x00,0x80,0xf9,0x2d,0x74,0x19,
    0x80,0xf9,0x2b,0x74,0x14,0x80,0xf9,0x30,0x72,0x0f,0x80,0xf9,0x39,0x76,0x67,0x80,
    0xf9,0x24,0x74,0x62,0x80,0xf9,0x25,0x74,0x5d,0xe8,0x2f,0x02,0x00,0x00,0x0f,0x82,
    0x1c,0x01,0x00,0x00,0xe8,0x87,0x06,0x00,0x00,0x83,0x3d,0xe0,0x38,0x00,0x00,0x00,
    0x0f,0x85,0x8a,0x01,0x00,0x00,0x48,0x89,0xc2,0x48,0x8d,0x3d,0x30,0x42,0x00,0x00,
    0x49,0x89,0xdb,0x49,0xc1,0xe3,0x06,0x4c,0x01,0xdf,0xc7,0x07,0x02,0x00,0x00,0x00,
    0xc7,0x47,0x1c,0x00,0x00,0x00,0x00,0x48,0x89,0x57,0x24,0x83,0x3d,0x9e,0x39,0x00,
    0x00,0x00,0x75,0x09,0x83,0x3d,0xc1,0x39,0x00,0x00,0x00,0x74,0x04,0x83,0x4f,0x18,
    0x08,0xe9,0x4a,0x01,0x00,0x00,0xe8,0x36,0xf6,0xff,0xff,0x83,0x3d,0x8e,0x38,0x00,
    0x00,0x00,0x0f,0x85,0x38,0x01,0x00,0x00,0x48,0x8d,0x3d,0xe1,0x41,0x00,0x00,0x49,
    0x89,0xdb,0x49,0xc1,0xe3,0x06,0x4c,0x01,0xdf,0xc7,0x07,0x02,0x00,0x00,0x00,0xc7,
    0x47,0x1c,0x00,0x00,0x00,0x00,0x48,0x89,0x47,0x24,0x83,0x3d,0x4f,0x39,0x00,0x00,
    0x00,0x74,0x04,0x83,0x4f,0x18,0x08,0x83,0x3d,0x3e,0x39,0x00,0x00,0x00,0x0f,0x84,
    0xfc,0x00,0x00,0x00,0xc7,0x07,0x04,0x00,0x00,0x00,0xc7,0x47,0x18,0x04,0x00,0x00,
    0x00,0xe9,0xea,0x00,0x00,0x00,0xe8,0xd6,0xf5,0xff,0xff,0x83,0x3d,0x2e,0x38,0x00,
    0x00,0x00,0x0f,0x85,0xd8,0x00,0x00,0x00,0x48,0x8d,0x3d,0x81,0x41,0x00,0x00,0x49,
    0x89,0xdb,0x49,0xc1,0xe3,0x06,0x4c,0x01,0xdf,0xc7,0x47,0x1c,0x00,0x00,0x00,0x00,
    0x48,0x89,0x47,0x24,0x83,0x3d,0x55,0x39,0x00,0x00,0x1e,0x74,0x0b,0xc7,0x07,0x02,
    0x00,0x00,0x00,0xe9,0xa8,0x00,0x00,0x00,0xc7,0x07,0x04,0x00,0x00,0x00,0xc7,0x47,
    0x18,0x04,0x00,0x00,0x00,0x48,0x8b,0x05,0x1c,0x38,0x00,0x00,0x48,0x89,0x47,0x2c,
    0x48,0x8b,0x05,0x19,0x38,0x00,0x00,0x48,0x89,0x47,0x34,0xe9,0x80,0x00,0x00,0x00,
    0x48,0x8d,0x3d,0x29,0x41,0x00,0x00,0x49,0x89,0xdb,0x49,0xc1,0xe3,0x06,0x4c,0x01,
    0xdf,0xc7,0x07,0x01,0x00,0x00,0x00,0x8b,0x05,0xeb,0x38,0x00,0x00,0x89,0x47,0x08,
    0x8b,0x05,0xea,0x38,0x00,0x00,0x89,0x47,0x18,0x8b,0x05,0xdd,0x38,0x00,0x00,0x89,
    0x47,0x04,0x8b,0x05,0xa4,0x38,0x00,0x00,0x85,0xc0,0x74,0x44,0x89,0x47,0x04,0xeb,
    0x3f,0x89,0x1d,0x99,0x38,0x00,0x00,0x48,0x8d,0x3d,0xe2,0x40,0x00,0x00,0x49,0x89,
    0xdb,0x49,0xc1,0xe3,0x06,0x4c,0x01,0xdf,0xe8,0x46,0x02,0x00,0x00,0xeb,0x21,0xbf,
    0x03,0x00,0x00,0x00,0x48,0x8b,0x35,0x75,0x37,0x00,0x00,0x48,0x3b,0x35,0x76,0x37,
    0x00,0x00,0x72,0x02,0x31,0xf6,0xba,0x01,0x00,0x00,0x00,0xe8,0x10,0xec,0xff,0xff,
    0x5b,0xc3,0x53,0xc7,0x05,0x4f,0x38,0x00,0x00,0x00,0x00,0x00,0x00,0x48,0x8b,0x1d,
    0x4c,0x37,0x00,0x00,0x4c,0x8b,0x15,0x4d,0x37,0x00,0x00,0x45,0x31,0xc0,0x48,0x8d,
    0x15,0x97,0x26,0x00,0x00,0x4a,0x8d,0x14,0xc2,0x31,0xc9,0x44,0x8a,0x0c,0x0a,0x45,
    0x84,0xc9,0x74,0x20,0x48,0x83,0xf9,0x08,0x73,0x47,0x48,0x8d,0x04,0x0b,0x4c,0x39,
    0xd0,0x73,0x3e,0x44,0x8a,0x18,0x41,0x80,0xcb,0x20,0x45,0x38,0xd9,0x75,0x32,0x48,
    0xff,0xc1,0xeb,0xd7,0x48,0x8d,0x04,0x0b,0x4c,0x39,0xd0,0x73,0x0b,0x8a,0x00,0x51,
    0xe8,0xf6,0xf0,0xff,0xff,0x59,0x75,0x19,0x48,0x8d,0x04,0x0b,0x48,0x89,0x05,0xed,
    0x36,0x00,0x00,0x67,0x41,0x8d,0x40,0x01,0x89,0x05,0xde,0x37,0x00,0x00,0x5b,0xf9,
    0xc3,0x41,0xff,0xc0,0x41,0x83,0xf8,0x08,0x72,0x94,0x5b,0xf8,0xc3,0x53,0x48,0x8b,
    0x1d,0xcb,0x36,0x00,0x00,0x4c,0x8b,0x15,0xcc,0x36,0x00,0x00,0x4c,0x39,0xd3,0x73,
    0x56,0x8a,0x03,0xe8,0xeb,0xf0,0xff,0xff,0x74,0x4d,0x48,0x89,0xdf,0x48,0x8d,0x15,
    0xdc,0x23,0x00,0x00,0xe8,0xf5,0x00,0x00,0x00,0x72,0x3f,0x48,0x8d,0x15,0x4e,0x24,
    0x00,0x00,0xe8,0xe7,0x00,0x00,0x00,0x72,0x4f,0x48,0x8d,0x15,0xc0,0x24,0x00,0x00,
    0xe8,0xd9,0x00,0x00,0x00,0x72,0x5f,0x48,0x8d,0x15,0x32,0x25,0x00,0x00,0xe8,0xcb,
    0x00,0x00,0x00,0x72,0x6f,0x48,0x8d,0x15,0xa4,0x25,0x00,0x00,0xe8,0xbd,0x00,0x00,
    0x00,0x0f,0x82,0x8a,0x00,0x00,0x00,0x5b,0xf8,0xc3,0x44,0x89,0xc0,0x89,0x05,0x85,
    0x37,0x00,0x00,0xc7,0x05,0x7f,0x37,0x00,0x00,0x04,0x00,0x00,0x00,0x31,0xc0,0x89,
    0x05,0x7b,0x37,0x00,0x00,0x5b,0xf9,0xc3,0x44,0x89,0xc0,0x89,0x05,0x67,0x37,0x00,
    0x00,0xc7,0x05,0x61,0x37,0x00,0x00,0x03,0x00,0x00,0x00,0x31,0xc0,0x89,0x05,0x5d,
    0x37,0x00,0x00,0x5b,0xf9,0xc3,0x44,0x89,0xc0,0x89,0x05,0x49,0x37,0x00,0x00,0xc7,
    0x05,0x43,0x37,0x00,0x00,0x02,0x00,0x00,0x00,0x31,0xc0,0x89,0x05,0x3f,0x37,0x00,
    0x00,0x5b,0xf9,0xc3,0x44,0x89,0xc0,0x89,0x05,0x2b,0x37,0x00,0x00,0xc7,0x05,0x25,
    0x37,0x00,0x00,0x01,0x00,0x00,0x00,0x31,0xc9,0x83,0xf8,0x04,0x72,0x0a,0x83,0xf8,
    0x08,0x73,0x05,0xb9,0x01,0x00,0x00,0x00,0x89,0x0d,0x12,0x37,0x00,0x00,0x5b,0xf9,
    0xc3,0x44,0x89,0xc0,0x83,0xc0,0x04,0x89,0x05,0xfb,0x36,0x00,0x00,0xc7,0x05,0xf5,
    0x36,0x00,0x00,0x01,0x00,0x00,0x00,0xc7,0x05,0xef,0x36,0x00,0x00,0x10,0x00,0x00,
    0x00,0xc7,0x05,0x59,0x36,0x00,0x00,0x01,0x00,0x00,0x00,0x5b,0xf9,0xc3,0x4c,0x8b,
    0x15,0xb3,0x35,0x00,0x00,0x48,0x31,0xc9,0x48,0x83,0xf9,0x10,0x73,0x63,0x48,0x8d,
    0x34,0xca,0x45,0x31,0xc0,0x48,0x89,0xdf,0x46,0x8a,0x0c,0x06,0x45,0x84,0xc9,0x74,
    0x20,0x49,0x83,0xf8,0x07,0x73,0x45,0x4a,0x8d,0x04,0x07,0x4c,0x39,0xd0,0x73,0x3c,
    0x44,0x8a,0x18,0x41,0x80,0xcb,0x20,0x45,0x38,0xd9,0x75,0x30,0x49,0xff,0xc0,0xeb,
    0xd7,0x4a,0x8d,0x04,0x07,0x4c,0x39,0xd0,0x73,0x12,0x44,0x8a,0x18,0x45,0x84,0xdb,
    0x74,0x0a,0x44,0x88,0xd8,0xe8,0x51,0xef,0xff,0xff,0x75,0x10,0x4a,0x8d,0x04,0x07,
    0x48,0x89,0x05,0x49,0x35,0x00,0x00,0x41,0x89,0xc8,0xf9,0xc3,0x48,0xff,0xc1,0xeb,
    0x97,0xf8,0xc3,0x53,0x41,0x54,0x41,0x55,0x41,0x56,0x8b,0x05,0x30,0x36,0x00,0x00,
    0x48,0x8d,0x1d,0x79,0x3e,0x00,0x00,0x49,0x89,0xc3,0x49,0xc1,0xe3,0x06,0x4c,0x01,
    0xdb,0xc7,0x03,0x03,0x00,0x00,0x00,0xc7,0x43,0x14,0x01,0x00,0x00,0x00,0xc7,0x05,
    0xb0,0x35,0x00,0x00,0xff,0xff,0xff,0xff,0xc7,0x05,0xaa,0x35,0x00,0x00,0xff,0xff,
    0xff,0xff,0xc7,0x05,0xa4,0x35,0x00,0x00,0x00,0x00,0x00,0x00,0x48,0x8b,0x05,0xed,
    0x34,0x00,0x00,0x48,0xff,0xc0,0x48,0x89,0x05,0xe3,0x34,0x00,0x00,0xe8,0x38,0xef,
    0xff,0xff,0x48,0x8b,0x05,0xd7,0x34,0x00,0x00,0x48,0x3b,0x05,0xd8,0x34,0x00,0x00,
    0x0f,0x83,0xd8,0x01,0x00,0x00,0x44,0x8a,0x08,0x41,0x80,0xf9,0x5d,0x0f,0x84,0x97,
    0x01,0x00,0x00,0x41,0x80,0xf9,0x2c,0x0f,0x84,0xc1,0x01,0x00,0x00,0xe8,0xdb,0xfd,
    0xff,0xff,0x0f,0x82,0xca,0x00,0x00,0x00,0xe8,0xc3,0x01,0x00,0x00,0x72,0x1f,0xe8,
    0x70,0x04,0x00,0x00,0x72,0x1e,0xe8,0xc7,0x01,0x00,0x00,0x83,0x3d,0x7e,0x34,0x00,
    0x00,0x00,0x0f,0x85,0xa0,0x01,0x00,0x00,0x48,0x89,0x43,0x1c,0xeb,0x1c,0x83,0x4b,
    0x18,0x02,0xeb,0x99,0xe8,0x08,0xf2,0xff,0xff,0x83,0x3d,0x60,0x34,0x00,0x00,0x00,
    0x0f,0x85,0x82,0x01,0x00,0x00,0x48,0x01,0x43,0x24,0xe8,0xbb,0xee,0xff,0xff,0x48,
    0x8b,0x05,0x5a,0x34,0x00,0x00,0x48,0x3b,0x05,0x5b,0x34,0x00,0x00,0x0f,0x83,0x6a,
    0xff,0xff,0xff,0x44,0x8a,0x08,0x41,0x80,0xf9,0x2b,0x74,0x0b,0x41,0x80,0xf9,0x2d,
    0x74,0x36,0xe9,0x56,0xff,0xff,0xff,0x48,0xff,0xc0,0x48,0x89,0x05,0x2f,0x34,0x00,
    0x00,0xe8,0x84,0xee,0xff,0xff,0xe8,0x52,0xfd,0xff,0xff,0x72,0x45,0xe8,0xaf,0xf1,
    0xff,0xff,0x83,0x3d,0x07,0x34,0x00,0x00,0x00,0x0f,0x85,0x29,0x01,0x00,0x00,0x48,
    0x01,0x43,0x24,0xe9,0x25,0xff,0xff,0xff,0x48,0xff,0xc0,0x48,0x89,0x05,0xfe,0x33,
    0x00,0x00,0xe8,0x53,0xee,0xff,0xff,0xe8,0x85,0xf1,0xff,0xff,0x83,0x3d,0xdd,0x33,
    0x00,0x00,0x00,0x0f,0x85,0xff,0x00,0x00,0x00,0x48,0x29,0x43,0x24,0xe9,0xfb,0xfe,
    0xff,0xff,0x8b,0x05,0x00,0x35,0x00,0x00,0x83,0x3d,0xfd,0x34,0x00,0x00,0x03,0x75,
    0x0a,0xc7,0x05,0x75,0x34,0x00,0x00,0x01,0x00,0x00,0x00,0x83,0x3d,0x66,0x34,0x00,
    0x00,0xff,0x75,0x08,0x89,0x05,0x5e,0x34,0x00,0x00,0xeb,0x13,0x83,0x3d,0x59,0x34,
    0x00,0x00,0xff,0x0f,0x85,0xb5,0x00,0x00,0x00,0x89,0x05,0x4d,0x34,0x00,0x00,0xe8,
    0xf6,0xed,0xff,0xff,0x48,0x8b,0x05,0x95,0x33,0x00,0x00,0x48,0x3b,0x05,0x96,0x33,
    0x00,0x00,0x0f,0x83,0xa5,0xfe,0xff,0xff,0x44,0x8a,0x08,0x41,0x80,0xf9,0x2a,0x0f,
    0x85,0x98,0xfe,0xff,0xff,0x48,0xff,0xc0,0x48,0x89,0x05,0x71,0x33,0x00,0x00,0xe8,
    0xc6,0xed,0xff,0xff,0xe8,0xf8,0xf0,0xff,0xff,0x83,0x3d,0x50,0x33,0x00,0x00,0x00,
    0x75,0x76,0x48,0x83,0xf8,0x08,0x74,0x0e,0x48,0x83,0xf8,0x04,0x74,0x14,0x48,0x83,
    0xf8,0x02,0x74,0x1a,0xeb,0x58,0xc7,0x43,0x14,0x08,0x00,0x00,0x00,0xe9,0x5b,0xfe,
    0xff,0xff,0xc7,0x43,0x14,0x04,0x00,0x00,0x00,0xe9,0x4f,0xfe,0xff,0xff,0xc7,0x43,
    0x14,0x02,0x00,0x00,0x00,0xe9,0x43,0xfe,0xff,0xff,0x48,0x8b,0x05,0x1f,0x33,0x00,
    0x00,0x48,0xff,0xc0,0x48,0x89,0x05,0x15,0x33,0x00,0x00,0x8b,0x05,0xb7,0x33,0x00,
    0x00,0x89,0x43,0x0c,0x8b,0x05,0xb2,0x33,0x00,0x00,0x89,0x43,0x10,0x8b,0x05,0xf9,
    0x33,0x00,0x00,0x89,0x43,0x04,0x41,0x5e,0x41,0x5d,0x41,0x5c,0x5b,0xc3,0xbf,0x08,
    0x00,0x00,0x00,0xe8,0xb5,0xe7,0xff,0xff,0x41,0x5e,0x41,0x5d,0x41,0x5c,0x5b,0xc3,
    0x41,0xb8,0x03,0x00,0x00,0x00,0x48,0x8d,0x3d,0x76,0x32,0x00,0x00,0xe9,0x9c,0xed,
    0xff,0xff,0x53,0x41,0x54,0x41,0x55,0x48,0x8b,0x1d,0xc2,0x32,0x00,0x00,0x4c,0x8b,
    0x2d,0xc3,0x32,0x00,0x00,0x4c,0x39,0xeb,0x73,0x3e,0x8a,0x03,0xe8,0xe2,0xec,0xff,
    0xff,0x74,0x35,0x48,0x89,0xdf,0xe8,0x4b,0xed,0xff,0xff,0x4d,0x89,0xdc,0x48,0x89,
    0xc6,0x49,0x89,0xc5,0x48,0x89,0xdf,0xe8,0xb5,0xed,0xff,0xff,0xe8,0x20,0xee,0xff,
    0xff,0x4c,0x89,0x25,0x88,0x32,0x00,0x00,0x41,0x5d,0x41,0x5c,0x5b,0x48,0x85,0xc0,
    0x78,0x03,0xff,0xc0,0xc3,0x31,0xc0,0xc3,0x31,0xc0,0x41,0x5d,0x41,0x5c,0x5b,0xc3,
    0x53,0xc7,0x05,0x69,0x33,0x00,0x00,0x00,0x00,0x00,0x00,0xc7,0x05,0x63,0x33,0x00,
    0x00,0x00,0x00,0x00,0x00,0xc7,0x05,0x5d,0x33,0x00,0x00,0x00,0x00,0x00,0x00,0xc7,
    0x05,0x57,0x33,0x00,0x00,0x01,0x00,0x00,0x00,0xc7,0x05,0x1d,0x33,0x00,0x00,0x00,
    0x00,0x00,0x00,0xe8,0xe7,0x00,0x00,0x00,0x83,0x3d,0x21,0x32,0x00,0x00,0x00,0x0f,
    0x85,0x90,0x00,0x00,0x00,0x48,0x89,0xc3,0xe8,0x8d,0x00,0x00,0x00,0xe8,0x78,0xec,
    0xff,0xff,0x48,0x8b,0x05,0x17,0x32,0x00,0x00,0x48,0x3b,0x05,0x18,0x32,0x00,0x00,
    0x73,0x73,0x8a,0x08,0x80,0xf9,0x2b,0x74,0x07,0x80,0xf9,0x2d,0x74,0x33,0xeb,0x65,
    0x48,0xff,0xc0,0x48,0x89,0x05,0xf6,0x31,0x00,0x00,0xc7,0x05,0xfc,0x32,0x00,0x00,
    0x01,0x00,0x00,0x00,0xe8,0x41,0xec,0xff,0xff,0xe8,0x91,0x00,0x00,0x00,0x83,0x3d,
    0xcb,0x31,0x00,0x00,0x00,0x75,0x3e,0x48,0x01,0xc3,0xe8,0x3b,0x00,0x00,0x00,0xeb,
    0xac,0x48,0xff,0xc0,0x48,0x89,0x05,0xc5,0x31,0x00,0x00,0xc7,0x05,0xcb,0x32,0x00,
    0x00,0xff,0xff,0xff,0xff,0xe8,0x10,0xec,0xff,0xff,0xe8,0x60,0x00,0x00,0x00,0x83,
    0x3d,0x9a,0x31,0x00,0x00,0x00,0x75,0x0d,0x48,0x29,0xc3,0xe8,0x0a,0x00,0x00,0x00,
    0xe9,0x78,0xff,0xff,0xff,0x48,0x89,0xd8,0x5b,0xc3,0x8b,0x05,0x94,0x32,0x00,0x00,
    0x85,0xc0,0x74,0x3a,0xff,0xc8,0x48,0x8d,0x0d,0xd3,0x3c,0x00,0x00,0x49,0x89,0xc3,
    0x49,0xc1,0xe3,0x05,0x4c,0x01,0xd9,0x83,0x79,0x14,0x00,0x75,0x21,0x8b,0x05,0x71,
    0x32,0x00,0x00,0x83,0x3d,0x6e,0x32,0x00,0x00,0x00,0x75,0x06,0x89,0x05,0x66,0x32,
    0x00,0x00,0x8b,0x0d,0x68,0x32,0x00,0x00,0x01,0x0d,0x5e,0x32,0x00,0x00,0xc3,0x53,
    0xc7,0x05,0x4a,0x32,0x00,0x00,0x00,0x00,0x00,0x00,0xe8,0x9b,0xeb,0xff,0xff,0x48,
    0x8b,0x05,0x3a,0x31,0x00,0x00,0x48,0x3b,0x05,0x3b,0x31,0x00,0x00,0x0f,0x83,0xe9,
    0x00,0x00,0x00,0x44,0x8a,0x08,0x41,0x80,0xf9,0x28,0x74,0x31,0xe8,0xf3,0x00,0x00,
    0x00,0x72,0x20,0xe8,0x4a,0xfe,0xff,0xff,0x48,0x85,0xc0,0x0f,0x84,0xcb,0x00,0x00,
    0x00,0x89,0x05,0x0d,0x32,0x00,0x00,0xff,0xc8,0xe8,0xc0,0xed,0xff,0xff,0xe9,0xc3,
    0x00,0x00,0x00,0xe8,0x89,0xee,0xff,0xff,0xe9,0xb9,0x00,0x00,0x00,0x8b,0x0d,0xf5,
    0x31,0x00,0x00,0x89,0x0d,0xff,0x31,0x00,0x00,0x8b,0x0d,0xed,0x31,0x00,0x00,0x89,
    0x0d,0xf7,0x31,0x00,0x00,0x48,0xff,0xc0,0x48,0x89,0x05,0xd1,0x30,0x00,0x00,0x81,
    0x3d,0xdb,0x31,0x00,0x00,0x00,0x10,0x00,0x00,0x0f,0x83,0x89,0x00,0x00,0x00,0xff,
    0x05,0xcf,0x31,0x00,0x00,0xe8,0x46,0xfe,0xff,0xff,0xff,0x0d,0xc4,0x31,0x00,0x00,
    0x83,0x3d,0x99,0x30,0x00,0x00,0x00,0x75,0x6d,0x48,0x89,0x05,0xc0,0x31,0x00,0x00,
    0xe8,0xf5,0xea,0xff,0xff,0x48,0x8b,0x05,0x94,0x30,0x00,0x00,0x48,0x3b,0x05,0x95,
    0x30,0x00,0x00,0x73,0x51,0x80,0x38,0x29,0x75,0x42,0x48,0xff,0xc0,0x48,0x89,0x05,
    0x7c,0x30,0x00,0x00,0x8b,0x0d,0x8e,0x31,0x00,0x00,0x85,0xc9,0x74,0x0f,0x83,0x3d,
    0x73,0x31,0x00,0x00,0x00,0x75,0x06,0x89,0x0d,0x6b,0x31,0x00,0x00,0x8b,0x0d,0x79,
    0x31,0x00,0x00,0x01,0x0d,0x63,0x31,0x00,0x00,0xc7,0x05,0x51,0x31,0x00,0x00,0x00,
    0x00,0x00,0x00,0x48,0x8b,0x05,0x66,0x31,0x00,0x00,0xeb,0x0a,0xbf,0x03,0x00,0x00,
    0x00,0xe8,0x07,0xe5,0xff,0xff,0x5b,0xc3,0xbf,0x0b,0x00,0x00,0x00,0xe8,0xfb,0xe4,
    0xff,0xff,0xeb,0xf2,0x48,0x8b,0x05,0x25,0x30,0x00,0x00,0x48,0x3b,0x05,0x26,0x30,
    0x00,0x00,0x73,0x27,0x44,0x8a,0x00,0x41,0x80,0xf8,0x30,0x72,0x06,0x41,0x80,0xf8,
    0x39,0x76,0x43,0x41,0x80,0xf8,0x24,0x74,0x3d,0x41,0x80,0xf8,0x25,0x74,0x37,0x41,
    0x80,0xf8,0x2d,0x74,0x08,0x41,0x80,0xf8,0x2b,0x74,0x02,0xf8,0xc3,0x48,0xff,0xc0,
    0x48,0x3b,0x05,0xf1,0x2f,0x00,0x00,0x73,0xf2,0x44,0x8a,0x00,0x41,0x80,0xf8,0x30,
    0x72,0x12,0x41,0x80,0xf8,0x39,0x76,0x0e,0x41,0x80,0xf8,0x24,0x74,0x08,0x41,0x80,
    0xf8,0x25,0x74,0x02,0xf8,0xc3,0xf9,0xc3,0x53,0x52,0x48,0x8b,0x1d,0x97,0x2f,0x00,
    0x00,0x48,0x85,0xdb,0x74,0x13,0x48,0x8b,0x15,0x93,0x2f,0x00,0x00,0x48,0x3b,0x15,
    0x74,0x2f,0x00,0x00,0x73,0x03,0x88,0x04,0x13,0x48,0xff,0x05,0x80,0x2f,0x00,0x00,
    0x5a,0x5b,0xc3,0x53,0x41,0x54,0x41,0x55,0x41,0x56,0x49,0x89,0xc4,0x49,0x89,0xc6,
    0x41,0x89,0xfd,0x45,0x85,0xed,0x74,0x14,0x4c,0x89,0xf0,0x24,0xff,0xe8,0xb6,0xff,
    0xff,0xff,0xb1,0x08,0x49,0xd3,0xee,0x41,0xff,0xcd,0xeb,0xe7,0x4c,0x89,0xe0,0x41,
    0x5e,0x41,0x5d,0x41,0x5c,0x5b,0xc3,0x53,0x88,0xc3,0x88,0xc8,0xc0,0xe0,0x02,0x08,
    0xc3,0x44,0x88,0xc0,0xd0,0xe0,0x08,0xc3,0x44,0x08,0xcb,0x84,0xdb,0x75,0x04,0x84,
    0xd2,0x74,0x0a,0x80,0xcb,0x40,0x88,0xd8,0xe8,0x7b,0xff,0xff,0xff,0x5b,0xc3,0x83,
    0xfa,0x02,0x75,0x07,0xb0,0x66,0xe8,0x6d,0xff,0xff,0xff,0xc3,0xe8,0x67,0xff,0xff,
    0xff,0xc3,0x53,0x48,0x89,0xfb,0x4c,0x8b,0x4b,0x24,0x8b,0x4b,0x1c,0x48,0x85,0xc9,
    0x74,0x10,0x48,0xff,0xc9,0x48,0x89,0xc8,0xe8,0xd1,0xeb,0xff,0xff,0x4c,0x01,0xc8,
    0xeb,0x03,0x4c,0x89,0xc8,0x8b,0x0d,0xcd,0x2f,0x00,0x00,0x83,0xf9,0x03,0x74,0x0c,
    0x83,0xf9,0x01,0x74,0x34,0x83,0xf9,0x02,0x74,0x36,0xeb,0x3e,0x48,0x89,0x05,0x89,
    0x2f,0x00,0x00,0x48,0x8b,0x05,0xc6,0x2e,0x00,0x00,0x48,0x89,0x05,0x73,0x2f,0x00,
    0x00,0x48,0x83,0xc0,0x04,0x48,0x8b,0x0d,0x70,0x2f,0x00,0x00,0x48,0x29,0xc1,0x48,
    0x89,0xc8,0xbf,0x04,0x00,0x00,0x00,0xeb,0x0c,0xbf,0x01,0x00,0x00,0x00,0xeb,0x05,
    0xbf,0x04,0x00,0x00,0x00,0xe8,0x19,0xff,0xff,0xff,0x5b,0xc3,0x53,0x41,0x54,0x41,
    0x55,0x48,0x89,0xfb,0x41,0x89,0xf4,0x41,0x89,0xd5,0x8b,0x43,0x0c,0x8b,0x4b,0x10,
    0x89,0x05,0x42,0x2f,0x00,0x00,0x89,0x0d,0x40,0x2f,0x00,0x00,0x83,0x3b,0x01,0x75,
    0x1f,0xb0,0xc0,0x44,0x89,0xe1,0x80,0xe1,0x07,0xc0,0xe1,0x03,0x08,0xc8,0x8a,0x4b,
    0x08,0x80,0xe1,0x07,0x08,0xc8,0xe8,0x41,0xff,0xff,0xff,0xe9,0xc5,0x01,0x00,0x00,
    0x83,0x3d,0x11,0x2f,0x00,0x00,0xff,0x75,0x39,0x83,0x3d,0x0c,0x2f,0x00,0x00,0xff,
    0x75,0x30,0x8b,0x43,0x18,0xa9,0x02,0x00,0x00,0x00,0x74,0x26,0x44,0x88,0xe0,0x24,
    0x07,0xc0,0xe0,0x03,0x0c,0x05,0xe8,0x11,0xff,0xff,0xff,0xc7,0x05,0x03,0x2f,0x00,
    0x00,0x03,0x00,0x00,0x00,0x48,0x89,0xdf,0xe8,0x05,0xff,0xff,0xff,0xe9,0x83,0x01,
    0x00,0x00,0x83,0x3d,0xcf,0x2e,0x00,0x00,0xff,0x75,0x7c,0x83,0x3d,0xca,0x2e,0x00,
    0x00,0xff,0x75,0x2d,0x44,0x88,0xe0,0x24,0x07,0xc0,0xe0,0x03,0x0c,0x04,0xe8,0xd9,
    0xfe,0xff,0xff,0xb0,0x25,0xe8,0x3e,0xfe,0xff,0xff,0xc7,0x05,0xc4,0x2e,0x00,0x00,
    0x02,0x00,0x00,0x00,0x48,0x89,0xdf,0xe8,0xc6,0xfe,0xff,0xff,0xe9,0x44,0x01,0x00,
    0x00,0x44,0x88,0xe0,0x24,0x07,0xc0,0xe0,0x03,0x0c,0x04,0xe8,0xac,0xfe,0xff,0xff,
    0x8b,0x53,0x14,0xe8,0x8f,0x01,0x00,0x00,0xc0,0xe0,0x06,0x8b,0x0d,0x7b,0x2e,0x00,
    0x00,0x80,0xe1,0x07,0xc0,0xe1,0x03,0x08,0xc8,0x0c,0x05,0xe8,0xf8,0xfd,0xff,0xff,
    0xc7,0x05,0x7e,0x2e,0x00,0x00,0x02,0x00,0x00,0x00,0x48,0x89,0xdf,0xe8,0x80,0xfe,
    0xff,0xff,0xe9,0xfe,0x00,0x00,0x00,0x8b,0x05,0x4b,0x2e,0x00,0x00,0x89,0x05,0x51,
    0x2e,0x00,0x00,0x83,0x3d,0x42,0x2e,0x00,0x00,0xff,0x75,0x25,0x89,0xc2,0x83,0xe2,
    0x07,0x83,0xfa,0x04,0x74,0x08,0x89,0x15,0x3c,0x2e,0x00,0x00,0xeb,0x2d,0xc7,0x05,
    0x30,0x2e,0x00,0x00,0x04,0x00,0x00,0x00,0xc6,0x05,0x35,0x2e,0x00,0x00,0x01,0xeb,
    0x1a,0x8b,0x15,0x15,0x2e,0x00,0x00,0x83,0xe2,0x07,0xc7,0x05,0x14,0x2e,0x00,0x00,
    0x04,0x00,0x00,0x00,0xc6,0x05,0x19,0x2e,0x00,0x00,0x01,0x48,0x89,0xdf,0xe8,0xab,
    0x00,0x00,0x00,0x80,0x3d,0x0e,0x2e,0x00,0x00,0x00,0x75,0x17,0x8b,0x0d,0xf2,0x2d,
    0x00,0x00,0x83,0xe1,0x07,0x83,0xf9,0x05,0x74,0x02,0xeb,0x19,0xc6,0x05,0xf5,0x2d,
    0x00,0x00,0x01,0x80,0x3d,0xee,0x2d,0x00,0x00,0x01,0x74,0x0d,0x80,0x3d,0xe5,0x2d,
    0x00,0x00,0x02,0x74,0x0b,0x31,0xc9,0xeb,0x0c,0xb9,0x01,0x00,0x00,0x00,0xeb,0x05,
    0xb9,0x02,0x00,0x00,0x00,0x88,0xc8,0xc0,0xe0,0x06,0x44,0x89,0xe2,0x80,0xe2,0x07,
    0xc1,0xe2,0x03,0x08,0xd0,0x8b,0x15,0xad,0x2d,0x00,0x00,0x08,0xd0,0xe8,0xba,0xfd,
    0xff,0xff,0x80,0x3d,0xab,0x2d,0x00,0x00,0x00,0x74,0x32,0x8b,0x53,0x14,0xe8,0x94,
    0x00,0x00,0x00,0xc0,0xe0,0x06,0x8b,0x0d,0x80,0x2d,0x00,0x00,0x83,0xf9,0xff,0x74,
    0x0a,0x80,0xe1,0x07,0xc0,0xe1,0x03,0x08,0xc8,0xeb,0x02,0x0c,0x20,0x8b,0x0d,0x71,
    0x2d,0x00,0x00,0x80,0xe1,0x07,0x08,0xc8,0xe8,0xeb,0xfc,0xff,0xff,0x48,0x89,0xdf,
    0xe8,0x7d,0xfd,0xff,0xff,0x4c,0x89,0xe8,0x41,0x5d,0x41,0x5c,0x5b,0xc3,0x53,0x48,
    0x89,0xfb,0x8b,0x43,0x1c,0x48,0x85,0xc0,0x74,0x10,0xc7,0x05,0x54,0x2d,0x00,0x00,
    0x02,0x00,0x00,0x00,0x48,0x8b,0x43,0x24,0x5b,0xc3,0x48,0x8b,0x43,0x24,0x48,0x85,
    0xc0,0x75,0x0c,0xc7,0x05,0x3b,0x2d,0x00,0x00,0x00,0x00,0x00,0x00,0x5b,0xc3,0x48,
    0x89,0xc2,0x48,0xc1,0xe2,0x38,0x48,0xc1,0xfa,0x38,0x48,0x39,0xc2,0x74,0x0c,0xc7,
    0x05,0x1f,0x2d,0x00,0x00,0x02,0x00,0x00,0x00,0x5b,0xc3,0xc7,0x05,0x13,0x2d,0x00,
    0x00,0x01,0x00,0x00,0x00,0x5b,0xc3,0x83,0xfa,0x08,0x74,0x0d,0x83,0xfa,0x04,0x74,
    0x0e,0x83,0xfa,0x02,0x74,0x0f,0x31,0xc0,0xc3,0xb8,0x03,0x00,0x00,0x00,0xc3,0xb8,
    0x02,0x00,0x00,0x00,0xc3,0xb8,0x01,0x00,0x00,0x00,0xc3,0x48,0x8d,0x05,0x6e,0x35,
    0x00,0x00,0x49,0x89,0xfb,0x49,0xc1,0xe3,0x06,0x4c,0x01,0xd8,0xc3,0x53,0x41,0x54,
    0x4c,0x8d,0x25,0x59,0x35,0x00,0x00,0x49,0x89,0xfb,0x49,0xc1,0xe3,0x06,0x4d,0x01,
    0xdc,0x41,0x8b,0x44,0x24,0x04,0x85,0xc0,0x75,0x3a,0x8b,0x05,0x44,0x35,0x00,0x00,
    0x85,0xc0,0x75,0x30,0x31,0xc9,0x3b,0x0d,0x00,0x2c,0x00,0x00,0x73,0x21,0x48,0x8d,
    0x15,0x2b,0x35,0x00,0x00,0x49,0x89,0xcb,0x49,0xc1,0xe3,0x06,0x4c,0x01,0xda,0x83,
    0x3a,0x01,0x75,0x07,0x8b,0x42,0x04,0x85,0xc0,0x75,0x09,0xff,0xc1,0xeb,0xd7,0xb8,
    0x04,0x00,0x00,0x00,0x41,0x5c,0x5b,0xc3,0x53,0x48,0x8d,0x1d,0x00,0x35,0x00,0x00,
    0x49,0x89,0xfb,0x49,0xc1,0xe3,0x06,0x4c,0x01,0xdb,0x8b,0x43,0x08,0x5b,0xc3,0x53,
    0x41,0x54,0x4c,0x8d,0x25,0xe7,0x34,0x00,0x00,0x49,0x89,0xfb,0x49,0xc1,0xe3,0x06,
    0x4d,0x01,0xdc,0x4d,0x8b,0x4c,0x24,0x24,0x41,0x8b,0x4c,0x24,0x1c,0x48,0x85,0xc9,
    0x74,0x10,0x48,0xff,0xc9,0x48,0x89,0xc8,0xe8,0x31,0xe8,0xff,0xff,0x4c,0x01,0xc8,
    0xeb,0x03,0x4c,0x89,0xc8,0x41,0x5c,0x5b,0xc3,0x48,0x8d,0x05,0xb0,0x34,0x00,0x00,
    0x49,0x89,0xfb,0x49,0xc1,0xe3,0x06,0x4c,0x01,0xd8,0x8b,0x00,0xc3,0x48,0x8d,0x05,
    0x9c,0x34,0x00,0x00,0x49,0x89,0xfb,0x49,0xc1,0xe3,0x06,0x4c,0x01,0xd8,0x8b,0x40,
    0x18,0xc3,0x48,0x8d,0x05,0x87,0x34,0x00,0x00,0x49,0x89,0xfb,0x49,0xc1,0xe3,0x06,
    0x4c,0x01,0xd8,0x83,0x38,0x01,0x0f,0x94,0xc0,0xf6,0xd8,0xc3,0x48,0x8d,0x05,0x6d,
    0x34,0x00,0x00,0x49,0x89,0xfb,0x49,0xc1,0xe3,0x06,0x4c,0x01,0xd8,0x83,0x38,0x02,
    0x0f,0x94,0xc0,0xf6,0xd8,0xc3,0x48,0x8d,0x05,0x53,0x34,0x00,0x00,0x49,0x89,0xfb,
    0x49,0xc1,0xe3,0x06,0x4c,0x01,0xd8,0x83,0x38,0x03,0x0f,0x94,0xc0,0xf6,0xd8,0xc3,
    0x53,0x41,0x54,0x41,0x55,0x41,0x89,0xf4,0x41,0x89,0xd5,0x31,0xc0,0x41,0x83,0xfd,
    0x04,0x75,0x05,0xb8,0x08,0x00,0x00,0x00,0x0f,0xb6,0x0d,0x21,0x2b,0x00,0x00,0x81,
    0xf9,0x80,0x00,0x00,0x00,0x0f,0x84,0x9b,0x00,0x00,0x00,0x81,0xf9,0x81,0x00,0x00,
    0x00,0x0f,0x84,0x8f,0x00,0x00,0x00,0x81,0xf9,0x83,0x00,0x00,0x00,0x0f,0x84,0x83,
    0x00,0x00,0x00,0x81,0xf9,0xc0,0x00,0x00,0x00,0x74,0x7b,0x81,0xf9,0xc1,0x00,0x00,
    0x00,0x74,0x73,0x81,0xf9,0xd0,0x00,0x00,0x00,0x74,0x6b,0x81,0xf9,0xd1,0x00,0x00,
    0x00,0x74,0x63,0x81,0xf9,0xd2,0x00,0x00,0x00,0x74,0x5b,0x81,0xf9,0xd3,0x00,0x00,
    0x00,0x74,0x53,0x81,0xf9,0xba,0x00,0x00,0x00,0x74,0x4b,0x81,0xf9,0xf6,0x00,0x00,
    0x00,0x74,0x43,0x81,0xf9,0xf7,0x00,0x00,0x00,0x74,0x3b,0x81,0xf9,0xfe,0x00,0x00,
    0x00,0x74,0x33,0x81,0xf9,0xff,0x00,0x00,0x00,0x74,0x2b,0x44,0x89,0xe1,0xc1,0xe9,
    0x03,0x85,0xc9,0x74,0x03,0x83,0xc8,0x04,0x41,0x83,0xfd,0x01,0x75,0x18,0x83,0x3d,
    0xdf,0x2a,0x00,0x00,0x00,0x75,0x0f,0x41,0x83,0xfc,0x04,0x72,0x09,0x41,0x83,0xfc,
    0x08,0x73,0x03,0x83,0xc8,0x40,0x48,0x8d,0x1d,0x73,0x33,0x00,0x00,0x49,0x89,0xfb,
    0x49,0xc1,0xe3,0x06,0x4c,0x01,0xdb,0x83,0x3b,0x03,0x74,0x21,0x8b,0x4b,0x08,0x41,
    0x83,0xfd,0x01,0x75,0x0c,0xf7,0x43,0x18,0x01,0x00,0x00,0x00,0x74,0x03,0x83,0xc8,
    0x40,0xc1,0xe9,0x03,0x85,0xc9,0x74,0x2d,0x83,0xc8,0x01,0xeb,0x28,0x8b,0x4b,0x0c,
    0x83,0xf9,0xff,0x74,0x0c,0x89,0xca,0xc1,0xea,0x03,0x85,0xd2,0x74,0x03,0x83,0xc8,
    0x01,0x8b,0x4b,0x10,0x83,0xf9,0xff,0x74,0x0c,0x89,0xca,0xc1,0xea,0x03,0x85,0xd2,
    0x74,0x03,0x83,0xc8,0x02,0x83,0x3d,0x68,0x2a,0x00,0x00,0x00,0x74,0x10,0x85,0xc0,
    0x74,0x0c,0xbf,0x0b,0x00,0x00,0x00,0xe8,0x81,0xde,0xff,0xff,0x31,0xc0,0x41,0x5d,
    0x41,0x5c,0x5b,0xc3,0x53,0x41,0x54,0x41,0x55,0x41,0x89,0xf4,0x41,0x89,0xd5,0x89,
    0x3d,0xf7,0x29,0x00,0x00,0x44,0x89,0xea,0x83,0xfa,0x02,0x75,0x07,0xb0,0x66,0xe8,
    0xc4,0xf9,0xff,0xff,0x8b,0x3d,0xe2,0x29,0x00,0x00,0xe8,0x5c,0xfd,0xff,0xff,0x83,
    0x38,0x03,0x75,0x10,0x83,0x3d,0x25,0x2a,0x00,0x00,0x00,0x74,0x07,0xb0,0x67,0xe8,
    0xa4,0xf9,0xff,0xff,0x8b,0x3d,0xc2,0x29,0x00,0x00,0x44,0x89,0xe6,0x44,0x89,0xea,
    0xe8,0x6b,0xfe,0xff,0xff,0x85,0xc0,0x74,0x07,0x0c,0x40,0xe8,0x88,0xf9,0xff,0xff,
    0x83,0x3d,0x9d,0x29,0x00,0x00,0x00,0x74,0x07,0xb0,0x0f,0xe8,0x78,0xf9,0xff,0xff,
    0x8a,0x05,0x8a,0x29,0x00,0x00,0xe8,0x6d,0xf9,0xff,0xff,0x8b,0x3d,0x8b,0x29,0x00,
    0x00,0xe8,0x05,0xfd,0xff,0xff,0x48,0x89,0xc7,0x44,0x89,0xe6,0x44,0x89,0xea,0xe8,
    0x68,0xfa,0xff,0xff,0x41,0x5d,0x41,0x5c,0x5b,0xc3,0x53,0x48,0x89,0xfb,0xe8,0x6c,
    0xfd,0xff,0xff,0x89,0xf7,0xe8,0x69,0xf9,0xff,0xff,0x5b,0xc3,0x53,0xe8,0x5d,0xfd,
    0xff,0xff,0x48,0x8b,0x15,0xd7,0x28,0x00,0x00,0x48,0x83,0xc2,0x04,0x48,0x29,0xd0,
    0xbf,0x04,0x00,0x00,0x00,0xe8,0x49,0xf9,0xff,0xff,0x5b,0xc3,0x53,0x41,0x54,0x41,
    0x89,0xfc,0x44,0x89,0xe7,0xe8,0x35,0xfd,0xff,0xff,0x48,0x8b,0x15,0xaf,0x28,0x00,
    0x00,0x48,0x83,0xc2,0x02,0x48,0x29,0xd0,0x48,0x83,0xf8,0x80,0x7c,0x0b,0x48,0x83,
    0xf8,0x7f,0x7f,0x05,0x41,0x5c,0x5b,0xf9,0xc3,0x31,0xc0,0x41,0x5c,0x5b,0xf8,0xc3,
    0x53,0x41,0x54,0x41,0x55,0x45,0x89,0xec,0x49,0x89,0xfd,0x48,0x8d,0x1d,0xee,0x31,
    0x00,0x00,0x4d,0x89,0xeb,0x49,0xc1,0xe3,0x06,0x4c,0x01,0xdb,0x8b,0x43,0x08,0x89,
    0x05,0xeb,0x28,0x00,0x00,0xbf,0x01,0x00,0x00,0x00,0xe8,0xe0,0xfc,0xff,0xff,0x48,
    0x89,0x05,0xe2,0x28,0x00,0x00,0xc7,0x05,0xd4,0x28,0x00,0x00,0x00,0x00,0x00,0x00,
    0x41,0x83,0xfc,0x04,0x75,0x61,0xbf,0x01,0x00,0x00,0x00,0xe8,0x0d,0xfd,0xff,0xff,
    0xa9,0x08,0x00,0x00,0x00,0x74,0x0c,0xc7,0x05,0xb3,0x28,0x00,0x00,0x02,0x00,0x00,
    0x00,0xeb,0x44,0x48,0x8b,0x05,0xae,0x28,0x00,0x00,0x48,0x85,0xc0,0x78,0x16,0xba,
    0xff,0xff,0xff,0xff,0x48,0x39,0xd0,0x76,0x2e,0xc7,0x05,0x91,0x28,0x00,0x00,0x02,
    0x00,0x00,0x00,0xeb,0x22,0x48,0x89,0xc2,0x48,0xc1,0xfa,0x1f,0x48,0xff,0xc2,0x75,
    0x0c,0xc7,0x05,0x79,0x28,0x00,0x00,0x01,0x00,0x00,0x00,0xeb,0x0a,0xc7,0x05,0x6d,
    0x28,0x00,0x00,0x02,0x00,0x00,0x00,0x41,0x83,0xfc,0x02,0x75,0x07,0xb0,0x66,0xe8,
    0x34,0xf8,0xff,0xff,0x4c,0x89,0xef,0x31,0xf6,0x44,0x89,0xe2,0xe8,0xff,0xfc,0xff,
    0xff,0x83,0x3d,0x4c,0x28,0x00,0x00,0x00,0x75,0x08,0x41,0x83,0xfc,0x04,0x75,0x02,
    0x24,0xf7,0x85,0xc0,0x74,0x07,0x0c,0x40,0xe8,0x0b,0xf8,0xff,0xff,0x41,0x83,0xfc,
    0x01,0x74,0x50,0x41,0x83,0xfc,0x02,0x74,0x6c,0x41,0x83,0xfc,0x03,0x0f,0x84,0x84,
    0x00,0x00,0x00,0x8b,0x05,0x1b,0x28,0x00,0x00,0x85,0xc0,0x74,0x7a,0x83,0xf8,0x01,
    0x74,0x05,0xe9,0x92,0x00,0x00,0x00,0xb0,0xc7,0xe8,0xda,0xf7,0xff,0xff,0x8b,0x05,
    0xfc,0x27,0x00,0x00,0x24,0x07,0x0c,0xc0,0xe8,0xcb,0xf7,0xff,0xff,0x48,0x8b,0x05,
    0xf4,0x27,0x00,0x00,0xbf,0x04,0x00,0x00,0x00,0xe8,0xe5,0xf7,0xff,0xff,0xe9,0x86,
    0x00,0x00,0x00,0x8b,0x05,0xd7,0x27,0x00,0x00,0x24,0x07,0x04,0xb0,0xe8,0xa6,0xf7,
    0xff,0xff,0x48,0x8b,0x05,0xcf,0x27,0x00,0x00,0xbf,0x01,0x00,0x00,0x00,0xe8,0xc0,
    0xf7,0xff,0xff,0xeb,0x64,0x8b,0x05,0xb5,0x27,0x00,0x00,0x24,0x07,0x04,0xb8,0xe8,
    0x84,0xf7,0xff,0xff,0x48,0x8b,0x05,0xad,0x27,0x00,0x00,0xbf,0x02,0x00,0x00,0x00,
    0xe8,0x9e,0xf7,0xff,0xff,0xeb,0x42,0x8b,0x05,0x93,0x27,0x00,0x00,0x24,0x07,0x04,
    0xb8,0xe8,0x62,0xf7,0xff,0xff,0x48,0x8b,0x05,0x8b,0x27,0x00,0x00,0xbf,0x04,0x00,
    0x00,0x00,0xe8,0x7c,0xf7,0xff,0xff,0xeb,0x20,0x8b,0x05,0x71,0x27,0x00,0x00,0x24,
    0x07,0x04,0xb8,0xe8,0x40,0xf7,0xff,0xff,0x48,0x8b,0x05,0x69,0x27,0x00,0x00,0xbf,
    0x08,0x00,0x00,0x00,0xe8,0x5a,0xf7,0xff,0xff,0x41,0x5d,0x41,0x5c,0x5b,0xc3,0x53,
    0x41,0x54,0x41,0x55,0x45,0x89,0xec,0x49,0x89,0xfd,0x48,0x8d,0x1d,0x2f,0x30,0x00,
    0x00,0x4d,0x89,0xeb,0x49,0xc1,0xe3,0x06,0x4c,0x01,0xdb,0x44,0x89,0xe2,0x83,0xfa,
    0x02,0x75,0x07,0xb0,0x66,0xe8,0xfe,0xf6,0xff,0xff,0x83,0x3b,0x03,0x75,0x10,0x83,
    0x3d,0x6a,0x27,0x00,0x00,0x00,0x74,0x07,0xb0,0x67,0xe8,0xe9,0xf6,0xff,0xff,0x4c,
    0x89,0xef,0xbe,0x00,0x00,0x00,0x00,0x44,0x89,0xe2,0xe8,0xb1,0xfb,0xff,0xff,0x85,
    0xc0,0x74,0x07,0x0c,0x40,0xe8,0xce,0xf6,0xff,0xff,0x83,0x3b,0x01,0x75,0x29,0x8b,
    0x43,0x08,0x24,0x07,0x41,0x83,0xfc,0x01,0x75,0x09,0x04,0xb0,0xe8,0xb7,0xf6,0xff,
    0xff,0xeb,0x3c,0xb0,0xc7,0xe8,0xae,0xf6,0xff,0xff,0x8b,0x43,0x08,0x24,0x07,0x0c,
    0xc0,0xe8,0xa2,0xf6,0xff,0xff,0xeb,0x27,0xb0,0xc6,0x41,0x83,0xfc,0x01,0x74,0x02,
    0xb0,0xc7,0xe8,0x91,0xf6,0xff,0xff,0x4c,0x89,0xef,0xe8,0x2c,0xfa,0xff,0xff,0x48,
    0x89,0xc7,0xbe,0x00,0x00,0x00,0x00,0x44,0x89,0xe2,0xe8,0x8d,0xf7,0xff,0xff,0xbf,
    0x01,0x00,0x00,0x00,0x41,0x83,0xfc,0x01,0x74,0x0d,0x41,0x83,0xfc,0x02,0x74,0x0e,
    0xbe,0x04,0x00,0x00,0x00,0xeb,0x0c,0xbe,0x01,0x00,0x00,0x00,0xeb,0x05,0xbe,0x02,
    0x00,0x00,0x00,0xe8,0x02,0xfd,0xff,0xff,0x41,0x5d,0x41,0x5c,0x5b,0xc3,0x53,0x41,
    0x54,0x41,0x55,0x41,0x89,0xf4,0x41,0x89,0xd5,0xbf,0x01,0x00,0x00,0x00,0xe8,0xea,
    0xf9,0xff,0xff,0x83,0xf8,0x01,0x74,0x23,0x83,0xf8,0x02,0x74,0x35,0x83,0xf8,0x03,
    0x74,0x02,0xeb,0x72,0x83,0x3d,0x25,0x27,0x00,0x00,0x03,0x75,0x69,0x41,0x83,0xfd,
    0x04,0x75,0x63,0x41,0xb8,0x63,0x00,0x00,0x00,0xeb,0x2c,0x41,0xb8,0xb6,0x00,0x00,
    0x00,0x83,0x3d,0x08,0x27,0x00,0x00,0x03,0x75,0x1d,0x41,0xb8,0xbe,0x00,0x00,0x00,
    0xeb,0x15,0x41,0xb8,0xb7,0x00,0x00,0x00,0x83,0x3d,0xf1,0x26,0x00,0x00,0x03,0x75,
    0x06,0x41,0xb8,0xbf,0x00,0x00,0x00,0xc6,0x05,0xf6,0x25,0x00,0x00,0x01,0x41,0x83,
    0xf8,0x63,0x75,0x07,0xc6,0x05,0xe9,0x25,0x00,0x00,0x00,0x44,0x89,0xc0,0x88,0x05,
    0xdc,0x25,0x00,0x00,0xbf,0x01,0x00,0x00,0x00,0x44,0x89,0xe6,0x44,0x89,0xea,0xe8,
    0xd0,0xfb,0xff,0xff,0xeb,0x0a,0xbf,0x0c,0x00,0x00,0x00,0xe8,0x3d,0xda,0xff,0xff,
    0x41,0x5d,0x41,0x5c,0x5b,0xc3,0x53,0x8b,0x05,0x83,0x25,0x00,0x00,0xc1,0xe0,0x03,
    0x89,0x05,0xda,0x25,0x00,0x00,0xbf,0x01,0x00,0x00,0x00,0xe8,0x2c,0xfa,0xff,0xff,
    0x0f,0x82,0x9f,0x00,0x00,0x00,0xbf,0x01,0x00,0x00,0x00,0xe8,0x02,0xfa,0xff,0xff,
    0x72,0x4b,0xbf,0x00,0x00,0x00,0x00,0xe8,0x21,0xf9,0xff,0xff,0x41,0x89,0xc5,0xbf,
    0x00,0x00,0x00,0x00,0xe8,0x6f,0xf9,0xff,0xff,0x89,0xc6,0x8b,0x05,0x9f,0x25,0x00,
    0x00,0x04,0x02,0x41,0x83,0xfd,0x01,0x74,0x02,0x04,0x01,0x88,0x05,0x5f,0x25,0x00,
    0x00,0xc7,0x05,0x59,0x25,0x00,0x00,0x00,0x00,0x00,0x00,0xbf,0x01,0x00,0x00,0x00,
    0x44,0x89,0xea,0xe8,0x4c,0xfb,0xff,0xff,0xe9,0xa2,0x01,0x00,0x00,0xbf,0x00,0x00,
    0x00,0x00,0xe8,0xd6,0xf8,0xff,0xff,0x41,0x89,0xc5,0xbf,0x01,0x00,0x00,0x00,0xe8,
    0x24,0xf9,0xff,0xff,0x89,0xc6,0x8b,0x05,0x54,0x25,0x00,0x00,0x04,0x00,0x41,0x83,
    0xfd,0x01,0x74,0x02,0x04,0x01,0x88,0x05,0x14,0x25,0x00,0x00,0xc7,0x05,0x0e,0x25,
    0x00,0x00,0x00,0x00,0x00,0x00,0x31,0xff,0x44,0x89,0xea,0xe8,0x04,0xfb,0xff,0xff,
    0xe9,0x5a,0x01,0x00,0x00,0xbf,0x00,0x00,0x00,0x00,0xe8,0x63,0xf9,0xff,0xff,0x0f,
    0x83,0x9d,0x00,0x00,0x00,0xbf,0x00,0x00,0x00,0x00,0xe8,0x7e,0xf8,0xff,0xff,0x41,
    0x89,0xc5,0x41,0x83,0xfd,0x01,0x74,0x18,0xbf,0x01,0x00,0x00,0x00,0xe8,0xdd,0xf8,
    0xff,0xff,0x48,0x83,0xf8,0x80,0x7c,0x08,0x48,0x83,0xf8,0x7f,0x7f,0x02,0xeb,0x72,
    0xbf,0x00,0x00,0x00,0x00,0xe8,0xae,0xf8,0xff,0xff,0x85,0xc0,0x74,0x02,0xeb,0x62,
    0x8b,0x05,0xda,0x24,0x00,0x00,0x41,0x83,0xfd,0x01,0x75,0x04,0x04,0x04,0xeb,0x02,
    0x04,0x05,0x88,0x05,0x98,0x24,0x00,0x00,0x41,0x83,0xfd,0x04,0x74,0x08,0x41,0x83,
    0xfd,0x02,0x74,0x0b,0xeb,0x10,0xb0,0x48,0xe8,0x6b,0xf4,0xff,0xff,0xeb,0x07,0xb0,
    0x66,0xe8,0x62,0xf4,0xff,0xff,0x8a,0x05,0x74,0x24,0x00,0x00,0xe8,0x57,0xf4,0xff,
    0xff,0xbf,0x01,0x00,0x00,0x00,0x41,0x83,0xfd,0x01,0x74,0x07,0xbe,0x04,0x00,0x00,
    0x00,0xeb,0x05,0xbe,0x01,0x00,0x00,0x00,0xe8,0xed,0xfa,0xff,0xff,0xe9,0xad,0x00,
    0x00,0x00,0xbf,0x00,0x00,0x00,0x00,0xe8,0xe1,0xf7,0xff,0xff,0x41,0x89,0xc5,0xbf,
    0x01,0x00,0x00,0x00,0xe8,0x46,0xf8,0xff,0xff,0x48,0x89,0x05,0x48,0x24,0x00,0x00,
    0xc7,0x05,0x2a,0x24,0x00,0x00,0x00,0x00,0x00,0x00,0x8b,0x05,0xf0,0x23,0x00,0x00,
    0x89,0xc6,0xbf,0x00,0x00,0x00,0x00,0x44,0x89,0xea,0x41,0x83,0xfd,0x01,0x74,0x33,
    0x48,0x8b,0x05,0x21,0x24,0x00,0x00,0x48,0x83,0xf8,0x80,0x7c,0x46,0x48,0x83,0xf8,
    0x7f,0x7f,0x40,0xb0,0x83,0x88,0x05,0xf5,0x23,0x00,0x00,0xe8,0xf4,0xf9,0xff,0xff,
    0x48,0x8b,0x05,0x01,0x24,0x00,0x00,0xbf,0x01,0x00,0x00,0x00,0xe8,0xf2,0xf3,0xff,
    0xff,0xeb,0x3c,0xb0,0x80,0x88,0x05,0xd5,0x23,0x00,0x00,0xe8,0xd4,0xf9,0xff,0xff,
    0x48,0x8b,0x05,0xe1,0x23,0x00,0x00,0xbf,0x01,0x00,0x00,0x00,0xe8,0xd2,0xf3,0xff,
    0xff,0xeb,0x1c,0xb0,0x81,0x88,0x05,0xb5,0x23,0x00,0x00,0xe8,0xb4,0xf9,0xff,0xff,
    0xbf,0x01,0x00,0x00,0x00,0xbe,0x04,0x00,0x00,0x00,0xe8,0x3b,0xfa,0xff,0xff,0x5b,
    0xc3,0x53,0xbf,0x00,0x00,0x00,0x00,0xe8,0x31,0xf7,0xff,0xff,0x41,0x89,0xc4,0xbf,
    0x01,0x00,0x00,0x00,0xe8,0x13,0xf8,0xff,0xff,0x72,0x50,0xbf,0x01,0x00,0x00,0x00,
    0xe8,0x73,0xf7,0xff,0xff,0x83,0xf8,0x01,0x0f,0x85,0xbe,0x00,0x00,0x00,0xc7,0x05,
    0x6c,0x23,0x00,0x00,0x00,0x00,0x00,0x00,0x8b,0x35,0x32,0x23,0x00,0x00,0x31,0xff,
    0x44,0x89,0xe2,0x41,0x83,0xfc,0x01,0x74,0x11,0xc6,0x05,0x50,0x23,0x00,0x00,0xd3,
    0xe8,0x4f,0xf9,0xff,0xff,0xe9,0x9c,0x00,0x00,0x00,0xc6,0x05,0x3f,0x23,0x00,0x00,
    0xd2,0xe8,0x3e,0xf9,0xff,0xff,0xe9,0x8b,0x00,0x00,0x00,0xbf,0x01,0x00,0x00,0x00,
    0xe8,0x3a,0xf7,0xff,0xff,0x48,0x89,0x05,0x3c,0x23,0x00,0x00,0xc7,0x05,0x1e,0x23,
    0x00,0x00,0x00,0x00,0x00,0x00,0x8b,0x35,0xe4,0x22,0x00,0x00,0x31,0xff,0x44,0x89,
    0xe2,0x48,0x83,0xf8,0x01,0x75,0x22,0x41,0x83,0xfc,0x01,0x74,0x0e,0xc6,0x05,0xfc,
    0x22,0x00,0x00,0xd1,0xe8,0xfb,0xf8,0xff,0xff,0xeb,0x4b,0xc6,0x05,0xee,0x22,0x00,
    0x00,0xd0,0xe8,0xed,0xf8,0xff,0xff,0xeb,0x3d,0x41,0x83,0xfc,0x01,0x74,0x0e,0xc6,
    0x05,0xda,0x22,0x00,0x00,0xc1,0xe8,0xd9,0xf8,0xff,0xff,0xeb,0x0c,0xc6,0x05,0xcc,
    0x22,0x00,0x00,0xc0,0xe8,0xcb,0xf8,0xff,0xff,0x48,0x8b,0x05,0xd8,0x22,0x00,0x00,
    0xbf,0x01,0x00,0x00,0x00,0xe8,0xc9,0xf2,0xff,0xff,0xeb,0x0a,0xbf,0x0b,0x00,0x00,
    0x00,0xe8,0x27,0xd7,0xff,0xff,0x5b,0xc3,0x53,0x41,0x54,0x48,0x8d,0x1d,0x13,0x12,
    0x00,0x00,0x44,0x8b,0x25,0x67,0x22,0x00,0x00,0x42,0x0f,0xb6,0x14,0x23,0x85,0xd2,
    0x74,0x17,0x4a,0x8d,0x7c,0x23,0x01,0x31,0xc9,0x39,0xd1,0x73,0x0c,0x8a,0x04,0x0f,
    0xe8,0x63,0xf2,0xff,0xff,0xff,0xc1,0xeb,0xf0,0x41,0x5c,0x5b,0xc3,0x53,0x41,0x54,
    0x44,0x8b,0x25,0x39,0x22,0x00,0x00,0x31,0xdb,0x3b,0x1d,0x2d,0x22,0x00,0x00,0x73,
    0x4e,0x89,0xdf,0xe8,0xa1,0xf6,0xff,0xff,0x83,0xf8,0x04,0x74,0x0f,0x48,0x89,0xdf,
    0x44,0x89,0xe6,0xe8,0xe2,0xf8,0xff,0xff,0xff,0xc3,0xeb,0xdd,0x48,0x8d,0x3d,0x3d,
    0x2b,0x00,0x00,0x49,0x89,0xdb,0x49,0xc1,0xe3,0x06,0x4c,0x01,0xdf,0x48,0x8b,0x7f,
    0x2c,0x48,0x8d,0x35,0x28,0x2b,0x00,0x00,0x49,0x89,0xdb,0x49,0xc1,0xe3,0x06,0x4c,
    0x01,0xde,0x48,0x8b,0x76,0x34,0xe8,0x08,0x00,0x00,0x00,0xff,0xc3,0xeb,0xaa,0x41,
    0x5c,0x5b,0xc3,0x53,0x48,0x89,0xfb,0x44,0x8b,0x25,0xd2,0x21,0x00,0x00,0x48,0x39,
    0xf3,0x73,0x32,0x31,0xc0,0x45,0x31,0xc0,0x45,0x39,0xe0,0x73,0x1e,0x31,0xd2,0x48,
    0x39,0xf3,0x73,0x06,0x0f,0xb6,0x13,0x48,0xff,0xc3,0x44,0x89,0xc1,0xc1,0xe1,0x03,
    0x48,0xd3,0xe2,0x48,0x09,0xd0,0x41,0xff,0xc0,0xeb,0xdd,0x44,0x89,0xe7,0xe8,0xe0,
    0xf1,0xff,0xff,0xeb,0xc9,0x5b,0xc3,0x53,0x48,0xc7,0x05,0x01,0x22,0x00,0x00,0xff,
    0xff,0xff,0xff,0xe8,0x2c,0x00,0x00,0x00,0x48,0x8b,0x0d,0xf5,0x21,0x00,0x00,0x48,
    0x83,0xf9,0xff,0x74,0x1d,0x48,0x8b,0x1d,0x2c,0x21,0x00,0x00,0x48,0x85,0xdb,0x74,
    0x11,0x48,0x8b,0x05,0xe4,0x21,0x00,0x00,0x48,0x2b,0x05,0x21,0x21,0x00,0x00,0x89,
    0x04,0x0b,0x5b,0xc3,0x8b,0x05,0x76,0x22,0x00,0x00,0x83,0xf8,0x01,0x0f,0x84,0x2d,
    0x01,0x00,0x00,0x83,0xf8,0x02,0x0f,0x84,0x2a,0x01,0x00,0x00,0x83,0xf8,0x03,0x0f,
    0x84,0x27,0x01,0x00,0x00,0x83,0xf8,0x04,0x0f,0x84,0x24,0x01,0x00,0x00,0x83,0xf8,
    0x05,0x0f,0x84,0x21,0x01,0x00,0x00,0x83,0xf8,0x06,0x0f,0x84,0x1e,0x01,0x00,0x00,
    0x83,0xf8,0x07,0x0f,0x84,0x1b,0x01,0x00,0x00,0x83,0xf8,0x08,0x0f,0x84,0x18,0x01,
    0x00,0x00,0x83,0xf8,0x09,0x0f,0x84,0x15,0x01,0x00,0x00,0x83,0xf8,0x0a,0x0f,0x84,
    0x12,0x01,0x00,0x00,0x83,0xf8,0x0b,0x0f,0x84,0x0f,0x01,0x00,0x00,0x83,0xf8,0x0c,
    0x0f,0x84,0x0c,0x01,0x00,0x00,0x83,0xf8,0x0d,0x0f,0x84,0x09,0x01,0x00,0x00,0x83,
    0xf8,0x0e,0x0f,0x84,0x06,0x01,0x00,0x00,0x83,0xf8,0x0f,0x0f,0x84,0x03,0x01,0x00,
    0x00,0x83,0xf8,0x10,0x0f,0x84,0x00,0x01,0x00,0x00,0x83,0xf8,0x11,0x0f,0x84,0xfd,
    0x00,0x00,0x00,0x83,0xf8,0x12,0x0f,0x84,0xfa,0x00,0x00,0x00,0x83,0xf8,0x13,0x0f,
    0x84,0xf7,0x00,0x00,0x00,0x83,0xf8,0x14,0x0f,0x84,0xf4,0x00,0x00,0x00,0x83,0xf8,
    0x15,0x0f,0x84,0xf1,0x00,0x00,0x00,0x83,0xf8,0x16,0x0f,0x84,0xee,0x00,0x00,0x00,
    0x83,0xf8,0x17,0x0f,0x84,0xeb,0x00,0x00,0x00,0x83,0xf8,0x18,0x0f,0x84,0xe8,0x00,
    0x00,0x00,0x83,0xf8,0x19,0x0f,0x84,0xe5,0x00,0x00,0x00,0x83,0xf8,0x1a,0x0f,0x84,
    0xe2,0x00,0x00,0x00,0x83,0xf8,0x1b,0x0f,0x84,0xdf,0x00,0x00,0x00,0x83,0xf8,0x1c,
    0x0f,0x84,0xdc,0x00,0x00,0x00,0x83,0xf8,0x1d,0x0f,0x84,0xd9,0x00,0x00,0x00,0x83,
    0xf8,0x1e,0x0f,0x84,0xd6,0x00,0x00,0x00,0x83,0xf8,0x1f,0x0f,0x84,0xd3,0x00,0x00,
    0x00,0x83,0xf8,0x20,0x0f,0x84,0xd0,0x00,0x00,0x00,0x83,0xf8,0x21,0x0f,0x84,0xcd,
    0x00,0x00,0x00,0xeb,0x00,0xbf,0x02,0x00,0x00,0x00,0xe8,0xce,0xd4,0xff,0xff,0xc3,
    0xe8,0xc1,0x00,0x00,0x00,0xc3,0xe8,0xef,0x01,0x00,0x00,0xc3,0xe8,0x07,0x02,0x00,
    0x00,0xc3,0xe8,0x1f,0x02,0x00,0x00,0xc3,0xe8,0x4a,0x02,0x00,0x00,0xc3,0xe8,0x8f,
    0x02,0x00,0x00,0xc3,0xe8,0xa3,0x03,0x00,0x00,0xc3,0xe8,0x8e,0x04,0x00,0x00,0xc3,
    0xe8,0x25,0x05,0x00,0x00,0xc3,0xe8,0x25,0x05,0x00,0x00,0xc3,0xe8,0x29,0x06,0x00,
    0x00,0xc3,0xe8,0x5f,0x06,0x00,0x00,0xc3,0xe8,0x07,0x08,0x00,0x00,0xc3,0xe8,0x49,
    0x08,0x00,0x00,0xc3,0xe8,0x49,0x08,0x00,0x00,0xc3,0xe8,0xce,0x08,0x00,0x00,0xc3,
    0xe8,0x4a,0x09,0x00,0x00,0xc3,0xe8,0x69,0x09,0x00,0x00,0xc3,0xe8,0x6b,0x09,0x00,
    0x00,0xc3,0xe8,0xb0,0x09,0x00,0x00,0xc3,0xe8,0xd4,0x09,0x00,0x00,0xc3,0xe8,0x0d,
    0x0a,0x00,0x00,0xc3,0xe8,0x49,0x0a,0x00,0x00,0xc3,0xe8,0xcd,0x0a,0x00,0x00,0xc3,
    0xe8,0x40,0x0b,0x00,0x00,0xc3,0xe8,0x85,0x0b,0x00,0x00,0xc3,0xe8,0x22,0x0c,0x00,
    0x00,0xc3,0xe8,0x5b,0x0c,0x00,0x00,0xc3,0xe8,0x5b,0x0c,0x00,0x00,0xc3,0xe8,0x69,
    0x0c,0x00,0x00,0xc3,0xe8,0x5b,0x0a,0x00,0x00,0xc3,0xe8,0x94,0x0a,0x00,0x00,0xc3,
    0xe8,0xd4,0x0a,0x00,0x00,0xc3,0xbf,0x01,0x00,0x00,0x00,0xe8,0x0c,0xf4,0xff,0xff,
    0x0f,0x82,0xea,0x00,0x00,0x00,0xbf,0x00,0x00,0x00,0x00,0xe8,0xe2,0xf3,0xff,0xff,
    0x72,0x52,0xbf,0x01,0x00,0x00,0x00,0xe8,0xd6,0xf3,0xff,0xff,0x0f,0x83,0xfd,0x00,
    0x00,0x00,0xbf,0x01,0x00,0x00,0x00,0xe8,0x4c,0xf3,0xff,0xff,0x89,0xc6,0xbf,0x00,
    0x00,0x00,0x00,0xe8,0xe5,0xf2,0xff,0xff,0x41,0x89,0xc5,0xc6,0x05,0x3e,0x1f,0x00,
    0x00,0x89,0x41,0x83,0xfd,0x01,0x75,0x07,0xc6,0x05,0x31,0x1f,0x00,0x00,0x88,0xc7,
    0x05,0x2b,0x1f,0x00,0x00,0x00,0x00,0x00,0x00,0x31,0xff,0x44,0x89,0xea,0xe8,0x21,
    0xf5,0xff,0xff,0xc3,0xbf,0x01,0x00,0x00,0x00,0xe8,0x84,0xf3,0xff,0xff,0x72,0x3e,
    0xbf,0x00,0x00,0x00,0x00,0xe8,0xfe,0xf2,0xff,0xff,0x89,0xc6,0xbf,0x00,0x00,0x00,
    0x00,0xe8,0x97,0xf2,0xff,0xff,0x41,0x89,0xc5,0xc6,0x05,0xf0,0x1e,0x00,0x00,0x8b,
    0x41,0x83,0xfd,0x01,0x75,0x07,0xc6,0x05,0xe3,0x1e,0x00,0x00,0x8a,0xc7,0x05,0xdd,
    0x1e,0x00,0x00,0x00,0x00,0x00,0x00,0xbf,0x01,0x00,0x00,0x00,0xeb,0x39,0xbf,0x01,
    0x00,0x00,0x00,0xe8,0xc0,0xf2,0xff,0xff,0x89,0xc6,0xbf,0x00,0x00,0x00,0x00,0xe8,
    0x59,0xf2,0xff,0xff,0x41,0x89,0xc5,0xc6,0x05,0xb2,0x1e,0x00,0x00,0x89,0x41,0x83,
    0xfd,0x01,0x75,0x07,0xc6,0x05,0xa5,0x1e,0x00,0x00,0x88,0xc7,0x05,0x9f,0x1e,0x00,
    0x00,0x00,0x00,0x00,0x00,0x31,0xff,0x44,0x89,0xea,0xe8,0x95,0xf4,0xff,0xff,0xc3,
    0xbf,0x00,0x00,0x00,0x00,0xe8,0x23,0xf2,0xff,0xff,0x41,0x89,0xc5,0xbf,0x00,0x00,
    0x00,0x00,0xe8,0xeb,0xf2,0xff,0xff,0x72,0x0b,0xbf,0x00,0x00,0x00,0x00,0xe8,0x2c,
    0xf7,0xff,0xff,0xc3,0xbf,0x00,0x00,0x00,0x00,0xe8,0x62,0xf5,0xff,0xff,0xc3,0xbf,
    0x0b,0x00,0x00,0x00,0xe8,0xd4,0xd2,0xff,0xff,0xc3,0xbf,0x00,0x00,0x00,0x00,0xe8,
    0x44,0xf2,0xff,0xff,0x89,0xc6,0xbf,0x00,0x00,0x00,0x00,0xe8,0xdd,0xf1,0xff,0xff,
    0x89,0xc2,0xe8,0xd7,0xf7,0xff,0xff,0xc3,0xbf,0x00,0x00,0x00,0x00,0xe8,0x26,0xf2,
    0xff,0xff,0x89,0xc6,0xbf,0x00,0x00,0x00,0x00,0xe8,0xbf,0xf1,0xff,0xff,0x89,0xc2,
    0xe8,0xb9,0xf7,0xff,0xff,0xc3,0xbf,0x00,0x00,0x00,0x00,0xe8,0x08,0xf2,0xff,0xff,
    0x89,0xc6,0xc6,0x05,0x07,0x1e,0x00,0x00,0x63,0xc7,0x05,0x01,0x1e,0x00,0x00,0x00,
    0x00,0x00,0x00,0x31,0xff,0xe8,0x93,0xf1,0xff,0xff,0x89,0xc2,0xbf,0x01,0x00,0x00,
    0x00,0xe8,0xee,0xf3,0xff,0xff,0xc3,0xbf,0x01,0x00,0x00,0x00,0xe8,0x85,0xf2,0xff,
    0xff,0x73,0x34,0xbf,0x00,0x00,0x00,0x00,0xe8,0x70,0xf1,0xff,0xff,0x89,0xc2,0xbf,
    0x00,0x00,0x00,0x00,0xe8,0xbf,0xf1,0xff,0xff,0x89,0xc6,0xc6,0x05,0xbe,0x1d,0x00,
    0x00,0x8d,0xc7,0x05,0xb8,0x1d,0x00,0x00,0x00,0x00,0x00,0x00,0xbf,0x01,0x00,0x00,
    0x00,0xe8,0xae,0xf3,0xff,0xff,0xc3,0xbf,0x0b,0x00,0x00,0x00,0xe8,0x1c,0xd2,0xff,
    0xff,0xc3,0xbf,0x00,0x00,0x00,0x00,0xe8,0x06,0xf2,0xff,0xff,0x0f,0x83,0xbf,0x00,
    0x00,0x00,0xbf,0x01,0x00,0x00,0x00,0xe8,0xf6,0xf1,0xff,0xff,0x0f,0x83,0xaf,0x00,
    0x00,0x00,0xbf,0x00,0x00,0x00,0x00,0xe8,0x11,0xf1,0xff,0xff,0x83,0xf8,0x01,0x0f,
    0x84,0x9c,0x00,0x00,0x00,0xbf,0x00,0x00,0x00,0x00,0xe8,0x59,0xf1,0xff,0xff,0x85,
    0xc0,0x75,0x21,0xbf,0x01,0x00,0x00,0x00,0xe8,0x4b,0xf1,0xff,0xff,0x85,0xc0,0x75,
    0x2b,0xbf,0x00,0x00,0x00,0x00,0xe8,0xe2,0xf0,0xff,0xff,0x83,0xf8,0x04,0x75,0x71,
    0x31,0xc0,0xeb,0x18,0xbf,0x01,0x00,0x00,0x00,0xe8,0x2a,0xf1,0xff,0xff,0x85,0xc0,
    0x75,0x5f,0xbf,0x00,0x00,0x00,0x00,0xe8,0x1c,0xf1,0xff,0xff,0x89,0x05,0x2e,0x1d,
    0x00,0x00,0xbf,0x00,0x00,0x00,0x00,0xe8,0xb1,0xf0,0xff,0xff,0x41,0x89,0xc5,0x41,
    0x83,0xfd,0x02,0x75,0x07,0xb0,0x66,0xe8,0xec,0xec,0xff,0xff,0x31,0xd2,0x41,0x83,
    0xfd,0x04,0x75,0x03,0x83,0xca,0x08,0x8b,0x05,0x03,0x1d,0x00,0x00,0xa8,0x08,0x74,
    0x03,0x83,0xca,0x01,0x85,0xd2,0x74,0x09,0x89,0xd0,0x0c,0x40,0xe8,0xc7,0xec,0xff,
    0xff,0x8b,0x05,0xe9,0x1c,0x00,0x00,0x24,0x07,0x04,0x90,0xe8,0xb8,0xec,0xff,0xff,
    0xc3,0xbf,0x00,0x00,0x00,0x00,0xe8,0x62,0xf0,0xff,0xff,0x41,0x89,0xc5,0xbf,0x00,
    0x00,0x00,0x00,0xe8,0xb0,0xf0,0xff,0xff,0x89,0xc6,0xc7,0x05,0xb0,0x1c,0x00,0x00,
    0x00,0x00,0x00,0x00,0xbf,0x01,0x00,0x00,0x00,0x44,0x89,0xea,0x48,0x83,0xfa,0x01,
    0x75,0x0d,0xc6,0x05,0x97,0x1c,0x00,0x00,0x86,0xe8,0x96,0xf2,0xff,0xff,0xc3,0xc6,
    0x05,0x8a,0x1c,0x00,0x00,0x87,0xe8,0x89,0xf2,0xff,0xff,0xc3,0xbf,0x00,0x00,0x00,
    0x00,0xe8,0x06,0xf1,0xff,0xff,0x0f,0x82,0x94,0x00,0x00,0x00,0xbf,0x00,0x00,0x00,
    0x00,0xe8,0x07,0xf0,0xff,0xff,0x41,0x89,0xc5,0x83,0xf8,0x03,0x74,0x77,0x83,0xf8,
    0x01,0x74,0x72,0xbf,0x00,0x00,0x00,0x00,0xe8,0xc5,0xf0,0xff,0xff,0x73,0x3b,0x41,
    0x83,0xfd,0x02,0x75,0x07,0xb0,0x66,0xe8,0x2c,0xec,0xff,0xff,0xbf,0x00,0x00,0x00,
    0x00,0xe8,0x32,0xf0,0xff,0xff,0x89,0xc1,0xc1,0xe9,0x03,0x85,0xc9,0x74,0x07,0xb0,
    0x41,0xe8,0x12,0xec,0xff,0xff,0xbf,0x00,0x00,0x00,0x00,0xe8,0x18,0xf0,0xff,0xff,
    0x24,0x07,0x04,0x50,0xe8,0xff,0xeb,0xff,0xff,0xc3,0xbe,0x06,0x00,0x00,0x00,0xc6,
    0x05,0x0a,0x1c,0x00,0x00,0xff,0xc7,0x05,0x04,0x1c,0x00,0x00,0x00,0x00,0x00,0x00,
    0x31,0xff,0x44,0x89,0xea,0x83,0xfa,0x04,0x75,0x05,0xba,0x03,0x00,0x00,0x00,0xe8,
    0xf0,0xf1,0xff,0xff,0xc3,0xbf,0x03,0x00,0x00,0x00,0xe8,0x5e,0xd0,0xff,0xff,0xc3,
    0xe8,0xea,0xef,0xff,0xff,0x48,0x89,0x05,0xec,0x1b,0x00,0x00,0x48,0x89,0xc2,0x48,
    0x83,0xfa,0x80,0x7c,0x1f,0x48,0x83,0xfa,0x7f,0x7f,0x19,0xb0,0x6a,0xe8,0xa6,0xeb,
    0xff,0xff,0x48,0x8b,0x05,0xcf,0x1b,0x00,0x00,0xbf,0x01,0x00,0x00,0x00,0xe8,0xc0,
    0xeb,0xff,0xff,0xc3,0xb0,0x68,0xe8,0x8d,0xeb,0xff,0xff,0x48,0x8b,0x05,0xb6,0x1b,
    0x00,0x00,0xbf,0x04,0x00,0x00,0x00,0xe8,0xa7,0xeb,0xff,0xff,0xc3,0xbf,0x00,0x00,
    0x00,0x00,0xe8,0x26,0xef,0xff,0xff,0x41,0x89,0xc5,0x41,0x83,0xfd,0x03,0x74,0x4d,
    0x41,0x83,0xfd,0x01,0x74,0x47,0x41,0x83,0xfd,0x02,0x75,0x07,0xb0,0x66,0xe8,0x55,
    0xeb,0xff,0xff,0xbf,0x00,0x00,0x00,0x00,0xe8,0xd5,0xef,0xff,0xff,0x73,0x39,0xbf,
    0x00,0x00,0x00,0x00,0xe8,0x4f,0xef,0xff,0xff,0x89,0xc1,0xc1,0xe9,0x03,0x85,0xc9,
    0x74,0x07,0xb0,0x41,0xe8,0x2f,0xeb,0xff,0xff,0xbf,0x00,0x00,0x00,0x00,0xe8,0x35,
    0xef,0xff,0xff,0x24,0x07,0x04,0x58,0xe8,0x1c,0xeb,0xff,0xff,0xc3,0xbf,0x03,0x00,
    0x00,0x00,0xe8,0xa6,0xcf,0xff,0xff,0xc3,0xbf,0x00,0x00,0x00,0x00,0xe8,0x16,0xef,
    0xff,0xff,0x89,0xc6,0xc6,0x05,0x15,0x1b,0x00,0x00,0x8f,0xc7,0x05,0x0f,0x1b,0x00,
    0x00,0x00,0x00,0x00,0x00,0x31,0xff,0x44,0x89,0xea,0x83,0xfa,0x04,0x75,0x05,0xba,
    0x03,0x00,0x00,0x00,0xe8,0xfb,0xf0,0xff,0xff,0xc3,0xe8,0x37,0xf5,0xff,0xff,0xc3,
    0xbf,0x01,0x00,0x00,0x00,0xe8,0x72,0xef,0xff,0xff,0x72,0x42,0xbf,0x00,0x00,0x00,
    0x00,0xe8,0x77,0xee,0xff,0xff,0x41,0x89,0xc5,0xbf,0x01,0x00,0x00,0x00,0xe8,0xc5,
    0xee,0xff,0xff,0x89,0xc6,0xc6,0x05,0xc4,0x1a,0x00,0x00,0x84,0x41,0x83,0xfd,0x01,
    0x74,0x07,0xc6,0x05,0xb7,0x1a,0x00,0x00,0x85,0xc7,0x05,0xb1,0x1a,0x00,0x00,0x00,
    0x00,0x00,0x00,0x31,0xff,0x44,0x89,0xea,0xe8,0xa7,0xf0,0xff,0xff,0xc3,0xbf,0x00,
    0x00,0x00,0x00,0xe8,0x35,0xee,0xff,0xff,0x41,0x89,0xc5,0xbf,0x00,0x00,0x00,0x00,
    0xe8,0xfd,0xee,0xff,0xff,0x73,0x5e,0xbf,0x00,0x00,0x00,0x00,0xe8,0x77,0xee,0xff,
    0xff,0x85,0xc0,0x75,0x50,0x41,0x83,0xfd,0x01,0x74,0x10,0x41,0x83,0xfd,0x02,0x74,
    0x0e,0x41,0x83,0xfd,0x04,0x74,0x13,0xb0,0xa9,0xeb,0x18,0xb0,0xa8,0xeb,0x14,0xb0,
    0x66,0xe8,0x42,0xea,0xff,0xff,0xb0,0xa9,0xeb,0x09,0xb0,0x48,0xe8,0x37,0xea,0xff,
    0xff,0xb0,0xa9,0xe8,0x30,0xea,0xff,0xff,0xbf,0x01,0x00,0x00,0x00,0x41,0x83,0xfd,
    0x01,0x74,0x07,0xbe,0x04,0x00,0x00,0x00,0xeb,0x05,0xbe,0x01,0x00,0x00,0x00,0xe8,
    0xc6,0xf0,0xff,0xff,0xc3,0xc6,0x05,0x24,0x1a,0x00,0x00,0xf6,0x41,0x83,0xfd,0x01,
    0x74,0x07,0xc6,0x05,0x17,0x1a,0x00,0x00,0xf7,0xc7,0x05,0x11,0x1a,0x00,0x00,0x00,
    0x00,0x00,0x00,0x31,0xff,0x44,0x89,0xea,0xe8,0x07,0xf0,0xff,0xff,0xbf,0x01,0x00,
    0x00,0x00,0x41,0x83,0xfd,0x01,0x74,0x07,0xbe,0x04,0x00,0x00,0x00,0xeb,0x05,0xbe,
    0x01,0x00,0x00,0x00,0xe8,0x81,0xf0,0xff,0xff,0xc3,0xbf,0x00,0x00,0x00,0x00,0xe8,
    0x79,0xed,0xff,0xff,0x41,0x89,0xc5,0xc6,0x05,0xd2,0x19,0x00,0x00,0xf6,0x41,0x83,
    0xfd,0x01,0x74,0x07,0xc6,0x05,0xc5,0x19,0x00,0x00,0xf7,0x8b,0x35,0x8f,0x19,0x00,
    0x00,0xc7,0x05,0xb9,0x19,0x00,0x00,0x00,0x00,0x00,0x00,0x31,0xff,0x44,0x89,0xea,
    0xe8,0xaf,0xef,0xff,0xff,0xc3,0x83,0x3d,0x6f,0x19,0x00,0x00,0x01,0x0f,0x84,0x5b,
    0x01,0x00,0x00,0x83,0x3d,0x62,0x19,0x00,0x00,0x02,0x74,0x54,0xbf,0x02,0x00,0x00,
    0x00,0xe8,0x99,0xed,0xff,0xff,0x48,0x89,0x05,0x9b,0x19,0x00,0x00,0xbf,0x02,0x00,
    0x00,0x00,0xe8,0x05,0xee,0xff,0xff,0x0f,0x83,0x6c,0x01,0x00,0x00,0xbf,0x01,0x00,
    0x00,0x00,0xe8,0xdb,0xed,0xff,0xff,0x72,0x11,0xbf,0x01,0x00,0x00,0x00,0xe8,0x03,
    0xee,0xff,0xff,0x72,0x05,0xe9,0x4f,0x01,0x00,0x00,0xc7,0x05,0x88,0x19,0x00,0x00,
    0x01,0x00,0x00,0x00,0xc7,0x05,0x82,0x19,0x00,0x00,0x02,0x00,0x00,0x00,0xeb,0x7b,
    0xbf,0x01,0x00,0x00,0x00,0xe8,0xc2,0xed,0xff,0xff,0x73,0x37,0xbf,0x01,0x00,0x00,
    0x00,0xe8,0x39,0xed,0xff,0xff,0x48,0x89,0x05,0x3b,0x19,0x00,0x00,0xbf,0x00,0x00,
    0x00,0x00,0xe8,0x8b,0xed,0xff,0xff,0x0f,0x83,0x0c,0x01,0x00,0x00,0xc7,0x05,0x45,
    0x19,0x00,0x00,0x00,0x00,0x00,0x00,0xc7,0x05,0x3f,0x19,0x00,0x00,0x01,0x00,0x00,
    0x00,0xeb,0x38,0xbf,0x00,0x00,0x00,0x00,0xe8,0x90,0xec,0xff,0xff,0x41,0x89,0xc5,
    0xbf,0x00,0x00,0x00,0x00,0xe8,0xde,0xec,0xff,0xff,0x89,0xc6,0xc6,0x05,0xdd,0x18,
    0x00,0x00,0xaf,0xc7,0x05,0xd7,0x18,0x00,0x00,0x01,0x00,0x00,0x00,0xbf,0x01,0x00,
    0x00,0x00,0x44,0x89,0xea,0xe8,0xca,0xee,0xff,0xff,0xc3,0xbf,0x00,0x00,0x00,0x00,
    0xe8,0x58,0xec,0xff,0xff,0x41,0x89,0xc5,0xbf,0x00,0x00,0x00,0x00,0xe8,0xa6,0xec,
    0xff,0xff,0x89,0xc6,0xc7,0x05,0xa6,0x18,0x00,0x00,0x00,0x00,0x00,0x00,0x48,0x8b,
    0x05,0xb3,0x18,0x00,0x00,0x48,0x83,0xf8,0x80,0x7c,0x2d,0x48,0x83,0xf8,0x7f,0x7f,
    0x27,0xc6,0x05,0x88,0x18,0x00,0x00,0x6b,0x8b,0x3d,0xbe,0x18,0x00,0x00,0x44,0x89,
    0xea,0xe8,0x7e,0xee,0xff,0xff,0x48,0x8b,0x05,0x8b,0x18,0x00,0x00,0xbf,0x01,0x00,
    0x00,0x00,0xe8,0x7c,0xe8,0xff,0xff,0xc3,0xc6,0x05,0x61,0x18,0x00,0x00,0x69,0x8b,
    0x3d,0x97,0x18,0x00,0x00,0x44,0x89,0xea,0xe8,0x57,0xee,0xff,0xff,0x8b,0x3d,0x8d,
    0x18,0x00,0x00,0xbe,0x04,0x00,0x00,0x00,0xe8,0xdd,0xee,0xff,0xff,0xc3,0xbf,0x00,
    0x00,0x00,0x00,0xe8,0xd5,0xeb,0xff,0xff,0x41,0x89,0xc5,0xc6,0x05,0x2e,0x18,0x00,
    0x00,0xf6,0x41,0x83,0xfd,0x01,0x74,0x07,0xc6,0x05,0x21,0x18,0x00,0x00,0xf7,0xbe,
    0x05,0x00,0x00,0x00,0xc7,0x05,0x16,0x18,0x00,0x00,0x00,0x00,0x00,0x00,0x31,0xff,
    0x44,0x89,0xea,0xe8,0x0c,0xee,0xff,0xff,0xc3,0xbf,0x0b,0x00,0x00,0x00,0xe8,0x7a,
    0xcc,0xff,0xff,0xc3,0xbf,0x00,0x00,0x00,0x00,0xe8,0x8f,0xeb,0xff,0xff,0x41,0x89,
    0xc5,0x8b,0x05,0xb9,0x17,0x00,0x00,0x89,0x05,0x17,0x18,0x00,0x00,0xc6,0x05,0xdc,
    0x17,0x00,0x00,0xfe,0x41,0x83,0xfd,0x01,0x74,0x07,0xc6,0x05,0xcf,0x17,0x00,0x00,
    0xff,0x8b,0x35,0xfd,0x17,0x00,0x00,0xc7,0x05,0xc3,0x17,0x00,0x00,0x00,0x00,0x00,
    0x00,0x31,0xff,0x44,0x89,0xea,0xe8,0xb9,0xed,0xff,0xff,0xc3,0xe8,0x10,0xf4,0xff,
    0xff,0xc3,0xbf,0x00,0x00,0x00,0x00,0xe8,0x4a,0xec,0xff,0xff,0x72,0x47,0xbf,0x00,
    0x00,0x00,0x00,0xe8,0x0a,0xec,0xff,0xff,0x72,0x3b,0xbf,0x00,0x00,0x00,0x00,0xe8,
    0x58,0xee,0xff,0xff,0x73,0x20,0x48,0x89,0x05,0x9b,0x17,0x00,0x00,0xb0,0xeb,0xe8,
    0x64,0xe7,0xff,0xff,0x48,0x8b,0x05,0x8d,0x17,0x00,0x00,0xbf,0x01,0x00,0x00,0x00,
    0xe8,0x7e,0xe7,0xff,0xff,0xc3,0xb0,0xe9,0xe8,0x4b,0xe7,0xff,0xff,0x31,0xff,0xe8,
    0x08,0xee,0xff,0xff,0xc3,0xbf,0x00,0x00,0x00,0x00,0xe8,0xee,0xea,0xff,0xff,0x41,
    0x89,0xc5,0xc6,0x05,0x47,0x17,0x00,0x00,0xff,0xc7,0x05,0x41,0x17,0x00,0x00,0x00,
    0x00,0x00,0x00,0xbe,0x04,0x00,0x00,0x00,0x31,0xff,0x44,0x89,0xea,0x83,0xfa,0x04,
    0x75,0x05,0xba,0x03,0x00,0x00,0x00,0xe8,0x28,0xed,0xff,0xff,0xc3,0xbf,0x00,0x00,
    0x00,0x00,0xe8,0xbf,0xeb,0xff,0xff,0x72,0x3e,0xbf,0x00,0x00,0x00,0x00,0xe8,0x7f,
    0xeb,0xff,0xff,0x72,0x0f,0xb0,0xe8,0xe8,0xec,0xe6,0xff,0xff,0x31,0xff,0xe8,0xa9,
    0xed,0xff,0xff,0xc3,0xc6,0x05,0xf5,0x16,0x00,0x00,0xff,0xc7,0x05,0xef,0x16,0x00,
    0x00,0x00,0x00,0x00,0x00,0xbe,0x02,0x00,0x00,0x00,0x31,0xff,0xba,0x03,0x00,0x00,
    0x00,0xe8,0xde,0xec,0xff,0xff,0xc3,0xbf,0x00,0x00,0x00,0x00,0xe8,0x6c,0xea,0xff,
    0xff,0x41,0x89,0xc5,0xc6,0x05,0xc5,0x16,0x00,0x00,0xff,0xc7,0x05,0xbf,0x16,0x00,
    0x00,0x00,0x00,0x00,0x00,0xbe,0x02,0x00,0x00,0x00,0x31,0xff,0x44,0x89,0xea,0x83,
    0xfa,0x04,0x75,0x05,0xba,0x03,0x00,0x00,0x00,0xe8,0xa6,0xec,0xff,0xff,0xc3,0x83,
    0x3d,0x66,0x16,0x00,0x00,0x00,0x74,0x14,0xb0,0xc2,0xe8,0x79,0xe6,0xff,0xff,0x31,
    0xff,0xbe,0x02,0x00,0x00,0x00,0xe8,0x1f,0xed,0xff,0xff,0xc3,0xb0,0xc3,0xe8,0x65,
    0xe6,0xff,0xff,0xc3,0xb0,0xc9,0xe8,0x5d,0xe6,0xff,0xff,0xc3,0x31,0xff,0xe8,0x39,
    0xed,0xff,0xff,0x73,0x26,0x48,0x89,0x05,0x7c,0x16,0x00,0x00,0x8b,0x05,0x2e,0x16,
    0x00,0x00,0x04,0x70,0xe8,0x3f,0xe6,0xff,0xff,0x48,0x8b,0x05,0x68,0x16,0x00,0x00,
    0xbf,0x01,0x00,0x00,0x00,0xe8,0x59,0xe6,0xff,0xff,0xc3,0xb0,0x0f,0xe8,0x26,0xe6,
    0xff,0xff,0x8b,0x05,0x08,0x16,0x00,0x00,0x04,0x80,0xe8,0x19,0xe6,0xff,0xff,0x31,
    0xff,0xe8,0xd6,0xec,0xff,0xff,0xc3,0x8b,0x05,0xf3,0x15,0x00,0x00,0x04,0x90,0x88,
    0x05,0x1b,0x16,0x00,0x00,0xc7,0x05,0x15,0x16,0x00,0x00,0x01,0x00,0x00,0x00,0xbe,
    0x00,0x00,0x00,0x00,0x31,0xff,0xba,0x01,0x00,0x00,0x00,0xe8,0x04,0xec,0xff,0xff,
    0xc3,0x8b,0x05,0xc9,0x15,0x00,0x00,0x04,0x40,0x88,0x05,0xf1,0x15,0x00,0x00,0xc7,
    0x05,0xeb,0x15,0x00,0x00,0x01,0x00,0x00,0x00,0xbf,0x00,0x00,0x00,0x00,0xe8,0x7a,
    0xe9,0xff,0xff,0x41,0x89,0xc5,0xbf,0x00,0x00,0x00,0x00,0xe8,0xc8,0xe9,0xff,0xff,
    0x89,0xc6,0xbf,0x01,0x00,0x00,0x00,0x44,0x89,0xea,0xe8,0xc5,0xeb,0xff,0xff,0xc3,
    0xbf,0x00,0x00,0x00,0x00,0xe8,0x53,0xe9,0xff,0xff,0x41,0x89,0xc5,0xbf,0x01,0x00,
    0x00,0x00,0xe8,0xa1,0xe9,0xff,0xff,0x89,0xc6,0xc6,0x05,0xa0,0x15,0x00,0x00,0xc1,
    0x41,0x83,0xfd,0x01,0x75,0x07,0xc6,0x05,0x93,0x15,0x00,0x00,0xc0,0xc7,0x05,0x8d,
    0x15,0x00,0x00,0x01,0x00,0x00,0x00,0x31,0xff,0x44,0x89,0xea,0xe8,0x83,0xeb,0xff,
    0xff,0xc3,0xbf,0x00,0x00,0x00,0x00,0xe8,0x11,0xe9,0xff,0xff,0x41,0x89,0xc5,0xbf,
    0x01,0x00,0x00,0x00,0xe8,0x5f,0xe9,0xff,0xff,0x89,0xc6,0xc6,0x05,0x5e,0x15,0x00,
    0x00,0xb1,0x41,0x83,0xfd,0x01,0x75,0x07,0xc6,0x05,0x51,0x15,0x00,0x00,0xb0,0xc7,
    0x05,0x4b,0x15,0x00,0x00,0x01,0x00,0x00,0x00,0x31,0xff,0x44,0x89,0xea,0xe8,0x41,
    0xeb,0xff,0xff,0xc3,0xb0,0xf3,0xe8,0x1d,0xe5,0xff,0xff,0xbf,0x00,0x00,0x00,0x00,
    0xe8,0xc8,0xe8,0xff,0xff,0x41,0x89,0xc5,0xbf,0x00,0x00,0x00,0x00,0xe8,0x16,0xe9,
    0xff,0xff,0x89,0xc6,0xc6,0x05,0x15,0x15,0x00,0x00,0xb8,0xc7,0x05,0x0f,0x15,0x00,
    0x00,0x01,0x00,0x00,0x00,0xbf,0x01,0x00,0x00,0x00,0x44,0x89,0xea,0xe8,0x02,0xeb,
    0xff,0xff,0xc3,0xb0,0xf3,0xe8,0xde,0xe4,0xff,0xff,0xeb,0x00,0xbf,0x00,0x00,0x00,
    0x00,0xe8,0x87,0xe8,0xff,0xff,0x41,0x89,0xc5,0xbf,0x00,0x00,0x00,0x00,0xe8,0xd5,
    0xe8,0xff,0xff,0x89,0xc6,0x8b,0x05,0xa5,0x14,0x00,0x00,0x88,0x05,0xcf,0x14,0x00,
    0x00,0xc7,0x05,0xc9,0x14,0x00,0x00,0x01,0x00,0x00,0x00,0xbf,0x01,0x00,0x00,0x00,
    0x44,0x89,0xea,0xe8,0xbc,0xea,0xff,0xff,0xc3,0xbf,0x00,0x00,0x00,0x00,0xe8,0x79,
    0xeb,0xff,0xff,0x73,0x25,0x48,0x89,0x05,0xbc,0x14,0x00,0x00,0x0f,0xb7,0x05,0x6d,
    0x14,0x00,0x00,0xe8,0x80,0xe4,0xff,0xff,0x48,0x8b,0x05,0xa9,0x14,0x00,0x00,0xbf,
    0x01,0x00,0x00,0x00,0xe8,0x9a,0xe4,0xff,0xff,0xc3,0xbf,0x0d,0x00,0x00,0x00,0xe8,
    0xf9,0xc8,0xff,0xff,0xc3,0xbf,0x00,0x00,0x00,0x00,0xe8,0x0e,0xe8,0xff,0xff,0x41,
    0x89,0xc5,0xbf,0x00,0x00,0x00,0x00,0xe8,0x5c,0xe8,0xff,0xff,0x89,0x05,0x6e,0x14,
    0x00,0x00,0x31,0xf6,0x31,0xff,0x44,0x89,0xea,0xe8,0x12,0xe9,0xff,0xff,0x85,0xc0,
    0x74,0x07,0x0c,0x40,0xe8,0x2f,0xe4,0xff,0xff,0xb0,0x0f,0xe8,0x28,0xe4,0xff,0xff,
    0x8b,0x05,0x4a,0x14,0x00,0x00,0x24,0x07,0x04,0xc8,0xe8,0x19,0xe4,0xff,0xff,0xc3,
    0xbf,0x00,0x00,0x00,0x00,0xe8,0xc3,0xe7,0xff,0xff,0x83,0xf8,0x01,0x75,0x0b,0xbf,
    0x03,0x00,0x00,0x00,0xe8,0x94,0xc8,0xff,0xff,0xc3,0xbf,0x01,0x00,0x00,0x00,0xe8,
    0x98,0xe8,0xff,0xff,0x72,0x3a,0xbf,0x00,0x00,0x00,0x00,0xe8,0x9d,0xe7,0xff,0xff,
    0x41,0x89,0xc5,0xbf,0x01,0x00,0x00,0x00,0xe8,0xeb,0xe7,0xff,0xff,0x89,0xc6,0x8b,
    0x05,0xbb,0x13,0x00,0x00,0x88,0x05,0xe5,0x13,0x00,0x00,0xc7,0x05,0xdf,0x13,0x00,
    0x00,0x01,0x00,0x00,0x00,0x31,0xff,0x44,0x89,0xea,0xe8,0xd5,0xe9,0xff,0xff,0xc3,
    0xbf,0x00,0x00,0x00,0x00,0xe8,0x63,0xe7,0xff,0xff,0x41,0x89,0xc5,0xc6,0x05,0xbc,
    0x13,0x00,0x00,0xba,0xc7,0x05,0xb6,0x13,0x00,0x00,0x01,0x00,0x00,0x00,0x8b,0x05,
    0x7c,0x13,0x00,0x00,0xc1,0xe8,0x08,0x89,0xc6,0x31,0xff,0x44,0x89,0xea,0xe8,0xa1,
    0xe9,0xff,0xff,0xbf,0x01,0x00,0x00,0x00,0xbe,0x01,0x00,0x00,0x00,0xe8,0x28,0xea,
    0xff,0xff,0xc3,0x83,0x3d,0x52,0x13,0x00,0x00,0x00,0x74,0x2e,0xbf,0x00,0x00,0x00,
    0x00,0xe8,0x17,0xe7,0xff,0xff,0x41,0x89,0xc5,0xc6,0x05,0x70,0x13,0x00,0x00,0x1f,
    0xc7,0x05,0x6a,0x13,0x00,0x00,0x01,0x00,0x00,0x00,0xbe,0x00,0x00,0x00,0x00,0x31,
    0xff,0x44,0x89,0xea,0xe8,0x5b,0xe9,0xff,0xff,0xc3,0xb0,0x90,0xe8,0x37,0xe3,0xff,
    0xff,0xc3,0xe8,0xa1,0xf0,0xff,0xff,0xc3,0xb0,0xcd,0xe8,0x29,0xe3,0xff,0xff,0x31,
    0xff,0xbe,0x01,0x00,0x00,0x00,0xe8,0xcf,0xe9,0xff,0xff,0xc3,0xe8,0xbc,0xf0,0xff,
    0xff,0xc3,0x00,0x00,0x00,0x00,0x00,0x00,0x00,0x00,0x00,0x00,0x00,0x00,0x00,0x00,
    0x72,0x61,0x78,0x00,0x00,0x00,0x00,0x00,0x72,0x63,0x78,0x00,0x00,0x00,0x00,0x00,
    0x72,0x64,0x78,0x00,0x00,0x00,0x00,0x00,0x72,0x62,0x78,0x00,0x00,0x00,0x00,0x00,
    0x72,0x73,0x70,0x00,0x00,0x00,0x00,0x00,0x72,0x62,0x70,0x00,0x00,0x00,0x00,0x00,
    0x72,0x73,0x69,0x00,0x00,0x00,0x00,0x00,0x72,0x64,0x69,0x00,0x00,0x00,0x00,0x00,
    0x72,0x38,0x00,0x00,0x00,0x00,0x00,0x00,0x72,0x39,0x00,0x00,0x00,0x00,0x00,0x00,
    0x72,0x31,0x30,0x00,0x00,0x00,0x00,0x00,0x72,0x31,0x31,0x00,0x00,0x00,0x00,0x00,
    0x72,0x31,0x32,0x00,0x00,0x00,0x00,0x00,0x72,0x31,0x33,0x00,0x00,0x00,0x00,0x00,
    0x72,0x31,0x34,0x00,0x00,0x00,0x00,0x00,0x72,0x31,0x35,0x00,0x00,0x00,0x00,0x00,
    0x65,0x61,0x78,0x00,0x00,0x00,0x00,0x00,0x65,0x63,0x78,0x00,0x00,0x00,0x00,0x00,
    0x65,0x64,0x78,0x00,0x00,0x00,0x00,0x00,0x65,0x62,0x78,0x00,0x00,0x00,0x00,0x00,
    0x65,0x73,0x70,0x00,0x00,0x00,0x00,0x00,0x65,0x62,0x70,0x00,0x00,0x00,0x00,0x00,
    0x65,0x73,0x69,0x00,0x00,0x00,0x00,0x00,0x65,0x64,0x69,0x00,0x00,0x00,0x00,0x00,
    0x72,0x38,0x64,0x00,0x00,0x00,0x00,0x00,0x72,0x39,0x64,0x00,0x00,0x00,0x00,0x00,
    0x72,0x31,0x30,0x64,0x00,0x00,0x00,0x00,0x72,0x31,0x31,0x64,0x00,0x00,0x00,0x00,
    0x72,0x31,0x32,0x64,0x00,0x00,0x00,0x00,0x72,0x31,0x33,0x64,0x00,0x00,0x00,0x00,
    0x72,0x31,0x34,0x64,0x00,0x00,0x00,0x00,0x72,0x31,0x35,0x64,0x00,0x00,0x00,0x00,
    0x61,0x78,0x00,0x00,0x00,0x00,0x00,0x00,0x63,0x78,0x00,0x00,0x00,0x00,0x00,0x00,
    0x64,0x78,0x00,0x00,0x00,0x00,0x00,0x00,0x62,0x78,0x00,0x00,0x00,0x00,0x00,0x00,
    0x73,0x70,0x00,0x00,0x00,0x00,0x00,0x00,0x62,0x70,0x00,0x00,0x00,0x00,0x00,0x00,
    0x73,0x69,0x00,0x00,0x00,0x00,0x00,0x00,0x64,0x69,0x00,0x00,0x00,0x00,0x00,0x00,
    0x72,0x38,0x77,0x00,0x00,0x00,0x00,0x00,0x72,0x39,0x77,0x00,0x00,0x00,0x00,0x00,
    0x72,0x31,0x30,0x77,0x00,0x00,0x00,0x00,0x72,0x31,0x31,0x77,0x00,0x00,0x00,0x00,
    0x72,0x31,0x32,0x77,0x00,0x00,0x00,0x00,0x72,0x31,0x33,0x77,0x00,0x00,0x00,0x00,
    0x72,0x31,0x34,0x77,0x00,0x00,0x00,0x00,0x72,0x31,0x35,0x77,0x00,0x00,0x00,0x00,
    0x61,0x6c,0x00,0x00,0x00,0x00,0x00,0x00,0x63,0x6c,0x00,0x00,0x00,0x00,0x00,0x00,
    0x64,0x6c,0x00,0x00,0x00,0x00,0x00,0x00,0x62,0x6c,0x00,0x00,0x00,0x00,0x00,0x00,
    0x73,0x70,0x6c,0x00,0x00,0x00,0x00,0x00,0x62,0x70,0x6c,0x00,0x00,0x00,0x00,0x00,
    0x73,0x69,0x6c,0x00,0x00,0x00,0x00,0x00,0x64,0x69,0x6c,0x00,0x00,0x00,0x00,0x00,
    0x72,0x38,0x62,0x00,0x00,0x00,0x00,0x00,0x72,0x39,0x62,0x00,0x00,0x00,0x00,0x00,
    0x72,0x31,0x30,0x62,0x00,0x00,0x00,0x00,0x72,0x31,0x31,0x62,0x00,0x00,0x00,0x00,
    0x72,0x31,0x32,0x62,0x00,0x00,0x00,0x00,0x72,0x31,0x33,0x62,0x00,0x00,0x00,0x00,
    0x72,0x31,0x34,0x62,0x00,0x00,0x00,0x00,0x72,0x31,0x35,0x62,0x00,0x00,0x00,0x00,
    0x61,0x68,0x00,0x00,0x00,0x00,0x00,0x00,0x63,0x68,0x00,0x00,0x00,0x00,0x00,0x00,
    0x64,0x68,0x00,0x00,0x00,0x00,0x00,0x00,0x62,0x68,0x00,0x00,0x00,0x00,0x00,0x00,
    0x00,0x00,0x00,0x00,0x00,0x00,0x00,0x00,0x00,0x00,0x00,0x00,0x62,0x79,0x74,0x65,
    0x00,0x00,0x00,0x00,0x77,0x6f,0x72,0x64,0x00,0x00,0x00,0x00,0x64,0x77,0x6f,0x72,
    0x64,0x00,0x00,0x00,0x71,0x77,0x6f,0x72,0x64,0x00,0x00,0x00,0x74,0x62,0x79,0x74,
    0x65,0x00,0x00,0x00,0x78,0x6d,0x6d,0x77,0x6f,0x72,0x64,0x00,0x79,0x6d,0x6d,0x77,
    0x6f,0x72,0x64,0x00,0x7a,0x6d,0x6d,0x77,0x6f,0x72,0x64,0x00,0x62,0x69,0x74,0x73,
    0x73,0x65,0x63,0x74,0x69,0x6f,0x6e,0x67,0x6c,0x6f,0x62,0x61,0x6c,0x65,0x78,0x74,
    0x65,0x72,0x6e,0x64,0x65,0x66,0x61,0x75,0x6c,0x74,0x63,0x70,0x75,0x6f,0x72,0x67,
    0x74,0x69,0x6d,0x65,0x73,0x01,0xf4,0x00,0x00,0x00,0x00,0x00,0x00,0x02,0x0f,0x0b,
    0x00,0x00,0x00,0x00,0x00,0x02,0x0f,0x05,0x00,0x00,0x00,0x00,0x00,0x02,0x0f,0xa2,
    0x00,0x00,0x00,0x00,0x00,0x02,0xf3,0x90,0x00,0x00,0x00,0x00,0x00,0x01,0xfa,0x00,
    0x00,0x00,0x00,0x00,0x00,0x01,0xfb,0x00,0x00,0x00,0x00,0x00,0x00,0x01,0xf8,0x00,
    0x00,0x00,0x00,0x00,0x00,0x01,0xf9,0x00,0x00,0x00,0x00,0x00,0x00,0x01,0xf5,0x00,
    0x00,0x00,0x00,0x00,0x00,0x01,0xfc,0x00,0x00,0x00,0x00,0x00,0x00,0x01,0xfd,0x00,
    0x00,0x00,0x00,0x00,0x00,0x01,0x9f,0x00,0x00,0x00,0x00,0x00,0x00,0x01,0x9e,0x00,
    0x00,0x00,0x00,0x00,0x00,0x02,0x66,0x98,0x00,0x00,0x00,0x00,0x00,0x01,0x98,0x00,
    0x00,0x00,0x00,0x00,0x00,0x02,0x48,0x98,0x00,0x00,0x00,0x00,0x00,0x02,0x66,0x99,
    0x00,0x00,0x00,0x00,0x00,0x01,0x99,0x00,0x00,0x00,0x00,0x00,0x00,0x02,0x48,0x99,
    0x00,0x00,0x00,0x00,0x00,0x02,0x0f,0x06,0x00,0x00,0x00,0x00,0x00,0x02,0x0f,0x09,
    0x00,0x00,0x00,0x00,0x00,0x02,0x0f,0x08,0x00,0x00,0x00,0x00,0x00,0x02,0x0f,0x31,
    0x00,0x00,0x00,0x00,0x00,0x01,0xa4,0x00,0x00,0x00,0x00,0x00,0x00,0x02,0x66,0xa5,
    0x00,0x00,0x00,0x00,0x00,0x01,0xa5,0x00,0x00,0x00,0x00,0x00,0x00,0x02,0x48,0xa5,
    0x00,0x00,0x00,0x00,0x00,0x01,0xaa,0x00,0x00,0x00,0x00,0x00,0x00,0x02,0x66,0xab,
    0x00,0x00,0x00,0x00,0x00,0x01,0xab,0x00,0x00,0x00,0x00,0x00,0x00,0x02,0x48,0xab,
    0x00,0x00,0x00,0x00,0x00,0x01,0xac,0x00,0x00,0x00,0x00,0x00,0x00,0x02,0x66,0xad,
    0x00,0x00,0x00,0x00,0x00,0x01,0xad,0x00,0x00,0x00,0x00,0x00,0x00,0x02,0x48,0xad,
    0x00,0x00,0x00,0x00,0x00,0x01,0xae,0x00,0x00,0x00,0x00,0x00,0x00,0x02,0x66,0xaf,
    0x00,0x00,0x00,0x00,0x00,0x01,0xaf,0x00,0x00,0x00,0x00,0x00,0x00,0x02,0x48,0xaf,
    0x00,0x00,0x00,0x00,0x00,0x01,0xa6,0x00,0x00,0x00,0x00,0x00,0x00,0x02,0x66,0xa7,
    0x00,0x00,0x00,0x00,0x00,0x01,0xa7,0x00,0x00,0x00,0x00,0x00,0x00,0x02,0x48,0xa7,
    0x00,0x00,0x00,0x00,0x00,0x01,0xd7,0x00,0x00,0x00,0x00,0x00,0x00,0x01,0xcc,0x00,
    0x00,0x00,0x00,0x00,0x00,0x03,0x0f,0xae,0xe8,0x00,0x00,0x00,0x00,0x03,0x0f,0xae,
    0xf0,0x00,0x00,0x00,0x00,0x03,0x0f,0xae,0xf8,0x00,0x00,0x00,0x00,0x03,0x0f,0xa8,
    0x00,0x00,0x00,0x00,0x00,0x03,0x0f,0xa9,0x00,0x00,0x00,0x00,0x00,0x6d,0x6f,0x76,
    0x00,0x00,0x00,0x00,0x00,0x01,0x00,0x00,0x00,0x02,0x00,0x03,0x00,0x6d,0x6f,0x76,
    0x7a,0x78,0x00,0x00,0x00,0x02,0x00,0x00,0x00,0x02,0x00,0x02,0x00,0x6d,0x6f,0x76,
    0x73,0x78,0x00,0x00,0x00,0x03,0x00,0x00,0x00,0x02,0x00,0x02,0x00,0x6d,0x6f,0x76,
    0x73,0x78,0x64,0x00,0x00,0x04,0x00,0x00,0x00,0x02,0x00,0x02,0x00,0x6c,0x65,0x61,
    0x00,0x00,0x00,0x00,0x00,0x05,0x00,0x00,0x00,0x02,0x00,0x02,0x00,0x78,0x63,0x68,
    0x67,0x00,0x00,0x00,0x00,0x06,0x00,0x00,0x00,0x02,0x00,0x02,0x00,0x70,0x75,0x73,
    0x68,0x00,0x00,0x00,0x00,0x07,0x00,0x00,0x00,0x01,0x00,0x01,0x00,0x70,0x6f,0x70,
    0x00,0x00,0x00,0x00,0x00,0x08,0x00,0x00,0x00,0x01,0x00,0x01,0x00,0x61,0x64,0x64,
    0x00,0x00,0x00,0x00,0x00,0x09,0x00,0x00,0x00,0x02,0x00,0x02,0x00,0x6f,0x72,0x00,
    0x00,0x00,0x00,0x00,0x00,0x09,0x00,0x01,0x00,0x02,0x00,0x02,0x00,0x61,0x64,0x63,
    0x00,0x00,0x00,0x00,0x00,0x09,0x00,0x02,0x00,0x02,0x00,0x02,0x00,0x73,0x62,0x62,
    0x00,0x00,0x00,0x00,0x00,0x09,0x00,0x03,0x00,0x02,0x00,0x02,0x00,0x61,0x6e,0x64,
    0x00,0x00,0x00,0x00,0x00,0x09,0x00,0x04,0x00,0x02,0x00,0x02,0x00,0x73,0x75,0x62,
    0x00,0x00,0x00,0x00,0x00,0x09,0x00,0x05,0x00,0x02,0x00,0x02,0x00,0x78,0x6f,0x72,
    0x00,0x00,0x00,0x00,0x00,0x09,0x00,0x06,0x00,0x02,0x00,0x02,0x00,0x63,0x6d,0x70,
    0x00,0x00,0x00,0x00,0x00,0x09,0x00,0x07,0x00,0x02,0x00,0x02,0x00,0x74,0x65,0x73,
    0x74,0x00,0x00,0x00,0x00,0x0a,0x00,0x00,0x00,0x02,0x00,0x02,0x00,0x6e,0x6f,0x74,
    0x00,0x00,0x00,0x00,0x00,0x0b,0x00,0x02,0x00,0x01,0x00,0x01,0x00,0x6e,0x65,0x67,
    0x00,0x00,0x00,0x00,0x00,0x0b,0x00,0x03,0x00,0x01,0x00,0x01,0x00,0x6d,0x75,0x6c,
    0x00,0x00,0x00,0x00,0x00,0x0b,0x00,0x04,0x00,0x01,0x00,0x01,0x00,0x64,0x69,0x76,
    0x00,0x00,0x00,0x00,0x00,0x0b,0x00,0x06,0x00,0x01,0x00,0x01,0x00,0x69,0x64,0x69,
    0x76,0x00,0x00,0x00,0x00,0x0b,0x00,0x07,0x00,0x01,0x00,0x01,0x00,0x69,0x6d,0x75,
    0x6c,0x00,0x00,0x00,0x00,0x0c,0x00,0x00,0x00,0x01,0x00,0x03,0x00,0x69,0x6e,0x63,
    0x00,0x00,0x00,0x00,0x00,0x0d,0x00,0x00,0x00,0x01,0x00,0x01,0x00,0x64,0x65,0x63,
    0x00,0x00,0x00,0x00,0x00,0x0d,0x00,0x01,0x00,0x01,0x00,0x01,0x00,0x73,0x68,0x6c,
    0x00,0x00,0x00,0x00,0x00,0x0e,0x00,0x04,0x00,0x02,0x00,0x02,0x00,0x73,0x61,0x6c,
    0x00,0x00,0x00,0x00,0x00,0x0e,0x00,0x04,0x00,0x02,0x00,0x02,0x00,0x73,0x68,0x72,
    0x00,0x00,0x00,0x00,0x00,0x0e,0x00,0x05,0x00,0x02,0x00,0x02,0x00,0x73,0x61,0x72,
    0x00,0x00,0x00,0x00,0x00,0x0e,0x00,0x07,0x00,0x02,0x00,0x02,0x00,0x72,0x6f,0x6c,
    0x00,0x00,0x00,0x00,0x00,0x0e,0x00,0x00,0x00,0x02,0x00,0x02,0x00,0x72,0x6f,0x72,
    0x00,0x00,0x00,0x00,0x00,0x0e,0x00,0x01,0x00,0x02,0x00,0x02,0x00,0x72,0x63,0x6c,
    0x00,0x00,0x00,0x00,0x00,0x0e,0x00,0x02,0x00,0x02,0x00,0x02,0x00,0x72,0x63,0x72,
    0x00,0x00,0x00,0x00,0x00,0x0e,0x00,0x03,0x00,0x02,0x00,0x02,0x00,0x6a,0x6d,0x70,
    0x00,0x00,0x00,0x00,0x00,0x0f,0x00,0x00,0x00,0x01,0x00,0x01,0x00,0x63,0x61,0x6c,
    0x6c,0x00,0x00,0x00,0x00,0x10,0x00,0x00,0x00,0x01,0x00,0x01,0x00,0x72,0x65,0x74,
    0x00,0x00,0x00,0x00,0x00,0x11,0x00,0x00,0x00,0x00,0x00,0x01,0x00,0x6c,0x65,0x61,
    0x76,0x65,0x00,0x00,0x00,0x12,0x00,0x00,0x00,0x00,0x00,0x00,0x00,0x6e,0x6f,0x70,
    0x00,0x00,0x00,0x00,0x00,0x1b,0x00,0x00,0x00,0x00,0x00,0x01,0x00,0x69,0x6e,0x74,
    0x00,0x00,0x00,0x00,0x00,0x1d,0x00,0x00,0x00,0x01,0x00,0x01,0x00,0x6a,0x6f,0x00,
    0x00,0x00,0x00,0x00,0x00,0x13,0x00,0x00,0x00,0x01,0x00,0x01,0x00,0x6a,0x6e,0x6f,
    0x00,0x00,0x00,0x00,0x00,0x13,0x00,0x01,0x00,0x01,0x00,0x01,0x00,0x6a,0x62,0x00,
    0x00,0x00,0x00,0x00,0x00,0x13,0x00,0x02,0x00,0x01,0x00,0x01,0x00,0x6a,0x63,0x00,
    0x00,0x00,0x00,0x00,0x00,0x13,0x00,0x02,0x00,0x01,0x00,0x01,0x00,0x6a,0x6e,0x61,
    0x65,0x00,0x00,0x00,0x00,0x13,0x00,0x02,0x00,0x01,0x00,0x01,0x00,0x6a,0x61,0x65,
    0x00,0x00,0x00,0x00,0x00,0x13,0x00,0x03,0x00,0x01,0x00,0x01,0x00,0x6a,0x6e,0x62,
    0x00,0x00,0x00,0x00,0x00,0x13,0x00,0x03,0x00,0x01,0x00,0x01,0x00,0x6a,0x6e,0x63,
    0x00,0x00,0x00,0x00,0x00,0x13,0x00,0x03,0x00,0x01,0x00,0x01,0x00,0x6a,0x65,0x00,
    0x00,0x00,0x00,0x00,0x00,0x13,0x00,0x04,0x00,0x01,0x00,0x01,0x00,0x6a,0x7a,0x00,
    0x00,0x00,0x00,0x00,0x00,0x13,0x00,0x04,0x00,0x01,0x00,0x01,0x00,0x6a,0x6e,0x65,
    0x00,0x00,0x00,0x00,0x00,0x13,0x00,0x05,0x00,0x01,0x00,0x01,0x00,0x6a,0x6e,0x7a,
    0x00,0x00,0x00,0x00,0x00,0x13,0x00,0x05,0x00,0x01,0x00,0x01,0x00,0x6a,0x62,0x65,
    0x00,0x00,0x00,0x00,0x00,0x13,0x00,0x06,0x00,0x01,0x00,0x01,0x00,0x6a,0x6e,0x61,
    0x00,0x00,0x00,0x00,0x00,0x13,0x00,0x06,0x00,0x01,0x00,0x01,0x00,0x6a,0x61,0x00,
    0x00,0x00,0x00,0x00,0x00,0x13,0x00,0x07,0x00,0x01,0x00,0x01,0x00,0x6a,0x6e,0x62,
    0x65,0x00,0x00,0x00,0x00,0x13,0x00,0x07,0x00,0x01,0x00,0x01,0x00,0x6a,0x73,0x00,
    0x00,0x00,0x00,0x00,0x00,0x13,0x00,0x08,0x00,0x01,0x00,0x01,0x00,0x6a,0x6e,0x73,
    0x00,0x00,0x00,0x00,0x00,0x13,0x00,0x09,0x00,0x01,0x00,0x01,0x00,0x6a,0x70,0x00,
    0x00,0x00,0x00,0x00,0x00,0x13,0x00,0x0a,0x00,0x01,0x00,0x01,0x00,0x6a,0x70,0x65,
    0x00,0x00,0x00,0x00,0x00,0x13,0x00,0x0a,0x00,0x01,0x00,0x01,0x00,0x6a,0x6e,0x70,
    0x00,0x00,0x00,0x00,0x00,0x13,0x00,0x0b,0x00,0x01,0x00,0x01,0x00,0x6a,0x70,0x6f,
    0x00,0x00,0x00,0x00,0x00,0x13,0x00,0x0b,0x00,0x01,0x00,0x01,0x00,0x6a,0x6c,0x00,
    0x00,0x00,0x00,0x00,0x00,0x13,0x00,0x0c,0x00,0x01,0x00,0x01,0x00,0x6a,0x6e,0x67,
    0x65,0x00,0x00,0x00,0x00,0x13,0x00,0x0c,0x00,0x01,0x00,0x01,0x00,0x6a,0x67,0x65,
    0x00,0x00,0x00,0x00,0x00,0x13,0x00,0x0d,0x00,0x01,0x00,0x01,0x00,0x6a,0x6e,0x6c,
    0x00,0x00,0x00,0x00,0x00,0x13,0x00,0x0d,0x00,0x01,0x00,0x01,0x00,0x6a,0x6c,0x65,
    0x00,0x00,0x00,0x00,0x00,0x13,0x00,0x0e,0x00,0x01,0x00,0x01,0x00,0x6a,0x6e,0x67,
    0x00,0x00,0x00,0x00,0x00,0x13,0x00,0x0e,0x00,0x01,0x00,0x01,0x00,0x6a,0x67,0x00,
    0x00,0x00,0x00,0x00,0x00,0x13,0x00,0x0f,0x00,0x01,0x00,0x01,0x00,0x6a,0x6e,0x6c,
    0x65,0x00,0x00,0x00,0x00,0x13,0x00,0x0f,0x00,0x01,0x00,0x01,0x00,0x73,0x65,0x74,
    0x6f,0x00,0x00,0x00,0x00,0x14,0x00,0x00,0x00,0x01,0x00,0x01,0x00,0x73,0x65,0x74,
    0x6e,0x6f,0x00,0x00,0x00,0x14,0x00,0x01,0x00,0x01,0x00,0x01,0x00,0x73,0x65,0x74,
    0x62,0x00,0x00,0x00,0x00,0x14,0x00,0x02,0x00,0x01,0x00,0x01,0x00,0x73,0x65,0x74,
    0x63,0x00,0x00,0x00,0x00,0x14,0x00,0x02,0x00,0x01,0x00,0x01,0x00,0x73,0x65,0x74,
    0x6e,0x61,0x65,0x00,0x00,0x14,0x00,0x02,0x00,0x01,0x00,0x01,0x00,0x73,0x65,0x74,
    0x61,0x65,0x00,0x00,0x00,0x14,0x00,0x03,0x00,0x01,0x00,0x01,0x00,0x73,0x65,0x74,
    0x6e,0x62,0x00,0x00,0x00,0x14,0x00,0x03,0x00,0x01,0x00,0x01,0x00,0x73,0x65,0x74,
    0x6e,0x63,0x00,0x00,0x00,0x14,0x00,0x03,0x00,0x01,0x00,0x01,0x00,0x73,0x65,0x74,
    0x65,0x00,0x00,0x00,0x00,0x14,0x00,0x04,0x00,0x01,0x00,0x01,0x00,0x73,0x65,0x74,
    0x7a,0x00,0x00,0x00,0x00,0x14,0x00,0x04,0x00,0x01,0x00,0x01,0x00,0x73,0x65,0x74,
    0x6e,0x65,0x00,0x00,0x00,0x14,0x00,0x05,0x00,0x01,0x00,0x01,0x00,0x73,0x65,0x74,
    0x6e,0x7a,0x00,0x00,0x00,0x14,0x00,0x05,0x00,0x01,0x00,0x01,0x00,0x73,0x65,0x74,
    0x62,0x65,0x00,0x00,0x00,0x14,0x00,0x06,0x00,0x01,0x00,0x01,0x00,0x73,0x65,0x74,
    0x6e,0x61,0x00,0x00,0x00,0x14,0x00,0x06,0x00,0x01,0x00,0x01,0x00,0x73,0x65,0x74,
    0x61,0x00,0x00,0x00,0x00,0x14,0x00,0x07,0x00,0x01,0x00,0x01,0x00,0x73,0x65,0x74,
    0x6e,0x62,0x65,0x00,0x00,0x14,0x00,0x07,0x00,0x01,0x00,0x01,0x00,0x73,0x65,0x74,
    0x73,0x00,0x00,0x00,0x00,0x14,0x00,0x08,0x00,0x01,0x00,0x01,0x00,0x73,0x65,0x74,
    0x6e,0x73,0x00,0x00,0x00,0x14,0x00,0x09,0x00,0x01,0x00,0x01,0x00,0x73,0x65,0x74,
    0x70,0x00,0x00,0x00,0x00,0x14,0x00,0x0a,0x00,0x01,0x00,0x01,0x00,0x73,0x65,0x74,
    0x70,0x65,0x00,0x00,0x00,0x14,0x00,0x0a,0x00,0x01,0x00,0x01,0x00,0x73,0x65,0x74,
    0x6e,0x70,0x00,0x00,0x00,0x14,0x00,0x0b,0x00,0x01,0x00,0x01,0x00,0x73,0x65,0x74,
    0x70,0x6f,0x00,0x00,0x00,0x14,0x00,0x0b,0x00,0x01,0x00,0x01,0x00,0x73,0x65,0x74,
    0x6c,0x00,0x00,0x00,0x00,0x14,0x00,0x0c,0x00,0x01,0x00,0x01,0x00,0x73,0x65,0x74,
    0x6e,0x67,0x65,0x00,0x00,0x14,0x00,0x0c,0x00,0x01,0x00,0x01,0x00,0x73,0x65,0x74,
    0x67,0x65,0x00,0x00,0x00,0x14,0x00,0x0d,0x00,0x01,0x00,0x01,0x00,0x73,0x65,0x74,
    0x6e,0x6c,0x00,0x00,0x00,0x14,0x00,0x0d,0x00,0x01,0x00,0x01,0x00,0x73,0x65,0x74,
    0x6c,0x65,0x00,0x00,0x00,0x14,0x00,0x0e,0x00,0x01,0x00,0x01,0x00,0x73,0x65,0x74,
    0x6e,0x67,0x00,0x00,0x00,0x14,0x00,0x0e,0x00,0x01,0x00,0x01,0x00,0x73,0x65,0x74,
    0x67,0x00,0x00,0x00,0x00,0x14,0x00,0x0f,0x00,0x01,0x00,0x01,0x00,0x73,0x65,0x74,
    0x6e,0x6c,0x65,0x00,0x00,0x14,0x00,0x0f,0x00,0x01,0x00,0x01,0x00,0x63,0x6d,0x6f,
    0x76,0x6f,0x00,0x00,0x00,0x15,0x00,0x00,0x00,0x02,0x00,0x02,0x00,0x63,0x6d,0x6f,
    0x76,0x6e,0x6f,0x00,0x00,0x15,0x00,0x01,0x00,0x02,0x00,0x02,0x00,0x63,0x6d,0x6f,
    0x76,0x62,0x00,0x00,0x00,0x15,0x00,0x02,0x00,0x02,0x00,0x02,0x00,0x63,0x6d,0x6f,
    0x76,0x63,0x00,0x00,0x00,0x15,0x00,0x02,0x00,0x02,0x00,0x02,0x00,0x63,0x6d,0x6f,
    0x76,0x6e,0x61,0x65,0x00,0x15,0x00,0x02,0x00,0x02,0x00,0x02,0x00,0x63,0x6d,0x6f,
    0x76,0x61,0x65,0x00,0x00,0x15,0x00,0x03,0x00,0x02,0x00,0x02,0x00,0x63,0x6d,0x6f,
    0x76,0x6e,0x62,0x00,0x00,0x15,0x00,0x03,0x00,0x02,0x00,0x02,0x00,0x63,0x6d,0x6f,
    0x76,0x6e,0x63,0x00,0x00,0x15,0x00,0x03,0x00,0x02,0x00,0x02,0x00,0x63,0x6d,0x6f,
    0x76,0x65,0x00,0x00,0x00,0x15,0x00,0x04,0x00,0x02,0x00,0x02,0x00,0x63,0x6d,0x6f,
    0x76,0x7a,0x00,0x00,0x00,0x15,0x00,0x04,0x00,0x02,0x00,0x02,0x00,0x63,0x6d,0x6f,
    0x76,0x6e,0x65,0x00,0x00,0x15,0x00,0x05,0x00,0x02,0x00,0x02,0x00,0x63,0x6d,0x6f,
    0x76,0x6e,0x7a,0x00,0x00,0x15,0x00,0x05,0x00,0x02,0x00,0x02,0x00,0x63,0x6d,0x6f,
    0x76,0x62,0x65,0x00,0x00,0x15,0x00,0x06,0x00,0x02,0x00,0x02,0x00,0x63,0x6d,0x6f,
    0x76,0x6e,0x61,0x00,0x00,0x15,0x00,0x06,0x00,0x02,0x00,0x02,0x00,0x63,0x6d,0x6f,
    0x76,0x61,0x00,0x00,0x00,0x15,0x00,0x07,0x00,0x02,0x00,0x02,0x00,0x63,0x6d,0x6f,
    0x76,0x6e,0x62,0x65,0x00,0x15,0x00,0x07,0x00,0x02,0x00,0x02,0x00,0x63,0x6d,0x6f,
    0x76,0x73,0x00,0x00,0x00,0x15,0x00,0x08,0x00,0x02,0x00,0x02,0x00,0x63,0x6d,0x6f,
    0x76,0x6e,0x73,0x00,0x00,0x15,0x00,0x09,0x00,0x02,0x00,0x02,0x00,0x63,0x6d,0x6f,
    0x76,0x70,0x00,0x00,0x00,0x15,0x00,0x0a,0x00,0x02,0x00,0x02,0x00,0x63,0x6d,0x6f,
    0x76,0x70,0x65,0x00,0x00,0x15,0x00,0x0a,0x00,0x02,0x00,0x02,0x00,0x63,0x6d,0x6f,
    0x76,0x6e,0x70,0x00,0x00,0x15,0x00,0x0b,0x00,0x02,0x00,0x02,0x00,0x63,0x6d,0x6f,
    0x76,0x70,0x6f,0x00,0x00,0x15,0x00,0x0b,0x00,0x02,0x00,0x02,0x00,0x63,0x6d,0x6f,
    0x76,0x6c,0x00,0x00,0x00,0x15,0x00,0x0c,0x00,0x02,0x00,0x02,0x00,0x63,0x6d,0x6f,
    0x76,0x6e,0x67,0x65,0x00,0x15,0x00,0x0c,0x00,0x02,0x00,0x02,0x00,0x63,0x6d,0x6f,
    0x76,0x67,0x65,0x00,0x00,0x15,0x00,0x0d,0x00,0x02,0x00,0x02,0x00,0x63,0x6d,0x6f,
    0x76,0x6e,0x6c,0x00,0x00,0x15,0x00,0x0d,0x00,0x02,0x00,0x02,0x00,0x63,0x6d,0x6f,
    0x76,0x6c,0x65,0x00,0x00,0x15,0x00,0x0e,0x00,0x02,0x00,0x02,0x00,0x63,0x6d,0x6f,
    0x76,0x6e,0x67,0x00,0x00,0x15,0x00,0x0e,0x00,0x02,0x00,0x02,0x00,0x63,0x6d,0x6f,
    0x76,0x67,0x00,0x00,0x00,0x15,0x00,0x0f,0x00,0x02,0x00,0x02,0x00,0x63,0x6d,0x6f,
    0x76,0x6e,0x6c,0x65,0x00,0x15,0x00,0x0f,0x00,0x02,0x00,0x02,0x00,0x78,0x61,0x64,
    0x64,0x00,0x00,0x00,0x00,0x16,0x00,0x00,0x00,0x02,0x00,0x02,0x00,0x63,0x6d,0x70,
    0x78,0x63,0x68,0x67,0x00,0x17,0x00,0x00,0x00,0x02,0x00,0x02,0x00,0x70,0x6f,0x70,
    0x63,0x6e,0x74,0x00,0x00,0x1f,0x00,0x00,0x00,0x02,0x00,0x02,0x00,0x74,0x7a,0x63,
    0x6e,0x74,0x00,0x00,0x00,0x20,0x00,0xbc,0x00,0x02,0x00,0x02,0x00,0x6c,0x7a,0x63,
    0x6e,0x74,0x00,0x00,0x00,0x20,0x00,0xbd,0x00,0x02,0x00,0x02,0x00,0x6c,0x6f,0x6f,
    0x70,0x00,0x00,0x00,0x00,0x21,0x00,0xe2,0x00,0x01,0x00,0x01,0x00,0x6c,0x6f,0x6f,
    0x70,0x65,0x00,0x00,0x00,0x21,0x00,0xe1,0x00,0x01,0x00,0x01,0x00,0x6c,0x6f,0x6f,
    0x70,0x7a,0x00,0x00,0x00,0x21,0x00,0xe1,0x00,0x01,0x00,0x01,0x00,0x6c,0x6f,0x6f,
    0x70,0x6e,0x65,0x00,0x00,0x21,0x00,0xe0,0x00,0x01,0x00,0x01,0x00,0x6c,0x6f,0x6f,
    0x70,0x6e,0x7a,0x00,0x00,0x21,0x00,0xe0,0x00,0x01,0x00,0x01,0x00,0x6a,0x72,0x63,
    0x78,0x7a,0x00,0x00,0x00,0x21,0x00,0xe3,0x00,0x01,0x00,0x01,0x00,0x62,0x73,0x66,
    0x00,0x00,0x00,0x00,0x00,0x18,0x00,0xbc,0x00,0x02,0x00,0x02,0x00,0x62,0x73,0x72,
    0x00,0x00,0x00,0x00,0x00,0x18,0x00,0xbd,0x00,0x02,0x00,0x02,0x00,0x62,0x73,0x77,
    0x61,0x70,0x00,0x00,0x00,0x19,0x00,0x00,0x00,0x01,0x00,0x01,0x00,0x62,0x74,0x00,
    0x00,0x00,0x00,0x00,0x00,0x1a,0x00,0xa3,0x04,0x02,0x00,0x02,0x00,0x62,0x74,0x73,
    0x00,0x00,0x00,0x00,0x00,0x1a,0x00,0xab,0x05,0x02,0x00,0x02,0x00,0x62,0x74,0x72,
    0x00,0x00,0x00,0x00,0x00,0x1a,0x00,0xb3,0x06,0x02,0x00,0x02,0x00,0x62,0x74,0x63,
    0x00,0x00,0x00,0x00,0x00,0x1a,0x00,0xbb,0x07,0x02,0x00,0x02,0x00,0x68,0x6c,0x74,
    0x00,0x00,0x00,0x00,0x00,0x1c,0x00,0x00,0x00,0x00,0x00,0x00,0x00,0x75,0x64,0x32,
    0x00,0x00,0x00,0x00,0x00,0x1c,0x00,0x08,0x00,0x00,0x00,0x00,0x00,0x73,0x79,0x73,
    0x63,0x61,0x6c,0x6c,0x00,0x1c,0x00,0x10,0x00,0x00,0x00,0x00,0x00,0x63,0x70,0x75,
    0x69,0x64,0x00,0x00,0x00,0x1c,0x00,0x18,0x00,0x00,0x00,0x00,0x00,0x70,0x61,0x75,
    0x73,0x65,0x00,0x00,0x00,0x1c,0x00,0x20,0x00,0x00,0x00,0x00,0x00,0x63,0x6c,0x69,
    0x00,0x00,0x00,0x00,0x00,0x1c,0x00,0x28,0x00,0x00,0x00,0x00,0x00,0x73,0x74,0x69,
    0x00,0x00,0x00,0x00,0x00,0x1c,0x00,0x30,0x00,0x00,0x00,0x00,0x00,0x63,0x6c,0x63,
    0x00,0x00,0x00,0x00,0x00,0x1c,0x00,0x38,0x00,0x00,0x00,0x00,0x00,0x73,0x74,0x63,
    0x00,0x00,0x00,0x00,0x00,0x1c,0x00,0x40,0x00,0x00,0x00,0x00,0x00,0x63,0x6d,0x63,
    0x00,0x00,0x00,0x00,0x00,0x1c,0x00,0x48,0x00,0x00,0x00,0x00,0x00,0x63,0x6c,0x64,
    0x00,0x00,0x00,0x00,0x00,0x1c,0x00,0x50,0x00,0x00,0x00,0x00,0x00,0x73,0x74,0x64,
    0x00,0x00,0x00,0x00,0x00,0x1c,0x00,0x58,0x00,0x00,0x00,0x00,0x00,0x6c,0x61,0x68,
    0x66,0x00,0x00,0x00,0x00,0x1c,0x00,0x60,0x00,0x00,0x00,0x00,0x00,0x73,0x61,0x68,
    0x66,0x00,0x00,0x00,0x00,0x1c,0x00,0x68,0x00,0x00,0x00,0x00,0x00,0x63,0x62,0x77,
    0x00,0x00,0x00,0x00,0x00,0x1c,0x00,0x70,0x00,0x00,0x00,0x00,0x00,0x63,0x77,0x64,
    0x65,0x00,0x00,0x00,0x00,0x1c,0x00,0x78,0x00,0x00,0x00,0x00,0x00,0x63,0x64,0x71,
    0x65,0x00,0x00,0x00,0x00,0x1c,0x00,0x80,0x00,0x00,0x00,0x00,0x00,0x63,0x77,0x64,
    0x00,0x00,0x00,0x00,0x00,0x1c,0x00,0x88,0x00,0x00,0x00,0x00,0x00,0x63,0x64,0x71,
    0x00,0x00,0x00,0x00,0x00,0x1c,0x00,0x90,0x00,0x00,0x00,0x00,0x00,0x63,0x71,0x6f,
    0x00,0x00,0x00,0x00,0x00,0x1c,0x00,0x98,0x00,0x00,0x00,0x00,0x00,0x63,0x6c,0x74,
    0x73,0x00,0x00,0x00,0x00,0x1c,0x00,0xa0,0x00,0x00,0x00,0x00,0x00,0x77,0x62,0x69,
    0x6e,0x76,0x64,0x00,0x00,0x1c,0x00,0xa8,0x00,0x00,0x00,0x00,0x00,0x69,0x6e,0x76,
    0x64,0x00,0x00,0x00,0x00,0x1c,0x00,0xb0,0x00,0x00,0x00,0x00,0x00,0x72,0x64,0x74,
    0x73,0x63,0x00,0x00,0x00,0x1c,0x00,0xb8,0x00,0x00,0x00,0x00,0x00,0x6d,0x6f,0x76,
    0x73,0x62,0x00,0x00,0x00,0x1c,0x00,0xc0,0x00,0x00,0x00,0x00,0x00,0x6d,0x6f,0x76,
    0x73,0x77,0x00,0x00,0x00,0x1c,0x00,0xc8,0x00,0x00,0x00,0x00,0x00,0x6d,0x6f,0x76,
    0x73,0x64,0x00,0x00,0x00,0x1c,0x00,0xd0,0x00,0x00,0x00,0x00,0x00,0x6d,0x6f,0x76,
    0x73,0x71,0x00,0x00,0x00,0x1c,0x00,0xd8,0x00,0x00,0x00,0x00,0x00,0x73,0x74,0x6f,
    0x73,0x62,0x00,0x00,0x00,0x1c,0x00,0xe0,0x00,0x00,0x00,0x00,0x00,0x73,0x74,0x6f,
    0x73,0x77,0x00,0x00,0x00,0x1c,0x00,0xe8,0x00,0x00,0x00,0x00,0x00,0x73,0x74,0x6f,
    0x73,0x64,0x00,0x00,0x00,0x1c,0x00,0xf0,0x00,0x00,0x00,0x00,0x00,0x73,0x74,0x6f,
    0x73,0x71,0x00,0x00,0x00,0x1c,0x00,0xf8,0x00,0x00,0x00,0x00,0x00,0x6c,0x6f,0x64,
    0x73,0x62,0x00,0x00,0x00,0x1c,0x00,0x00,0x01,0x00,0x00,0x00,0x00,0x6c,0x6f,0x64,
    0x73,0x77,0x00,0x00,0x00,0x1c,0x00,0x08,0x01,0x00,0x00,0x00,0x00,0x6c,0x6f,0x64,
    0x73,0x64,0x00,0x00,0x00,0x1c,0x00,0x10,0x01,0x00,0x00,0x00,0x00,0x6c,0x6f,0x64,
    0x73,0x71,0x00,0x00,0x00,0x1c,0x00,0x18,0x01,0x00,0x00,0x00,0x00,0x73,0x63,0x61,
    0x73,0x62,0x00,0x00,0x00,0x1c,0x00,0x20,0x01,0x00,0x00,0x00,0x00,0x73,0x63,0x61,
    0x73,0x77,0x00,0x00,0x00,0x1c,0x00,0x28,0x01,0x00,0x00,0x00,0x00,0x73,0x63,0x61,
    0x73,0x64,0x00,0x00,0x00,0x1c,0x00,0x30,0x01,0x00,0x00,0x00,0x00,0x73,0x63,0x61,
    0x73,0x71,0x00,0x00,0x00,0x1c,0x00,0x38,0x01,0x00,0x00,0x00,0x00,0x63,0x6d,0x70,
    0x73,0x62,0x00,0x00,0x00,0x1c,0x00,0x40,0x01,0x00,0x00,0x00,0x00,0x63,0x6d,0x70,
    0x73,0x77,0x00,0x00,0x00,0x1c,0x00,0x48,0x01,0x00,0x00,0x00,0x00,0x63,0x6d,0x70,
    0x73,0x64,0x00,0x00,0x00,0x1c,0x00,0x50,0x01,0x00,0x00,0x00,0x00,0x63,0x6d,0x70,
    0x73,0x71,0x00,0x00,0x00,0x1c,0x00,0x58,0x01,0x00,0x00,0x00,0x00,0x78,0x6c,0x61,
    0x74,0x00,0x00,0x00,0x00,0x1c,0x00,0x60,0x01,0x00,0x00,0x00,0x00,0x69,0x6e,0x74,
    0x33,0x00,0x00,0x00,0x00,0x1c,0x00,0x68,0x01,0x00,0x00,0x00,0x00,0x6c,0x66,0x65,
    0x6e,0x63,0x65,0x00,0x00,0x1c,0x00,0x70,0x01,0x00,0x00,0x00,0x00,0x6d,0x66,0x65,
    0x6e,0x63,0x65,0x00,0x00,0x1c,0x00,0x78,0x01,0x00,0x00,0x00,0x00,0x73,0x66,0x65,
    0x6e,0x63,0x65,0x00,0x00,0x1c,0x00,0x80,0x01,0x00,0x00,0x00,0x00,0x70,0x75,0x73,
    0x68,0x66,0x71,0x00,0x00,0x1c,0x00,0x88,0x01,0x00,0x00,0x00,0x00,0x70,0x6f,0x70,
    0x66,0x71,0x00,0x00,0x00,0x1c,0x00,0x90,0x01,0x00,0x00,0x00,0x00,0x64,0x62,0x00,
    0x00,0x00,0x00,0x00,0x00,0x1e,0x00,0x01,0x00,0x01,0x00,0x08,0x00,0x64,0x77,0x00,
    0x00,0x00,0x00,0x00,0x00,0x1e,0x00,0x02,0x00,0x01,0x00,0x08,0x00,0x64,0x64,0x00,
    0x00,0x00,0x00,0x00,0x00,0x1e,0x00,0x04,0x00,0x01,0x00,0x08,0x00,0x64,0x71,0x00,
    0x00,0x00,0x00,0x00,0x00,0x1e,0x00,0x08,0x00,0x01,0x00,0x08,0x00,0x00,0x00,0x00,
    0x00,0x02,0x00,0x00,0x00,0x00,0x00,0x00,0x00,0x00,0x00,0x00,0x00,0x02,0x00,0x00,
    0x00,0x0d,0x00,0x00,0x00,0x00,0x00,0x00,0x00,0x00,0x00,0x00,0x00,0x0f,0x00,0x00,
    0x00,0x10,0x00,0x00,0x00,0x00,0x00,0x00,0x00,0x00,0x00,0x00,0x00,0x1f,0x00,0x00,
    0x00,0x0b,0x00,0x00,0x00,0x00,0x00,0x00,0x00,0x00,0x00,0x00,0x00,0x2a,0x00,0x00,
    0x00,0x0c,0x00,0x00,0x00,0x00,0x00,0x00,0x00,0x00,0x00,0x00,0x00,0x36,0x00,0x00,
    0x00,0x10,0x00,0x00,0x00,0x00,0x00,0x00,0x00,0x00,0x00,0x00,0x00,0x46,0x00,0x00,
    0x00,0x10,0x00,0x00,0x00,0x00,0x00,0x00,0x00,0x00,0x00,0x00,0x00,0x56,0x00,0x00,
    0x00,0x0a,0x00,0x00,0x00,0x00,0x00,0x00,0x00,0x00,0x00,0x00,0x00,0x60,0x00,0x00,
    0x00,0x12,0x00,0x00,0x00,0x00,0x00,0x00,0x00,0x00,0x00,0x00,0x00,0xb0,0xff,0xff,
    0xff,0x00,0x00,0x00,0x00,0x00,0x00,0x00,0x00,0x00,0x00,0x00,0x00,0x72,0x00,0x00,
    0x00,0x0f,0x00,0x00,0x00,0x00,0x00,0x00,0x00,0x00,0x00,0x00,0x00,0x81,0x00,0x00,
    0x00,0x10,0x00,0x00,0x00,0x00,0x00,0x00,0x00,0x00,0x00,0x00,0x00,0x91,0x00,0x00,
    0x00,0x15,0x00,0x00,0x00,0x00,0x00,0x00,0x00,0x00,0x00,0x00,0x00,0xa6,0x00,0x00,
    0x00,0x10,0x00,0x00,0x00,0x00,0x00,0x00,0x00,0x00,0x00,0x00,0x00,0x6f,0x6b,0x62,
    0x61,0x64,0x20,0x61,0x72,0x67,0x75,0x6d,0x65,0x6e,0x74,0x73,0x75,0x6e,0x6b,0x6e,
    0x6f,0x77,0x6e,0x20,0x6d,0x6e,0x65,0x6d,0x6f,0x6e,0x69,0x63,0x62,0x61,0x64,0x20,
    0x6f,0x70,0x65,0x72,0x61,0x6e,0x64,0x62,0x61,0x64,0x20,0x72,0x65,0x67,0x69,0x73,
    0x74,0x65,0x72,0x75,0x6e,0x64,0x65,0x66,0x69,0x6e,0x65,0x64,0x20,0x73,0x79,0x6d,
    0x62,0x6f,0x6c,0x73,0x79,0x6d,0x62,0x6f,0x6c,0x20,0x72,0x65,0x64,0x65,0x66,0x69,
    0x6e,0x65,0x64,0x62,0x61,0x64,0x20,0x6e,0x75,0x6d,0x62,0x65,0x72,0x62,0x61,0x64,
    0x20,0x6d,0x65,0x6d,0x6f,0x72,0x79,0x20,0x6f,0x70,0x65,0x72,0x61,0x6e,0x64,0x74,
    0x6f,0x6f,0x20,0x6d,0x61,0x6e,0x79,0x20,0x6c,0x61,0x62,0x65,0x6c,0x73,0x75,0x6e,
    0x73,0x75,0x70,0x70,0x6f,0x72,0x74,0x65,0x64,0x20,0x66,0x6f,0x72,0x6d,0x6f,0x70,
    0x65,0x72,0x61,0x6e,0x64,0x20,0x73,0x69,0x7a,0x65,0x20,0x6d,0x69,0x73,0x6d,0x61,
    0x74,0x63,0x68,0x73,0x6f,0x75,0x72,0x63,0x65,0x20,0x74,0x6f,0x6f,0x20,0x6c,0x61,
    0x72,0x67,0x65,0x61,0x73,0x6d,0x3a,0x20,0x00,0x3a,0x20,0x00,0x20,0x00,0x36,0x34,
    0x65,0x71,0x75,0x72,0x65,0x6c,0x00,0x00,0x00,0x00,0x00,0x00,0x00,0x00,0x00,0x00,
    0x00,0x00,0x00,0x00,0x00,0x00,0x00,0x00,0x00,0x00,0x00,0x00,0x00,0x00,0x00,0x00,
    0x00,0x00,0x00,0x00,0x00,0x00,0x00,0x00,0x00,0x00,0x00,0x00,0x00,0x00,0x00,0x00,
    0x00,0x00,0x00,0x00,0x00,0x00,0x00,0x00,0x00,0x00,0x00,0x00,0x00,0x00,0x00,0x00,
    0x00,0x00,0x00,0x00,0x00,0x00,0x00,0x00,0x00,0x00,0x00,0x00,0x00,0x00,0x00,0x00,
    0x00,0x00,0x00,0x00,0x00,0x00,0x00,0x00,0x00,0x00,0x00,0x00,0x00,0x00,0x00,0x00,
    0x00,0x00,0x00,0x00,0x00,0x00,0x00,0x00,0x00,0x00,0x00,0x00,0x00,0x00,0x00,0x00,
    0x00,0x00,0x00,0x00,0x00,0x00,0x00,0x00,0x00,0x00,0x00,0x00,0x00,0x00,0x00,0x00,
    0x00,0x00,0x00,0x00,0x00,0x00,0x00,0x00,0x00,0x00,0x00,0x00,0x00,0x00,0x00,0x00,
    0x00,0x00,0x00,0x00,0x00,0x00,0x00,0x00,0x00,0x00,0x00,0x00,0x00,0x00,0x00,0x00,
    0x00,0x00,0x00,0x00,0x00,0x00,0x00,0x00,0x00,0x00,0x00,0x00,0x00,0x00,0x00,0x00,
    0x00,0x00,0x00,0x00,0x00,0x00,0x00,0x00,0x00,0x00,0x00,0x00,0x00,0x00,0x00,0x00,
    0x00,0x00,0x00,0x00,0x00,0x00,0x00,0x00,0x00,0x00,0x00,0x00,0x00,0x00,0x00,0x00,
    0x00,0x00,0x00,0x00,0x00,0x00,0x00,0x00,0x00,0x00,0x00,0x00,0x00,0x00,0x00,0x00,
    0x00,0x00,0x00,0x00,0x00,0x00,0x00,0x00,0x00,0x00,0x00,0x00,0x00,0x00,0x00,0x00,
    0x00,0x00,0x00,0x00,0x00,0x00,0x00,0x00,0x00,0x00,0x00,0x00,0x00,0x00,0x00,0x00,
    0x00,0x00,0x00,0x00,0x00,0x00,0x00,0x00,0x00,0x00,0x00,0x00,0x00,0x00,0x00,0x00,
    0x00,0x00,0x00,0x00,0x00,0x00,0x00,0x00,0x00,0x00,0x00,0x00,0x00,0x00,0x00,0x00,
    0x00,0x00,0x00,0x00,0x00,0x00,0x00,0x00,0x00,0x00,0x00,0x00,0x00,0x00,0x00,0x00,
    0x00,0x00,0x00,0x00,0x00,0x00,0x00,0x00,0x00,0x00,0x00,0x00,0x00,0x00,0x00,0x00,
    0x00,0x00,0x00,0x00,0x00,0x00,0x00,0x00,0x00,0x00,0x00,0x00,0x00,0x00,0x00,0x00,
    0x00,0x00,0x00,0x00,0x00,0x00,0x00,0x00,0x00,0x00,0x00,0x00,0x00,0x00,0x00,0x00,
    0x00,0x00,0x00,0x00,0x00,0x00,0x00,0x00,0x00,0x00,0x00,0x00,0x00,0x00,0x00,0x00,
    0x00,0x00,0x00,0x00,0x00,0x00,0x00,0x00,0x00,0x00,0x00,0x00,0x00,0x00,0x00,0x00,
    0x00,0x00,0x00,0x00,0x00,0x00,0x00,0x00,0x00,0x00,0x00,0x00,0x00,0x00,0x00,0x00,
    0x00,0x00,0x00,0x00,0x00,0x00,0x00,0x00,0x00,0x00,0x00,0x00,0x00,0x00,0x00,0x00,
    0x00,0x00,0x00,0x00,0x00,0x00,0x00,0x00,0x00,0x00,0x00,0x00,0x00,0x00,0x00,0x00,
    0x00,0x00,0x00,0x00,0x00,0x00,0x00,0x00,0x00,0x00,0x00,0x00,0x00,0x00,0x00,0x00,
    0x00,0x00,0x00,0x00,0x00,0x00,0x00,0x00,0x00,0x00,0x00,0x00,0x00,0x00,0x00,0x00,
    0x00,0x00,0x00,0x00,0x00,0x00,0x00,0x00,0x00,0x00,0x00,0x00,0x00,0x00,0x00,0x00,
    0x00,0x00,0x00,0x00,0x00,0x00,0x00,0x00,0x00,0x00,0x00,0x00,0x00,0x00,0x00,0x00,
    0x00,0x00,0x00,0x00,0x00,0x00,0x00,0x00,0x00,0x00,0x00,0x00,0x00,0x00,0x00,0x00,
    0x00,0x00,0x00,0x00,0x00,0x00,0x00,0x00,0x00,0x00,0x00,0x00,0x00,0x00,0x00,0x00,
    0x00,0x00,0x00,0x00,0x00,0x00,0x00,0x00,0x00,0x00,0x00,0x00,0x00,0x00,0x00,0x00,
    0x00,0x00,0x00,0x00,0x00,0x00,0x00,0x00,0x00,0x00,0x00,0x00,0x00,0x00,0x00,0x00,
    0x00,0x00,0x00,0x00,0x00,0x00,0x00,0x00,0x00,0x00,0x00,0x00,0x00,0x00,0x00,0x00,
    0x00,0x00,0x00,0x00,0x00,0x00,0x00,0x00,0x00,0x00,0x00,0x00,0x00,0x00,0x00,0x00,
    0x00,0x00,0x00,0x00,0x00,0x00,0x00,0x00,0x00,0x00,0x00,0x00,0x00,0x00,0x00,0x00,
    0x00,0x00,0x00,0x00,0x00,0x00,0x00,0x00,0x00,0x00,0x00,0x00,0x00,0x00,0x00,0x00,
    0x00,0x00,0x00,0x00,0x00,0x00,0x00,0x00,0x00,0x00,0x00,0x00,0x00,0x00,0x00,0x00,
    0x00,0x00,0x00,0x00,0x00,0x00,0x00,0x00,0x00,0x00,0x00,0x00,0x00,0x00,0x00,0x00,
    0x00,0x00,0x00,0x00,0x00,0x00,0x00,0x00,0x00,0x00,0x00,0x00,0x00,0x00,0x00,0x00,
    0x00,0x00,0x00,0x00,0x00,0x00,0x00,0x00,0x00,0x00,0x00,0x00,0x00,0x00,0x00,0x00,
    0x00,0x00,0x00,0x00,0x00,0x00,0x00,0x00,0x00,0x00,0x00,0x00,0x00,0x00,0x00,0x00,
    0x00,0x00,0x00,0x00,0x00,0x00,0x00,0x00,0x00,0x00,0x00,0x00,0x00,0x00,0x00,0x00,
    0x00,0x00,0x00,0x00,0x00,0x00,0x00,0x00,0x00,0x00,0x00,0x00,0x00,0x00,0x00,0x00,
    0x00,0x00,0x00,0x00,0x00,0x00,0x00,0x00,0x00,0x00,0x00,0x00,0x00,0x00,0x00,0x00,
    0x00,0x00,0x00,0x00,0x00,0x00,0x00,0x00,0x00,0x00,0x00,0x00,0x00,0x00,0x00,0x00,
    0x00,0x00,0x00,0x00,0x00,0x00,0x00,0x00,0x00,0x00,0x00,0x00,0x00,0x00,0x00,0x00,
    0x00,0x00,0x00,0x00,0x00,0x00,0x00,0x00,0x00,0x00,0x00,0x00,0x00,0x00,0x00,0x00,
    0x00,0x00,0x00,0x00,0x00,0x00,0x00,0x00,0x00,0x00,0x00,0x00,0x00,0x00,0x00,0x00,
    0x00,0x00,0x00,0x00,0x00,0x00,0x00,0x00,0x00,0x00,0x00,0x00,0x00,0x00,0x00,0x00,
    0x00,0x00,0x00,0x00,0x00,0x00,0x00,0x00,0x00,0x00,0x00,0x00,0x00,0x00,0x00,0x00,
    0x00,0x00,0x00,0x00,0x00,0x00,0x00,0x00,0x00,0x00,0x00,0x00,0x00,0x00,0x00,0x00,
    0x00,0x00,0x00,0x00,0x00,0x00,0x00,0x00,0x00,0x00,0x00,0x00,0x00,0x00,0x00,0x00,
    0x00,0x00,0x00,0x00,0x00,0x00,0x00,0x00,0x00,0x00,0x00,0x00,0x00,0x00,0x00,0x00,
    0x00,0x00,0x00,0x00,0x00,0x00,0x00,0x00,0x00,0x00,0x00,0x00,0x00,0x00,0x00,0x00,
    0x00,0x00,0x00,0x00,0x00,0x00,0x00,0x00,0x00,0x00,0x00,0x00,0x00,0x00,0x00,0x00,
    0x00,0x00,0x00,0x00,0x00,0x00,0x00,0x00,0x00,0x00,0x00,0x00,0x00,0x00,0x00,0x00,
    0x00,0x00,0x00,0x00,0x00,0x00,0x00,0x00,0x00,0x00,0x00,0x00,0x00,0x00,0x00,0x00,
    0x00,0x00,0x00,0x00,0x00,0x00,0x00,0x00,0x00,0x00,0x00,0x00,0x00,0x00,0x00,0x00,
    0x00,0x00,0x00,0x00,0x00,0x00,0x00,0x00,0x00,0x00,0x00,0x00,0x00,0x00,0x00,0x00,
    0x00,0x00,0x00,0x00,0x00,0x00,0x00,0x00,0x00,0x00,0x00,0x00,0x00,0x00,0x00,0x00,
    0x00,0x00,0x00,0x00,0x00,0x00,0x00,0x00,0x00,0x00,0x00,0x00,0x00,0x00,0x00,0x00,
    0x00,0x00,0x00,0x00,0x00,0x00,0x00,0x00,0x00,0x00,0x00,0x00,0x00,0x00,0x00,0x00,
    0x00,0x00,0x00,0x00,0x00,0x00,0x00,0x00,0x00,0x00,0x00,0x00,0x00,0x00,0x00,0x00,
    0x00,0x00,0x00,0x00,0x00,0x00,0x00,0x00,0x00,0x00,0x00,0x00,0x00,0x00,0x00,0x00,
    0x00,0x00,0x00,0x00,0x00,0x00,0x00,0x00,0x00,0x00,0x00,0x00,0x00,0x00,0x00,0x00,
    0x00,0x00,0x00,0x00,0x00,0x00,0x00,0x00,0x00,0x00,0x00,0x00,0x00,0x00,0x00,0x00,
    0x00,0x00,0x00,0x00,0x00,0x00,0x00,0x00,0x00,0x00,0x00,0x00,0x00,0x00,0x00,0x00,
    0x00,0x00,0x00,0x00,0x00,0x00,0x00,0x00,0x00,0x00,0x00,0x00,0x00,0x00,0x00,0x00,
    0x00,0x00,0x00,0x00,0x00,0x00,0x00,0x00,0x00,0x00,0x00,0x00,0x00,0x00,0x00,0x00,
    0x00,0x00,0x00,0x00,0x00,0x00,0x00,0x00,0x00,0x00,0x00,0x00,0x00,0x00,0x00,0x00,
    0x00,0x00,0x00,0x00,0x00,0x00,0x00,0x00,0x00,0x00,0x00,0x00,0x00,0x00,0x00,0x00,
    0x00,0x00,0x00,0x00,0x00,0x00,0x00,0x00,0x00,0x00,0x00,0x00,0x00,0x00,0x00,0x00,
    0x00,0x00,0x00,0x00,0x00,0x00,0x00,0x00,0x00,0x00,0x00,0x00,0x00,0x00,0x00,0x00,
    0x00,0x00,0x00,0x00,0x00,0x00,0x00,0x00,0x00,0x00,0x00,0x00,0x00,0x00,0x00,0x00,
    0x00,0x00,0x00,0x00,0x00,0x00,0x00,0x00,0x00,0x00,0x00,0x00,0x00,0x00,0x00,0x00,
    0x00,0x00,0x00,0x00,0x00,0x00,0x00,0x00,0x00,0x00,0x00,0x00,0x00,0x00,0x00,0x00,
    0x00,0x00,0x00,0x00,0x00,0x00,0x00,0x00,0x00,0x00,0x00,0x00,0x00,0x00,0x00,0x00,
    0x00,0x00,0x00,0x00,0x00,0x00,0x00,0x00,0x00,0x00,0x00,0x00,0x00,0x00,0x00,0x00,
    0x00,0x00,0x00,0x00,0x00,0x00,0x00,0x00,0x00,0x00,0x00,0x00,0x00,0x00,0x00,0x00,
    0x00,0x00,0x00,0x00,0x00,0x00,0x00,0x00,0x00,0x00,0x00,0x00,0x00,0x00,0x00,0x00,
    0x00,0x00,0x00,0x00,0x00,0x00,0x00,0x00,0x00,0x00,0x00,0x00,0x00,0x00,0x00,0x00,
    0x00,0x00,0x00,0x00,0x00,0x00,0x00,0x00,0x00,0x00,0x00,0x00,0x00,0x00,0x00,0x00,
    0x00,0x00,0x00,0x00,0x00,0x00,0x00,0x00,0x00,0x00,0x00,0x00,0x00,0x00,0x00,0x00,
    0x00,0x00,0x00,0x00,0x00,0x00,0x00,0x00,0x00,0x00,0x00,0x00,0x00,0x00,0x00,0x00,
    0x00,0x00,0x00,0x00,0x00,0x00,0x00,0x00,0x00,0x00,0x00,0x00,0x00,0x00,0x00,0x00,
    0x00,0x00,0x00,0x00,0x00,0x00,0x00,0x00,0x00,0x00,0x00,0x00,0x00,0x00,0x00,0x00,
    0x00,0x00,0x00,0x00,0x00,0x00,0x00,0x00,0x00,0x00,0x00,0x00,0x00,0x00,0x00,0x00,
    0x00,0x00,0x00,0x00,0x00,0x00,0x00,0x00,0x00,0x00,0x00,0x00,0x00,0x00,0x00,0x00,
    0x00,0x00,0x00,0x00,0x00,0x00,0x00,0x00,0x00,0x00,0x00,0x00,0x00,0x00,0x00,0x00,
    0x00,0x00,0x00,0x00,0x00,0x00,0x00,0x00,0x00,0x00,0x00,0x00,0x00,0x00,0x00,0x00,
    0x00,0x00,0x00,0x00,0x00,0x00,0x00,0x00,0x00,0x00,0x00,0x00,0x00,0x00,0x00,0x00,
    0x00,0x00,0x00,0x00,0x00,0x00,0x00,0x00,0x00,0x00,0x00,0x00,0x00,0x00,0x00,0x00,
    0x00,0x00,0x00,0x00,0x00,0x00,0x00,0x00,0x00,0x00,0x00,0x00,0x00,0x00,0x00,0x00,
    0x00,0x00,0x00,0x00,0x00,0x00,0x00,0x00,0x00,0x00,0x00,0x00,0x00,0x00,0x00,0x00,
    0x00,0x00,0x00,0x00,0x00,0x00,0x00,0x00,0x00,0x00,0x00,0x00,0x00,0x00,0x00,0x00,
    0x00,0x00,0x00,0x00,0x00,0x00,0x00,0x00,0x00,0x00,0x00,0x00,0x00,0x00,0x00,0x00,
    0x00,0x00,0x00,0x00,0x00,0x00,0x00,0x00,0x00,0x00,0x00,0x00,0x00,0x00,0x00,0x00,
    0x00,0x00,0x00,0x00,0x00,0x00,0x00,0x00,0x00,0x00,0x00,0x00,0x00,0x00,0x00,0x00,
    0x00,0x00,0x00,0x00,0x00,0x00,0x00,0x00,0x00,0x00,0x00,0x00,0x00,0x00,0x00,0x00,
    0x00,0x00,0x00,0x00,0x00,0x00,0x00,0x00,0x00,0x00,0x00,0x00,0x00,0x00,0x00,0x00,
    0x00,0x00,0x00,0x00,0x00,0x00,0x00,0x00,0x00,0x00,0x00,0x00,0x00,0x00,0x00,0x00,
    0x00,0x00,0x00,0x00,0x00,0x00,0x00,0x00,0x00,0x00,0x00,0x00,0x00,0x00,0x00,0x00,
    0x00,0x00,0x00,0x00,0x00,0x00,0x00,0x00,0x00,0x00,0x00,0x00,0x00,0x00,0x00,0x00,
    0x00,0x00,0x00,0x00,0x00,0x00,0x00,0x00,0x00,0x00,0x00,0x00,0x00,0x00,0x00,0x00,
    0x00,0x00,0x00,0x00,0x00,0x00,0x00,0x00,0x00,0x00,0x00,0x00,0x00,0x00,0x00,0x00,
    0x00,0x00,0x00,0x00,0x00,0x00,0x00,0x00,0x00,0x00,0x00,0x00,0x00,0x00,0x00,0x00,
    0x00,0x00,0x00,0x00,0x00,0x00,0x00,0x00,0x00,0x00,0x00,0x00,0x00,0x00,0x00,0x00,
    0x00,0x00,0x00,0x00,0x00,0x00,0x00,0x00,0x00,0x00,0x00,0x00,0x00,0x00,0x00,0x00,
    0x00,0x00,0x00,0x00,0x00,0x00,0x00,0x00,0x00,0x00,0x00,0x00,0x00,0x00,0x00,0x00,
    0x00,0x00,0x00,0x00,0x00,0x00,0x00,0x00,0x00,0x00,0x00,0x00,0x00,0x00,0x00,0x00,
    0x00,0x00,0x00,0x00,0x00,0x00,0x00,0x00,0x00,0x00,0x00,0x00,0x00,0x00,0x00,0x00,
    0x00,0x00,0x00,0x00,0x00,0x00,0x00,0x00,0x00,0x00,0x00,0x00,0x00,0x00,0x00,0x00,
    0x00,0x00,0x00,0x00,0x00,0x00,0x00,0x00,0x00,0x00,0x00,0x00,0x00,0x00,0x00,0x00,
    0x00,0x00,0x00,0x00,0x00,0x00,0x00,0x00,0x00,0x00,0x00,0x00,0x00,0x00,0x00,0x00,
    0x00,0x00,0x00,0x00,0x00,0x00,0x00,0x00,0x00,0x00,0x00,0x00,0x00,0x00,0x00,0x00,
    0x00,0x00,0x00,0x00,0x00,0x00,0x00,0x00,0x00,0x00,0x00,0x00,0x00,0x00,0x00,0x00,
    0x00,0x00,0x00,0x00,0x00,0x00,0x00,0x00,0x00,0x00,0x00,0x00,0x00,0x00,0x00,0x00,
    0x00,0x00,0x00,0x00,0x00,0x00,0x00,0x00,0x00,0x00,0x00,0x00,0x00,0x00,0x00,0x00,
    0x00,0x00,0x00,0x00,0x00,0x00,0x00,0x00,0x00,0x00,0x00,0x00,0x00,0x00,0x00,0x00,
    0x00,0x00,0x00,0x00,0x00,0x00,0x00,0x00,0x00,0x00,0x00,0x00,0x00,0x00,0x00,0x00,
    0x00,0x00,0x00,0x00,0x00,0x00,0x00,0x00,0x00,0x00,0x00,0x00,0x00,0x00,0x00,0x00,
    0x00,0x00,0x00,0x00,0x00,0x00,0x00,0x00,0x00,0x00,0x00,0x00,0x00,0x00,0x00,0x00,
    0x00,0x00,0x00,0x00,0x00,0x00,0x00,0x00,0x00,0x00,0x00,0x00,0x00,0x00,0x00,0x00,
    0x00,0x00,0x00,0x00,0x00,0x00,0x00,0x00,0x00,0x00,0x00,0x00,0x00,0x00,0x00,0x00,
    0x00,0x00,0x00,0x00,0x00,0x00,0x00,0x00,0x00,0x00,0x00,0x00,0x00,0x00,0x00,0x00,
    0x00,0x00,0x00,0x00,0x00,0x00,0x00,0x00,0x00,0x00,0x00,0x00,0x00,0x00,0x00,0x00,
    0x00,0x00,0x00,0x00,0x00,0x00,0x00,0x00,0x00,0x00,0x00,0x00,0x00,0x00,0x00,0x00,
    0x00,0x00,0x00,0x00,0x00,0x00,0x00,0x00,0x00,0x00,0x00,0x00,0x00,0x00,0x00,0x00,
    0x00,0x00,0x00,0x00,0x00,0x00,0x00,0x00,0x00,0x00,0x00,0x00,0x00,0x00,0x00,0x00,
    0x00,0x00,0x00,0x00,0x00,0x00,0x00,0x00,0x00,0x00,0x00,0x00,0x00,0x00,0x00,0x00,
    0x00,0x00,0x00,0x00,0x00,0x00,0x00,0x00,0x00,0x00,0x00,0x00,0x00,0x00,0x00,0x00,
    0x00,0x00,0x00,0x00,0x00,0x00,0x00,0x00,0x00,0x00,0x00,0x00,0x00,0x00,0x00,0x00,
    0x00,0x00,0x00,0x00,0x00,0x00,0x00,0x00,0x00,0x00,0x00,0x00,0x00,0x00,0x00,0x00,
    0x00,0x00,0x00,0x00,0x00,0x00,0x00,0x00,0x00,0x00,0x00,0x00,0x00,0x00,0x00,0x00,
    0x00,0x00,0x00,0x00,0x00,0x00,0x00,0x00,0x00,0x00,0x00,0x00,0x00,0x00,0x00,0x00,
    0x00,0x00,0x00,0x00,0x00,0x00,0x00,0x00,0x00,0x00,0x00,0x00,0x00,0x00,0x00,0x00,
    0x00,0x00,0x00,0x00,0x00,0x00,0x00,0x00,0x00,0x00,0x00,0x00,0x00,0x00,0x00,0x00,
    0x00,0x00,0x00,0x00,0x00,0x00,0x00,0x00,0x00,0x00,0x00,0x00,0x00,0x00,0x00,0x00,
    0x00,0x00,0x00,0x00,0x00,0x00,0x00,0x00,0x00,0x00,0x00,0x00,0x00,0x00,0x00,0x00,
    0x00,0x00,0x00,0x00,0x00,0x00,0x00,0x00,0x00,0x00,0x00,0x00,0x00,0x00,0x00,0x00,
    0x00,0x00,0x00,0x00,0x00,0x00,0x00,0x00,0x00,0x00,0x00,0x00,0x00,0x00,0x00,0x00,
    0x00,0x00,0x00,0x00,0x00,0x00,0x00,0x00,0x00,0x00,0x00,0x00,0x00,0x00,0x00,0x00,
    0x00,0x00,0x00,0x00,0x00,0x00,0x00,0x00,0x00,0x00,0x00,0x00,0x00,0x00,0x00,0x00,
    0x00,0x00,0x00,0x00,0x00,0x00,0x00,0x00,0x00,0x00,0x00,0x00,0x00,0x00,0x00,0x00,
    0x00,0x00,0x00,0x00,0x00,0x00,0x00,0x00,0x00,0x00,0x00,0x00,0x00,0x00,0x00,0x00,
    0x00,0x00,0x00,0x00,0x00,0x00,0x00,0x00,0x00,0x00,0x00,0x00,0x00,0x00,0x00,0x00,
    0x00,0x00,0x00,0x00,0x00,0x00,0x00,0x00,0x00,0x00,0x00,0x00,0x00,0x00,0x00,0x00,
    0x00,0x00,0x00,0x00,0x00,0x00,0x00,0x00,0x00,0x00,0x00,0x00,0x00,0x00,0x00,0x00,
    0x00,0x00,0x00,0x00,0x00,0x00,0x00,0x00,0x00,0x00,0x00,0x00,0x00,0x00,0x00,0x00,
    0x00,0x00,0x00,0x00,0x00,0x00,0x00,0x00,0x00,0x00,0x00,0x00,0x00,0x00,0x00,0x00,
    0x00,0x00,0x00,0x00,0x00,0x00,0x00,0x00,0x00,0x00,0x00,0x00,0x00,0x00,0x00,0x00,
    0x00,0x00,0x00,0x00,0x00,0x00,0x00,0x00,0x00,0x00,0x00,0x00,0x00,0x00,0x00,0x00,
    0x00,0x00,0x00,0x00,0x00,0x00,0x00,0x00,0x00,0x00,0x00,0x00,0x00,0x00,0x00,0x00,
    0x00,0x00,0x00,0x00,0x00,0x00,0x00,0x00,0x00,0x00,0x00,0x00,0x00,0x00,0x00,0x00,
    0x00,0x00,0x00,0x00,0x00,0x00,0x00,0x00,0x00,0x00,0x00,0x00,0x00,0x00,0x00,0x00,
    0x00,0x00,0x00,0x00,0x00,0x00,0x00,0x00,0x00,0x00,0x00,0x00,0x00,0x00,0x00,0x00,
    0x00,0x00,0x00,0x00,0x00,0x00,0x00,0x00,0x00,0x00,0x00,0x00,0x00,0x00,0x00,0x00,
    0x00,0x00,0x00,0x00,0x00,0x00,0x00,0x00,0x00,0x00,0x00,0x00,0x00,0x00,0x00,0x00,
    0x00,0x00,0x00,0x00,0x00,0x00,0x00,0x00,0x00,0x00,0x00,0x00,0x00,0x00,0x00,0x00,
    0x00,0x00,0x00,0x00,0x00,0x00,0x00,0x00,0x00,0x00,0x00,0x00,0x00,0x00,0x00,0x00,
    0x00,0x00,0x00,0x00,0x00,0x00,0x00,0x00,0x00,0x00,0x00,0x00,0x00,0x00,0x00,0x00,
    0x00,0x00,0x00,0x00,0x00,0x00,0x00,0x00,0x00,0x00,0x00,0x00,0x00,0x00,0x00,0x00,
    0x00,0x00,0x00,0x00,0x00,0x00,0x00,0x00,0x00,0x00,0x00,0x00,0x00,0x00,0x00,0x00,
    0x00,0x00,0x00,0x00,0x00,0x00,0x00,0x00,0x00,0x00,0x00,0x00,0x00,0x00,0x00,0x00,
    0x00,0x00,0x00,0x00,0x00,0x00,0x00,0x00,0x00,0x00,0x00,0x00,0x00,0x00,0x00,0x00,
    0x00,0x00,0x00,0x00,0x00,0x00,0x00,0x00,0x00,0x00,0x00,0x00,0x00,0x00,0x00,0x00,
    0x00,0x00,0x00,0x00,0x00,0x00,0x00,0x00,0x00,0x00,0x00,0x00,0x00,0x00,0x00,0x00,
    0x00,0x00,0x00,0x00,0x00,0x00,0x00,0x00,0x00,0x00,0x00,0x00,0x00,0x00,0x00,0x00,
    0x00,0x00,0x00,0x00,0x00,0x00,0x00,0x00,0x00,0x00,0x00,0x00,0x00,0x00,0x00,0x00,
    0x00,0x00,0x00,0x00,0x00,0x00,0x00,0x00,0x00,0x00,0x00,0x00,0x00,0x00,0x00,0x00,
    0x00,0x00,0x00,0x00,0x00,0x00,0x00,0x00,0x00,0x00,0x00,0x00,0x00,0x00,0x00,0x00,
    0x00,0x00,0x00,0x00,0x00,0x00,0x00,0x00,0x00,0x00,0x00,0x00,0x00,0x00,0x00,0x00,
    0x00,0x00,0x00,0x00,0x00,0x00,0x00,0x00,0x00,0x00,0x00,0x00,0x00,0x00,0x00,0x00,
    0x00,0x00,0x00,0x00,0x00,0x00,0x00,0x00,0x00,0x00,0x00,0x00,0x00,0x00,0x00,0x00,
    0x00,0x00,0x00,0x00,0x00,0x00,0x00,0x00,0x00,0x00,0x00,0x00,0x00,0x00,0x00,0x00,
    0x00,0x00,0x00,0x00,0x00,0x00,0x00,0x00,0x00,0x00,0x00,0x00,0x00,0x00,0x00,0x00,
    0x00,0x00,0x00,0x00,0x00,0x00,0x00,0x00,0x00,0x00,0x00,0x00,0x00,0x00,0x00,0x00,
    0x00,0x00,0x00,0x00,0x00,0x00,0x00,0x00,0x00,0x00,0x00,0x00,0x00,0x00,0x00,0x00,
    0x00,0x00,0x00,0x00,0x00,0x00,0x00,0x00,0x00,0x00,0x00,0x00,0x00,0x00,0x00,0x00,
    0x00,0x00,0x00,0x00,0x00,0x00,0x00,0x00,0x00,0x00,0x00,0x00,0x00,0x00,0x00,0x00,
    0x00,0x00,0x00,0x00,0x00,0x00,0x00,0x00,0x00,0x00,0x00,0x00,0x00,0x00,0x00,0x00,
    0x00,0x00,0x00,0x00,0x00,0x00,0x00,0x00,0x00,0x00,0x00,0x00,0x00,0x00,0x00,0x00,
    0x00,0x00,0x00,0x00,0x00,0x00,0x00,0x00,0x00,0x00,0x00,0x00,0x00,0x00,0x00,0x00,
    0x00,0x00,0x00,0x00,0x00,0x00,0x00,0x00,0x00,0x00,0x00,0x00,0x00,0x00,0x00,0x00,
    0x00,0x00,0x00,0x00,0x00,0x00,0x00,0x00,0x00,0x00,0x00,0x00,0x00,0x00,0x00,0x00,
    0x00,0x00,0x00,0x00,0x00,0x00,0x00,0x00,0x00,0x00,0x00,0x00,0x00,0x00,0x00,0x00,
    0x00,0x00,0x00,0x00,0x00,0x00,0x00,0x00,0x00,0x00,0x00,0x00,0x00,0x00,0x00,0x00,
    0x00,0x00,0x00,0x00,0x00,0x00,0x00,0x00,0x00,0x00,0x00,0x00,0x00,0x00,0x00,0x00,
    0x00,0x00,0x00,0x00,0x00,0x00,0x00,0x00,0x00,0x00,0x00,0x00,0x00,0x00,0x00,0x00,
    0x00,0x00,0x00,0x00,0x00,0x00,0x00,0x00,0x00,0x00,0x00,0x00,0x00,0x00,0x00,0x00,
    0x00,0x00,0x00,0x00,0x00,0x00,0x00,0x00,0x00,0x00,0x00,0x00,0x00,0x00,0x00,0x00,
    0x00,0x00,0x00,0x00,0x00,0x00,0x00,0x00,0x00,0x00,0x00,0x00,0x00,0x00,0x00,0x00,
    0x00,0x00,0x00,0x00,0x00,0x00,0x00,0x00,0x00,0x00,0x00,0x00,0x00,0x00,0x00,0x00,
    0x00,0x00,0x00,0x00,0x00,0x00,0x00,0x00,0x00,0x00,0x00,0x00,0x00,0x00,0x00,0x00,
    0x00,0x00,0x00,0x00,0x00,0x00,0x00,0x00,0x00,0x00,0x00,0x00,0x00,0x00,0x00,0x00,
    0x00,0x00,0x00,0x00,0x00,0x00,0x00,0x00,0x00,0x00,0x00,0x00,0x00,0x00,0x00,0x00,
    0x00,0x00,0x00,0x00,0x00,0x00,0x00,0x00,0x00,0x00,0x00,0x00,0x00,0x00,0x00,0x00,
    0x00,0x00,0x00,0x00,0x00,0x00,0x00,0x00,0x00,0x00,0x00,0x00,0x00,0x00,0x00,0x00,
    0x00,0x00,0x00,0x00,0x00,0x00,0x00,0x00,0x00,0x00,0x00,0x00,0x00,0x00,0x00,0x00,
    0x00,0x00,0x00,0x00,0x00,0x00,0x00,0x00,0x00,0x00,0x00,0x00,0x00,0x00,0x00,0x00,
    0x00,0x00,0x00,0x00,0x00,0x00,0x00,0x00,0x00,0x00,0x00,0x00,0x00,0x00,0x00,0x00,
    0x00,0x00,0x00,0x00,0x00,0x00,0x00,0x00,0x00,0x00,0x00,0x00,0x00,0x00,0x00,0x00,
    0x00,0x00,0x00,0x00,0x00,0x00,0x00,0x00,0x00,0x00,0x00,0x00,0x00,0x00,0x00,0x00,
    0x00,0x00,0x00,0x00,0x00,0x00,0x00,0x00,0x00,0x00,0x00,0x00,0x00,0x00,0x00,0x00,
    0x00,0x00,0x00,0x00,0x00,0x00,0x00,0x00,0x00,0x00,0x00,0x00,0x00,0x00,0x00,0x00,
    0x00,0x00,0x00,0x00,0x00,0x00,0x00,0x00,0x00,0x00,0x00,0x00,0x00,0x00,0x00,0x00,
    0x00,0x00,0x00,0x00,0x00,0x00,0x00,0x00,0x00,0x00,0x00,0x00,0x00,0x00,0x00,0x00,
    0x00,0x00,0x00,0x00,0x00,0x00,0x00,0x00,0x00,0x00,0x00,0x00,0x00,0x00,0x00,0x00,
    0x00,0x00,0x00,0x00,0x00,0x00,0x00,0x00,0x00,0x00,0x00,0x00,0x00,0x00,0x00,0x00,
    0x00,0x00,0x00,0x00,0x00,0x00,0x00,0x00,0x00,0x00,0x00,0x00,0x00,0x00,0x00,0x00,
    0x00,0x00,0x00,0x00,0x00,0x00,0x00,0x00,0x00,0x00,0x00,0x00,0x00,0x00,0x00,0x00,
    0x00,0x00,0x00,0x00,0x00,0x00,0x00,0x00,0x00,0x00,0x00,0x00,0x00,0x00,0x00,0x00,
    0x00,0x00,0x00,0x00,0x00,0x00,0x00,0x00,0x00,0x00,0x00,0x00,0x00,0x00,0x00,0x00,
    0x00,0x00,0x00,0x00,0x00,0x00,0x00,0x00,0x00,0x00,0x00,0x00,0x00,0x00,0x00,0x00,
    0x00,0x00,0x00,0x00,0x00,0x00,0x00,0x00,0x00,0x00,0x00,0x00,0x00,0x00,0x00,0x00,
    0x00,0x00,0x00,0x00,0x00,0x00,0x00,0x00,0x00,0x00,0x00,0x00,0x00,0x00,0x00,0x00,
    0x00,0x00,0x00,0x00,0x00,0x00,0x00,0x00,0x00,0x00,0x00,0x00,0x00,0x00,0x00,0x00,
    0x00,0x00,0x00,0x00,0x00,0x00,0x00,0x00,0x00,0x00,0x00,0x00,0x00,0x00,0x00,0x00,
    0x00,0x00,0x00,0x00,0x00,0x00,0x00,0x00,0x00,0x00,0x00,0x00,0x00,0x00,0x00,0x00,
    0x00,0x00,0x00,0x00,0x00,0x00,0x00,0x00,0x00,0x00,0x00,0x00,0x00,0x00,0x00,0x00,
    0x00,0x00,0x00,0x00,0x00,0x00,0x00,0x00,0x00,0x00,0x00,0x00,0x00,0x00,0x00,0x00,
    0x00,0x00,0x00,0x00,0x00,0x00,0x00,0x00,0x00,0x00,0x00,0x00,0x00,0x00,0x00,0x00,
    0x00,0x00,0x00,0x00,0x00,0x00,0x00,0x00,0x00,0x00,0x00,0x00,0x00,0x00,0x00,0x00,
    0x00,0x00,0x00,0x00,0x00,0x00,0x00,0x00,0x00,0x00,0x00,0x00,0x00,0x00,0x00,0x00,
    0x00,0x00,0x00,0x00,0x00,0x00,0x00,0x00,0x00,0x00,0x00,0x00,0x00,0x00,0x00,0x00,
    0x00,0x00,0x00,0x00,0x00,0x00,0x00,0x00,0x00,0x00,0x00,0x00,0x00,0x00,0x00,0x00,
    0x00,0x00,0x00,0x00,0x00,0x00,0x00,0x00,0x00,0x00,0x00,0x00,0x00,0x00,0x00,0x00,
    0x00,0x00,0x00,0x00,0x00,0x00,0x00,0x00,0x00,0x00,0x00,0x00,0x00,0x00,0x00,0x00,
    0x00,0x00,0x00,0x00,0x00,0x00,0x00,0x00,0x00,0x00,0x00,0x00,0x00,0x00,0x00,0x00,
    0x00,0x00,0x00,0x00,0x00,0x00,0x00,0x00,0x00,0x00,0x00,0x00,0x00,0x00,0x00,0x00,
    0x00,0x00,0x00,0x00,0x00,0x00,0x00,0x00,0x00,0x00,0x00,0x00,0x00,0x00,0x00,0x00,
    0x00,0x00,0x00,0x00,0x00,0x00,0x00,0x00,0x00,0x00,0x00,0x00,0x00,0x00,0x00,0x00,
    0x00,0x00,0x00,0x00,0x00,0x00,0x00,0x00,0x00,0x00,0x00,0x00,0x00,0x00,0x00,0x00,
    0x00,0x00,0x00,0x00,0x00,0x00,0x00,0x00,0x00,0x00,0x00,0x00,0x00,0x00,0x00,0x00,
    0x00,0x00,0x00,0x00,0x00,0x00,0x00,0x00,0x00,0x00,0x00,0x00,0x00,0x00,0x00,0x00,
    0x00,0x00,0x00,0x00,0x00,0x00,0x00,0x00,0x00,0x00,0x00,0x00,0x00,0x00,0x00,0x00,
    0x00,0x00,0x00,0x00,0x00,0x00,0x00,0x00,0x00,0x00,0x00,0x00,0x00,0x00,0x00,0x00,
    0x00,0x00,0x00,0x00,0x00,0x00,0x00,0x00,0x00,0x00,0x00,0x00,0x00,0x00,0x00,0x00,
    0x00,0x00,0x00,0x00,0x00,0x00,0x00,0x00,0x00,0x00,0x00,0x00,0x00,0x00,0x00,0x00,
    0x00,0x00,0x00,0x00,0x00,0x00,0x00,0x00,0x00,0x00,0x00,0x00,0x00,0x00,0x00,0x00,
    0x00,0x00,0x00,0x00,0x00,0x00,0x00,0x00,0x00,0x00,0x00,0x00,0x00,0x00,0x00,0x00,
    0x00,0x00,0x00,0x00,0x00,0x00,0x00,0x00,0x00,0x00,0x00,0x00,0x00,0x00,0x00,0x00,
    0x00,0x00,0x00,0x00,0x00,0x00,0x00,0x00,0x00,0x00,0x00,0x00,0x00,0x00,0x00,0x00,
    0x00,0x00,0x00,0x00,0x00,0x00,0x00,0x00,0x00,0x00,0x00,0x00,0x00,0x00,0x00,0x00,
    0x00,0x00,0x00,0x00,0x00,0x00,0x00,0x00,0x00,0x00,0x00,0x00,0x00,0x00,0x00,0x00,
    0x00,0x00,0x00,0x00,0x00,0x00,0x00,0x00,0x00,0x00,0x00,0x00,0x00,0x00,0x00,0x00,
    0x00,0x00,0x00,0x00,0x00,0x00,0x00,0x00,0x00,0x00,0x00,0x00,0x00,0x00,0x00,0x00,
    0x00,0x00,0x00,0x00,0x00,0x00,0x00,0x00,0x00,0x00,0x00,0x00,0x00,0x00,0x00,0x00,
    0x00,0x00,0x00,0x00,0x00,0x00,0x00,0x00,0x00,0x00,0x00,0x00,0x00,0x00,0x00,0x00,
    0x00,0x00,0x00,0x00,0x00,0x00,0x00,0x00,0x00,0x00,0x00,0x00,0x00,0x00,0x00,0x00,
    0x00,0x00,0x00,0x00,0x00,0x00,0x00,0x00,0x00,0x00,0x00,0x00,0x00,0x00,0x00,0x00,
    0x00,0x00,0x00,0x00,0x00,0x00,0x00,0x00,0x00,0x00,0x00,0x00,0x00,0x00,0x00,0x00,
    0x00,0x00,0x00,0x00,0x00,0x00,0x00,0x00,0x00,0x00,0x00,0x00,0x00,0x00,0x00,0x00,
    0x00,0x00,0x00,0x00,0x00,0x00,0x00,0x00,0x00,0x00,0x00,0x00,0x00,0x00,0x00,0x00,
    0x00,0x00,0x00,0x00,0x00,0x00,0x00,0x00,0x00,0x00,0x00,0x00,0x00,0x00,0x00,0x00,
    0x00,0x00,0x00,0x00,0x00,0x00,0x00,0x00,0x00,0x00,0x00,0x00,0x00,0x00,0x00,0x00,
    0x00,0x00,0x00,0x00,0x00,0x00,0x00,0x00,0x00,0x00,0x00,0x00,0x00,0x00,0x00,0x00,
    0x00,0x00,0x00,0x00,0x00,0x00,0x00,0x00,0x00,0x00,0x00,0x00,0x00,0x00,0x00,0x00,
    0x00,0x00,0x00,0x00,0x00,0x00,0x00,0x00,0x00,0x00,0x00,0x00,0x00,0x00,0x00,0x00,
    0x00,0x00,0x00,0x00,0x00,0x00,0x00,0x00,0x00,0x00,0x00,0x00,0x00,0x00,0x00,0x00,
    0x00,0x00,0x00,0x00,0x00,0x00,0x00,0x00,0x00,0x00,0x00,0x00,0x00,0x00,0x00,0x00,
    0x00,0x00,0x00,0x00,0x00,0x00,0x00,0x00,0x00,0x00,0x00,0x00,0x00,0x00,0x00,0x00,
    0x00,0x00,0x00,0x00,0x00,0x00,0x00,0x00,0x00,0x00,0x00,0x00,0x00,0x00,0x00,0x00,
    0x00,0x00,0x00,0x00,0x00,0x00,0x00,0x00,0x00,0x00,0x00,0x00,0x00,0x00,0x00,0x00,
    0x00,0x00,0x00,0x00,0x00,0x00,0x00,0x00,0x00,0x00,0x00,0x00,0x00,0x00,0x00,0x00,
    0x00,0x00,0x00,0x00,0x00,0x00,0x00,0x00,0x00,0x00,0x00,0x00,0x00,0x00,0x00,0x00,
    0x00,0x00,0x00,0x00,0x00,0x00,0x00,0x00,0x00,0x00,0x00,0x00,0x00,0x00,0x00,0x00,
    0x00,0x00,0x00,0x00,0x00,0x00,0x00,0x00,0x00,0x00,0x00,0x00,0x00,0x00,0x00,0x00,
    0x00,0x00,0x00,0x00,0x00,0x00,0x00,0x00,0x00,0x00,0x00,0x00,0x00,0x00,0x00,0x00,
    0x00,0x00,0x00,0x00,0x00,0x00,0x00,0x00,0x00,0x00,0x00,0x00,0x00,0x00,0x00,0x00,
    0x00,0x00,0x00,0x00,0x00,0x00,0x00,0x00,0x00,0x00,0x00,0x00,0x00,0x00,0x00,0x00,
    0x00,0x00,0x00,0x00,0x00,0x00,0x00,0x00,0x00,0x00,0x00,0x00,0x00,0x00,0x00,0x00,
    0x00,0x00,0x00,0x00,0x00,0x00,0x00,0x00,0x00,0x00,0x00,0x00,0x00,0x00,0x00,0x00,
    0x00,0x00,0x00,0x00,0x00,0x00,0x00,0x00,0x00,0x00,0x00,0x00,0x00,0x00,0x00,0x00,
    0x00,0x00,0x00,0x00,0x00,0x00,0x00,0x00,0x00,0x00,0x00,0x00,0x00,0x00,0x00,0x00,
    0x00,0x00,0x00,0x00,0x00,0x00,0x00,0x00,0x00,0x00,0x00,0x00,0x00,0x00,0x00,0x00,
    0x00,0x00,0x00,0x00,0x00,0x00,0x00,0x00,0x00,0x00,0x00,0x00,0x00,0x00,0x00,0x00,
    0x00,0x00,0x00,0x00,0x00,0x00,0x00,0x00,0x00,0x00,0x00,0x00,0x00,0x00,0x00,0x00,
    0x00,0x00,0x00,0x00,0x00,0x00,0x00,0x00,0x00,0x00,0x00,0x00,0x00,0x00,0x00,0x00,
    0x00,0x00,0x00,0x00,0x00,0x00,0x00,0x00,0x00,0x00,0x00,0x00,0x00,0x00,0x00,0x00,
    0x00,0x00,0x00,0x00,0x00,0x00,0x00,0x00,0x00,0x00,0x00,0x00,0x00,0x00,0x00,0x00,
    0x00,0x00,0x00,0x00,0x00,0x00,0x00,0x00,0x00,0x00,0x00,0x00,0x00,0x00,0x00,0x00,
    0x00,0x00,0x00,0x00,0x00,0x00,0x00,0x00,0x00,0x00,0x00,0x00,0x00,0x00,0x00,0x00,
    0x00,0x00,0x00,0x00,0x00,0x00,0x00,0x00,0x00,0x00,0x00,0x00,0x00,0x00,0x00,0x00,
    0x00,0x00,0x00,0x00,0x00,0x00,0x00,0x00,0x00,0x00,0x00,0x00,0x00,0x00,0x00,0x00,
    0x00,0x00,0x00,0x00,0x00,0x00,0x00,0x00,0x00,0x00,0x00,0x00,0x00,0x00,0x00,0x00,
    0x00,0x00,0x00,0x00,0x00,0x00,0x00,0x00,0x00,0x00,0x00,0x00,0x00,0x00,0x00,0x00,
    0x00,0x00,0x00,0x00,0x00,0x00,0x00,0x00,0x00,0x00,0x00,0x00,0x00,0x00,0x00,0x00,
    0x00,0x00,0x00,0x00,0x00,0x00,0x00,0x00,0x00,0x00,0x00,0x00,0x00,0x00,0x00,0x00,
    0x00,0x00,0x00,0x00,0x00,0x00,0x00,0x00,0x00,0x00,0x00,0x00,0x00,0x00,0x00,0x00,
    0x00,0x00,0x00,0x00,0x00,0x00,0x00,0x00,0x00,0x00,0x00,0x00,0x00,0x00,0x00,0x00,
    0x00,0x00,0x00,0x00,0x00,0x00,0x00,0x00,0x00,0x00,0x00,0x00,0x00,0x00,0x00,0x00,
    0x00,0x00,0x00,0x00,0x00,0x00,0x00,0x00,0x00,0x00,0x00,0x00,0x00,0x00,0x00,0x00,
    0x00,0x00,0x00,0x00,0x00,0x00,0x00,0x00,0x00,0x00,0x00,0x00,0x00,0x00,0x00,0x00,
    0x00,0x00,0x00,0x00,0x00,0x00,0x00,0x00,0x00,0x00,0x00,0x00,0x00,0x00,0x00,0x00,
    0x00,0x00,0x00,0x00,0x00,0x00,0x00,0x00,0x00,0x00,0x00,0x00,0x00,0x00,0x00,0x00,
    0x00,0x00,0x00,0x00,0x00,0x00,0x00,0x00,0x00,0x00,0x00,0x00,0x00,0x00,0x00,0x00,
    0x00,0x00,0x00,0x00,0x00,0x00,0x00,0x00,0x00,0x00,0x00,0x00,0x00,0x00,0x00,0x00,
    0x00,0x00,0x00,0x00,0x00,0x00,0x00,0x00,0x00,0x00,0x00,0x00,0x00,0x00,0x00,0x00,
    0x00,0x00,0x00,0x00,0x00,0x00,0x00,0x00,0x00,0x00,0x00,0x00,0x00,0x00,0x00,0x00,
    0x00,0x00,0x00,0x00,0x00,0x00,0x00,0x00,0x00,0x00,0x00,0x00,0x00,0x00,0x00,0x00,
    0x00,0x00,0x00,0x00,0x00,0x00,0x00,0x00,0x00,0x00,0x00,0x00,0x00,0x00,0x00,0x00,
    0x00,0x00,0x00,0x00,0x00,0x00,0x00,0x00,0x00,0x00,0x00,0x00,0x00,0x00,0x00,0x00,
    0x00,0x00,0x00,0x00,0x00,0x00,0x00,0x00,0x00,0x00,0x00,0x00,0x00,0x00,0x00,0x00,
    0x00,0x00,0x00,0x00,0x00,0x00,0x00,0x00,0x00,0x00,0x00,0x00,0x00,0x00,0x00,0x00,
    0x00,0x00,0x00,0x00,0x00,0x00,0x00,0x00,0x00,0x00,0x00,0x00,0x00,0x00,0x00,0x00,
    0x00,0x00,0x00,0x00,0x00,0x00,0x00,0x00,0x00,0x00,0x00,0x00,0x00,0x00,0x00,0x00,
    0x00,0x00,0x00,0x00,0x00,0x00,0x00,0x00,0x00,0x00,0x00,0x00,0x00,0x00,0x00,0x00,
    0x00,0x00,0x00,0x00,0x00,0x00,0x00,0x00,0x00,0x00,0x00,0x00,0x00,0x00,0x00,0x00,
    0x00,0x00,0x00,0x00,0x00,0x00,0x00,0x00,0x00,0x00,0x00,0x00,0x00,0x00,0x00,0x00,
    0x00,0x00,0x00,0x00,0x00,0x00,0x00,0x00,0x00,0x00,0x00,0x00,0x00,0x00,0x00,0x00,
    0x00,0x00,0x00,0x00,0x00,0x00,0x00,0x00,0x00,0x00,0x00,0x00,0x00,0x00,0x00,0x00,
    0x00,0x00,0x00,0x00,0x00,0x00,0x00,0x00,0x00,0x00,0x00,0x00,0x00,0x00,0x00,0x00,
    0x00,0x00,0x00,0x00,0x00,0x00,0x00,0x00,0x00,0x00,0x00,0x00,0x00,0x00,0x00,0x00,
    0x00,0x00,0x00,0x00,0x00,0x00,0x00,0x00,0x00,0x00,0x00,0x00,0x00,0x00,0x00,0x00,
    0x00,0x00,0x00,0x00,0x00,0x00,0x00,0x00,0x00,0x00,0x00,0x00,0x00,0x00,0x00,0x00,
    0x00,0x00,0x00,0x00,0x00,0x00,0x00,0x00,0x00,0x00,0x00,0x00,0x00,0x00,0x00,0x00,
    0x00,0x00,0x00,0x00,0x00,0x00,0x00,0x00,0x00,0x00,0x00,0x00,0x00,0x00,0x00,0x00,
    0x00,0x00,0x00,0x00,0x00,0x00,0x00,0x00,0x00,0x00,0x00,0x00,0x00,0x00,0x00,0x00,
    0x00,0x00,0x00,0x00,0x00,0x00,0x00,0x00,0x00,0x00,0x00,0x00,0x00,0x00,0x00,0x00,
    0x00,0x00,0x00,0x00,0x00,0x00,0x00,0x00,0x00,0x00,0x00,0x00,0x00,0x00,0x00,0x00,
    0x00,0x00,0x00,0x00,0x00,0x00,0x00,0x00,0x00,0x00,0x00,0x00,0x00,0x00,0x00,0x00,
    0x00,0x00,0x00,0x00,0x00,0x00,0x00,0x00,0x00,0x00,0x00,0x00,0x00,0x00,0x00,0x00,
    0x00,0x00,0x00,0x00,0x00,0x00,0x00,0x00,0x00,0x00,0x00,0x00,0x00,0x00,0x00,0x00,
    0x00,0x00,0x00,0x00,0x00,0x00,0x00,0x00,0x00,0x00,0x00,0x00,0x00,0x00,0x00,0x00,
    0x00,0x00,0x00,0x00,0x00,0x00,0x00,0x00,0x00,0x00,0x00,0x00,0x00,0x00,0x00,0x00,
    0x00,0x00,0x00,0x00,0x00,0x00,0x00,0x00,0x00,0x00,0x00,0x00,0x00,0x00,0x00,0x00,
    0x00,0x00,0x00,0x00,0x00,0x00,0x00,0x00,0x00,0x00,0x00,0x00,0x00,0x00,0x00,0x00,
    0x00,0x00,0x00,0x00,0x00,0x00,0x00,0x00,0x00,0x00,0x00,0x00,0x00,0x00,0x00,0x00,
    0x00,0x00,0x00,0x00,0x00,0x00,0x00,0x00,0x00,0x00,0x00,0x00,0x00,0x00,0x00,0x00,
    0x00,0x00,0x00,0x00,0x00,0x00,0x00,0x00,0x00,0x00,0x00,0x00,0x00,0x00,0x00,0x00,
    0x00,0x00,0x00,0x00,0x00,0x00,0x00,0x00,0x00,0x00,0x00,0x00,0x00,0x00,0x00,0x00,
    0x00,0x00,0x00,0x00,0x00,0x00,0x00,0x00,0x00,0x00,0x00,0x00,0x00,0x00,0x00,0x00,
    0x00,0x00,0x00,0x00,0x00,0x00,0x00,0x00,0x00,0x00,0x00,0x00,0x00,0x00,0x00,0x00,
    0x00,0x00,0x00,0x00,0x00,0x00,0x00,0x00,0x00,0x00,0x00,0x00,0x00,0x00,0x00,0x00,
    0x00,0x00,0x00,0x00,0x00,0x00,0x00,0x00,0x00,0x00,0x00,0x00,0x00,0x00,0x00,0x00,
    0x00,0x00,0x00,0x00,0x00,0x00,0x00,0x00,0x00,0x00,0x00,0x00,0x00,0x00,0x00,0x00,
    0x00,0x00,0x00,0x00,0x00,0x00,0x00,0x00,0x00,0x00,0x00,0x00,0x00,0x00,0x00,0x00,
    0x00,0x00,0x00,0x00,0x00,0x00,0x00,0x00,0x00,0x00,0x00,0x00,0x00,0x00,0x00,0x00,
    0x00,0x00,0x00,0x00,0x00,0x00,0x00,0x00,0x00,0x00,0x00,0x00,0x00,0x00,0x00,0x00,
    0x00,0x00,0x00,0x00,0x00,0x00,0x00,0x00,0x00,0x00,0x00,0x00,0x00,0x00,0x00,0x00,
    0x00,0x00,0x00,0x00,0x00,0x00,0x00,0x00,0x00,0x00,0x00,0x00,0x00,0x00,0x00,0x00,
    0x00,0x00,0x00,0x00,0x00,0x00,0x00,0x00,0x00,0x00,0x00,0x00,0x00,0x00,0x00,0x00,
    0x00,0x00,0x00,0x00,0x00,0x00,0x00,0x00,0x00,0x00,0x00,0x00,0x00,0x00,0x00,0x00,
    0x00,0x00,0x00,0x00,0x00,0x00,0x00,0x00,0x00,0x00,0x00,0x00,0x00,0x00,0x00,0x00,
    0x00,0x00,0x00,0x00,0x00,0x00,0x00,0x00,0x00,0x00,0x00,0x00,0x00,0x00,0x00,0x00,
    0x00,0x00,0x00,0x00,0x00,0x00,0x00,0x00,0x00,0x00,0x00,0x00,0x00,0x00,0x00,0x00,
    0x00,0x00,0x00,0x00,0x00,0x00,0x00,0x00,0x00,0x00,0x00,0x00,0x00,0x00,0x00,0x00,
    0x00,0x00,0x00,0x00,0x00,0x00,0x00,0x00,0x00,0x00,0x00,0x00,0x00,0x00,0x00,0x00,
    0x00,0x00,0x00,0x00,0x00,0x00,0x00,0x00,0x00,0x00,0x00,0x00,0x00,0x00,0x00,0x00,
    0x00,0x00,0x00,0x00,0x00,0x00,0x00,0x00,0x00,0x00,0x00,0x00,0x00,0x00,0x00,0x00,
    0x00,0x00,0x00,0x00,0x00,0x00,0x00,0x00,0x00,0x00,0x00,0x00,0x00,0x00,0x00,0x00,
    0x00,0x00,0x00,0x00,0x00,0x00,0x00,0x00,0x00,0x00,0x00,0x00,0x00,0x00,0x00,0x00,
    0x00,0x00,0x00,0x00,0x00,0x00,0x00,0x00,0x00,0x00,0x00,0x00,0x00,0x00,0x00,0x00,
    0x00,0x00,0x00,0x00,0x00,0x00,0x00,0x00,0x00,0x00,0x00,0x00,0x00,0x00,0x00,0x00,
    0x00,0x00,0x00,0x00,0x00,0x00,0x00,0x00,0x00,0x00,0x00,0x00,0x00,0x00,0x00,0x00,
    0x00,0x00,0x00,0x00,0x00,0x00,0x00,0x00,0x00,0x00,0x00,0x00,0x00,0x00,0x00,0x00,
    0x00,0x00,0x00,0x00,0x00,0x00,0x00,0x00,0x00,0x00,0x00,0x00,0x00,0x00,0x00,0x00,
    0x00,0x00,0x00,0x00,0x00,0x00,0x00,0x00,0x00,0x00,0x00,0x00,0x00,0x00,0x00,0x00,
    0x00,0x00,0x00,0x00,0x00,0x00,0x00,0x00,0x00,0x00,0x00,0x00,0x00,0x00,0x00,0x00,
    0x00,0x00,0x00,0x00,0x00,0x00,0x00,0x00,0x00,0x00,0x00,0x00,0x00,0x00,0x00,0x00,
    0x00,0x00,0x00,0x00,0x00,0x00,0x00,0x00,0x00,0x00,0x00,0x00,0x00,0x00,0x00,0x00,
    0x00,0x00,0x00,0x00,0x00,0x00,0x00,0x00,0x00,0x00,0x00,0x00,0x00,0x00,0x00,0x00,
    0x00,0x00,0x00,0x00,0x00,0x00,0x00,0x00,0x00,0x00,0x00,0x00,0x00,0x00,0x00,0x00,
    0x00,0x00,0x00,0x00,0x00,0x00,0x00,0x00,0x00,0x00,0x00,0x00,0x00,0x00,0x00,0x00,
    0x00,0x00,0x00,0x00,0x00,0x00,0x00,0x00,0x00,0x00,0x00,0x00,0x00,0x00,0x00,0x00,
    0x00,0x00,0x00,0x00,0x00,0x00,0x00,0x00,0x00,0x00,0x00,0x00,0x00,0x00,0x00,0x00,
    0x00,0x00,0x00,0x00,0x00,0x00,0x00,0x00,0x00,0x00,0x00,0x00,0x00,0x00,0x00,0x00,
    0x00,0x00,0x00,0x00,0x00,0x00,0x00,0x00,0x00,0x00,0x00,0x00,0x00,0x00,0x00,0x00,
    0x00,0x00,0x00,0x00,0x00,0x00,0x00,0x00,0x00,0x00,0x00,0x00,0x00,0x00,0x00,0x00,
    0x00,0x00,0x00,0x00,0x00,0x00,0x00,0x00,0x00,0x00,0x00,0x00,0x00,0x00,0x00,0x00,
    0x00,0x00,0x00,0x00,0x00,0x00,0x00,0x00,0x00,0x00,0x00,0x00,0x00,0x00,0x00,0x00,
    0x00,0x00,0x00,0x00,0x00,0x00,0x00,0x00,0x00,0x00,0x00,0x00,0x00,0x00,0x00,0x00,
    0x00,0x00,0x00,0x00,0x00,0x00,0x00,0x00,0x00,0x00,0x00,0x00,0x00,0x00,0x00,0x00,
    0x00,0x00,0x00,0x00,0x00,0x00,0x00,0x00,0x00,0x00,0x00,0x00,0x00,0x00,0x00,0x00,
    0x00,0x00,0x00,0x00,0x00,0x00,0x00,0x00,0x00,0x00,0x00,0x00,0x00,0x00,0x00,0x00,
    0x00,0x00,0x00,0x00,0x00,0x00,0x00,0x00,0x00,0x00,0x00,0x00,0x00,0x00,0x00,0x00,
    0x00,0x00,0x00,0x00,0x00,0x00,0x00,0x00,0x00,0x00,0x00,0x00,0x00,0x00,0x00,0x00,
    0x00,0x00,0x00,0x00,0x00,0x00,0x00,0x00,0x00,0x00,0x00,0x00,0x00,0x00,0x00,0x00,
    0x00,0x00,0x00,0x00,0x00,0x00,0x00,0x00,0x00,0x00,0x00,0x00,0x00,0x00,0x00,0x00,
    0x00,0x00,0x00,0x00,0x00,0x00,0x00,0x00,0x00,0x00,0x00,0x00,0x00,0x00,0x00,0x00,
    0x00,0x00,0x00,0x00,0x00,0x00,0x00,0x00,0x00,0x00,0x00,0x00,0x00,0x00,0x00,0x00,
    0x00,0x00,0x00,0x00,0x00,0x00,0x00,0x00,0x00,0x00,0x00,0x00,0x00,0x00,0x00,0x00,
    0x00,0x00,0x00,0x00,0x00,0x00,0x00,0x00,0x00,0x00,0x00,0x00,0x00,0x00,0x00,0x00,
    0x00,0x00,0x00,0x00,0x00,0x00,0x00,0x00,0x00,0x00,0x00,0x00,0x00,0x00,0x00,0x00,
    0x00,0x00,0x00,0x00,0x00,0x00,0x00,0x00,0x00,0x00,0x00,0x00,0x00,0x00,0x00,0x00,
    0x00,0x00,0x00,0x00,0x00,0x00,0x00,0x00,0x00,0x00,0x00,0x00,0x00,0x00,0x00,0x00,
    0x00,0x00,0x00,0x00,0x00,0x00,0x00,0x00,0x00,0x00,0x00,0x00,0x00,0x00,0x00,0x00,
    0x00,0x00,0x00,0x00,0x00,0x00,0x00,0x00,0x00,0x00,0x00,0x00,0x00,0x00,0x00,0x00,
    0x00,0x00,0x00,0x00,0x00,0x00,0x00,0x00,0x00,0x00,0x00,0x00,0x00,0x00,0x00,0x00,
    0x00,0x00,0x00,0x00,0x00,0x00,0x00,0x00,0x00,0x00,0x00,0x00,0x00,0x00,0x00,0x00,
    0x00,0x00,0x00,0x00,0x00,0x00,0x00,0x00,0x00,0x00,0x00,0x00,0x00,0x00,0x00,0x00,
    0x00,0x00,0x00,0x00,0x00,0x00,0x00,0x00,0x00,0x00,0x00,0x00,0x00,0x00,0x00,0x00,
    0x00,0x00,0x00,0x00,0x00,0x00,0x00,0x00,0x00,0x00,0x00,0x00,0x00,0x00,0x00,0x00,
    0x00,0x00,0x00,0x00,0x00,0x00,0x00,0x00,0x00,0x00,0x00,0x00,0x00,0x00,0x00,0x00,
    0x00,0x00,0x00,0x00,0x00,0x00,0x00,0x00,0x00,0x00,0x00,0x00,0x00,0x00,0x00,0x00,
    0x00,0x00,0x00,0x00,0x00,0x00,0x00,0x00,0x00,0x00,0x00,0x00,0x00,0x00,0x00,0x00,
    0x00,0x00,0x00,0x00,0x00,0x00,0x00,0x00,0x00,0x00,0x00,0x00,0x00,0x00,0x00,0x00,
    0x00,0x00,0x00,0x00,0x00,0x00,0x00,0x00,0x00,0x00,0x00,0x00,0x00,0x00,0x00,0x00,
    0x00,0x00,0x00,0x00,0x00,0x00,0x00,0x00,0x00,0x00,0x00,0x00,0x00,0x00,0x00,0x00,
    0x00,0x00,0x00,0x00,0x00,0x00,0x00,0x00,0x00,0x00,0x00,0x00,0x00,0x00,0x00,0x00,
    0x00,0x00,0x00,0x00,0x00,0x00,0x00,0x00,0x00,0x00,0x00,0x00,0x00,0x00,0x00,0x00,
    0x00,0x00,0x00,0x00,0x00,0x00,0x00,0x00,0x00,0x00,0x00,0x00,0x00,0x00,0x00,0x00,
    0x00,0x00,0x00,0x00,0x00,0x00,0x00,0x00,0x00,0x00,0x00,0x00,0x00,0x00,0x00,0x00,
    0x00,0x00,0x00,0x00,0x00,0x00,0x00,0x00,0x00,0x00,0x00,0x00,0x00,0x00,0x00,0x00,
    0x00,0x00,0x00,0x00,0x00,0x00,0x00,0x00,0x00,0x00,0x00,0x00,0x00,0x00,0x00,0x00,
    0x00,0x00,0x00,0x00,0x00,0x00,0x00,0x00,0x00,0x00,0x00,0x00,0x00,0x00,0x00,0x00,
    0x00,0x00,0x00,0x00,0x00,0x00,0x00,0x00,0x00,0x00,0x00,0x00,0x00,0x00,0x00,0x00,
    0x00,0x00,0x00,0x00,0x00,0x00,0x00,0x00,0x00,0x00,0x00,0x00,0x00,0x00,0x00,0x00,
    0x00,0x00,0x00,0x00,0x00,0x00,0x00,0x00,0x00,0x00,0x00,0x00,0x00,0x00,0x00,0x00,
    0x00,0x00,0x00,0x00,0x00,0x00,0x00,0x00,0x00,0x00,0x00,0x00,0x00,0x00,0x00,0x00,
    0x00,0x00,0x00,0x00,0x00,0x00,0x00,0x00,0x00,0x00,0x00,0x00,0x00,0x00,0x00,0x00,
    0x00,0x00,0x00,0x00,0x00,0x00,0x00,0x00,0x00,0x00,0x00,0x00,0x00,0x00,0x00,0x00,
    0x00,0x00,0x00,0x00,0x00,0x00,0x00,0x00,0x00,0x00,0x00,0x00,0x00,0x00,0x00,0x00,
    0x00,0x00,0x00,0x00,0x00,0x00,0x00,0x00,0x00,0x00,0x00,0x00,0x00,0x00,0x00,0x00,
    0x00,0x00,0x00,0x00,0x00,0x00,0x00,0x00,0x00,0x00,0x00,0x00,0x00,0x00,0x00,0x00,
    0x00,0x00,0x00,0x00,0x00,0x00,0x00,0x00,0x00,0x00,0x00,0x00,0x00,0x00,0x00,0x00,
    0x00,0x00,0x00,0x00,0x00,0x00,0x00,0x00,0x00,0x00,0x00,0x00,0x00,0x00,0x00,0x00,
    0x00,0x00,0x00,0x00,0x00,0x00,0x00,0x00,0x00,0x00,0x00,0x00,0x00,0x00,0x00,0x00,
    0x00,0x00,0x00,0x00,0x00,0x00,0x00,0x00,0x00,0x00,0x00,0x00,0x00,0x00,0x00,0x00,
    0x00,0x00,0x00,0x00,0x00,0x00,0x00,0x00,0x00,0x00,0x00,0x00,0x00,0x00,0x00,0x00,
    0x00,0x00,0x00,0x00,0x00,0x00,0x00,0x00,0x00,0x00,0x00,0x00,0x00,0x00,0x00,0x00,
    0x00,0x00,0x00,0x00,0x00,0x00,0x00,0x00,0x00,0x00,0x00,0x00,0x00,0x00,0x00,0x00,
    0x00,0x00,0x00,0x00,0x00,0x00,0x00,0x00,0x00,0x00,0x00,0x00,0x00,0x00,0x00,0x00,
    0x00,0x00,0x00,0x00,0x00,0x00,0x00,0x00,0x00,0x00,0x00,0x00,0x00,0x00,0x00,0x00,
    0x00,0x00,0x00,0x00,0x00,0x00,0x00,0x00,0x00,0x00,0x00,0x00,0x00,0x00,0x00,0x00,
    0x00,0x00,0x00,0x00,0x00,0x00,0x00,0x00,0x00,0x00,0x00,0x00,0x00,0x00,0x00,0x00,
    0x00,0x00,0x00,0x00,0x00,0x00,0x00,0x00,0x00,0x00,0x00,0x00,0x00,0x00,0x00,0x00,
    0x00,0x00,0x00,0x00,0x00,0x00,0x00,0x00,0x00,0x00,0x00,0x00,0x00,0x00,0x00,0x00,
    0x00,0x00,0x00,0x00,0x00,0x00,0x00,0x00,0x00,0x00,0x00,0x00,0x00,0x00,0x00,0x00,
    0x00,0x00,0x00,0x00,0x00,0x00,0x00,0x00,0x00,0x00,0x00,0x00,0x00,0x00,0x00,0x00,
    0x00,0x00,0x00,0x00,0x00,0x00,0x00,0x00,0x00,0x00,0x00,0x00,0x00,0x00,0x00,0x00,
    0x00,0x00,0x00,0x00,0x00,0x00,0x00,0x00,0x00,0x00,0x00,0x00,0x00,0x00,0x00,0x00,
    0x00,0x00,0x00,0x00,0x00,0x00,0x00,0x00,0x00,0x00,0x00,0x00,0x00,0x00,0x00,0x00,
    0x00,0x00,0x00,0x00,0x00,0x00,0x00,0x00,0x00,0x00,0x00,0x00,0x00,0x00,0x00,0x00,
    0x00,0x00,0x00,0x00,0x00,0x00,0x00,0x00,0x00,0x00,0x00,0x00,0x00,0x00,0x00,0x00,
    0x00,0x00,0x00,0x00,0x00,0x00,0x00,0x00,0x00,0x00,0x00,0x00,0x00,0x00,0x00,0x00,
    0x00,0x00,0x00,0x00,0x00,0x00,0x00,0x00,0x00,0x00,0x00,0x00,0x00,0x00,0x00,0x00,
    0x00,0x00,0x00,0x00,0x00,0x00,0x00,0x00,0x00,0x00,0x00,0x00,0x00,0x00,0x00,0x00,
    0x00,0x00,0x00,0x00,0x00,0x00,0x00,0x00,0x00,0x00,0x00,0x00,0x00,0x00,0x00,0x00,
    0x00,0x00,0x00,0x00,0x00,0x00,0x00,0x00,0x00,0x00,0x00,0x00,0x00,0x00,0x00,0x00,
    0x00,0x00,0x00,0x00,0x00,0x00,0x00,0x00,0x00,0x00,0x00,0x00,0x00,0x00,0x00,0x00,
    0x00,0x00,0x00,0x00,0x00,0x00,0x00,0x00,0x00,0x00,0x00,0x00,0x00,0x00,0x00,0x00,
    0x00,0x00,0x00,0x00,0x00,0x00,0x00,0x00,0x00,0x00,0x00,0x00,0x00,0x00,0x00,0x00,
    0x00,0x00,0x00,0x00,0x00,0x00,0x00,0x00,0x00,0x00,0x00,0x00,0x00,0x00,0x00,0x00,
    0x00,0x00,0x00,0x00,0x00,0x00,0x00,0x00,0x00,0x00,0x00,0x00,0x00,0x00,0x00,0x00,
    0x00,0x00,0x00,0x00,0x00,0x00,0x00,0x00,0x00,0x00,0x00,0x00,0x00,0x00,0x00,0x00,
    0x00,0x00,0x00,0x00,0x00,0x00,0x00,0x00,0x00,0x00,0x00,0x00,0x00,0x00,0x00,0x00,
    0x00,0x00,0x00,0x00,0x00,0x00,0x00,0x00,0x00,0x00,0x00,0x00,0x00,0x00,0x00,0x00,
    0x00,0x00,0x00,0x00,0x00,0x00,0x00,0x00,0x00,0x00,0x00,0x00,0x00,0x00,0x00,0x00,
    0x00,0x00,0x00,0x00,0x00,0x00,0x00,0x00,0x00,0x00,0x00,0x00,0x00,0x00,0x00,0x00,
    0x00,0x00,0x00,0x00,0x00,0x00,0x00,0x00,0x00,0x00,0x00,0x00,0x00,0x00,0x00,0x00,
    0x00,0x00,0x00,0x00,0x00,0x00,0x00,0x00,0x00,0x00,0x00,0x00,0x00,0x00,0x00,0x00,
    0x00,0x00,0x00,0x00,0x00,0x00,0x00,0x00,0x00,0x00,0x00,0x00,0x00,0x00,0x00,0x00,
    0x00,0x00,0x00,0x00,0x00,0x00,0x00,0x00,0x00,0x00,0x00,0x00,0x00,0x00,0x00,0x00,
    0x00,0x00,0x00,0x00,0x00,0x00,0x00,0x00,0x00,0x00,0x00,0x00,0x00,0x00,0x00,0x00,
    0x00,0x00,0x00,0x00,0x00,0x00,0x00,0x00,0x00,0x00,0x00,0x00,0x00,0x00,0x00,0x00,
    0x00,0x00,0x00,0x00,0x00,0x00,0x00,0x00,0x00,0x00,0x00,0x00,0x00,0x00,0x00,0x00,
    0x00,0x00,0x00,0x00,0x00,0x00,0x00,0x00,0x00,0x00,0x00,0x00,0x00,0x00,0x00,0x00,
    0x00,0x00,0x00,0x00,0x00,0x00,0x00,0x00,0x00,0x00,0x00,0x00,0x00,0x00,0x00,0x00,
    0x00,0x00,0x00,0x00,0x00,0x00,0x00,0x00,0x00,0x00,0x00,0x00,0x00,0x00,0x00,0x00,
    0x00,0x00,0x00,0x00,0x00,0x00,0x00,0x00,0x00,0x00,0x00,0x00,0x00,0x00,0x00,0x00,
    0x00,0x00,0x00,0x00,0x00,0x00,0x00,0x00,0x00,0x00,0x00,0x00,0x00,0x00,0x00,0x00,
    0x00,0x00,0x00,0x00,0x00,0x00,0x00,0x00,0x00,0x00,0x00,0x00,0x00,0x00,0x00,0x00,
    0x00,0x00,0x00,0x00,0x00,0x00,0x00,0x00,0x00,0x00,0x00,0x00,0x00,0x00,0x00,0x00,
    0x00,0x00,0x00,0x00,0x00,0x00,0x00,0x00,0x00,0x00,0x00,0x00,0x00,0x00,0x00,0x00,
    0x00,0x00,0x00,0x00,0x00,0x00,0x00,0x00,0x00,0x00,0x00,0x00,0x00,0x00,0x00,0x00,
    0x00,0x00,0x00,0x00,0x00,0x00,0x00,0x00,0x00,0x00,0x00,0x00,0x00,0x00,0x00,0x00,
    0x00,0x00,0x00,0x00,0x00,0x00,0x00,0x00,0x00,0x00,0x00,0x00,0x00,0x00,0x00,0x00,
    0x00,0x00,0x00,0x00,0x00,0x00,0x00,0x00,0x00,0x00,0x00,0x00,0x00,0x00,0x00,0x00,
    0x00,0x00,0x00,0x00,0x00,0x00,0x00,0x00,0x00,0x00,0x00,0x00,0x00,0x00,0x00,0x00,
    0x00,0x00,0x00,0x00,0x00,0x00,0x00,0x00,0x00,0x00,0x00,0x00,0x00,0x00,0x00,0x00,
    0x00,0x00,0x00,0x00,0x00,0x00,0x00,0x00,0x00,0x00,0x00,0x00,0x00,0x00,0x00,0x00,
    0x00,0x00,0x00,0x00,0x00,0x00,0x00,0x00,0x00,0x00,0x00,0x00,0x00,0x00,0x00,0x00,
    0x00,0x00,0x00,0x00,0x00,0x00,0x00,0x00,0x00,0x00,0x00,0x00,0x00,0x00,0x00,0x00,
    0x00,0x00,0x00,0x00,0x00,0x00,0x00,0x00,0x00,0x00,0x00,0x00,0x00,0x00,0x00,0x00,
    0x00,0x00,0x00,0x00,0x00,0x00,0x00,0x00,0x00,0x00,0x00,0x00,0x00,0x00,0x00,0x00,
    0x00,0x00,0x00,0x00,0x00,0x00,0x00,0x00,0x00,0x00,0x00,0x00,0x00,0x00,0x00,0x00,
    0x00,0x00,0x00,0x00,0x00,0x00,0x00,0x00,0x00,0x00,0x00,0x00,0x00,0x00,0x00,0x00,
    0x00,0x00,0x00,0x00,0x00,0x00,0x00,0x00,0x00,0x00,0x00,0x00,0x00,0x00,0x00,0x00,
    0x00,0x00,0x00,0x00,0x00,0x00,0x00,0x00,0x00,0x00,0x00,0x00,0x00,0x00,0x00,0x00,
    0x00,0x00,0x00,0x00,0x00,0x00,0x00,0x00,0x00,0x00,0x00,0x00,0x00,0x00,0x00,0x00,
    0x00,0x00,0x00,0x00,0x00,0x00,0x00,0x00,0x00,0x00,0x00,0x00,0x00,0x00,0x00,0x00,
    0x00,0x00,0x00,0x00,0x00,0x00,0x00,0x00,0x00,0x00,0x00,0x00,0x00,0x00,0x00,0x00,
    0x00,0x00,0x00,0x00,0x00,0x00,0x00,0x00,0x00,0x00,0x00,0x00,0x00,0x00,0x00,0x00,
    0x00,0x00,0x00,0x00,0x00,0x00,0x00,0x00,0x00,0x00,0x00,0x00,0x00,0x00,0x00,0x00,
    0x00,0x00,0x00,0x00,0x00,0x00,0x00,0x00,0x00,0x00,0x00,0x00,0x00,0x00,0x00,0x00,
    0x00,0x00,0x00,0x00,0x00,0x00,0x00,0x00,0x00,0x00,0x00,0x00,0x00,0x00,0x00,0x00,
    0x00,0x00,0x00,0x00,0x00,0x00,0x00,0x00,0x00,0x00,0x00,0x00,0x00,0x00,0x00,0x00,
    0x00,0x00,0x00,0x00,0x00,0x00,0x00,0x00,0x00,0x00,0x00,0x00,0x00,0x00,0x00,0x00,
    0x00,0x00,0x00,0x00,0x00,0x00,0x00,0x00,0x00,0x00,0x00,0x00,0x00,0x00,0x00,0x00,
    0x00,0x00,0x00,0x00,0x00,0x00,0x00,0x00,0x00,0x00,0x00,0x00,0x00,0x00,0x00,0x00,
    0x00,0x00,0x00,0x00,0x00,0x00,0x00,0x00,0x00,0x00,0x00,0x00,0x00,0x00,0x00,0x00,
    0x00,0x00,0x00,0x00,0x00,0x00,0x00,0x00,0x00,0x00,0x00,0x00,0x00,0x00,0x00,0x00,
    0x00,0x00,0x00,0x00,0x00,0x00,0x00,0x00,0x00,0x00,0x00,0x00,0x00,0x00,0x00,0x00,
    0x00,0x00,0x00,0x00,0x00,0x00,0x00,0x00,0x00,0x00,0x00,0x00,0x00,0x00,0x00,0x00,
    0x00,0x00,0x00,0x00,0x00,0x00,0x00,0x00,0x00,0x00,0x00,0x00,0x00,0x00,0x00,0x00,
    0x00,0x00,0x00,0x00,0x00,0x00,0x00,0x00,0x00,0x00,0x00,0x00,0x00,0x00,0x00,0x00,
    0x00,0x00,0x00,0x00,0x00,0x00,0x00,0x00,0x00,0x00,0x00,0x00,0x00,0x00,0x00,0x00,
    0x00,0x00,0x00,0x00,0x00,0x00,0x00,0x00,0x00,0x00,0x00,0x00,0x00,0x00,0x00,0x00,
    0x00,0x00,0x00,0x00,0x00,0x00,0x00,0x00,0x00,0x00,0x00,0x00,0x00,0x00,0x00,0x00,
    0x00,0x00,0x00,0x00,0x00,0x00,0x00,0x00,0x00,0x00,0x00,0x00,0x00,0x00,0x00,0x00,
    0x00,0x00,0x00,0x00,0x00,0x00,0x00,0x00,0x00,0x00,0x00,0x00,0x00,0x00,0x00,0x00,
    0x00,0x00,0x00,0x00,0x00,0x00,0x00,0x00,0x00,0x00,0x00,0x00,0x00,0x00,0x00,0x00,
    0x00,0x00,0x00,0x00,0x00,0x00,0x00,0x00,0x00,0x00,0x00,0x00,0x00,0x00,0x00,0x00,
    0x00,0x00,0x00,0x00,0x00,0x00,0x00,0x00,0x00,0x00,0x00,0x00,0x00,0x00,0x00,0x00,
    0x00,0x00,0x00,0x00,0x00,0x00,0x00,0x00,0x00,0x00,0x00,0x00,0x00,0x00,0x00,0x00,
    0x00,0x00,0x00,0x00,0x00,0x00,0x00,0x00,0x00,0x00,0x00,0x00,0x00,0x00,0x00,0x00,
    0x00,0x00,0x00,0x00,0x00,0x00,0x00,0x00,0x00,0x00,0x00,0x00,0x00,0x00,0x00,0x00,
    0x00,0x00,0x00,0x00,0x00,0x00,0x00,0x00,0x00,0x00,0x00,0x00,0x00,0x00,0x00,0x00,
    0x00,0x00,0x00,0x00,0x00,0x00,0x00,0x00,0x00,0x00,0x00,0x00,0x00,0x00,0x00,0x00,
    0x00,0x00,0x00,0x00,0x00,0x00,0x00,0x00,0x00,0x00,0x00,0x00,0x00,0x00,0x00,0x00,
    0x00,0x00,0x00,0x00,0x00,0x00,0x00,0x00,0x00,0x00,0x00,0x00,0x00,0x00,0x00,0x00,
    0x00,0x00,0x00,0x00,0x00,0x00,0x00,0x00,0x00,0x00,0x00,0x00,0x00,0x00,0x00,0x00,
    0x00,0x00,0x00,0x00,0x00,0x00,0x00,0x00,0x00,0x00,0x00,0x00,0x00,0x00,0x00,0x00,
    0x00,0x00,0x00,0x00,0x00,0x00,0x00,0x00,0x00,0x00,0x00,0x00,0x00,0x00,0x00,0x00,
    0x00,0x00,0x00,0x00,0x00,0x00,0x00,0x00,0x00,0x00,0x00,0x00,0x00,0x00,0x00,0x00,
    0x00,0x00,0x00,0x00,0x00,0x00,0x00,0x00,0x00,0x00,0x00,0x00,0x00,0x00,0x00,0x00,
    0x00,0x00,0x00,0x00,0x00,0x00,0x00,0x00,0x00,0x00,0x00,0x00,0x00,0x00,0x00,0x00,
    0x00,0x00,0x00,0x00,0x00,0x00,0x00,0x00,0x00,0x00,0x00,0x00,0x00,0x00,0x00,0x00,
    0x00,0x00,0x00,0x00,0x00,0x00,0x00,0x00,0x00,0x00,0x00,0x00,0x00,0x00,0x00,0x00,
    0x00,0x00,0x00,0x00,0x00,0x00,0x00,0x00,0x00,0x00,0x00,0x00,0x00,0x00,0x00,0x00,
    0x00,0x00,0x00,0x00,0x00,0x00,0x00,0x00,0x00,0x00,0x00,0x00,0x00,0x00,0x00,0x00,
    0x00,0x00,0x00,0x00,0x00,0x00,0x00,0x00,0x00,0x00,0x00,0x00,0x00,0x00,0x00,0x00,
    0x00,0x00,0x00,0x00,0x00,0x00,0x00,0x00,0x00,0x00,0x00,0x00,0x00,0x00,0x00,0x00,
    0x00,0x00,0x00,0x00,0x00,0x00,0x00,0x00,0x00,0x00,0x00,0x00,0x00,0x00,0x00,0x00,
    0x00,0x00,0x00,0x00,0x00,0x00,0x00,0x00,0x00,0x00,0x00,0x00,0x00,0x00,0x00,0x00,
    0x00,0x00,0x00,0x00,0x00,0x00,0x00,0x00,0x00,0x00,0x00,0x00,0x00,0x00,0x00,0x00,
    0x00,0x00,0x00,0x00,0x00,0x00,0x00,0x00,0x00,0x00,0x00,0x00,0x00,0x00,0x00,0x00,
    0x00,0x00,0x00,0x00,0x00,0x00,0x00,0x00,0x00,0x00,0x00,0x00,0x00,0x00,0x00,0x00,
    0x00,0x00,0x00,0x00,0x00,0x00,0x00,0x00,0x00,0x00,0x00,0x00,0x00,0x00,0x00,0x00,
    0x00,0x00,0x00,0x00,0x00,0x00,0x00,0x00,0x00,0x00,0x00,0x00,0x00,0x00,0x00,0x00,
    0x00,0x00,0x00,0x00,0x00,0x00,0x00,0x00,0x00,0x00,0x00,0x00,0x00,0x00,0x00,0x00,
    0x00,0x00,0x00,0x00,0x00,0x00,0x00,0x00,0x00,0x00,0x00,0x00,0x00,0x00,0x00,0x00,
    0x00,0x00,0x00,0x00,0x00,0x00,0x00,0x00,0x00,0x00,0x00,0x00,0x00,0x00,0x00,0x00,
    0x00,0x00,0x00,0x00,0x00,0x00,0x00,0x00,0x00,0x00,0x00,0x00,0x00,0x00,0x00,0x00,
    0x00,0x00,0x00,0x00,0x00,0x00,0x00,0x00,0x00,0x00,0x00,0x00,0x00,0x00,0x00,0x00,
    0x00,0x00,0x00,0x00,0x00,0x00,0x00,0x00,0x00,0x00,0x00,0x00,0x00,0x00,0x00,0x00,
    0x00,0x00,0x00,0x00,0x00,0x00,0x00,0x00,0x00,0x00,0x00,0x00,0x00,0x00,0x00,0x00,
    0x00,0x00,0x00,0x00,0x00,0x00,0x00,0x00,0x00,0x00,0x00,0x00,0x00,0x00,0x00,0x00,
    0x00,0x00,0x00,0x00,0x00,0x00,0x00,0x00,0x00,0x00,0x00,0x00,0x00,0x00,0x00,0x00,
    0x00,0x00,0x00,0x00,0x00,0x00,0x00,0x00,0x00,0x00,0x00,0x00,0x00,0x00,0x00,0x00,
    0x00,0x00,0x00,0x00,0x00,0x00,0x00,0x00,0x00,0x00,0x00,0x00,0x00,0x00,0x00,0x00,
    0x00,0x00,0x00,0x00,0x00,0x00,0x00,0x00,0x00,0x00,0x00,0x00,0x00,0x00,0x00,0x00,
    0x00,0x00,0x00,0x00,0x00,0x00,0x00,0x00,0x00,0x00,0x00,0x00,0x00,0x00,0x00,0x00,
    0x00,0x00,0x00,0x00,0x00,0x00,0x00,0x00,0x00,0x00,0x00,0x00,0x00,0x00,0x00,0x00,
    0x00,0x00,0x00,0x00,0x00,0x00,0x00,0x00,0x00,0x00,0x00,0x00,0x00,0x00,0x00,0x00,
    0x00,0x00,0x00,0x00,0x00,0x00,0x00,0x00,0x00,0x00,0x00,0x00,0x00,0x00,0x00,0x00,
    0x00,0x00,0x00,0x00,0x00,0x00,0x00,0x00,0x00,0x00,0x00,0x00,0x00,0x00,0x00,0x00,
    0x00,0x00,0x00,0x00,0x00,0x00,0x00,0x00,0x00,0x00,0x00,0x00,0x00,0x00,0x00,0x00,
    0x00,0x00,0x00,0x00,0x00,0x00,0x00,0x00,0x00,0x00,0x00,0x00,0x00,0x00,0x00,0x00,
    0x00,0x00,0x00,0x00,0x00,0x00,0x00,0x00,0x00,0x00,0x00,0x00,0x00,0x00,0x00,0x00,
    0x00,0x00,0x00,0x00,0x00,0x00,0x00,0x00,0x00,0x00,0x00,0x00,0x00,0x00,0x00,0x00,
    0x00,0x00,0x00,0x00,0x00,0x00,0x00,0x00,0x00,0x00,0x00,0x00,0x00,0x00,0x00,0x00,
    0x00,0x00,0x00,0x00,0x00,0x00,0x00,0x00,0x00,0x00,0x00,0x00,0x00,0x00,0x00,0x00,
    0x00,0x00,0x00,0x00,0x00,0x00,0x00,0x00,0x00,0x00,0x00,0x00,0x00,0x00,0x00,0x00,
    0x00,0x00,0x00,0x00,0x00,0x00,0x00,0x00,0x00,0x00,0x00,0x00,0x00,0x00,0x00,0x00,
    0x00,0x00,0x00,0x00,0x00,0x00,0x00,0x00,0x00,0x00,0x00,0x00,0x00,0x00,0x00,0x00,
    0x00,0x00,0x00,0x00,0x00,0x00,0x00,0x00,0x00,0x00,0x00,0x00,0x00,0x00,0x00,0x00,
    0x00,0x00,0x00,0x00,0x00,0x00,0x00,0x00,0x00,0x00,0x00,0x00,0x00,0x00,0x00,0x00,
    0x00,0x00,0x00,0x00,0x00,0x00,0x00,0x00,0x00,0x00,0x00,0x00,0x00,0x00,0x00,0x00,
    0x00,0x00,0x00,0x00,0x00,0x00,0x00,0x00,0x00,0x00,0x00,0x00,0x00,0x00,0x00,0x00,
    0x00,0x00,0x00,0x00,0x00,0x00,0x00,0x00,0x00,0x00,0x00,0x00,0x00,0x00,0x00,0x00,
    0x00,0x00,0x00,0x00,0x00,0x00,0x00,0x00,0x00,0x00,0x00,0x00,0x00,0x00,0x00,0x00,
    0x00,0x00,0x00,0x00,0x00,0x00,0x00,0x00,0x00,0x00,0x00,0x00,0x00,0x00,0x00,0x00,
    0x00,0x00,0x00,0x00,0x00,0x00,0x00,0x00,0x00,0x00,0x00,0x00,0x00,0x00,0x00,0x00,
    0x00,0x00,0x00,0x00,0x00,0x00,0x00,0x00,0x00,0x00,0x00,0x00,0x00,0x00,0x00,0x00,
    0x00,0x00,0x00,0x00,0x00,0x00,0x00,0x00,0x00,0x00,0x00,0x00,0x00,0x00,0x00,0x00,
    0x00,0x00,0x00,0x00,0x00,0x00,0x00,0x00,0x00,0x00,0x00,0x00,0x00,0x00,0x00,0x00,
    0x00,0x00,0x00,0x00,0x00,0x00,0x00,0x00,0x00,0x00,0x00,0x00,0x00,0x00,0x00,0x00,
    0x00,0x00,0x00,0x00,0x00,0x00,0x00,0x00,0x00,0x00,0x00,0x00,0x00,0x00,0x00,0x00,
    0x00,0x00,0x00,0x00,0x00,0x00,0x00,0x00,0x00,0x00,0x00,0x00,0x00,0x00,0x00,0x00,
    0x00,0x00,0x00,0x00,0x00,0x00,0x00,0x00,0x00,0x00,0x00,0x00,0x00,0x00,0x00,0x00,
    0x00,0x00,0x00,0x00,0x00,0x00,0x00,0x00,0x00,0x00,0x00,0x00,0x00,0x00,0x00,0x00,
    0x00,0x00,0x00,0x00,0x00,0x00,0x00,0x00,0x00,0x00,0x00,0x00,0x00,0x00,0x00,0x00,
    0x00,0x00,0x00,0x00,0x00,0x00,0x00,0x00,0x00,0x00,0x00,0x00,0x00,0x00,0x00,0x00,
    0x00,0x00,0x00,0x00,0x00,0x00,0x00,0x00,0x00,0x00,0x00,0x00,0x00,0x00,0x00,0x00,
    0x00,0x00,0x00,0x00,0x00,0x00,0x00,0x00,0x00,0x00,0x00,0x00,0x00,0x00,0x00,0x00,
    0x00,0x00,0x00,0x00,0x00,0x00,0x00,0x00,0x00,0x00,0x00,0x00,0x00,0x00,0x00,0x00,
    0x00,0x00,0x00,0x00,0x00,0x00,0x00,0x00,0x00,0x00,0x00,0x00,0x00,0x00,0x00,0x00,
    0x00,0x00,0x00,0x00,0x00,0x00,0x00,0x00,0x00,0x00,0x00,0x00,0x00,0x00,0x00,0x00,
    0x00,0x00,0x00,0x00,0x00,0x00,0x00,0x00,0x00,0x00,0x00,0x00,0x00,0x00,0x00,0x00,
    0x00,0x00,0x00,0x00,0x00,0x00,0x00,0x00,0x00,0x00,0x00,0x00,0x00,0x00,0x00,0x00,
    0x00,0x00,0x00,0x00,0x00,0x00,0x00,0x00,0x00,0x00,0x00,0x00,0x00,0x00,0x00,0x00,
    0x00,0x00,0x00,0x00,0x00,0x00,0x00,0x00,0x00,0x00,0x00,0x00,0x00,0x00,0x00,0x00,
    0x00,0x00,0x00,0x00,0x00,0x00,0x00,0x00,0x00,0x00,0x00,0x00,0x00,0x00,0x00,0x00,
    0x00,0x00,0x00,0x00,0x00,0x00,0x00,0x00,0x00,0x00,0x00,0x00,0x00,0x00,0x00,0x00,
    0x00,0x00,0x00,0x00,0x00,0x00,0x00,0x00,0x00,0x00,0x00,0x00,0x00,0x00,0x00,0x00,
    0x00,0x00,0x00,0x00,0x00,0x00,0x00,0x00,0x00,0x00,0x00,0x00,0x00,0x00,0x00,0x00,
    0x00,0x00,0x00,0x00,0x00,0x00,0x00,0x00,0x00,0x00,0x00,0x00,0x00,0x00,0x00,0x00,
    0x00,0x00,0x00,0x00,0x00,0x00,0x00,0x00,0x00,0x00,0x00,0x00,0x00,0x00,0x00,0x00,
    0x00,0x00,0x00,0x00,0x00,0x00,0x00,0x00,0x00,0x00,0x00,0x00,0x00,0x00,0x00,0x00,
    0x00,0x00,0x00,0x00,0x00,0x00,0x00,0x00,0x00,0x00,0x00,0x00,0x00,0x00,0x00,0x00,
    0x00,0x00,0x00,0x00,0x00,0x00,0x00,0x00,0x00,0x00,0x00,0x00,0x00,0x00,0x00,0x00,
    0x00,0x00,0x00,0x00,0x00,0x00,0x00,0x00,0x00,0x00,0x00,0x00,0x00,0x00,0x00,0x00,
    0x00,0x00,0x00,0x00,0x00,0x00,0x00,0x00,0x00,0x00,0x00,0x00,0x00,0x00,0x00,0x00,
    0x00,0x00,0x00,0x00,0x00,0x00,0x00,0x00,0x00,0x00,0x00,0x00,0x00,0x00,0x00,0x00,
    0x00,0x00,0x00,0x00,0x00,0x00,0x00,0x00,0x00,0x00,0x00,0x00,0x00,0x00,0x00,0x00,
    0x00,0x00,0x00,0x00,0x00,0x00,0x00,0x00,0x00,0x00,0x00,0x00,0x00,0x00,0x00,0x00,
    0x00,0x00,0x00,0x00,0x00,0x00,0x00,0x00,0x00,0x00,0x00,0x00,0x00,0x00,0x00,0x00,
    0x00,0x00,0x00,0x00,0x00,0x00,0x00,0x00,0x00,0x00,0x00,0x00,0x00,0x00,0x00,0x00,
    0x00,0x00,0x00,0x00,0x00,0x00,0x00,0x00,0x00,0x00,0x00,0x00,0x00,0x00,0x00,0x00,
    0x00,0x00,0x00,0x00,0x00,0x00,0x00,0x00,0x00,0x00,0x00,0x00,0x00,0x00,0x00,0x00,
    0x00,0x00,0x00,0x00,0x00,0x00,0x00,0x00,0x00,0x00,0x00,0x00,0x00,0x00,0x00,0x00,
    0x00,0x00,0x00,0x00,0x00,0x00,0x00,0x00,0x00,0x00,0x00,0x00,0x00,0x00,0x00,0x00,
    0x00,0x00,0x00,0x00,0x00,0x00,0x00,0x00,0x00,0x00,0x00,0x00,0x00,0x00,0x00,0x00,
    0x00,0x00,0x00,0x00,0x00,0x00,0x00,0x00,0x00,0x00,0x00,0x00,0x00,0x00,0x00,0x00,
    0x00,0x00,0x00,0x00,0x00,0x00,0x00,0x00,0x00,0x00,0x00,0x00,0x00,0x00,0x00,0x00,
    0x00,0x00,0x00,0x00,0x00,0x00,0x00,0x00,0x00,0x00,0x00,0x00,0x00,0x00,0x00,0x00,
    0x00,0x00,0x00,0x00,0x00,0x00,0x00,0x00,0x00,0x00,0x00,0x00,0x00,0x00,0x00,0x00,
    0x00,0x00,0x00,0x00,0x00,0x00,0x00,0x00,0x00,0x00,0x00,0x00,0x00,0x00,0x00,0x00,
    0x00,0x00,0x00,0x00,0x00,0x00,0x00,0x00,0x00,0x00,0x00,0x00,0x00,0x00,0x00,0x00,
    0x00,0x00,0x00,0x00,0x00,0x00,0x00,0x00,0x00,0x00,0x00,0x00,0x00,0x00,0x00,0x00,
    0x00,0x00,0x00,0x00,0x00,0x00,0x00,0x00,0x00,0x00,0x00,0x00,0x00,0x00,0x00,0x00,
    0x00,0x00,0x00,0x00,0x00,0x00,0x00,0x00,0x00,0x00,0x00,0x00,0x00,0x00,0x00,0x00,
    0x00,0x00,0x00,0x00,0x00,0x00,0x00,0x00,0x00,0x00,0x00,0x00,0x00,0x00,0x00,0x00,
    0x00,0x00,0x00,0x00,0x00,0x00,0x00,0x00,0x00,0x00,0x00,0x00,0x00,0x00,0x00,0x00,
    0x00,0x00,0x00,0x00,0x00,0x00,0x00,0x00,0x00,0x00,0x00,0x00,0x00,0x00,0x00,0x00,
    0x00,0x00,0x00,0x00,0x00,0x00,0x00,0x00,0x00,0x00,0x00,0x00,0x00,0x00,0x00,0x00,
    0x00,0x00,0x00,0x00,0x00,0x00,0x00,0x00,0x00,0x00,0x00,0x00,0x00,0x00,0x00,0x00,
    0x00,0x00,0x00,0x00,0x00,0x00,0x00,0x00,0x00,0x00,0x00,0x00,0x00,0x00,0x00,0x00,
    0x00,0x00,0x00,0x00,0x00,0x00,0x00,0x00,0x00,0x00,0x00,0x00,0x00,0x00,0x00,0x00,
    0x00,0x00,0x00,0x00,0x00,0x00,0x00,0x00,0x00,0x00,0x00,0x00,0x00,0x00,0x00,0x00,
    0x00,0x00,0x00,0x00,0x00,0x00,0x00,0x00,0x00,0x00,0x00,0x00,0x00,0x00,0x00,0x00,
    0x00,0x00,0x00,0x00,0x00,0x00,0x00,0x00,0x00,0x00,0x00,0x00,0x00,0x00,0x00,0x00,
    0x00,0x00,0x00,0x00,0x00,0x00,0x00,0x00,0x00,0x00,0x00,0x00,0x00,0x00,0x00,0x00,
    0x00,0x00,0x00,0x00,0x00,0x00,0x00,0x00,0x00,0x00,0x00,0x00,0x00,0x00,0x00,0x00,
    0x00,0x00,0x00,0x00,0x00,0x00,0x00,0x00,0x00,0x00,0x00,0x00,0x00,0x00,0x00,0x00,
    0x00,0x00,0x00,0x00,0x00,0x00,0x00,0x00,0x00,0x00,0x00,0x00,0x00,0x00,0x00,0x00,
    0x00,0x00,0x00,0x00,0x00,0x00,0x00,0x00,0x00,0x00,0x00,0x00,0x00,0x00,0x00,0x00,
    0x00,0x00,0x00,0x00,0x00,0x00,0x00,0x00,0x00,0x00,0x00,0x00,0x00,0x00,0x00,0x00,
    0x00,0x00,0x00,0x00,0x00,0x00,0x00,0x00,0x00,0x00,0x00,0x00,0x00,0x00,0x00,0x00,
    0x00,0x00,0x00,0x00,0x00,0x00,0x00,0x00,0x00,0x00,0x00,0x00,0x00,0x00,0x00,0x00,
    0x00,0x00,0x00,0x00,0x00,0x00,0x00,0x00,0x00,0x00,0x00,0x00,0x00,0x00,0x00,0x00,
    0x00,0x00,0x00,0x00,0x00,0x00,0x00,0x00,0x00,0x00,0x00,0x00,0x00,0x00,0x00,0x00,
    0x00,0x00,0x00,0x00,0x00,0x00,0x00,0x00,0x00,0x00,0x00,0x00,0x00,0x00,0x00,0x00,
    0x00,0x00,0x00,0x00,0x00,0x00,0x00,0x00,0x00,0x00,0x00,0x00,0x00,0x00,0x00,0x00,
    0x00,0x00,0x00,0x00,0x00,0x00,0x00,0x00,0x00,0x00,0x00,0x00,0x00,0x00,0x00,0x00,
    0x00,0x00,0x00,0x00,0x00,0x00,0x00,0x00,0x00,0x00,0x00,0x00,0x00,0x00,0x00,0x00,
    0x00,0x00,0x00,0x00,0x00,0x00,0x00,0x00,0x00,0x00,0x00,0x00,0x00,0x00,0x00,0x00,
    0x00,0x00,0x00,0x00,0x00,0x00,0x00,0x00,0x00,0x00,0x00,0x00,0x00,0x00,0x00,0x00,
    0x00,0x00,0x00,0x00,0x00,0x00,0x00,0x00,0x00,0x00,0x00,0x00,0x00,0x00,0x00,0x00,
    0x00,0x00,0x00,0x00,0x00,0x00,0x00,0x00,0x00,0x00,0x00,0x00,0x00,0x00,0x00,0x00,
    0x00,0x00,0x00,0x00,0x00,0x00,0x00,0x00,0x00,0x00,0x00,0x00,0x00,0x00,0x00,0x00,
    0x00,0x00,0x00,0x00,0x00,0x00,0x00,0x00,0x00,0x00,0x00,0x00,0x00,0x00,0x00,0x00,
    0x00,0x00,0x00,0x00,0x00,0x00,0x00,0x00,0x00,0x00,0x00,0x00,0x00,0x00,0x00,0x00,
    0x00,0x00,0x00,0x00,0x00,0x00,0x00,0x00,0x00,0x00,0x00,0x00,0x00,0x00,0x00,0x00,
    0x00,0x00,0x00,0x00,0x00,0x00,0x00,0x00,0x00,0x00,0x00,0x00,0x00,0x00,0x00,0x00,
    0x00,0x00,0x00,0x00,0x00,0x00,0x00,0x00,0x00,0x00,0x00,0x00,0x00,0x00,0x00,0x00,
    0x00,0x00,0x00,0x00,0x00,0x00,0x00,0x00,0x00,0x00,0x00,0x00,0x00,0x00,0x00,0x00,
    0x00,0x00,0x00,0x00,0x00,0x00,0x00,0x00,0x00,0x00,0x00,0x00,0x00,0x00,0x00,0x00,
    0x00,0x00,0x00,0x00,0x00,0x00,0x00,0x00,0x00,0x00,0x00,0x00,0x00,0x00,0x00,0x00,
    0x00,0x00,0x00,0x00,0x00,0x00,0x00,0x00,0x00,0x00,0x00,0x00,0x00,0x00,0x00,0x00,
    0x00,0x00,0x00,0x00,0x00,0x00,0x00,0x00,0x00,0x00,0x00,0x00,0x00,0x00,0x00,0x00,
    0x00,0x00,0x00,0x00,0x00,0x00,0x00,0x00,0x00,0x00,0x00,0x00,0x00,0x00,0x00,0x00,
    0x00,0x00,0x00,0x00,0x00,0x00,0x00,0x00,0x00,0x00,0x00,0x00,0x00,0x00,0x00,0x00,
    0x00,0x00,0x00,0x00,0x00,0x00,0x00,0x00,0x00,0x00,0x00,0x00,0x00,0x00,0x00,0x00,
    0x00,0x00,0x00,0x00,0x00,0x00,0x00,0x00,0x00,0x00,0x00,0x00,0x00,0x00,0x00,0x00,
    0x00,0x00,0x00,0x00,0x00,0x00,0x00,0x00,0x00,0x00,0x00,0x00,0x00,0x00,0x00,0x00,
    0x00,0x00,0x00,0x00,0x00,0x00,0x00,0x00,0x00,0x00,0x00,0x00,0x00,0x00,0x00,0x00,
    0x00,0x00,0x00,0x00,0x00,0x00,0x00,0x00,0x00,0x00,0x00,0x00,0x00,0x00,0x00,0x00,
    0x00,0x00,0x00,0x00,0x00,0x00,0x00,0x00,0x00,0x00,0x00,0x00,0x00,0x00,0x00,0x00,
    0x00,0x00,0x00,0x00,0x00,0x00,0x00,0x00,0x00,0x00,0x00,0x00,0x00,0x00,0x00,0x00,
    0x00,0x00,0x00,0x00,0x00,0x00,0x00,0x00,0x00,0x00,0x00,0x00,0x00,0x00,0x00,0x00,
    0x00,0x00,0x00,0x00,0x00,0x00,0x00,0x00,0x00,0x00,0x00,0x00,0x00,0x00,0x00,0x00,
    0x00,0x00,0x00,0x00,0x00,0x00,0x00,0x00,0x00,0x00,0x00,0x00,0x00,0x00,0x00,0x00,
    0x00,0x00,0x00,0x00,0x00,0x00,0x00,0x00,0x00,0x00,0x00,0x00,0x00,0x00,0x00,0x00,
    0x00,0x00,0x00,0x00,0x00,0x00,0x00,0x00,0x00,0x00,0x00,0x00,0x00,0x00,0x00,0x00,
    0x00,0x00,0x00,0x00,0x00,0x00,0x00,0x00,0x00,0x00,0x00,0x00,0x00,0x00,0x00,0x00,
    0x00,0x00,0x00,0x00,0x00,0x00,0x00,0x00,0x00,0x00,0x00,0x00,0x00,0x00,0x00,0x00,
    0x00,0x00,0x00,0x00,0x00,0x00,0x00,0x00,0x00,0x00,0x00,0x00,0x00,0x00,0x00,0x00,
    0x00,0x00,0x00,0x00,0x00,0x00,0x00,0x00,0x00,0x00,0x00,0x00,0x00,0x00,0x00,0x00,
    0x00,0x00,0x00,0x00,0x00,0x00,0x00,0x00,0x00,0x00,0x00,0x00,0x00,0x00,0x00,0x00,
    0x00,0x00,0x00,0x00,0x00,0x00,0x00,0x00,0x00,0x00,0x00,0x00,0x00,0x00,0x00,0x00,
    0x00,0x00,0x00,0x00,0x00,0x00,0x00,0x00,0x00,0x00,0x00,0x00,0x00,0x00,0x00,0x00,
    0x00,0x00,0x00,0x00,0x00,0x00,0x00,0x00,0x00,0x00,0x00,0x00,0x00,0x00,0x00,0x00,
    0x00,0x00,0x00,0x00,0x00,0x00,0x00,0x00,0x00,0x00,0x00,0x00,0x00,0x00,0x00,0x00,
    0x00,0x00,0x00,0x00,0x00,0x00,0x00,0x00,0x00,0x00,0x00,0x00,0x00,0x00,0x00,0x00,
    0x00,0x00,0x00,0x00,0x00,0x00,0x00,0x00,0x00,0x00,0x00,0x00,0x00,0x00,0x00,0x00,
    0x00,0x00,0x00,0x00,0x00,0x00,0x00,0x00,0x00,0x00,0x00,0x00,0x00,0x00,0x00,0x00,
    0x00,0x00,0x00,0x00,0x00,0x00,0x00,0x00,0x00,0x00,0x00,0x00,0x00,0x00,0x00,0x00,
    0x00,0x00,0x00,0x00,0x00,0x00,0x00,0x00,0x00,0x00,0x00,0x00,0x00,0x00,0x00,0x00,
    0x00,0x00,0x00,0x00,0x00,0x00,0x00,0x00,0x00,0x00,0x00,0x00,0x00,0x00,0x00,0x00,
    0x00,0x00,0x00,0x00,0x00,0x00,0x00,0x00,0x00,0x00,0x00,0x00,0x00,0x00,0x00,0x00,
    0x00,0x00,0x00,0x00,0x00,0x00,0x00,0x00,0x00,0x00,0x00,0x00,0x00,0x00,0x00,0x00,
    0x00,0x00,0x00,0x00,0x00,0x00,0x00,0x00,0x00,0x00,0x00,0x00,0x00,0x00,0x00,0x00,
    0x00,0x00,0x00,0x00,0x00,0x00,0x00,0x00,0x00,0x00,0x00,0x00,0x00,0x00,0x00,0x00,
    0x00,0x00,0x00,0x00,0x00,0x00,0x00,0x00,0x00,0x00,0x00,0x00,0x00,0x00,0x00,0x00,
    0x00,0x00,0x00,0x00,0x00,0x00,0x00,0x00,0x00,0x00,0x00,0x00,0x00,0x00,0x00,0x00,
    0x00,0x00,0x00,0x00,0x00,0x00,0x00,0x00,0x00,0x00,0x00,0x00,0x00,0x00,0x00,0x00,
    0x00,0x00,0x00,0x00,0x00,0x00,0x00,0x00,0x00,0x00,0x00,0x00,0x00,0x00,0x00,0x00,
    0x00,0x00,0x00,0x00,0x00,0x00,0x00,0x00,0x00,0x00,0x00,0x00,0x00,0x00,0x00,0x00,
    0x00,0x00,0x00,0x00,0x00,0x00,0x00,0x00,0x00,0x00,0x00,0x00,0x00,0x00,0x00,0x00,
    0x00,0x00,0x00,0x00,0x00,0x00,0x00,0x00,0x00,0x00,0x00,0x00,0x00,0x00,0x00,0x00,
    0x00,0x00,0x00,0x00,0x00,0x00,0x00,0x00,0x00,0x00,0x00,0x00,0x00,0x00,0x00,0x00,
    0x00,0x00,0x00,0x00,0x00,0x00,0x00,0x00,0x00,0x00,0x00,0x00,0x00,0x00,0x00,0x00,
    0x00,0x00,0x00,0x00,0x00,0x00,0x00,0x00,0x00,0x00,0x00,0x00,0x00,0x00,0x00,0x00,
    0x00,0x00,0x00,0x00,0x00,0x00,0x00,0x00,0x00,0x00,0x00,0x00,0x00,0x00,0x00,0x00,
    0x00,0x00,0x00,0x00,0x00,0x00,0x00,0x00,0x00,0x00,0x00,0x00,0x00,0x00,0x00,0x00,
    0x00,0x00,0x00,0x00,0x00,0x00,0x00,0x00,0x00,0x00,0x00,0x00,0x00,0x00,0x00,0x00,
    0x00,0x00,0x00,0x00,0x00,0x00,0x00,0x00,0x00,0x00,0x00,0x00,0x00,0x00,0x00,0x00,
    0x00,0x00,0x00,0x00,0x00,0x00,0x00,0x00,0x00,0x00,0x00,0x00,0x00,0x00,0x00,0x00,
    0x00,0x00,0x00,0x00,0x00,0x00,0x00,0x00,0x00,0x00,0x00,0x00,0x00,0x00,0x00,0x00,
    0x00,0x00,0x00,0x00,0x00,0x00,0x00,0x00,0x00,0x00,0x00,0x00,0x00,0x00,0x00,0x00,
    0x00,0x00,0x00,0x00,0x00,0x00,0x00,0x00,0x00,0x00,0x00,0x00,0x00,0x00,0x00,0x00,
    0x00,0x00,0x00,0x00,0x00,0x00,0x00,0x00,0x00,0x00,0x00,0x00,0x00,0x00,0x00,0x00,
    0x00,0x00,0x00,0x00,0x00,0x00,0x00,0x00,0x00,0x00,0x00,0x00,0x00,0x00,0x00,0x00,
    0x00,0x00,0x00,0x00,0x00,0x00,0x00,0x00,0x00,0x00,0x00,0x00,0x00,0x00,0x00,0x00,
    0x00,0x00,0x00,0x00,0x00,0x00,0x00,0x00,0x00,0x00,0x00,0x00,0x00,0x00,0x00,0x00,
    0x00,0x00,0x00,0x00,0x00,0x00,0x00,0x00,0x00,0x00,0x00,0x00,0x00,0x00,0x00,0x00,
    0x00,0x00,0x00,0x00,0x00,0x00,0x00,0x00,0x00,0x00,0x00,0x00,0x00,0x00,0x00,0x00,
    0x00,0x00,0x00,0x00,0x00,0x00,0x00,0x00,0x00,0x00,0x00,0x00,0x00,0x00,0x00,0x00,
    0x00,0x00,0x00,0x00,0x00,0x00,0x00,0x00,0x00,0x00,0x00,0x00,0x00,0x00,0x00,0x00,
    0x00,0x00,0x00,0x00,0x00,0x00,0x00,0x00,0x00,0x00,0x00,0x00,0x00,0x00,0x00,0x00,
    0x00,0x00,0x00,0x00,0x00,0x00,0x00,0x00,0x00,0x00,0x00,0x00,0x00,0x00,0x00,0x00,
    0x00,0x00,0x00,0x00,0x00,0x00,0x00,0x00,0x00,0x00,0x00,0x00,0x00,0x00,0x00,0x00,
    0x00,0x00,0x00,0x00,0x00,0x00,0x00,0x00,0x00,0x00,0x00,0x00,0x00,0x00,0x00,0x00,
    0x00,0x00,0x00,0x00,0x00,0x00,0x00,0x00,0x00,0x00,0x00,0x00,0x00,0x00,0x00,0x00,
    0x00,0x00,0x00,0x00,0x00,0x00,0x00,0x00,0x00,0x00,0x00,0x00,0x00,0x00,0x00,0x00,
    0x00,0x00,0x00,0x00,0x00,0x00,0x00,0x00,0x00,0x00,0x00,0x00,0x00,0x00,0x00,0x00,
    0x00,0x00,0x00,0x00,0x00,0x00,0x00,0x00,0x00,0x00,0x00,0x00,0x00,0x00,0x00,0x00,
    0x00,0x00,0x00,0x00,0x00,0x00,0x00,0x00,0x00,0x00,0x00,0x00,0x00,0x00,0x00,0x00,
    0x00,0x00,0x00,0x00,0x00,0x00,0x00,0x00,0x00,0x00,0x00,0x00,0x00,0x00,0x00,0x00,
    0x00,0x00,0x00,0x00,0x00,0x00,0x00,0x00,0x00,0x00,0x00,0x00,0x00,0x00,0x00,0x00,
    0x00,0x00,0x00,0x00,0x00,0x00,0x00,0x00,0x00,0x00,0x00,0x00,0x00,0x00,0x00,0x00,
    0x00,0x00,0x00,0x00,0x00,0x00,0x00,0x00,0x00,0x00,0x00,0x00,0x00,0x00,0x00,0x00,
    0x00,0x00,0x00,0x00,0x00,0x00,0x00,0x00,0x00,0x00,0x00,0x00,0x00,0x00,0x00,0x00,
    0x00,0x00,0x00,0x00,0x00,0x00,0x00,0x00,0x00,0x00,0x00,0x00,0x00,0x00,0x00,0x00,
    0x00,0x00,0x00,0x00,0x00,0x00,0x00,0x00,0x00,0x00,0x00,0x00,0x00,0x00,0x00,0x00,
    0x00,0x00,0x00,0x00,0x00,0x00,0x00,0x00,0x00,0x00,0x00,0x00,0x00,0x00,0x00,0x00,
    0x00,0x00,0x00,0x00,0x00,0x00,0x00,0x00,0x00,0x00,0x00,0x00,0x00,0x00,0x00,0x00,
    0x00,0x00,0x00,0x00,0x00,0x00,0x00,0x00,0x00,0x00,0x00,0x00,0x00,0x00,0x00,0x00,
    0x00,0x00,0x00,0x00,0x00,0x00,0x00,0x00,0x00,0x00,0x00,0x00,0x00,0x00,0x00,0x00,
    0x00,0x00,0x00,0x00,0x00,0x00,0x00,0x00,0x00,0x00,0x00,0x00,0x00,0x00,0x00,0x00,
    0x00,0x00,0x00,0x00,0x00,0x00,0x00,0x00,0x00,0x00,0x00,0x00,0x00,0x00,0x00,0x00,
    0x00,0x00,0x00,0x00,0x00,0x00,0x00,0x00,0x00,0x00,0x00,0x00,0x00,0x00,0x00,0x00,
    0x00,0x00,0x00,0x00,0x00,0x00,0x00,0x00,0x00,0x00,0x00,0x00,0x00,0x00,0x00,0x00,
    0x00,0x00,0x00,0x00,0x00,0x00,0x00,0x00,0x00,0x00,0x00,0x00,0x00,0x00,0x00,0x00,
    0x00,0x00,0x00,0x00,0x00,0x00,0x00,0x00,0x00,0x00,0x00,0x00,0x00,0x00,0x00,0x00,
    0x00,0x00,0x00,0x00,0x00,0x00,0x00,0x00,0x00,0x00,0x00,0x00,0x00,0x00,0x00,0x00,
    0x00,0x00,0x00,0x00,0x00,0x00,0x00,0x00,0x00,0x00,0x00,0x00,0x00,0x00,0x00,0x00,
    0x00,0x00,0x00,0x00,0x00,0x00,0x00,0x00,0x00,0x00,0x00,0x00,0x00,0x00,0x00,0x00,
    0x00,0x00,0x00,0x00,0x00,0x00,0x00,0x00,0x00,0x00,0x00,0x00,0x00,0x00,0x00,0x00,
    0x00,0x00,0x00,0x00,0x00,0x00,0x00,0x00,0x00,0x00,0x00,0x00,0x00,0x00,0x00,0x00,
    0x00,0x00,0x00,0x00,0x00,0x00,0x00,0x00,0x00,0x00,0x00,0x00,0x00,0x00,0x00,0x00,
    0x00,0x00,0x00,0x00,0x00,0x00,0x00,0x00,0x00,0x00,0x00,0x00,0x00,0x00,0x00,0x00,
    0x00,0x00,0x00,0x00,0x00,0x00,0x00,0x00,0x00,0x00,0x00,0x00,0x00,0x00,0x00,0x00,
    0x00,0x00,0x00,0x00,0x00,0x00,0x00,0x00,0x00,0x00,0x00,0x00,0x00,0x00,0x00,0x00,
    0x00,0x00,0x00,0x00,0x00,0x00,0x00,0x00,0x00,0x00,0x00,0x00,0x00,0x00,0x00,0x00,
    0x00,0x00,0x00,0x00,0x00,0x00,0x00,0x00,0x00,0x00,0x00,0x00,0x00,0x00,0x00,0x00,
    0x00,0x00,0x00,0x00,0x00,0x00,0x00,0x00,0x00,0x00,0x00,0x00,0x00,0x00,0x00,0x00,
    0x00,0x00,0x00,0x00,0x00,0x00,0x00,0x00,0x00,0x00,0x00,0x00,0x00,0x00,0x00,0x00,
    0x00,0x00,0x00,0x00,0x00,0x00,0x00,0x00,0x00,0x00,0x00,0x00,0x00,0x00,0x00,0x00,
    0x00,0x00,0x00,0x00,0x00,0x00,0x00,0x00,0x00,0x00,0x00,0x00,0x00,0x00,0x00,0x00,
    0x00,0x00,0x00,0x00,0x00,0x00,0x00,0x00,0x00,0x00,0x00,0x00,0x00,0x00,0x00,0x00,
    0x00,0x00,0x00,0x00,0x00,0x00,0x00,0x00,0x00,0x00,0x00,0x00,0x00,0x00,0x00,0x00,
    0x00,0x00,0x00,0x00,0x00,0x00,0x00,0x00,0x00,0x00,0x00,0x00,0x00,0x00,0x00,0x00,
    0x00,0x00,0x00,0x00,0x00,0x00,0x00,0x00,0x00,0x00,0x00,0x00,0x00,0x00,0x00,0x00,
    0x00,0x00,0x00,0x00,0x00,0x00,0x00,0x00,0x00,0x00,0x00,0x00,0x00,0x00,0x00,0x00,
    0x00,0x00,0x00,0x00,0x00,0x00,0x00,0x00,0x00,0x00,0x00,0x00,0x00,0x00,0x00,0x00,
    0x00,0x00,0x00,0x00,0x00,0x00,0x00,0x00,0x00,0x00,0x00,0x00,0x00,0x00,0x00,0x00,
    0x00,0x00,0x00,0x00,0x00,0x00,0x00,0x00,0x00,0x00,0x00,0x00,0x00,0x00,0x00,0x00,
    0x00,0x00,0x00,0x00,0x00,0x00,0x00,0x00,0x00,0x00,0x00,0x00,0x00,0x00,0x00,0x00,
    0x00,0x00,0x00,0x00,0x00,0x00,0x00,0x00,0x00,0x00,0x00,0x00,0x00,0x00,0x00,0x00,
    0x00,0x00,0x00,0x00,0x00,0x00,0x00,0x00,0x00,0x00,0x00,0x00,0x00,0x00,0x00,0x00,
    0x00,0x00,0x00,0x00,0x00,0x00,0x00,0x00,0x00,0x00,0x00,0x00,0x00,0x00,0x00,0x00,
    0x00,0x00,0x00,0x00,0x00,0x00,0x00,0x00,0x00,0x00,0x00,0x00,0x00,0x00,0x00,0x00,
    0x00,0x00,0x00,0x00,0x00,0x00,0x00,0x00,0x00,0x00,0x00,0x00,0x00,0x00,0x00,0x00,
    0x00,0x00,0x00,0x00,0x00,0x00,0x00,0x00,0x00,0x00,0x00,0x00,0x00,0x00,0x00,0x00,
    0x00,0x00,0x00,0x00,0x00,0x00,0x00,0x00,0x00,0x00,0x00,0x00,0x00,0x00,0x00,0x00,
    0x00,0x00,0x00,0x00,0x00,0x00,0x00,0x00,0x00,0x00,0x00,0x00,0x00,0x00,0x00,0x00,
    0x00,0x00,0x00,0x00,0x00,0x00,0x00,0x00,0x00,0x00,0x00,0x00,0x00,0x00,0x00,0x00,
    0x00,0x00,0x00,0x00,0x00,0x00,0x00,0x00,0x00,0x00,0x00,0x00,0x00,0x00,0x00,0x00,
    0x00,0x00,0x00,0x00,0x00,0x00,0x00,0x00,0x00,0x00,0x00,0x00,0x00,0x00,0x00,0x00,
    0x00,0x00,0x00,0x00,0x00,0x00,0x00,0x00,0x00,0x00,0x00,0x00,0x00,0x00,0x00,0x00,
    0x00,0x00,0x00,0x00,0x00,0x00,0x00,0x00,0x00,0x00,0x00,0x00,0x00,0x00,0x00,0x00,
    0x00,0x00,0x00,0x00,0x00,0x00,0x00,0x00,0x00,0x00,0x00,0x00,0x00,0x00,0x00,0x00,
    0x00,0x00,0x00,0x00,0x00,0x00,0x00,0x00,0x00,0x00,0x00,0x00,0x00,0x00,0x00,0x00,
    0x00,0x00,0x00,0x00,0x00,0x00,0x00,0x00,0x00,0x00,0x00,0x00,0x00,0x00,0x00,0x00,
    0x00,0x00,0x00,0x00,0x00,0x00,0x00,0x00,0x00,0x00,0x00,0x00,0x00,0x00,0x00,0x00,
    0x00,0x00,0x00,0x00,0x00,0x00,0x00,0x00,0x00,0x00,0x00,0x00,0x00,0x00,0x00,0x00,
    0x00,0x00,0x00,0x00,0x00,0x00,0x00,0x00,0x00,0x00,0x00,0x00,0x00,0x00,0x00,0x00,
    0x00,0x00,0x00,0x00,0x00,0x00,0x00,0x00,0x00,0x00,0x00,0x00,0x00,0x00,0x00,0x00,
    0x00,0x00,0x00,0x00,0x00,0x00,0x00,0x00,0x00,0x00,0x00,0x00,0x00,0x00,0x00,0x00,
    0x00,0x00,0x00,0x00,0x00,0x00,0x00,0x00,0x00,0x00,0x00,0x00,0x00,0x00,0x00,0x00,
    0x00,0x00,0x00,0x00,0x00,0x00,0x00,0x00,0x00,0x00,0x00,0x00,0x00,0x00,0x00,0x00,
    0x00,0x00,0x00,0x00,0x00,0x00,0x00,0x00,0x00,0x00,0x00,0x00,0x00,0x00,0x00,0x00,
    0x00,0x00,0x00,0x00,0x00,0x00,0x00,0x00,0x00,0x00,0x00,0x00,0x00,0x00,0x00,0x00,
    0x00,0x00,0x00,0x00,0x00,0x00,0x00,0x00,0x00,0x00,0x00,0x00,0x00,0x00,0x00,0x00,
    0x00,0x00,0x00,0x00,0x00,0x00,0x00,0x00,0x00,0x00,0x00,0x00,0x00,0x00,0x00,0x00,
    0x00,0x00,0x00,0x00,0x00,0x00,0x00,0x00,0x00,0x00,0x00,0x00,0x00,0x00,0x00,0x00,
    0x00,0x00,0x00,0x00,0x00,0x00,0x00,0x00,0x00,0x00,0x00,0x00,0x00,0x00,0x00,0x00,
    0x00,0x00,0x00,0x00,0x00,0x00,0x00,0x00,0x00,0x00,0x00,0x00,0x00,0x00,0x00,0x00,
    0x00,0x00,0x00,0x00,0x00,0x00,0x00,0x00,0x00,0x00,0x00,0x00,0x00,0x00,0x00,0x00,
    0x00,0x00,0x00,0x00,0x00,0x00,0x00,0x00,0x00,0x00,0x00,0x00,0x00,0x00,0x00,0x00,
    0x00,0x00,0x00,0x00,0x00,0x00,0x00,0x00,0x00,0x00,0x00,0x00,0x00,0x00,0x00,0x00,
    0x00,0x00,0x00,0x00,0x00,0x00,0x00,0x00,0x00,0x00,0x00,0x00,0x00,0x00,0x00,0x00,
    0x00,0x00,0x00,0x00,0x00,0x00,0x00,0x00,0x00,0x00,0x00,0x00,0x00,0x00,0x00,0x00,
    0x00,0x00,0x00,0x00,0x00,0x00,0x00,0x00,0x00,0x00,0x00,0x00,0x00,0x00,0x00,0x00,
    0x00,0x00,0x00,0x00,0x00,0x00,0x00,0x00,0x00,0x00,0x00,0x00,0x00,0x00,0x00,0x00,
    0x00,0x00,0x00,0x00,0x00,0x00,0x00,0x00,0x00,0x00,0x00,0x00,0x00,0x00,0x00,0x00,
    0x00,0x00,0x00,0x00,0x00,0x00,0x00,0x00,0x00,0x00,0x00,0x00,0x00,0x00,0x00,0x00,
    0x00,0x00,0x00,0x00,0x00,0x00,0x00,0x00,0x00,0x00,0x00,0x00,0x00,0x00,0x00,0x00,
    0x00,0x00,0x00,0x00,0x00,0x00,0x00,0x00,0x00,0x00,0x00,0x00,0x00,0x00,0x00,0x00,
    0x00,0x00,0x00,0x00,0x00,0x00,0x00,0x00,0x00,0x00,0x00,0x00,0x00,0x00,0x00,0x00,
    0x00,0x00,0x00,0x00,0x00,0x00,0x00,0x00,0x00,0x00,0x00,0x00,0x00,0x00,0x00,0x00,
    0x00,0x00,0x00,0x00,0x00,0x00,0x00,0x00,0x00,0x00,0x00,0x00,0x00,0x00,0x00,0x00,
    0x00,0x00,0x00,0x00,0x00,0x00,0x00,0x00,0x00,0x00,0x00,0x00,0x00,0x00,0x00,0x00,
    0x00,0x00,0x00,0x00,0x00,0x00,0x00,0x00,0x00,0x00,0x00,0x00,0x00,0x00,0x00,0x00,
    0x00,0x00,0x00,0x00,0x00,0x00,0x00,0x00,0x00,0x00,0x00,0x00,0x00,0x00,0x00,0x00,
    0x00,0x00,0x00,0x00,0x00,0x00,0x00,0x00,0x00,0x00,0x00,0x00,0x00,0x00,0x00,0x00,
    0x00,0x00,0x00,0x00,0x00,0x00,0x00,0x00,0x00,0x00,0x00,0x00,0x00,0x00,0x00,0x00,
    0x00,0x00,0x00,0x00,0x00,0x00,0x00,0x00,0x00,0x00,0x00,0x00,0x00,0x00,0x00,0x00,
    0x00,0x00,0x00,0x00,0x00,0x00,0x00,0x00,0x00,0x00,0x00,0x00,0x00,0x00,0x00,0x00,
    0x00,0x00,0x00,0x00,0x00,0x00,0x00,0x00,0x00,0x00,0x00,0x00,0x00,0x00,0x00,0x00,
    0x00,0x00,0x00,0x00,0x00,0x00,0x00,0x00,0x00,0x00,0x00,0x00,0x00,0x00,0x00,0x00,
    0x00,0x00,0x00,0x00,0x00,0x00,0x00,0x00,0x00,0x00,0x00,0x00,0x00,0x00,0x00,0x00,
    0x00,0x00,0x00,0x00,0x00,0x00,0x00,0x00,0x00,0x00,0x00,0x00,0x00,0x00,0x00,0x00,
    0x00,0x00,0x00,0x00,0x00,0x00,0x00,0x00,0x00,0x00,0x00,0x00,0x00,0x00,0x00,0x00,
    0x00,0x00,0x00,0x00,0x00,0x00,0x00,0x00,0x00,0x00,0x00,0x00,0x00,0x00,0x00,0x00,
    0x00,0x00,0x00,0x00,0x00,0x00,0x00,0x00,0x00,0x00,0x00,0x00,0x00,0x00,0x00,0x00,
    0x00,0x00,0x00,0x00,0x00,0x00,0x00,0x00,0x00,0x00,0x00,0x00,0x00,0x00,0x00,0x00,
    0x00,0x00,0x00,0x00,0x00,0x00,0x00,0x00,0x00,0x00,0x00,0x00,0x00,0x00,0x00,0x00,
    0x00,0x00,0x00,0x00,0x00,0x00,0x00,0x00,0x00,0x00,0x00,0x00,0x00,0x00,0x00,0x00,
    0x00,0x00,0x00,0x00,0x00,0x00,0x00,0x00,0x00,0x00,0x00,0x00,0x00,0x00,0x00,0x00,
    0x00,0x00,0x00,0x00,0x00,0x00,0x00,0x00,0x00,0x00,0x00,0x00,0x00,0x00,0x00,0x00,
    0x00,0x00,0x00,0x00,0x00,0x00,0x00,0x00,0x00,0x00,0x00,0x00,0x00,0x00,0x00,0x00,
    0x00,0x00,0x00,0x00,0x00,0x00,0x00,0x00,0x00,0x00,0x00,0x00,0x00,0x00,0x00,0x00,
    0x00,0x00,0x00,0x00,0x00,0x00,0x00,0x00,0x00,0x00,0x00,0x00,0x00,0x00,0x00,0x00,
    0x00,0x00,0x00,0x00,0x00,0x00,0x00,0x00,0x00,0x00,0x00,0x00,0x00,0x00,0x00,0x00,
    0x00,0x00,0x00,0x00,0x00,0x00,0x00,0x00,0x00,0x00,0x00,0x00,0x00,0x00,0x00,0x00,
    0x00,0x00,0x00,0x00,0x00,0x00,0x00,0x00,0x00,0x00,0x00,0x00,0x00,0x00,0x00,0x00,
    0x00,0x00,0x00,0x00,0x00,0x00,0x00,0x00,0x00,0x00,0x00,0x00,0x00,0x00,0x00,0x00,
    0x00,0x00,0x00,0x00,0x00,0x00,0x00,0x00,0x00,0x00,0x00,0x00,0x00,0x00,0x00,0x00,
    0x00,0x00,0x00,0x00,0x00,0x00,0x00,0x00,0x00,0x00,0x00,0x00,0x00,0x00,0x00,0x00,
    0x00,0x00,0x00,0x00,0x00,0x00,0x00,0x00,0x00,0x00,0x00,0x00,0x00,0x00,0x00,0x00,
    0x00,0x00,0x00,0x00,0x00,0x00,0x00,0x00,0x00,0x00,0x00,0x00,0x00,0x00,0x00,0x00,
    0x00,0x00,0x00,0x00,0x00,0x00,0x00,0x00,0x00,0x00,0x00,0x00,0x00,0x00,0x00,0x00,
    0x00,0x00,0x00,0x00,0x00,0x00,0x00,0x00,0x00,0x00,0x00,0x00,0x00,0x00,0x00,0x00,
    0x00,0x00,0x00,0x00,0x00,0x00,0x00,0x00,0x00,0x00,0x00,0x00,0x00,0x00,0x00,0x00,
    0x00,0x00,0x00,0x00,0x00,0x00,0x00,0x00,0x00,0x00,0x00,0x00,0x00,0x00,0x00,0x00,
    0x00,0x00,0x00,0x00,0x00,0x00,0x00,0x00,0x00,0x00,0x00,0x00,0x00,0x00,0x00,0x00,
    0x00,0x00,0x00,0x00,0x00,0x00,0x00,0x00,0x00,0x00,0x00,0x00,0x00,0x00,0x00,0x00,
    0x00,0x00,0x00,0x00,0x00,0x00,0x00,0x00,0x00,0x00,0x00,0x00,0x00,0x00,0x00,0x00,
    0x00,0x00,0x00,0x00,0x00,0x00,0x00,0x00,0x00,0x00,0x00,0x00,0x00,0x00,0x00,0x00,
    0x00,0x00,0x00,0x00,0x00,0x00,0x00,0x00,0x00,0x00,0x00,0x00,0x00,0x00,0x00,0x00,
    0x00,0x00,0x00,0x00,0x00,0x00,0x00,0x00,0x00,0x00,0x00,0x00,0x00,0x00,0x00,0x00,
    0x00,0x00,0x00,0x00,0x00,0x00,0x00,0x00,0x00,0x00,0x00,0x00,0x00,0x00,0x00,0x00,
    0x00,0x00,0x00,0x00,0x00,0x00,0x00,0x00,0x00,0x00,0x00,0x00,0x00,0x00,0x00,0x00,
    0x00,0x00,0x00,0x00,0x00,0x00,0x00,0x00,0x00,0x00,0x00,0x00,0x00,0x00,0x00,0x00,
    0x00,0x00,0x00,0x00,0x00,0x00,0x00,0x00,0x00,0x00,0x00,0x00,0x00,0x00,0x00,0x00,
    0x00,0x00,0x00,0x00,0x00,0x00,0x00,0x00,0x00,0x00,0x00,0x00,0x00,0x00,0x00,0x00,
    0x00,0x00,0x00,0x00,0x00,0x00,0x00,0x00,0x00,0x00,0x00,0x00,0x00,0x00,0x00,0x00,
    0x00,0x00,0x00,0x00,0x00,0x00,0x00,0x00,0x00,0x00,0x00,0x00,0x00,0x00,0x00,0x00,
    0x00,0x00,0x00,0x00,0x00,0x00,0x00,0x00,0x00,0x00,0x00,0x00,0x00,0x00,0x00,0x00,
    0x00,0x00,0x00,0x00,0x00,0x00,0x00,0x00,0x00,0x00,0x00,0x00,0x00,0x00,0x00,0x00,
    0x00,0x00,0x00,0x00,0x00,0x00,0x00,0x00,0x00,0x00,0x00,0x00,0x00,0x00,0x00,0x00,
    0x00,0x00,0x00,0x00,0x00,0x00,0x00,0x00,0x00,0x00,0x00,0x00,0x00,0x00,0x00,0x00,
    0x00,0x00,0x00,0x00,0x00,0x00,0x00,0x00,0x00,0x00,0x00,0x00,0x00,0x00,0x00,0x00,
    0x00,0x00,0x00,0x00,0x00,0x00,0x00,0x00,0x00,0x00,0x00,0x00,0x00,0x00,0x00,0x00,
    0x00,0x00,0x00,0x00,0x00,0x00,0x00,0x00,0x00,0x00,0x00,0x00,0x00,0x00,0x00,0x00,
    0x00,0x00,0x00,0x00,0x00,0x00,0x00,0x00,0x00,0x00,0x00,0x00,0x00,0x00,0x00,0x00,
    0x00,0x00,0x00,0x00,0x00,0x00,0x00,0x00,0x00,0x00,0x00,0x00,0x00,0x00,0x00,0x00,
    0x00,0x00,0x00,0x00,0x00,0x00,0x00,0x00,0x00,0x00,0x00,0x00,0x00,0x00,0x00,0x00,
    0x00,0x00,0x00,0x00,0x00,0x00,0x00,0x00,0x00,0x00,0x00,0x00,0x00,0x00,0x00,0x00,
    0x00,0x00,0x00,0x00,0x00,0x00,0x00,0x00,0x00,0x00,0x00,0x00,0x00,0x00,0x00,0x00,
    0x00,0x00,0x00,0x00,0x00,0x00,0x00,0x00,0x00,0x00,0x00,0x00,0x00,0x00,0x00,0x00,
    0x00,0x00,0x00,0x00,0x00,0x00,0x00,0x00,0x00,0x00,0x00,0x00,0x00,0x00,0x00,0x00,
    0x00,0x00,0x00,0x00,0x00,0x00,0x00,0x00,0x00,0x00,0x00,0x00,0x00,0x00,0x00,0x00,
    0x00,0x00,0x00,0x00,0x00,0x00,0x00,0x00,0x00,0x00,0x00,0x00,0x00,0x00,0x00,0x00,
    0x00,0x00,0x00,0x00,0x00,0x00,0x00,0x00,0x00,0x00,0x00,0x00,0x00,0x00,0x00,0x00,
    0x00,0x00,0x00,0x00,0x00,0x00,0x00,0x00,0x00,0x00,0x00,0x00,0x00,0x00,0x00,0x00,
    0x00,0x00,0x00,0x00,0x00,0x00,0x00,0x00,0x00,0x00,0x00,0x00,0x00,0x00,0x00,0x00,
    0x00,0x00,0x00,0x00,0x00,0x00,0x00,0x00,0x00,0x00,0x00,0x00,0x00,0x00,0x00,0x00,
    0x00,0x00,0x00,0x00,0x00,0x00,0x00,0x00,0x00,0x00,0x00,0x00,0x00,0x00,0x00,0x00,
    0x00,0x00,0x00,0x00,0x00,0x00,0x00,0x00,0x00,0x00,0x00,0x00,0x00,0x00,0x00,0x00,
    0x00,0x00,0x00,0x00,0x00,0x00,0x00,0x00,0x00,0x00,0x00,0x00,0x00,0x00,0x00,0x00,
    0x00,0x00,0x00,0x00,0x00,0x00,0x00,0x00,0x00,0x00,0x00,0x00,0x00,0x00,0x00,0x00,
    0x00,0x00,0x00,0x00,0x00,0x00,0x00,0x00,0x00,0x00,0x00,0x00,0x00,0x00,0x00,0x00,
    0x00,0x00,0x00,0x00,0x00,0x00,0x00,0x00,0x00,0x00,0x00,0x00,0x00,0x00,0x00,0x00,
    0x00,0x00,0x00,0x00,0x00,0x00,0x00,0x00,0x00,0x00,0x00,0x00,0x00,0x00,0x00,0x00,
    0x00,0x00,0x00,0x00,0x00,0x00,0x00,0x00,0x00,0x00,0x00,0x00,0x00,0x00,0x00,0x00,
    0x00,0x00,0x00,0x00,0x00,0x00,0x00,0x00,0x00,0x00,0x00,0x00,0x00,0x00,0x00,0x00,
    0x00,0x00,0x00,0x00,0x00,0x00,0x00,0x00,0x00,0x00,0x00,0x00,0x00,0x00,0x00,0x00,
    0x00,0x00,0x00,0x00,0x00,0x00,0x00,0x00,0x00,0x00,0x00,0x00,0x00,0x00,0x00,0x00,
    0x00,0x00,0x00,0x00,0x00,0x00,0x00,0x00,0x00,0x00,0x00,0x00,0x00,0x00,0x00,0x00,
    0x00,0x00,0x00,0x00,0x00,0x00,0x00,0x00,0x00,0x00,0x00,0x00,0x00,0x00,0x00,0x00,
    0x00,0x00,0x00,0x00,0x00,0x00,0x00,0x00,0x00,0x00,0x00,0x00,0x00,0x00,0x00,0x00,
    0x00,0x00,0x00,0x00,0x00,0x00,0x00,0x00,0x00,0x00,0x00,0x00,0x00,0x00,0x00,0x00,
    0x00,0x00,0x00,0x00,0x00,0x00,0x00,0x00,0x00,0x00,0x00,0x00,0x00,0x00,0x00,0x00,
    0x00,0x00,0x00,0x00,0x00,0x00,0x00,0x00,0x00,0x00,0x00,0x00,0x00,0x00,0x00,0x00,
    0x00,0x00,0x00,0x00,0x00,0x00,0x00,0x00,0x00,0x00,0x00,0x00,0x00,0x00,0x00,0x00,
    0x00,0x00,0x00,0x00,0x00,0x00,0x00,0x00,0x00,0x00,0x00,0x00,0x00,0x00,0x00,0x00,
    0x00,0x00,0x00,0x00,0x00,0x00,0x00,0x00,0x00,0x00,0x00,0x00,0x00,0x00,0x00,0x00,
    0x00,0x00,0x00,0x00,0x00,0x00,0x00,0x00,0x00,0x00,0x00,0x00,0x00,0x00,0x00,0x00,
    0x00,0x00,0x00,0x00,0x00,0x00,0x00,0x00,0x00,0x00,0x00,0x00,0x00,0x00,0x00,0x00,
    0x00,0x00,0x00,0x00,0x00,0x00,0x00,0x00,0x00,0x00,0x00,0x00,0x00,0x00,0x00,0x00,
    0x00,0x00,0x00,0x00,0x00,0x00,0x00,0x00,0x00,0x00,0x00,0x00,0x00,0x00,0x00,0x00,
    0x00,0x00,0x00,0x00,0x00,0x00,0x00,0x00,0x00,0x00,0x00,0x00,0x00,0x00,0x00,0x00,
    0x00,0x00,0x00,0x00,0x00,0x00,0x00,0x00,0x00,0x00,0x00,0x00,0x00,0x00,0x00,0x00,
    0x00,0x00,0x00,0x00,0x00,0x00,0x00,0x00,0x00,0x00,0x00,0x00,0x00,0x00,0x00,0x00,
    0x00,0x00,0x00,0x00,0x00,0x00,0x00,0x00,0x00,0x00,0x00,0x00,0x00,0x00,0x00,0x00,
    0x00,0x00,0x00,0x00,0x00,0x00,0x00,0x00,0x00,0x00,0x00,0x00,0x00,0x00,0x00,0x00,
    0x00,0x00,0x00,0x00,0x00,0x00,0x00,0x00,0x00,0x00,0x00,0x00,0x00,0x00,0x00,0x00,
    0x00,0x00,0x00,0x00,0x00,0x00,0x00,0x00,0x00,0x00,0x00,0x00,0x00,0x00,0x00,0x00,
    0x00,0x00,0x00,0x00,0x00,0x00,0x00,0x00,0x00,0x00,0x00,0x00,0x00,0x00,0x00,0x00,
    0x00,0x00,0x00,0x00,0x00,0x00,0x00,0x00,0x00,0x00,0x00,0x00,0x00,0x00,0x00,0x00,
    0x00,0x00,0x00,0x00,0x00,0x00,0x00,0x00,0x00,0x00,0x00,0x00,0x00,0x00,0x00,0x00,
    0x00,0x00,0x00,0x00,0x00,0x00,0x00,0x00,0x00,0x00,0x00,0x00,0x00,0x00,0x00,0x00,
    0x00,0x00,0x00,0x00,0x00,0x00,0x00,0x00,0x00,0x00,0x00,0x00,0x00,0x00,0x00,0x00,
    0x00,0x00,0x00,0x00,0x00,0x00,0x00,0x00,0x00,0x00,0x00,0x00,0x00,0x00,0x00,0x00,
    0x00,0x00,0x00,0x00,0x00,0x00,0x00,0x00,0x00,0x00,0x00,0x00,0x00,0x00,0x00,0x00,
    0x00,0x00,0x00,0x00,0x00,0x00,0x00,0x00,0x00,0x00,0x00,0x00,0x00,0x00,0x00,0x00,
    0x00,0x00,0x00,0x00,0x00,0x00,0x00,0x00,0x00,0x00,0x00,0x00,0x00,0x00,0x00,0x00,
    0x00,0x00,0x00,0x00,0x00,0x00,0x00,0x00,0x00,0x00,0x00,0x00,0x00,0x00,0x00,0x00,
    0x00,0x00,0x00,0x00,0x00,0x00,0x00,0x00,0x00,0x00,0x00,0x00,0x00,0x00,0x00,0x00,
    0x00,0x00,0x00,0x00,0x00,0x00,0x00,0x00,0x00,0x00,0x00,0x00,0x00,0x00,0x00,0x00,
    0x00,0x00,0x00,0x00,0x00,0x00,0x00,0x00,0x00,0x00,0x00,0x00,0x00,0x00,0x00,0x00,
    0x00,0x00,0x00,0x00,0x00,0x00,0x00,0x00,0x00,0x00,0x00,0x00,0x00,0x00,0x00,0x00,
    0x00,0x00,0x00,0x00,0x00,0x00,0x00,0x00,0x00,0x00,0x00,0x00,0x00,0x00,0x00,0x00,
    0x00,0x00,0x00,0x00,0x00,0x00,0x00,0x00,0x00,0x00,0x00,0x00,0x00,0x00,0x00,0x00,
    0x00,0x00,0x00,0x00,0x00,0x00,0x00,0x00,0x00,0x00,0x00,0x00,0x00,0x00,0x00,0x00,
    0x00,0x00,0x00,0x00,0x00,0x00,0x00,0x00,0x00,0x00,0x00,0x00,0x00,0x00,0x00,0x00,
    0x00,0x00,0x00,0x00,0x00,0x00,0x00,0x00,0x00,0x00,0x00,0x00,0x00,0x00,0x00,0x00,
    0x00,0x00,0x00,0x00,0x00,0x00,0x00,0x00,0x00,0x00,0x00,0x00,0x00,0x00,0x00,0x00,
    0x00,0x00,0x00,0x00,0x00,0x00,0x00,0x00,0x00,0x00,0x00,0x00,0x00,0x00,0x00,0x00,
    0x00,0x00,0x00,0x00,0x00,0x00,0x00,0x00,0x00,0x00,0x00,0x00,0x00,0x00,0x00,0x00,
    0x00,0x00,0x00,0x00,0x00,0x00,0x00,0x00,0x00,0x00,0x00,0x00,0x00,0x00,0x00,0x00,
    0x00,0x00,0x00,0x00,0x00,0x00,0x00,0x00,0x00,0x00,0x00,0x00,0x00,0x00,0x00,0x00,
    0x00,0x00,0x00,0x00,0x00,0x00,0x00,0x00,0x00,0x00,0x00,0x00,0x00,0x00,0x00,0x00,
    0x00,0x00,0x00,0x00,0x00,0x00,0x00,0x00,0x00,0x00,0x00,0x00,0x00,0x00,0x00,0x00,
    0x00,0x00,0x00,0x00,0x00,0x00,0x00,0x00,0x00,0x00,0x00,0x00,0x00,0x00,0x00,0x00,
    0x00,0x00,0x00,0x00,0x00,0x00,0x00,0x00,0x00,0x00,0x00,0x00,0x00,0x00,0x00,0x00,
    0x00,0x00,0x00,0x00,0x00,0x00,0x00,0x00,0x00,0x00,0x00,0x00,0x00,0x00,0x00,0x00,
    0x00,0x00,0x00,0x00,0x00,0x00,0x00,0x00,0x00,0x00,0x00,0x00,0x00,0x00,0x00,0x00,
    0x00,0x00,0x00,0x00,0x00,0x00,0x00,0x00,0x00,0x00,0x00,0x00,0x00,0x00,0x00,0x00,
    0x00,0x00,0x00,0x00,0x00,0x00,0x00,0x00,0x00,0x00,0x00,0x00,0x00,0x00,0x00,0x00,
    0x00,0x00,0x00,0x00,0x00,0x00,0x00,0x00,0x00,0x00,0x00,0x00,0x00,0x00,0x00,0x00,
    0x00,0x00,0x00,0x00,0x00,0x00,0x00,0x00,0x00,0x00,0x00,0x00,0x00,0x00,0x00,0x00,
    0x00,0x00,0x00,0x00,0x00,0x00,0x00,0x00,0x00,0x00,0x00,0x00,0x00,0x00,0x00,0x00,
    0x00,0x00,0x00,0x00,0x00,0x00,0x00,0x00,0x00,0x00,0x00,0x00,0x00,0x00,0x00,0x00,
    0x00,0x00,0x00,0x00,0x00,0x00,0x00,0x00,0x00,0x00,0x00,0x00,0x00,0x00,0x00,0x00,
    0x00,0x00,0x00,0x00,0x00,0x00,0x00,0x00,0x00,0x00,0x00,0x00,0x00,0x00,0x00,0x00,
    0x00,0x00,0x00,0x00,0x00,0x00,0x00,0x00,0x00,0x00,0x00,0x00,0x00,0x00,0x00,0x00,
    0x00,0x00,0x00,0x00,0x00,0x00,0x00,0x00,0x00,0x00,0x00,0x00,0x00,0x00,0x00,0x00,
    0x00,0x00,0x00,0x00,0x00,0x00,0x00,0x00,0x00,0x00,0x00,0x00,0x00,0x00,0x00,0x00,
    0x00,0x00,0x00,0x00,0x00,0x00,0x00,0x00,0x00,0x00,0x00,0x00,0x00,0x00,0x00,0x00,
    0x00,0x00,0x00,0x00,0x00,0x00,0x00,0x00,0x00,0x00,0x00,0x00,0x00,0x00,0x00,0x00,
    0x00,0x00,0x00,0x00,0x00,0x00,0x00,0x00,0x00,0x00,0x00,0x00,0x00,0x00,0x00,0x00,
    0x00,0x00,0x00,0x00,0x00,0x00,0x00,0x00,0x00,0x00,0x00,0x00,0x00,0x00,0x00,0x00,
    0x00,0x00,0x00,0x00,0x00,0x00,0x00,0x00,0x00,0x00,0x00,0x00,0x00,0x00,0x00,0x00,
    0x00,0x00,0x00,0x00,0x00,0x00,0x00,0x00,0x00,0x00,0x00,0x00,0x00,0x00,0x00,0x00,
    0x00,0x00,0x00,0x00,0x00,0x00,0x00,0x00,0x00,0x00,0x00,0x00,0x00,0x00,0x00,0x00,
    0x00,0x00,0x00,0x00,0x00,0x00,0x00,0x00,0x00,0x00,0x00,0x00,0x00,0x00,0x00,0x00,
    0x00,0x00,0x00,0x00,0x00,0x00,0x00,0x00,0x00,0x00,0x00,0x00,0x00,0x00,0x00,0x00,
    0x00,0x00,0x00,0x00,0x00,0x00,0x00,0x00,0x00,0x00,0x00,0x00,0x00,0x00,0x00,0x00,
    0x00,0x00,0x00,0x00,0x00,0x00,0x00,0x00,0x00,0x00,0x00,0x00,0x00,0x00,0x00,0x00,
    0x00,0x00,0x00,0x00,0x00,0x00,0x00,0x00,0x00,0x00,0x00,0x00,0x00,0x00,0x00,0x00,
    0x00,0x00,0x00,0x00,0x00,0x00,0x00,0x00,0x00,0x00,0x00,0x00,0x00,0x00,0x00,0x00,
    0x00,0x00,0x00,0x00,0x00,0x00,0x00,0x00,0x00,0x00,0x00,0x00,0x00,0x00,0x00,0x00,
    0x00,0x00,0x00,0x00,0x00,0x00,0x00,0x00,0x00,0x00,0x00,0x00,0x00,0x00,0x00,0x00,
    0x00,0x00,0x00,0x00,0x00,0x00,0x00,0x00,0x00,0x00,0x00,0x00,0x00,0x00,0x00,0x00,
    0x00,0x00,0x00,0x00,0x00,0x00,0x00,0x00,0x00,0x00,0x00,0x00,0x00,0x00,0x00,0x00,
    0x00,0x00,0x00,0x00,0x00,0x00,0x00,0x00,0x00,0x00,0x00,0x00,0x00,0x00,0x00,0x00,
    0x00,0x00,0x00,0x00,0x00,0x00,0x00,0x00,0x00,0x00,0x00,0x00,0x00,0x00,0x00,0x00,
    0x00,0x00,0x00,0x00,0x00,0x00,0x00,0x00,0x00,0x00,0x00,0x00,0x00,0x00,0x00,0x00,
    0x00,0x00,0x00,0x00,0x00,0x00,0x00,0x00,0x00,0x00,0x00,0x00,0x00,0x00,0x00,0x00,
    0x00,0x00,0x00,0x00,0x00,0x00,0x00,0x00,0x00,0x00,0x00,0x00,0x00,0x00,0x00,0x00,
    0x00,0x00,0x00,0x00,0x00,0x00,0x00,0x00,0x00,0x00,0x00,0x00,0x00,0x00,0x00,0x00,
    0x00,0x00,0x00,0x00,0x00,0x00,0x00,0x00,0x00,0x00,0x00,0x00,0x00,0x00,0x00,0x00,
    0x00,0x00,0x00,0x00,0x00,0x00,0x00,0x00,0x00,0x00,0x00,0x00,0x00,0x00,0x00,0x00,
    0x00,0x00,0x00,0x00,0x00,0x00,0x00,0x00,0x00,0x00,0x00,0x00,0x00,0x00,0x00,0x00,
    0x00,0x00,0x00,0x00,0x00,0x00,0x00,0x00,0x00,0x00,0x00,0x00,0x00,0x00,0x00,0x00,
    0x00,0x00,0x00,0x00,0x00,0x00,0x00,0x00,0x00,0x00,0x00,0x00,0x00,0x00,0x00,0x00,
    0x00,0x00,0x00,0x00,0x00,0x00,0x00,0x00,0x00,0x00,0x00,0x00,0x00,0x00,0x00,0x00,
    0x00,0x00,0x00,0x00,0x00,0x00,0x00,0x00,0x00,0x00,0x00,0x00,0x00,0x00,0x00,0x00,
    0x00,0x00,0x00,0x00,0x00,0x00,0x00,0x00,0x00,0x00,0x00,0x00,0x00,0x00,0x00,0x00,
    0x00,0x00,0x00,0x00,0x00,0x00,0x00,0x00,0x00,0x00,0x00,0x00,0x00,0x00,0x00,0x00,
    0x00,0x00,0x00,0x00,0x00,0x00,0x00,0x00,0x00,0x00,0x00,0x00,0x00,0x00,0x00,0x00,
    0x00,0x00,0x00,0x00,0x00,0x00,0x00,0x00,0x00,0x00,0x00,0x00,0x00,0x00,0x00,0x00,
    0x00,0x00,0x00,0x00,0x00,0x00,0x00,0x00,0x00,0x00,0x00,0x00,0x00,0x00,0x00,0x00,
};
static constexpr uint32_t kAsmBlobSize = 34928;
