// Auto-generated by tools/gen_tls_blob.sh - DO NOT EDIT
// Position-independent freestanding TLS/crypto core (x86-64, SysV-internal).
#pragma once
#include <cstdint>

// Entry-point offsets into the blob (VMA = blob offset).
static constexpr uint32_t kTlsaes128_encrypt_block = 0x850;
static constexpr uint32_t kTlsaes128_key_expand = 0x7a0;
static constexpr uint32_t kTlsaes_gcm_decrypt = 0x2760;
static constexpr uint32_t kTlsaes_gcm_encrypt = 0x2dd0;
static constexpr uint32_t kTlsbi_modpow = 0x20e0;
static constexpr uint32_t kTlsbi_mont_mul = 0xe30;
static constexpr uint32_t kTlsder_enter = 0xc10;
static constexpr uint32_t kTlsder_read_length = 0xb90;
static constexpr uint32_t kTlsecdhe_gen_pub = 0x1cf0;
static constexpr uint32_t kTlsecdhe_shared = 0x1e90;
static constexpr uint32_t kTlsentropy_bootstrap = 0x0;
static constexpr uint32_t kTlsfe256_add = 0x1730;
static constexpr uint32_t kTlsfe256_from_bytes = 0xb10;
static constexpr uint32_t kTlsfe256_mul = 0x1240;
static constexpr uint32_t kTlsfe256_sub = 0x16a0;
static constexpr uint32_t kTlsfe256_to_bytes = 0xb50;
static constexpr uint32_t kTlsg_certs = 0x186e0;
static constexpr uint32_t kTlsg_entropy_a = 0x8318;
static constexpr uint32_t kTlsg_entropy_b = 0x8310;
static constexpr uint32_t kTlsg_entropy_c = 0x8308;
static constexpr uint32_t kTlsg_entropy_init = 0x1ba74;
static constexpr uint32_t kTlsg_last_error = 0x833c;
static constexpr uint32_t kTlsg_sessions = 0x8340;
static constexpr uint32_t kTlsg_tls_stage = 0x8338;
static constexpr uint32_t kTlsgctr = 0x2690;
static constexpr uint32_t kTlsghash_multiply = 0xa40;
static constexpr uint32_t kTlshmac_sha256 = 0x3a20;
static constexpr uint32_t kTlsprf_sha256 = 0x3c40;
static constexpr uint32_t kTlspt256_add_mixed = 0x1a60;
static constexpr uint32_t kTlspt256_double = 0x17f0;
static constexpr uint32_t kTlspt256_to_affine = 0x1540;
static constexpr uint32_t kTlsrsa_verify_sha256 = 0x23d0;
static constexpr uint32_t kTlssha256_block = 0x150;
static constexpr uint32_t kTlssha256_final = 0x690;
static constexpr uint32_t kTlssha256_one = 0x33d0;
static constexpr uint32_t kTlssha256_update = 0x560;
static constexpr uint32_t kTlstls_accept = 0x5b80;
static constexpr uint32_t kTlstls_compute_verify = 0x3ea0;
static constexpr uint32_t kTlstls_handshake = 0x4030;
static constexpr uint32_t kTlstls_recv_record = 0x2ae0;
static constexpr uint32_t kTlstls_send_record = 0x30b0;
static constexpr uint32_t kTlstlsrt_close_stub = 0x7e8e;
static constexpr uint32_t kTlstlsrt_entry = 0x7680;
static constexpr uint32_t kTlstlsrt_io_close = 0x8320;
static constexpr uint32_t kTlstlsrt_io_recv = 0x8328;
static constexpr uint32_t kTlstlsrt_io_send = 0x8330;
static constexpr uint32_t kTlstlsrt_recv_stub = 0x7e70;
static constexpr uint32_t kTlstlsrt_send_stub = 0x7e52;
static constexpr uint32_t kTlsx509_parse_cert = 0x3490;

// Exported blob entry points used by codegen_tls.cpp:
#define TLS_BLOB_ENTRY 0x7680
#define TLS_BLOB_SEND 0x7e52
#define TLS_BLOB_RECV 0x7e70
#define TLS_BLOB_CLOSE 0x7e8e

static const uint8_t kTlsBlob[] = {
    0x0f,0x31,0x48,0xc1,0xe2,0x20,0x89,0xc0,0x48,0xbf,0xb9,0xe5,0xe4,0x1c,0x6d,0x47,
    0x58,0xbf,0x48,0xbe,0xeb,0x11,0x31,0x13,0xbb,0x49,0xd0,0x94,0x48,0x09,0xc2,0x48,
    0x8b,0x0d,0xf2,0x82,0x00,0x00,0x48,0xb8,0xa5,0xa5,0xa5,0xa5,0xa5,0xa5,0xa5,0xa5,
    0x4c,0x8b,0x05,0xf9,0x82,0x00,0x00,0x48,0x31,0xc2,0x48,0x89,0xd0,0x48,0xc1,0xe8,
    0x1e,0x48,0x31,0xd0,0x48,0x0f,0xaf,0xc7,0x48,0x89,0xc2,0x48,0xc1,0xea,0x1b,0x48,
    0x31,0xd0,0x48,0x8d,0x15,0xa7,0xff,0xff,0xff,0x48,0x0f,0xaf,0xc6,0x48,0x31,0xc1,
    0x48,0xc1,0xe8,0x1f,0x48,0x31,0xc1,0x48,0xb8,0x67,0xd9,0x91,0x9f,0x7b,0xa2,0x69,
    0x73,0x48,0x31,0xc2,0x48,0x89,0xd0,0x48,0xc1,0xe8,0x1e,0x48,0x31,0xd0,0x48,0x0f,
    0xaf,0xc7,0x48,0x89,0xc2,0x48,0xc1,0xea,0x1b,0x48,0x31,0xd0,0x48,0x8b,0x15,0x7d,
    0x82,0x00,0x00,0x48,0x0f,0xaf,0xc6,0x48,0x31,0xc2,0x48,0xc1,0xe8,0x1f,0x48,0x31,
    0xd0,0x4c,0x89,0xc2,0x48,0xc1,0xea,0x1e,0x48,0x89,0x05,0x61,0x82,0x00,0x00,0x4c,
    0x31,0xc2,0x48,0x0f,0xaf,0xd7,0x48,0x89,0xd0,0x48,0xc1,0xe8,0x1b,0x48,0x31,0xc2,
    0x48,0x8b,0x05,0x61,0x82,0x00,0x00,0x48,0x0f,0xaf,0xd6,0x4c,0x8d,0x04,0x00,0x4c,
    0x89,0xc0,0x48,0xc1,0xe8,0x1e,0x4c,0x31,0xc0,0x48,0x0f,0xaf,0xc7,0x49,0x89,0xc0,
    0x49,0xc1,0xe8,0x1b,0x4c,0x31,0xc0,0x4c,0x8b,0x05,0x1a,0x82,0x00,0x00,0x48,0x0f,
    0xaf,0xc6,0x49,0x31,0xd0,0x48,0xc1,0xea,0x1f,0x4c,0x31,0xc2,0x48,0x31,0xc2,0x48,
    0xc1,0xe8,0x1f,0x48,0x31,0xd0,0x48,0x89,0x05,0xfb,0x81,0x00,0x00,0x48,0x89,0xc8,
    0x48,0xc1,0xe0,0x11,0x48,0x89,0xc2,0x48,0xc1,0xea,0x1e,0x48,0x31,0xc2,0x48,0x0f,
    0xaf,0xd7,0x48,0x89,0xd0,0x48,0xc1,0xe8,0x1b,0x48,0x31,0xd0,0x48,0x0f,0xaf,0xc6,
    0x48,0x89,0xc2,0x48,0x31,0xc1,0x48,0xc1,0xea,0x1f,0x48,0x89,0xd0,0x48,0x31,0xc8,
    0x48,0x89,0x05,0xd1,0x81,0x00,0x00,0xc3,0x0f,0x1f,0x84,0x00,0x00,0x00,0x00,0x00,
    0x41,0x57,0x41,0x56,0x41,0x55,0x41,0x54,0x49,0x89,0xfc,0x55,0x53,0x48,0x81,0xec,
    0x28,0x01,0x00,0x00,0xf3,0x0f,0x6f,0x16,0x66,0x0f,0x6f,0x05,0xd0,0x80,0x00,0x00,
    0xf3,0x0f,0x6f,0x66,0x10,0xf3,0x0f,0x6f,0x5e,0x20,0x48,0x8d,0x44,0x24,0x60,0x48,
    0x8d,0x94,0x24,0x20,0x01,0x00,0x00,0x66,0x0f,0x6f,0xc8,0x66,0x0f,0x6f,0xf0,0xf3,
    0x0f,0x6f,0x6e,0x30,0x66,0x0f,0xdb,0xf4,0x66,0x0f,0x71,0xd4,0x08,0x66,0x0f,0xdb,
    0xca,0x66,0x0f,0x71,0xd2,0x08,0x66,0x0f,0x67,0xce,0x66,0x0f,0x6f,0xf0,0x66,0x0f,
    0x67,0xd4,0x66,0x0f,0x6f,0xe0,0x66,0x0f,0xdb,0xf5,0x66,0x0f,0xdb,0xe3,0x66,0x0f,
    0x71,0xd5,0x08,0x66,0x0f,0x71,0xd3,0x08,0x66,0x0f,0x67,0xe6,0x66,0x0f,0x6f,0xf0,
    0x66,0x0f,0x67,0xdd,0x66,0x0f,0x6f,0xe8,0x66,0x0f,0xdb,0xf4,0x66,0x0f,0xdb,0xe9,
    0x66,0x0f,0x71,0xd4,0x08,0x66,0x0f,0x71,0xd1,0x08,0x66,0x0f,0x67,0xee,0x66,0x0f,
    0x67,0xcc,0x66,0x0f,0x6f,0xe0,0x66,0x0f,0xdb,0xc3,0x66,0x0f,0xdb,0xe2,0x66,0x0f,
    0x71,0xd3,0x08,0x66,0x44,0x0f,0x6f,0xd5,0x66,0x0f,0x71,0xd2,0x08,0x66,0x0f,0x67,
    0xe0,0x66,0x0f,0xef,0xc0,0x66,0x0f,0x67,0xd3,0x66,0x0f,0x68,0xe8,0x66,0x0f,0x6f,
    0xf4,0x66,0x0f,0x6f,0xf9,0x66,0x0f,0x68,0xe0,0x66,0x44,0x0f,0x6f,0xca,0x66,0x0f,
    0xef,0xdb,0x66,0x44,0x0f,0x60,0xd0,0x66,0x0f,0x60,0xf0,0x66,0x44,0x0f,0x60,0xc8,
    0x66,0x0f,0x68,0xd0,0x66,0x0f,0x60,0xf8,0x66,0x0f,0x68,0xc8,0x66,0x44,0x0f,0x6f,
    0xc5,0x66,0x0f,0x6f,0xc4,0x66,0x0f,0x69,0xc3,0x66,0x44,0x0f,0x69,0xc3,0x66,0x44,
    0x0f,0x6f,0xda,0x66,0x0f,0x71,0xf1,0x08,0x66,0x41,0x0f,0x72,0xf0,0x18,0x66,0x44,
    0x0f,0x69,0xdb,0x66,0x0f,0x72,0xf0,0x10,0x66,0x0f,0x71,0xf7,0x08,0x66,0x45,0x0f,
    0x6f,0xe1,0x66,0x41,0x0f,0xeb,0xc0,0x66,0x44,0x0f,0x6f,0xc1,0x66,0x0f,0x61,0xe3,
    0x66,0x44,0x0f,0x69,0xc3,0x66,0x0f,0x61,0xeb,0x66,0x44,0x0f,0x61,0xe3,0x66,0x45,
    0x0f,0xeb,0xc3,0x66,0x45,0x0f,0x6f,0xda,0x66,0x44,0x0f,0x69,0xd3,0x66,0x41,0x0f,
    0xeb,0xc0,0x66,0x44,0x0f,0x6f,0xc6,0x66,0x44,0x0f,0x61,0xdb,0x66,0x44,0x0f,0x61,
    0xc3,0x66,0x41,0x0f,0x72,0xf3,0x18,0x66,0x0f,0x69,0xf3,0x0f,0x29,0x44,0x24,0x50,
    0x66,0x41,0x0f,0x72,0xf0,0x10,0x66,0x0f,0x72,0xf6,0x10,0x66,0x44,0x0f,0x69,0xcb,
    0x66,0x0f,0x73,0xd8,0x08,0x66,0x45,0x0f,0xeb,0xc3,0x66,0x44,0x0f,0x6f,0xdf,0x66,
    0x0f,0x61,0xd3,0x66,0x44,0x0f,0x61,0xdb,0x66,0x41,0x0f,0x72,0xf2,0x18,0x66,0x0f,
    0x69,0xfb,0x66,0x0f,0x72,0xf4,0x10,0x66,0x0f,0x72,0xf5,0x18,0x66,0x0f,0x61,0xcb,
    0x66,0x45,0x0f,0xeb,0xdc,0x66,0x41,0x0f,0xeb,0xf2,0x66,0x41,0x0f,0xeb,0xf9,0x66,
    0x0f,0xeb,0xe5,0x66,0x0f,0xeb,0xca,0x66,0x45,0x0f,0xeb,0xc3,0x66,0x0f,0xeb,0xf7,
    0x66,0x0f,0xeb,0xcc,0x44,0x0f,0x29,0x44,0x24,0x20,0x0f,0x29,0x74,0x24,0x30,0x0f,
    0x29,0x4c,0x24,0x40,0x0f,0x1f,0x40,0x00,0x66,0x0f,0x6f,0xc8,0x66,0x0f,0x6f,0xd8,
    0x66,0x0f,0x6f,0xe0,0x48,0x83,0xc0,0x08,0x66,0x0f,0x72,0xd3,0x13,0x66,0x0f,0x72,
    0xf1,0x0d,0xf3,0x0f,0x7e,0x50,0xbc,0x66,0x0f,0xeb,0xcb,0x66,0x0f,0x72,0xd4,0x11,
    0x66,0x0f,0x6f,0xd8,0x66,0x0f,0x72,0xf3,0x0f,0x66,0x0f,0x72,0xd0,0x0a,0x66,0x0f,
    0xeb,0xdc,0x66,0x0f,0x6f,0xe2,0x66,0x0f,0xef,0xcb,0x66,0x0f,0x72,0xd4,0x07,0x66,
    0x0f,0x6f,0xda,0x66,0x0f,0xef,0xc8,0x66,0x0f,0x72,0xd3,0x12,0x66,0x0f,0x6f,0xc2,
    0x66,0x0f,0x72,0xf0,0x0e,0x66,0x0f,0xeb,0xc3,0x66,0x0f,0x6f,0xda,0x66,0x0f,0x72,
    0xf3,0x19,0x66,0x0f,0x72,0xd2,0x03,0x66,0x0f,0xeb,0xdc,0x66,0x0f,0xef,0xc3,0x66,
    0x0f,0xef,0xc2,0xf3,0x0f,0x7e,0x50,0xb8,0x66,0x0f,0xfe,0xc8,0xf3,0x0f,0x7e,0x40,
    0xdc,0x66,0x0f,0xfe,0xc2,0x66,0x0f,0xfe,0xc1,0x66,0x0f,0xd6,0x40,0xf8,0x48,0x39,
    0xc2,0x0f,0x85,0x61,0xff,0xff,0xff,0x45,0x8b,0x3c,0x24,0x41,0x8b,0x44,0x24,0x1c,
    0x31,0xff,0x48,0x8d,0x6c,0x24,0x20,0x45,0x8b,0x4c,0x24,0x04,0x45,0x8b,0x44,0x24,
    0x08,0x4c,0x8d,0x2d,0x38,0x7d,0x00,0x00,0x41,0x8b,0x5c,0x24,0x0c,0x41,0x8b,0x4c,
    0x24,0x10,0x89,0x44,0x24,0x18,0x89,0xc2,0x45,0x8b,0x5c,0x24,0x14,0x45,0x8b,0x54,
    0x24,0x18,0x44,0x89,0x0c,0x24,0x44,0x89,0xfe,0x44,0x89,0x44,0x24,0x04,0x89,0x5c,
    0x24,0x08,0x89,0x4c,0x24,0x0c,0x44,0x89,0x5c,0x24,0x10,0x44,0x89,0x54,0x24,0x14,
    0x44,0x89,0x7c,0x24,0x1c,0xeb,0x1a,0x66,0x0f,0x1f,0x84,0x00,0x00,0x00,0x00,0x00,
    0x45,0x89,0xda,0x45,0x89,0xc8,0x41,0x89,0xcb,0x41,0x89,0xf1,0x44,0x89,0xf1,0x89,
    0xc6,0x89,0xc8,0x41,0x89,0xce,0x41,0x89,0xcf,0x41,0xc1,0xce,0x0b,0xc1,0xc8,0x06,
    0x45,0x21,0xdf,0x44,0x31,0xf0,0x41,0x89,0xce,0x41,0xc1,0xc6,0x07,0x44,0x31,0xf0,
    0x44,0x8b,0x74,0x3d,0x00,0x45,0x03,0x74,0x3d,0x00,0x48,0x83,0xc7,0x04,0x44,0x01,
    0xf0,0x41,0x89,0xce,0x41,0xf7,0xd6,0x45,0x21,0xd6,0x45,0x31,0xfe,0x45,0x89,0xcf,
    0x44,0x01,0xf0,0x41,0x89,0xf6,0x45,0x21,0xc7,0x01,0xd0,0x89,0xf2,0x41,0xc1,0xce,
    0x02,0xc1,0xca,0x0d,0x44,0x31,0xf2,0x41,0x89,0xf6,0x41,0xc1,0xc6,0x0a,0x44,0x31,
    0xf2,0x45,0x89,0xce,0x45,0x31,0xc6,0x41,0x21,0xf6,0x45,0x31,0xfe,0x44,0x01,0xf2,
    0x44,0x8d,0x34,0x18,0x44,0x89,0xc3,0x01,0xd0,0x44,0x89,0xd2,0x48,0x81,0xff,0x00,
    0x01,0x00,0x00,0x0f,0x85,0x67,0xff,0xff,0xff,0x44,0x8b,0x7c,0x24,0x1c,0x41,0x01,
    0xc7,0x8b,0x04,0x24,0x45,0x89,0x3c,0x24,0x01,0xf0,0x41,0x89,0x44,0x24,0x04,0x8b,
    0x44,0x24,0x04,0x44,0x01,0xc8,0x41,0x89,0x44,0x24,0x08,0x8b,0x44,0x24,0x08,0x44,
    0x01,0xc0,0x41,0x89,0x44,0x24,0x0c,0x8b,0x44,0x24,0x0c,0x44,0x01,0xf0,0x41,0x89,
    0x44,0x24,0x10,0x8b,0x44,0x24,0x10,0x01,0xc8,0x41,0x89,0x44,0x24,0x14,0x8b,0x44,
    0x24,0x14,0x44,0x01,0xd8,0x41,0x89,0x44,0x24,0x18,0x8b,0x44,0x24,0x18,0x44,0x01,
    0xd0,0x41,0x89,0x44,0x24,0x1c,0x48,0x81,0xc4,0x28,0x01,0x00,0x00,0x5b,0x5d,0x41,
    0x5c,0x41,0x5d,0x41,0x5e,0x41,0x5f,0xc3,0x0f,0x1f,0x84,0x00,0x00,0x00,0x00,0x00,
    0x41,0x55,0x41,0x54,0x49,0x89,0xd4,0x55,0x48,0x89,0xfd,0x53,0x48,0x89,0xf3,0x48,
    0x83,0xec,0x08,0x48,0x01,0x57,0x20,0x48,0x63,0x57,0x68,0x85,0xd2,0x74,0x56,0xb8,
    0x40,0x00,0x00,0x00,0x29,0xd0,0x48,0x63,0xf0,0x48,0x89,0xf7,0x49,0x39,0xf4,0x0f,
    0x82,0xa3,0x00,0x00,0x00,0x41,0xb8,0x40,0x00,0x00,0x00,0x85,0xc0,0x0f,0x8e,0xad,
    0x00,0x00,0x00,0x31,0xc0,0x48,0x01,0xea,0x0f,0x1f,0x84,0x00,0x00,0x00,0x00,0x00,
    0x0f,0xb6,0x0c,0x03,0x88,0x4c,0x02,0x28,0x48,0x83,0xc0,0x01,0x48,0x39,0xf0,0x75,
    0xef,0x44,0x89,0x45,0x68,0x48,0x01,0xfb,0x49,0x29,0xfc,0x41,0x83,0xf8,0x40,0x0f,
    0x84,0x88,0x00,0x00,0x00,0x49,0x83,0xfc,0x3f,0x0f,0x86,0xa1,0x00,0x00,0x00,0x49,
    0x8d,0x44,0x24,0xc0,0x48,0x83,0xe0,0xc0,0x4c,0x8d,0x6c,0x03,0x40,0x0f,0x1f,0x00,
    0x48,0x89,0xde,0x48,0x89,0xef,0x48,0x83,0xc3,0x40,0xe8,0x51,0xfb,0xff,0xff,0x4c,
    0x39,0xeb,0x75,0xec,0x41,0x83,0xe4,0x3f,0x4d,0x85,0xe4,0x74,0x19,0x31,0xc0,0x90,
    0x41,0x0f,0xb6,0x54,0x05,0x00,0x88,0x54,0x05,0x28,0x48,0x83,0xc0,0x01,0x4c,0x39,
    0xe0,0x75,0xed,0x89,0x45,0x68,0x48,0x83,0xc4,0x08,0x5b,0x5d,0x41,0x5c,0x41,0x5d,
    0xc3,0x0f,0x1f,0x80,0x00,0x00,0x00,0x00,0x49,0x63,0xfc,0x46,0x8d,0x04,0x22,0x48,
    0x89,0xfe,0x45,0x85,0xe4,0x0f,0x8f,0x58,0xff,0xff,0xff,0xe9,0x71,0xff,0xff,0xff,
    0xc7,0x45,0x68,0x40,0x00,0x00,0x00,0x48,0x01,0xf3,0x49,0x29,0xf4,0x48,0x8d,0x75,
    0x28,0x48,0x89,0xef,0xe8,0xe7,0xfa,0xff,0xff,0xc7,0x45,0x68,0x00,0x00,0x00,0x00,
    0x49,0x83,0xfc,0x3f,0x0f,0x87,0x65,0xff,0xff,0xff,0x66,0x0f,0x1f,0x44,0x00,0x00,
    0x49,0x89,0xdd,0xe9,0x80,0xff,0xff,0xff,0x0f,0x1f,0x84,0x00,0x00,0x00,0x00,0x00,
    0x41,0x56,0xba,0x01,0x00,0x00,0x00,0x41,0x55,0x41,0x54,0x55,0x48,0x89,0xf5,0x53,
    0x48,0x89,0xfb,0x48,0x83,0xec,0x20,0x48,0x8b,0x47,0x20,0x48,0x8d,0x74,0x24,0x0f,
    0xc6,0x44,0x24,0x0f,0x80,0x4c,0x8d,0x24,0xc5,0x00,0x00,0x00,0x00,0xe8,0x9e,0xfe,
    0xff,0xff,0x8b,0x43,0x68,0x48,0xc7,0x44,0x24,0x10,0x00,0x00,0x00,0x00,0x83,0xf8,
    0x38,0x74,0x41,0x4c,0x8d,0x74,0x24,0x10,0x41,0xbd,0x40,0x00,0x00,0x00,0x66,0x90,
    0xb9,0x38,0x00,0x00,0x00,0x44,0x89,0xea,0x4c,0x89,0xf6,0x48,0x89,0xdf,0x29,0xc1,
    0x29,0xc2,0x83,0xf8,0x38,0xb8,0x08,0x00,0x00,0x00,0x0f,0x4e,0xd1,0x48,0x63,0xd2,
    0x48,0x39,0xc2,0x48,0x0f,0x47,0xd0,0xe8,0x54,0xfe,0xff,0xff,0x8b,0x43,0x68,0x83,
    0xf8,0x38,0x75,0xcc,0x48,0x8d,0x7c,0x24,0x18,0x48,0x8d,0x74,0x24,0x20,0xb9,0x38,
    0x00,0x00,0x00,0x48,0x89,0xf8,0x66,0x2e,0x0f,0x1f,0x84,0x00,0x00,0x00,0x00,0x00,
    0x4c,0x89,0xe2,0x48,0x83,0xc0,0x01,0x48,0xd3,0xea,0x83,0xe9,0x08,0x88,0x50,0xff,
    0x48,0x39,0xf0,0x75,0xeb,0x48,0x89,0xfe,0xba,0x08,0x00,0x00,0x00,0x48,0x89,0xdf,
    0xe8,0x0b,0xfe,0xff,0xff,0x48,0x89,0xd8,0x48,0x8d,0x4b,0x20,0x0f,0x1f,0x40,0x00,
    0x8b,0x10,0x48,0x83,0xc0,0x04,0x48,0x83,0xc5,0x04,0xc1,0xea,0x18,0x88,0x55,0xfc,
    0x8b,0x50,0xfc,0xc1,0xea,0x10,0x88,0x55,0xfd,0x8b,0x50,0xfc,0x88,0x75,0xfe,0x8b,
    0x50,0xfc,0x88,0x55,0xff,0x48,0x39,0xc8,0x75,0xd6,0x48,0x83,0xc4,0x20,0x5b,0x5d,
    0x41,0x5c,0x41,0x5d,0x41,0x5e,0xc3,0x66,0x0f,0x1f,0x84,0x00,0x00,0x00,0x00,0x00,
    0x48,0x89,0xf9,0x31,0xd2,0x0f,0x1f,0x00,0x0f,0xb6,0x04,0x16,0x88,0x04,0x11,0x48,
    0x83,0xc2,0x01,0x48,0x83,0xfa,0x10,0x75,0xef,0x41,0xb8,0x01,0x00,0x00,0x00,0x48,
    0x8d,0x3d,0x7a,0x78,0x00,0x00,0x4c,0x8d,0x0d,0x4b,0x78,0x00,0x00,0x0f,0x1f,0x00,
    0x8b,0x44,0x11,0xfc,0xf6,0xc2,0x0f,0x75,0x4d,0x0f,0xb6,0xf4,0x4d,0x63,0xd0,0x41,
    0x89,0xc3,0x41,0x83,0xc0,0x01,0x48,0x63,0xf6,0x41,0xc1,0xeb,0x18,0x0f,0xb6,0x34,
    0x37,0x43,0x32,0x34,0x11,0x41,0x89,0xc2,0x0f,0xb6,0xc0,0x0f,0xb6,0x04,0x07,0x46,
    0x0f,0xb6,0x1c,0x1f,0x41,0xc1,0xea,0x10,0x40,0x0f,0xb6,0xf6,0x45,0x0f,0xb6,0xd2,
    0xc1,0xe0,0x08,0x46,0x0f,0xb6,0x14,0x17,0x44,0x09,0xd8,0xc1,0xe0,0x08,0x44,0x09,
    0xd0,0xc1,0xe0,0x08,0x09,0xf0,0x66,0x0f,0x6e,0x44,0x11,0xf0,0x66,0x0f,0x6e,0xc8,
    0x66,0x0f,0xef,0xc1,0x66,0x0f,0x7e,0x04,0x11,0x48,0x83,0xc2,0x04,0x48,0x81,0xfa,
    0xb0,0x00,0x00,0x00,0x75,0x8a,0xc3,0x66,0x0f,0x1f,0x84,0x00,0x00,0x00,0x00,0x00,
    0x41,0x57,0x49,0x89,0xfb,0x4c,0x8d,0x52,0x10,0x4c,0x8d,0x0d,0xe0,0x77,0x00,0x00,
    0x41,0x56,0x41,0xbe,0x01,0x00,0x00,0x00,0x41,0x55,0x41,0x54,0x55,0x53,0x4c,0x89,
    0xdb,0x45,0x89,0xf3,0x48,0x83,0xec,0x28,0xf3,0x0f,0x6f,0x06,0xf3,0x0f,0x6f,0x0a,
    0x4c,0x8d,0x6c,0x24,0x10,0x48,0x8d,0x7c,0x24,0x20,0x66,0x0f,0xef,0xc1,0x66,0x90,
    0x0f,0x29,0x44,0x24,0x10,0x4c,0x89,0xee,0x4c,0x89,0xe8,0x0f,0x1f,0x44,0x00,0x00,
    0x0f,0xb6,0x10,0x48,0x83,0xc0,0x01,0x41,0x0f,0xb6,0x14,0x11,0x88,0x50,0xff,0x48,
    0x39,0xc7,0x75,0xec,0x44,0x0f,0xb6,0x74,0x24,0x19,0x0f,0xb6,0x54,0x24,0x15,0x8a,
    0x74,0x24,0x1a,0x44,0x0f,0xb6,0x44,0x24,0x11,0x0f,0xb6,0x44,0x24,0x1d,0x8a,0x64,
    0x24,0x12,0x66,0x89,0x54,0x24,0x11,0x41,0x0f,0xb6,0xd6,0x8a,0x74,0x24,0x1e,0x66,
    0x89,0x44,0x24,0x19,0x41,0x0f,0xb6,0xc0,0x8a,0x64,0x24,0x16,0x66,0x89,0x54,0x24,
    0x15,0x0f,0xb6,0x54,0x24,0x1b,0x66,0x89,0x44,0x24,0x1d,0x0f,0xb6,0x44,0x24,0x1f,
    0x88,0x54,0x24,0x1f,0x0f,0xb6,0x54,0x24,0x17,0x88,0x54,0x24,0x1b,0x0f,0xb6,0x54,
    0x24,0x13,0x88,0x44,0x24,0x13,0x88,0x54,0x24,0x17,0x41,0x83,0xfb,0x0a,0x0f,0x84,
    0xfc,0x00,0x00,0x00,0x44,0x89,0x5c,0x24,0x04,0x4c,0x89,0x54,0x24,0x08,0x0f,0xb6,
    0x06,0x0f,0xb6,0x4e,0x01,0x48,0x83,0xc6,0x04,0x0f,0xb6,0x56,0xfe,0x44,0x0f,0xb6,
    0x56,0xff,0x41,0x89,0xc0,0x8d,0x2c,0x00,0x44,0x8d,0x34,0x09,0x41,0x89,0xcf,0x41,
    0xc0,0xe8,0x07,0x44,0x8d,0x24,0x12,0x47,0x8d,0x1c,0x12,0x41,0x31,0xd7,0x47,0x8d,
    0x04,0x40,0x47,0x8d,0x04,0xc0,0x44,0x31,0xc5,0x41,0x89,0xc8,0x31,0xc1,0x41,0xc0,
    0xe8,0x07,0x44,0x31,0xd1,0x47,0x8d,0x04,0x40,0x47,0x8d,0x04,0xc0,0x45,0x31,0xc6,
    0x41,0x89,0xd0,0x31,0xc2,0x44,0x31,0xf8,0x41,0xc0,0xe8,0x07,0x31,0xe8,0x44,0x31,
    0xd2,0x47,0x8d,0x04,0x40,0x44,0x31,0xf2,0x47,0x8d,0x04,0xc0,0x45,0x31,0xc4,0x45,
    0x89,0xd0,0x41,0xc0,0xe8,0x07,0x44,0x31,0xe1,0x44,0x31,0xe2,0x47,0x8d,0x04,0x40,
    0x47,0x8d,0x04,0xc0,0x45,0x31,0xc3,0x45,0x89,0xd0,0x44,0x31,0xd8,0x44,0x31,0xd9,
    0x45,0x31,0xf8,0x0f,0xb6,0xc0,0x0f,0xb6,0xc9,0x41,0x31,0xe8,0xc1,0xe0,0x08,0x45,
    0x31,0xf0,0x09,0xc8,0x0f,0xb6,0xca,0xc1,0xe0,0x08,0x89,0xc2,0x41,0x0f,0xb6,0xc0,
    0x09,0xca,0xc1,0xe2,0x08,0x41,0x89,0xd0,0x41,0x09,0xc0,0x44,0x89,0x46,0xfc,0x48,
    0x39,0xfe,0x0f,0x85,0x36,0xff,0xff,0xff,0x4c,0x8b,0x54,0x24,0x08,0x44,0x8b,0x5c,
    0x24,0x04,0xf3,0x41,0x0f,0x6f,0x02,0x41,0x83,0xc3,0x01,0x49,0x83,0xc2,0x10,0x66,
    0x0f,0xef,0x44,0x24,0x10,0xe9,0x76,0xfe,0xff,0xff,0x66,0x0f,0x1f,0x44,0x00,0x00,
    0xf3,0x41,0x0f,0x6f,0x02,0x66,0x0f,0xef,0x44,0x24,0x10,0x0f,0x11,0x03,0x48,0x83,
    0xc4,0x28,0x5b,0x5d,0x41,0x5c,0x41,0x5d,0x41,0x5e,0x41,0x5f,0xc3,0x0f,0x1f,0x00,
    0x41,0x54,0x49,0x89,0xfb,0x49,0x89,0xd2,0x66,0x0f,0xef,0xc9,0x55,0x66,0x0f,0xef,
    0xc0,0x31,0xed,0x45,0x31,0xc9,0x53,0x48,0x83,0xec,0x10,0xf3,0x0f,0x6f,0x16,0x49,
    0x89,0xe0,0x48,0x8d,0x5c,0x24,0x0e,0x0f,0x29,0x14,0x24,0x0f,0x1f,0x44,0x00,0x00,
    0x44,0x89,0xc8,0xc1,0xf8,0x03,0x48,0x98,0x41,0x0f,0xb6,0x14,0x02,0x44,0x89,0xc8,
    0xf7,0xd0,0x83,0xe0,0x07,0x0f,0xa3,0xc2,0x72,0x6e,0x0f,0xb6,0x4c,0x24,0x0f,0x48,
    0x89,0xd8,0x41,0x89,0xcc,0x41,0x83,0xe4,0x01,0x0f,0x1f,0x80,0x00,0x00,0x00,0x00,
    0x89,0xcf,0x0f,0xb6,0x08,0x48,0x89,0xc6,0x48,0x83,0xe8,0x01,0x40,0xd0,0xef,0x89,
    0xca,0xc1,0xe2,0x07,0x09,0xfa,0x88,0x50,0x02,0x4c,0x39,0xc6,0x75,0xe2,0x0f,0xb6,
    0x04,0x24,0xd0,0xe8,0x89,0xc2,0x83,0xf2,0xe1,0x45,0x84,0xe4,0x0f,0x45,0xc2,0x41,
    0x83,0xc1,0x01,0x88,0x04,0x24,0x41,0x81,0xf9,0x80,0x00,0x00,0x00,0x75,0x91,0x40,
    0x84,0xed,0x74,0x04,0x66,0x0f,0x6f,0xc8,0x41,0x0f,0x11,0x0b,0x48,0x83,0xc4,0x10,
    0x5b,0x5d,0x41,0x5c,0xc3,0x0f,0x1f,0x00,0x66,0x0f,0xef,0x04,0x24,0xbd,0x01,0x00,
    0x00,0x00,0xeb,0x86,0x66,0x66,0x2e,0x0f,0x1f,0x84,0x00,0x00,0x00,0x00,0x00,0x90,
    0x48,0x8d,0x56,0x1c,0x0f,0x1f,0x40,0x00,0x0f,0xb6,0x02,0x0f,0xb6,0x4a,0x01,0x49,
    0x89,0xd0,0x48,0x83,0xc7,0x04,0x48,0x83,0xea,0x04,0xc1,0xe1,0x10,0xc1,0xe0,0x18,
    0x09,0xc8,0x0f,0xb6,0x4a,0x07,0x09,0xc8,0x0f,0xb6,0x4a,0x06,0xc1,0xe1,0x08,0x09,
    0xc8,0x89,0x47,0xfc,0x4c,0x39,0xc6,0x75,0xcf,0xc3,0x66,0x0f,0x1f,0x44,0x00,0x00,
    0x48,0x8d,0x47,0x1c,0x0f,0x1f,0x40,0x00,0x8b,0x16,0x48,0x89,0xc1,0x48,0x83,0xc6,
    0x04,0x48,0x83,0xe8,0x04,0xc1,0xea,0x18,0x88,0x50,0x04,0x8b,0x56,0xfc,0xc1,0xea,
    0x10,0x88,0x50,0x05,0x8b,0x56,0xfc,0x88,0x70,0x06,0x8b,0x56,0xfc,0x88,0x50,0x07,
    0x48,0x39,0xf9,0x75,0xd3,0xc3,0x66,0x2e,0x0f,0x1f,0x84,0x00,0x00,0x00,0x00,0x00,
    0x49,0x89,0xf1,0x48,0x63,0x47,0x0c,0x8b,0x77,0x08,0x48,0x89,0xf9,0x39,0xf0,0x7d,
    0x65,0x4c,0x8b,0x17,0x8d,0x50,0x01,0x89,0x57,0x0c,0x41,0x0f,0xb6,0x3c,0x02,0x40,
    0x84,0xff,0x79,0x4c,0x89,0xf8,0x83,0xe7,0x7f,0x83,0xe0,0x7f,0x3c,0x04,0x77,0x46,
    0x01,0xfa,0x39,0xd6,0x7c,0x40,0x41,0xc7,0x01,0x00,0x00,0x00,0x00,0x31,0xc0,0x31,
    0xf6,0x85,0xff,0x74,0x23,0x0f,0x1f,0x00,0x48,0x63,0x51,0x0c,0xc1,0xe0,0x08,0x83,
    0xc6,0x01,0x44,0x8d,0x42,0x01,0x44,0x89,0x41,0x0c,0x41,0x0f,0xb6,0x14,0x12,0x09,
    0xd0,0x41,0x89,0x01,0x39,0xf7,0x75,0xe0,0x31,0xc0,0xc3,0x0f,0x1f,0x44,0x00,0x00,
    0x41,0x89,0x39,0x31,0xc0,0xc3,0xb8,0xff,0xff,0xff,0xff,0xc3,0x0f,0x1f,0x40,0x00,
    0x41,0x54,0x55,0x53,0x48,0x83,0xec,0x10,0x48,0x63,0x47,0x0c,0x44,0x8b,0x67,0x08,
    0x44,0x39,0xe0,0x7d,0x5b,0x48,0x8b,0x2f,0x48,0x89,0xd3,0x8d,0x50,0x01,0x49,0x89,
    0xfb,0x89,0x57,0x0c,0x0f,0xb6,0x44,0x05,0x00,0x39,0xc6,0x75,0x43,0x48,0x8d,0x74,
    0x24,0x0c,0xe8,0x49,0xff,0xff,0xff,0x85,0xc0,0x78,0x35,0x49,0x63,0x43,0x0c,0x8b,
    0x54,0x24,0x0c,0x8d,0x0c,0x10,0x44,0x39,0xe1,0x7f,0x25,0x48,0x01,0xc5,0x89,0x53,
    0x08,0x31,0xc0,0x48,0x89,0x2b,0xc7,0x43,0x0c,0x00,0x00,0x00,0x00,0x41,0x01,0x53,
    0x0c,0x48,0x83,0xc4,0x10,0x5b,0x5d,0x41,0x5c,0xc3,0x66,0x0f,0x1f,0x44,0x00,0x00,
    0xb8,0xff,0xff,0xff,0xff,0xeb,0xea,0x66,0x0f,0x1f,0x84,0x00,0x00,0x00,0x00,0x00,
    0x41,0x89,0xf2,0x49,0x89,0xd0,0x83,0xfe,0x0a,0x0f,0x8e,0x39,0x01,0x00,0x00,0x44,
    0x8d,0x4e,0xf6,0x48,0x89,0xfa,0x48,0x8d,0x0d,0x13,0x72,0x00,0x00,0x31,0xf6,0x90,
    0x31,0xc0,0xeb,0x0e,0x0f,0x1f,0x40,0x00,0x48,0x83,0xc0,0x01,0x48,0x83,0xf8,0x0b,
    0x74,0x26,0x44,0x0f,0xb6,0x1c,0x01,0x44,0x38,0x1c,0x02,0x74,0xeb,0x48,0x83,0xc6,
    0x01,0x48,0x83,0xc2,0x01,0x4c,0x39,0xce,0x75,0xd6,0x41,0xba,0xff,0xff,0xff,0xff,
    0x44,0x89,0xd0,0xc3,0x0f,0x1f,0x40,0x00,0x48,0x01,0xfe,0x0f,0x84,0xe7,0x00,0x00,
    0x00,0x4d,0x63,0xca,0x48,0x89,0xf0,0x48,0x89,0xf2,0x49,0x01,0xf9,0x4c,0x39,0xce,
    0x72,0x0f,0xeb,0x1c,0x0f,0x1f,0x40,0x00,0x49,0x39,0xc1,0x0f,0x84,0x17,0x01,0x00,
    0x00,0x0f,0xb6,0x08,0x48,0x89,0xc2,0x48,0x8d,0x40,0x01,0x80,0xf9,0x0a,0x75,0xe8,
    0x48,0x83,0xc2,0x01,0x48,0x29,0xf2,0x41,0x39,0xd2,0x0f,0x8c,0xa8,0x00,0x00,0x00,
    0x48,0x63,0xc2,0x41,0x29,0xd2,0x74,0xa8,0x4d,0x63,0xca,0x48,0x8d,0x14,0x07,0x45,
    0x31,0xd2,0x31,0xc9,0x49,0xbb,0xff,0xd9,0xff,0xff,0xfe,0xff,0xff,0xff,0x49,0x01,
    0xd1,0x31,0xf6,0xeb,0x5c,0x0f,0x1f,0x00,0x3c,0x3d,0x74,0x84,0x0f,0xb6,0xf8,0x3c,
    0x39,0x77,0x6d,0x3c,0x2f,0x0f,0x87,0xb5,0x00,0x00,0x00,0x3c,0x2b,0x0f,0x84,0x95,
    0x00,0x00,0x00,0x3c,0x2f,0x75,0x61,0xb8,0x3f,0x00,0x00,0x00,0xc1,0xe6,0x06,0x09,
    0xc6,0x8d,0x41,0x06,0x83,0xf8,0x07,0x7e,0x77,0x83,0xe9,0x02,0x41,0x81,0xfa,0xff,
    0x0f,0x00,0x00,0x7f,0x43,0x89,0xf7,0x49,0x63,0xc2,0x41,0x83,0xc2,0x01,0xd3,0xff,
    0x41,0x88,0x3c,0x00,0x48,0x83,0xc2,0x01,0x49,0x39,0xd1,0x0f,0x84,0x2f,0xff,0xff,
    0xff,0x0f,0xb6,0x02,0x3c,0x2d,0x0f,0x84,0x24,0xff,0xff,0xff,0x3c,0x20,0x77,0x98,
    0x49,0x0f,0xa3,0xc3,0x73,0xde,0xeb,0x10,0x0f,0x1f,0x84,0x00,0x00,0x00,0x00,0x00,
    0x3c,0x5a,0x77,0x14,0x3c,0x40,0x77,0x40,0x41,0xba,0xff,0xff,0xff,0xff,0xe9,0xfd,
    0xfe,0xff,0xff,0x0f,0x1f,0x44,0x00,0x00,0x83,0xe8,0x61,0x3c,0x19,0x77,0xe9,0x8d,
    0x47,0xb9,0xc1,0xe6,0x06,0x09,0xc6,0x8d,0x41,0x06,0x83,0xf8,0x07,0x7f,0x8a,0x90,
    0x89,0xc1,0xeb,0xa0,0x0f,0x1f,0x40,0x00,0xb8,0x3e,0x00,0x00,0x00,0xe9,0x6a,0xff,
    0xff,0xff,0x66,0x0f,0x1f,0x44,0x00,0x00,0x8d,0x47,0xbf,0xe9,0x5c,0xff,0xff,0xff,
    0x8d,0x47,0x04,0xe9,0x54,0xff,0xff,0xff,0x4c,0x89,0xca,0xe9,0xf0,0xfe,0xff,0xff,
    0x41,0x57,0x49,0x89,0xf9,0x66,0x0f,0xef,0xc0,0x41,0x56,0x41,0x55,0x41,0x54,0x55,
    0x53,0x48,0x81,0xec,0xa8,0x02,0x00,0x00,0x4c,0x89,0x44,0x24,0x68,0x48,0x8d,0x9c,
    0x24,0x90,0x01,0x00,0x00,0x48,0x89,0x54,0x24,0x60,0x48,0x89,0xd8,0x48,0x8d,0x94,
    0x24,0xa0,0x02,0x00,0x00,0x48,0x89,0x4c,0x24,0x50,0x48,0x89,0xd9,0x0f,0x29,0x00,
    0x48,0x83,0xc0,0x10,0x48,0x39,0xc2,0x75,0xf4,0x48,0x89,0xf0,0x48,0x89,0x4c,0x24,
    0x70,0x48,0x8d,0xbb,0x08,0x01,0x00,0x00,0x48,0x05,0x00,0x01,0x00,0x00,0x48,0x89,
    0x34,0x24,0x48,0x8d,0xb3,0x00,0x01,0x00,0x00,0x48,0x89,0x44,0x24,0x58,0x4c,0x89,
    0x4c,0x24,0x78,0x49,0x89,0xf1,0x48,0x89,0x5c,0x24,0x08,0x48,0x89,0xfb,0x66,0x90,
    0x48,0x8b,0x04,0x24,0x4c,0x89,0x64,0x24,0x30,0x45,0x31,0xc0,0x48,0x8b,0x74,0x24,
    0x60,0x48,0x8b,0x4c,0x24,0x08,0x4c,0x89,0x6c,0x24,0x38,0x49,0x89,0xdd,0x48,0x8b,
    0x00,0x48,0x89,0xc3,0x0f,0x1f,0x40,0x00,0x48,0x89,0xd8,0x48,0xf7,0x26,0x4c,0x8b,
    0x11,0x45,0x31,0xdb,0x4c,0x01,0xd0,0x4c,0x11,0xda,0x31,0xed,0x4c,0x01,0xc0,0x48,
    0x11,0xea,0x48,0x89,0x01,0x48,0x83,0xc1,0x08,0x48,0x83,0xc6,0x08,0x48,0x89,0xd0,
    0x31,0xd2,0x49,0x89,0xc0,0x4c,0x39,0xc9,0x75,0xce,0x48,0x8b,0x8c,0x24,0x90,0x02,
    0x00,0x00,0x48,0x8b,0x74,0x24,0x50,0x4c,0x89,0x54,0x24,0x40,0x48,0xc7,0x44,0x24,
    0x18,0x00,0x00,0x00,0x00,0x49,0x01,0xc8,0x48,0x89,0x4c,0x24,0x10,0x48,0x03,0x44,
    0x24,0x10,0x48,0x13,0x54,0x24,0x18,0x48,0x8b,0x84,0x24,0x98,0x02,0x00,0x00,0x4c,
    0x89,0x84,0x24,0x90,0x02,0x00,0x00,0x45,0x31,0xc0,0x48,0x8b,0x4c,0x24,0x08,0x4c,
    0x89,0x5c,0x24,0x48,0x4d,0x89,0xeb,0x48,0x01,0xd0,0x48,0x89,0x44,0x24,0x30,0x48,
    0x8b,0x44,0x24,0x68,0x48,0x0f,0xaf,0x84,0x24,0x90,0x01,0x00,0x00,0x48,0x89,0xc3,
    0x48,0x89,0xd8,0x48,0xf7,0x26,0x4c,0x8b,0x31,0x45,0x31,0xff,0x4d,0x89,0xc4,0x4c,
    0x01,0xf0,0x4c,0x11,0xfa,0x45,0x31,0xed,0x4c,0x01,0xc0,0x4c,0x11,0xea,0x48,0x89,
    0x01,0x48,0x83,0xc1,0x08,0x48,0x83,0xc6,0x08,0x48,0x89,0xd0,0x31,0xd2,0x49,0x89,
    0xc0,0x49,0x39,0xc9,0x75,0xca,0x48,0x8b,0x8c,0x24,0x90,0x02,0x00,0x00,0x48,0x8b,
    0x74,0x24,0x30,0x4c,0x89,0xdb,0x48,0xc7,0x44,0x24,0x28,0x00,0x00,0x00,0x00,0x49,
    0x01,0xc8,0x48,0x89,0x4c,0x24,0x20,0x48,0x03,0x44,0x24,0x20,0x48,0x13,0x54,0x24,
    0x28,0x4c,0x89,0x84,0x24,0x90,0x02,0x00,0x00,0x48,0x01,0xd6,0x48,0x8b,0x44,0x24,
    0x08,0x48,0x89,0xb4,0x24,0x98,0x02,0x00,0x00,0x0f,0x1f,0x80,0x00,0x00,0x00,0x00,
    0x48,0x8b,0x50,0x08,0x48,0x83,0xc0,0x08,0x48,0x89,0x50,0xf8,0x48,0x39,0xd8,0x75,
    0xef,0x48,0x83,0x04,0x24,0x08,0x48,0x8b,0x04,0x24,0x48,0x8b,0x74,0x24,0x58,0x48,
    0xc7,0x84,0x24,0x98,0x02,0x00,0x00,0x00,0x00,0x00,0x00,0x48,0x39,0xf0,0x0f,0x85,
    0x8c,0xfe,0xff,0xff,0x48,0x89,0xdf,0x48,0x8b,0x4c,0x24,0x70,0x4c,0x8b,0x4c,0x24,
    0x78,0x31,0xc0,0x48,0x8b,0x5c,0x24,0x08,0x48,0x8b,0x74,0x24,0x50,0x48,0x8d,0x94,
    0x24,0x80,0x00,0x00,0x00,0x0f,0x1f,0x00,0xf3,0x0f,0x6f,0x0c,0x06,0x48,0x83,0xc0,
    0x10,0x0f,0x29,0x4c,0x10,0xf0,0x48,0x3d,0x00,0x01,0x00,0x00,0x75,0xea,0x48,0xc7,
    0x84,0x24,0x80,0x01,0x00,0x00,0x00,0x00,0x00,0x00,0xeb,0x0f,0x49,0x39,0xf0,0x72,
    0x5d,0x48,0x83,0xe8,0x08,0x48,0x83,0xf8,0xf8,0x74,0x0d,0x4c,0x8b,0x04,0x03,0x48,
    0x8b,0x34,0x10,0x4c,0x39,0xc6,0x73,0xe4,0x45,0x31,0xc0,0xeb,0x1a,0x48,0x39,0xf0,
    0x48,0x89,0x01,0x40,0x0f,0x94,0xc6,0x48,0x83,0xc1,0x08,0x48,0x83,0xc2,0x08,0x49,
    0x21,0xf0,0x48,0x39,0xcf,0x74,0x27,0x48,0x8b,0x31,0x48,0x89,0xf0,0x4c,0x29,0xc0,
    0x48,0x2b,0x02,0x48,0x39,0xc6,0x73,0xd5,0x48,0x89,0x01,0x48,0x83,0xc1,0x08,0x41,
    0xb8,0x01,0x00,0x00,0x00,0x48,0x83,0xc2,0x08,0x48,0x39,0xcf,0x75,0xd9,0x31,0xc0,
    0x66,0x0f,0x6f,0x14,0x03,0x41,0x0f,0x11,0x14,0x01,0x48,0x83,0xc0,0x10,0x48,0x3d,
    0x00,0x01,0x00,0x00,0x75,0xea,0x48,0x81,0xc4,0xa8,0x02,0x00,0x00,0x5b,0x5d,0x41,
    0x5c,0x41,0x5d,0x41,0x5e,0x41,0x5f,0xc3,0x0f,0x1f,0x84,0x00,0x00,0x00,0x00,0x00,
    0x8b,0x05,0x6e,0xa9,0x01,0x00,0x41,0x56,0x49,0x89,0xf9,0x55,0x53,0x85,0xc0,0x0f,
    0x84,0x0b,0x01,0x00,0x00,0x48,0x8b,0x3d,0xfc,0x71,0x00,0x00,0x4c,0x8b,0x05,0xed,
    0x71,0x00,0x00,0x31,0xc0,0x49,0xbb,0xb9,0xe5,0xe4,0x1c,0x6d,0x47,0x58,0xbf,0x48,
    0x8b,0x2d,0xd2,0x71,0x00,0x00,0x49,0xba,0xeb,0x11,0x31,0x13,0xbb,0x49,0xd0,0x94,
    0x48,0xbb,0x15,0x7c,0x4a,0x7f,0xb9,0x79,0x37,0x9e,0x66,0x0f,0x1f,0x44,0x00,0x00,
    0x4c,0x89,0xc2,0x48,0x31,0xea,0x48,0x31,0xfa,0x48,0x89,0xd6,0x48,0xc1,0xee,0x1e,
    0x48,0x31,0xd6,0x49,0x0f,0xaf,0xf3,0x48,0x89,0xf2,0x48,0xc1,0xea,0x1b,0x48,0x31,
    0xd6,0x49,0x0f,0xaf,0xf2,0x48,0x89,0xf2,0x48,0xc1,0xea,0x1f,0x48,0x31,0xd6,0x48,
    0x89,0xf2,0x48,0x8d,0x0c,0xf5,0x00,0x00,0x00,0x00,0x48,0x31,0xf7,0x48,0xc1,0xea,
    0x07,0x49,0x31,0xd0,0x48,0x89,0xca,0x48,0xc1,0xea,0x1e,0x48,0x31,0xca,0x49,0x0f,
    0xaf,0xd3,0x48,0x89,0xd1,0x48,0xc1,0xe9,0x1b,0x48,0x31,0xca,0x49,0x0f,0xaf,0xd2,
    0x48,0x89,0xd1,0x48,0x31,0xea,0x48,0xc1,0xe9,0x1f,0x48,0x31,0xca,0x48,0x8d,0x2c,
    0x1a,0x48,0x83,0xf8,0x20,0x74,0x2d,0x31,0xd2,0x0f,0x1f,0x80,0x00,0x00,0x00,0x00,
    0x8d,0x0c,0xd5,0x00,0x00,0x00,0x00,0x49,0x89,0xf6,0x48,0x83,0xc0,0x01,0x83,0xc2,
    0x01,0x49,0xd3,0xee,0x45,0x88,0x74,0x01,0xff,0x83,0xfa,0x07,0x7f,0x22,0x48,0x83,
    0xf8,0x1f,0x76,0xdc,0x5b,0x48,0x89,0x2d,0x0c,0x71,0x00,0x00,0x4c,0x89,0x05,0x0d,
    0x71,0x00,0x00,0x5d,0x48,0x89,0x3d,0x0d,0x71,0x00,0x00,0x41,0x5e,0xc3,0x66,0x90,
    0x48,0x83,0xf8,0x1f,0x0f,0x86,0x36,0xff,0xff,0xff,0xeb,0xd8,0x0f,0x1f,0x40,0x00,
    0xe8,0xdb,0xed,0xff,0xff,0xc7,0x05,0x45,0xa8,0x01,0x00,0x01,0x00,0x00,0x00,0xe9,
    0xe1,0xfe,0xff,0xff,0x66,0x66,0x2e,0x0f,0x1f,0x84,0x00,0x00,0x00,0x00,0x00,0x90,
    0x41,0x57,0x49,0x89,0xd2,0x66,0x0f,0xef,0xc0,0x41,0x56,0x41,0x55,0x41,0x54,0x55,
    0x48,0x89,0xf5,0x53,0x48,0x81,0xec,0x98,0x01,0x00,0x00,0x48,0x89,0x3c,0x24,0x48,
    0x8d,0x94,0x24,0xd0,0x00,0x00,0x00,0x4c,0x8d,0xa4,0x24,0x50,0x01,0x00,0x00,0x48,
    0x89,0xd3,0x48,0x89,0xd0,0x0f,0x1f,0x00,0x0f,0x29,0x00,0x48,0x83,0xc0,0x10,0x4c,
    0x39,0xe0,0x75,0xf4,0x48,0x89,0xd7,0x45,0x31,0xdb,0x66,0x0f,0x1f,0x44,0x00,0x00,
    0x46,0x8b,0x4c,0x9d,0x00,0x31,0xc9,0x31,0xf6,0x0f,0x1f,0x80,0x00,0x00,0x00,0x00,
    0x41,0x8b,0x04,0x8a,0x49,0x0f,0xaf,0xc1,0x48,0x03,0x04,0xcf,0x4c,0x8d,0x04,0x30,
    0x01,0xf0,0x89,0xc0,0x4c,0x89,0xc6,0x48,0x89,0x04,0xcf,0x48,0x83,0xc1,0x01,0x48,
    0xc1,0xee,0x20,0x48,0x83,0xf9,0x08,0x75,0xd7,0x49,0x83,0xc3,0x01,0x48,0x89,0x77,
    0x40,0x48,0x83,0xc7,0x08,0x49,0x83,0xfb,0x08,0x75,0xb5,0x48,0x8d,0x44,0x24,0x10,
    0x48,0x89,0xc1,0x66,0x0f,0x6f,0x03,0x48,0x83,0xc3,0x20,0x0f,0xc6,0x43,0xf0,0x88,
    0x48,0x83,0xc1,0x10,0x0f,0x29,0x41,0xf0,0x4c,0x39,0xe3,0x75,0xe6,0x48,0x8d,0x70,
    0x40,0x48,0x89,0xd1,0x66,0x0f,0xef,0xc9,0x66,0x0f,0x6f,0x00,0x48,0x83,0xc0,0x10,
    0x48,0x83,0xc1,0x20,0x66,0x0f,0x6f,0xd0,0x66,0x0f,0x6a,0xc1,0x66,0x0f,0x62,0xd1,
    0x0f,0x29,0x41,0xf0,0x0f,0x29,0x51,0xe0,0x48,0x39,0xf0,0x75,0xdb,0x66,0x0f,0xef,
    0xc0,0xc7,0x44,0x24,0x0c,0x10,0x00,0x00,0x00,0x4c,0x8d,0x5c,0x24,0x50,0x4c,0x8d,
    0xba,0xc0,0x00,0x00,0x00,0x0f,0x29,0x84,0x24,0x50,0x01,0x00,0x00,0x0f,0x29,0x84,
    0x24,0x60,0x01,0x00,0x00,0x0f,0x29,0x84,0x24,0x70,0x01,0x00,0x00,0x0f,0x29,0x84,
    0x24,0x80,0x01,0x00,0x00,0x0f,0x1f,0x00,0xb9,0x17,0x00,0x00,0x00,0x0f,0x1f,0x00,
    0x48,0x83,0x3c,0xca,0x00,0x0f,0x85,0xc5,0x00,0x00,0x00,0x48,0x83,0xe9,0x01,0x48,
    0x83,0xf9,0x07,0x75,0xeb,0x66,0x0f,0x6f,0x84,0x24,0xd0,0x00,0x00,0x00,0x48,0x8b,
    0x04,0x24,0x0f,0xc6,0x84,0x24,0xe0,0x00,0x00,0x00,0x88,0x0f,0x11,0x00,0x66,0x0f,
    0x6f,0x84,0x24,0xf0,0x00,0x00,0x00,0x0f,0xc6,0x84,0x24,0x00,0x01,0x00,0x00,0x88,
    0x0f,0x11,0x40,0x10,0x66,0x0f,0x6f,0x05,0x94,0x6e,0x00,0x00,0xb8,0x1c,0x00,0x00,
    0x00,0x0f,0x29,0x44,0x24,0x50,0x66,0x0f,0x6f,0x05,0x92,0x6e,0x00,0x00,0x0f,0x29,
    0x44,0x24,0x60,0x0f,0x1f,0x44,0x00,0x00,0x48,0x8b,0x1c,0x24,0x41,0x8b,0x0c,0x03,
    0x8b,0x14,0x03,0x39,0xca,0x72,0x3e,0x39,0xd1,0x72,0x0a,0x48,0x83,0xe8,0x04,0x48,
    0x83,0xf8,0xfc,0x75,0xe3,0x31,0xd2,0x31,0xc9,0x0f,0x1f,0x80,0x00,0x00,0x00,0x00,
    0x48,0x8b,0x1c,0x24,0x41,0x8b,0x34,0x13,0x8b,0x04,0x13,0x48,0x29,0xf0,0x48,0x29,
    0xc8,0x89,0x04,0x13,0x48,0xc1,0xe8,0x3f,0x48,0x83,0xc2,0x04,0x48,0x89,0xc1,0x48,
    0x83,0xfa,0x20,0x75,0xdb,0x48,0x81,0xc4,0x98,0x01,0x00,0x00,0x5b,0x5d,0x41,0x5c,
    0x41,0x5d,0x41,0x5e,0x41,0x5f,0xc3,0x66,0x0f,0x1f,0x84,0x00,0x00,0x00,0x00,0x00,
    0x83,0xe9,0x07,0x31,0xc0,0x0f,0x1f,0x00,0x48,0x8b,0x74,0xc2,0x40,0x49,0x89,0x34,
    0xc3,0x48,0x83,0xc0,0x01,0x39,0xc1,0x7f,0xef,0x48,0x8d,0x84,0x24,0x10,0x01,0x00,
    0x00,0x0f,0x1f,0x80,0x00,0x00,0x00,0x00,0x0f,0x29,0x00,0x48,0x83,0xc0,0x10,0x4c,
    0x39,0xf8,0x75,0xf4,0x4c,0x8b,0x84,0x24,0x00,0x01,0x00,0x00,0x4c,0x8b,0xa4,0x24,
    0xe8,0x00,0x00,0x00,0x31,0xc0,0x48,0x8b,0xac,0x24,0xf0,0x00,0x00,0x00,0x4c,0x8b,
    0xb4,0x24,0xf8,0x00,0x00,0x00,0x48,0x8b,0xbc,0x24,0xd0,0x00,0x00,0x00,0x48,0x8b,
    0x9c,0x24,0xd8,0x00,0x00,0x00,0x4c,0x8b,0xac,0x24,0xe0,0x00,0x00,0x00,0xeb,0x06,
    0x4d,0x89,0xd5,0x4d,0x89,0xce,0x49,0x8b,0x34,0xc3,0x4d,0x89,0xe2,0x4d,0x89,0xc1,
    0x49,0x89,0xec,0x4c,0x89,0xf5,0x48,0x01,0xf7,0x49,0x29,0xf2,0x49,0x29,0xf1,0x48,
    0x03,0x74,0xc2,0x38,0x48,0x89,0x3c,0xc2,0x49,0x89,0xf0,0x48,0x89,0xdf,0x4c,0x89,
    0xeb,0x4c,0x89,0x54,0xc2,0x18,0x4c,0x89,0x4c,0xc2,0x30,0x48,0x89,0x74,0xc2,0x38,
    0x48,0x83,0xc0,0x01,0x39,0xc1,0x7f,0xb8,0x48,0x8b,0x8c,0x24,0xd0,0x00,0x00,0x00,
    0x48,0x8d,0x84,0x24,0xd8,0x00,0x00,0x00,0x0f,0x1f,0x84,0x00,0x00,0x00,0x00,0x00,
    0x89,0xce,0x48,0xc1,0xf9,0x20,0x48,0x03,0x08,0x48,0x83,0xc0,0x08,0x48,0x89,0x70,
    0xf0,0x48,0x89,0x48,0xf8,0x49,0x39,0xc7,0x75,0xe6,0x83,0x6c,0x24,0x0c,0x01,0x0f,
    0x85,0x33,0xfe,0xff,0xff,0xe9,0x4b,0xfe,0xff,0xff,0x66,0x0f,0x1f,0x44,0x00,0x00,
    0x41,0x57,0x41,0x56,0x41,0x55,0x49,0x89,0xd5,0x41,0x54,0x55,0x48,0x8d,0x6a,0x40,
    0x48,0x8d,0x52,0x60,0x53,0x48,0x89,0xe8,0x48,0x83,0xec,0x78,0x48,0x89,0x3c,0x24,
    0x48,0x89,0x74,0x24,0x08,0x0f,0x1f,0x00,0x8b,0x08,0x85,0xc9,0x75,0x33,0x48,0x83,
    0xc0,0x04,0x48,0x39,0xc2,0x75,0xf1,0x48,0x8b,0x04,0x24,0x66,0x0f,0xef,0xc0,0x0f,
    0x11,0x00,0x0f,0x11,0x40,0x10,0x48,0x8b,0x44,0x24,0x08,0x0f,0x11,0x00,0x0f,0x11,
    0x40,0x10,0x48,0x83,0xc4,0x78,0x5b,0x5d,0x41,0x5c,0x41,0x5d,0x41,0x5e,0x41,0x5f,
    0xc3,0x66,0x0f,0x6f,0x05,0xc7,0x6c,0x00,0x00,0x4c,0x8d,0x64,0x24,0x30,0x48,0x8d,
    0x5c,0x24,0x4c,0x4c,0x8d,0x74,0x24,0x50,0x0f,0x29,0x44,0x24,0x30,0x66,0x0f,0x6f,
    0x05,0x9b,0x6c,0x00,0x00,0x0f,0x29,0x44,0x24,0x40,0x66,0x0f,0x6f,0x05,0xae,0x6c,
    0x00,0x00,0x0f,0x29,0x44,0x24,0x50,0x66,0x0f,0xef,0xc0,0x0f,0x29,0x44,0x24,0x60,
    0x41,0xbf,0x1f,0x00,0x00,0x00,0xeb,0x0e,0x0f,0x1f,0x84,0x00,0x00,0x00,0x00,0x00,
    0x41,0x83,0xef,0x01,0x72,0x2a,0x4c,0x89,0xf2,0x4c,0x89,0xf6,0x4c,0x89,0xf7,0xe8,
    0x3c,0xfc,0xff,0xff,0x8b,0x13,0x44,0x0f,0xa3,0xfa,0x73,0xe4,0x48,0x89,0xea,0x4c,
    0x89,0xf6,0x4c,0x89,0xf7,0xe8,0x26,0xfc,0xff,0xff,0x41,0x83,0xef,0x01,0x73,0xd6,
    0x48,0x8d,0x43,0xfc,0x49,0x39,0xdc,0x74,0x05,0x48,0x89,0xc3,0xeb,0xb2,0x66,0x0f,
    0x6f,0x4c,0x24,0x50,0x66,0x0f,0x6f,0x54,0x24,0x60,0x48,0x8d,0x5c,0x24,0x10,0x4c,
    0x89,0xe7,0x48,0x89,0xda,0x48,0x89,0xde,0x0f,0x29,0x4c,0x24,0x10,0x0f,0x29,0x54,
    0x24,0x20,0xe8,0xe9,0xfb,0xff,0xff,0x48,0x89,0xda,0x4c,0x89,0xe6,0x4c,0x89,0xf7,
    0xe8,0xdb,0xfb,0xff,0xff,0x48,0x8b,0x3c,0x24,0x4c,0x89,0xe2,0x4c,0x89,0xee,0xe8,
    0xcc,0xfb,0xff,0xff,0x48,0x8b,0x7c,0x24,0x08,0x49,0x8d,0x75,0x20,0x4c,0x89,0xf2,
    0xe8,0xbb,0xfb,0xff,0xff,0x48,0x83,0xc4,0x78,0x5b,0x5d,0x41,0x5c,0x41,0x5d,0x41,
    0x5e,0x41,0x5f,0xc3,0x66,0x66,0x2e,0x0f,0x1f,0x84,0x00,0x00,0x00,0x00,0x00,0x90,
    0x31,0xc9,0x45,0x31,0xc0,0x0f,0x1f,0x00,0x8b,0x04,0x0e,0x44,0x8b,0x0c,0x0a,0x4c,
    0x29,0xc8,0x4c,0x29,0xc0,0x89,0x04,0x0f,0x48,0xc1,0xe8,0x3f,0x48,0x83,0xc1,0x04,
    0x49,0x89,0xc0,0x48,0x83,0xf9,0x20,0x75,0xdf,0x48,0x85,0xc0,0x74,0x52,0x48,0x83,
    0xec,0x28,0x66,0x0f,0x6f,0x05,0x76,0x6b,0x00,0x00,0x31,0xc0,0x31,0xd2,0x49,0x89,
    0xe0,0x0f,0x29,0x04,0x24,0x66,0x0f,0x6f,0x05,0x73,0x6b,0x00,0x00,0x0f,0x29,0x44,
    0x24,0x10,0x66,0x0f,0x1f,0x44,0x00,0x00,0x8b,0x0c,0x07,0x41,0x8b,0x34,0x00,0x48,
    0x01,0xf1,0x48,0x01,0xca,0x89,0x14,0x07,0x48,0x83,0xc0,0x04,0x48,0xc1,0xea,0x20,
    0x48,0x83,0xf8,0x20,0x75,0xe2,0x48,0x83,0xc4,0x28,0xc3,0x0f,0x1f,0x44,0x00,0x00,
    0xc3,0x66,0x66,0x2e,0x0f,0x1f,0x84,0x00,0x00,0x00,0x00,0x00,0x0f,0x1f,0x40,0x00,
    0x49,0x89,0xf8,0x48,0x83,0xec,0x28,0x31,0xc9,0x31,0xff,0x0f,0x1f,0x44,0x00,0x00,
    0x8b,0x04,0x0e,0x44,0x8b,0x0c,0x0a,0x4c,0x01,0xc8,0x48,0x01,0xf8,0x41,0x89,0x04,
    0x08,0x48,0xc1,0xe8,0x20,0x48,0x83,0xc1,0x04,0x48,0x89,0xc7,0x48,0x83,0xf9,0x20,
    0x75,0xde,0x66,0x0f,0x6f,0x05,0xe6,0x6a,0x00,0x00,0x0f,0x29,0x04,0x24,0x66,0x0f,
    0x6f,0x05,0xea,0x6a,0x00,0x00,0x0f,0x29,0x44,0x24,0x10,0x48,0x85,0xc0,0x75,0x60,
    0xb8,0x1c,0x00,0x00,0x00,0x48,0x89,0xe6,0x0f,0x1f,0x84,0x00,0x00,0x00,0x00,0x00,
    0x41,0x8b,0x14,0x00,0x8b,0x0c,0x06,0x39,0xca,0x72,0x37,0x39,0xd1,0x72,0x0a,0x48,
    0x83,0xe8,0x04,0x48,0x83,0xf8,0xfc,0x75,0xe7,0x31,0xd2,0x0f,0x1f,0x44,0x00,0x00,
    0x41,0x8b,0x04,0x10,0x8b,0x0c,0x16,0x48,0x29,0xc8,0x48,0x29,0xf8,0x41,0x89,0x04,
    0x10,0x48,0xc1,0xe8,0x3f,0x48,0x83,0xc2,0x04,0x48,0x89,0xc7,0x48,0x83,0xfa,0x20,
    0x75,0xde,0x48,0x83,0xc4,0x28,0xc3,0x66,0x0f,0x1f,0x84,0x00,0x00,0x00,0x00,0x00,
    0x31,0xd2,0x31,0xff,0x48,0x89,0xe6,0xeb,0xc7,0x0f,0x1f,0x80,0x00,0x00,0x00,0x00,
    0x41,0x57,0x48,0x8d,0x56,0x60,0x41,0x56,0x41,0x55,0x41,0x54,0x4c,0x8d,0x66,0x40,
    0x55,0x4c,0x89,0xe0,0x48,0x89,0xfd,0x53,0x48,0x89,0xf3,0x48,0x81,0xec,0xd8,0x00,
    0x00,0x00,0x66,0x0f,0x1f,0x44,0x00,0x00,0x8b,0x08,0x85,0xc9,0x75,0x42,0x48,0x83,
    0xc0,0x04,0x48,0x39,0xd0,0x75,0xf1,0x48,0x89,0xe8,0x48,0x8d,0x55,0x60,0x66,0x0f,
    0xef,0xc0,0x66,0x0f,0x1f,0x44,0x00,0x00,0x0f,0x11,0x00,0x48,0x83,0xc0,0x10,0x48,
    0x39,0xc2,0x75,0xf4,0x48,0x81,0xc4,0xd8,0x00,0x00,0x00,0x5b,0x5d,0x41,0x5c,0x41,
    0x5d,0x41,0x5e,0x41,0x5f,0xc3,0x66,0x2e,0x0f,0x1f,0x84,0x00,0x00,0x00,0x00,0x00,
    0x4c,0x8d,0x7b,0x20,0x4c,0x89,0xf8,0x66,0x0f,0x1f,0x84,0x00,0x00,0x00,0x00,0x00,
    0x8b,0x10,0x85,0xd2,0x75,0x2a,0x48,0x83,0xc0,0x04,0x4c,0x39,0xe0,0x75,0xf1,0x48,
    0x89,0xe8,0x48,0x8d,0x55,0x60,0x66,0x0f,0xef,0xc0,0x66,0x0f,0x1f,0x44,0x00,0x00,
    0x0f,0x11,0x00,0x48,0x83,0xc0,0x10,0x48,0x39,0xc2,0x75,0xf4,0xeb,0xa6,0x66,0x90,
    0x4c,0x8d,0x6c,0x24,0x30,0x4c,0x89,0xfa,0x4c,0x89,0xfe,0x4c,0x89,0xef,0x4c,0x8d,
    0xb4,0x24,0xb0,0x00,0x00,0x00,0xe8,0x85,0xf9,0xff,0xff,0x48,0x8d,0x4c,0x24,0x50,
    0x4c,0x89,0xea,0x4c,0x89,0xee,0x48,0x89,0xcf,0x48,0x89,0x4c,0x24,0x08,0xe8,0x6d,
    0xf9,0xff,0xff,0x48,0x8d,0x44,0x24,0x70,0x4c,0x89,0xea,0x48,0x89,0xde,0x48,0x89,
    0xc7,0x48,0x89,0x04,0x24,0x4c,0x8d,0x6c,0x24,0x10,0xe8,0x51,0xf9,0xff,0xff,0x4c,
    0x89,0xe2,0x4c,0x89,0xe6,0x4c,0x89,0xf7,0xe8,0x43,0xf9,0xff,0xff,0x4c,0x89,0xf2,
    0x4c,0x89,0xf6,0x4c,0x89,0xf7,0xe8,0x35,0xf9,0xff,0xff,0x48,0x89,0xda,0x48,0x89,
    0xde,0x4c,0x89,0xef,0xe8,0x27,0xf9,0xff,0xff,0x48,0x8d,0x9c,0x24,0x90,0x00,0x00,
    0x00,0x4c,0x89,0xea,0x4c,0x89,0xee,0x48,0x89,0xdf,0xe8,0x01,0xfe,0xff,0xff,0x48,
    0x89,0xda,0x4c,0x89,0xee,0x4c,0x89,0xef,0xe8,0xf3,0xfd,0xff,0xff,0x4c,0x89,0xf2,
    0x4c,0x89,0xf6,0x48,0x89,0xdf,0xe8,0xe5,0xfd,0xff,0xff,0x4c,0x89,0xf2,0x48,0x89,
    0xde,0x48,0x89,0xdf,0xe8,0xd7,0xfd,0xff,0xff,0x4c,0x8d,0x75,0x40,0x48,0x89,0xda,
    0x4c,0x89,0xee,0x4c,0x89,0xef,0xe8,0x35,0xfd,0xff,0xff,0x4c,0x89,0xe2,0x4c,0x89,
    0xfe,0x4c,0x89,0xf7,0xe8,0xc7,0xf8,0xff,0xff,0x4c,0x89,0xf2,0x4c,0x89,0xf6,0x4c,
    0x89,0xf7,0xe8,0xa9,0xfd,0xff,0xff,0x4c,0x89,0xea,0x4c,0x89,0xee,0x48,0x89,0xef,
    0xe8,0xab,0xf8,0xff,0xff,0x48,0x8b,0x04,0x24,0x48,0x89,0xdf,0x48,0x89,0xc2,0x48,
    0x89,0xc6,0xe8,0x89,0xfd,0xff,0xff,0x48,0x89,0xda,0x48,0x89,0xde,0x48,0x89,0xdf,
    0xe8,0x7b,0xfd,0xff,0xff,0x48,0x89,0xda,0x48,0x89,0xde,0x48,0x89,0xdf,0xe8,0x6d,
    0xfd,0xff,0xff,0x48,0x89,0xda,0x48,0x89,0xee,0x48,0x89,0xef,0xe8,0xcf,0xfc,0xff,
    0xff,0x48,0x8b,0x04,0x24,0x48,0x89,0xdf,0x48,0x89,0xc2,0x48,0x89,0xc6,0xe8,0x4d,
    0xfd,0xff,0xff,0x48,0x89,0xda,0x48,0x89,0xde,0x48,0x89,0xdf,0xe8,0x3f,0xfd,0xff,
    0xff,0x48,0x89,0xea,0x48,0x89,0xde,0x48,0x83,0xc5,0x20,0x48,0x89,0xdf,0xe8,0x9d,
    0xfc,0xff,0xff,0x48,0x89,0xda,0x4c,0x89,0xee,0x48,0x89,0xef,0xe8,0x2f,0xf8,0xff,
    0xff,0x48,0x8b,0x4c,0x24,0x08,0x48,0x89,0xdf,0x48,0x89,0xca,0x48,0x89,0xce,0xe8,
    0x0c,0xfd,0xff,0xff,0x48,0x89,0xda,0x48,0x89,0xde,0x48,0x89,0xdf,0xe8,0xfe,0xfc,
    0xff,0xff,0x48,0x89,0xda,0x48,0x89,0xde,0x48,0x89,0xdf,0xe8,0xf0,0xfc,0xff,0xff,
    0x48,0x89,0xda,0x48,0x89,0xee,0x48,0x89,0xef,0xe8,0x52,0xfc,0xff,0xff,0xe9,0xf1,
    0xfd,0xff,0xff,0x66,0x66,0x2e,0x0f,0x1f,0x84,0x00,0x00,0x00,0x00,0x00,0x66,0x90,
    0x41,0x57,0x48,0x8d,0x46,0x40,0x41,0x56,0x41,0x55,0x49,0x89,0xd5,0x41,0x54,0x49,
    0x89,0xfc,0x55,0x48,0x89,0xcd,0x53,0x48,0x89,0xf3,0x48,0x8d,0x76,0x60,0x48,0x81,
    0xec,0xa8,0x01,0x00,0x00,0x0f,0x1f,0x00,0x8b,0x38,0x85,0xff,0x75,0x62,0x48,0x83,
    0xc0,0x04,0x48,0x39,0xc6,0x75,0xf1,0xf3,0x41,0x0f,0x6f,0x4d,0x00,0x66,0x0f,0x6f,
    0x05,0xdb,0x67,0x00,0x00,0x41,0x0f,0x11,0x0c,0x24,0xf3,0x41,0x0f,0x6f,0x55,0x10,
    0x41,0x0f,0x11,0x54,0x24,0x10,0xf3,0x0f,0x6f,0x5d,0x00,0x41,0x0f,0x11,0x5c,0x24,
    0x20,0xf3,0x0f,0x6f,0x65,0x10,0x41,0x0f,0x11,0x44,0x24,0x40,0x66,0x0f,0xef,0xc0,
    0x41,0x0f,0x11,0x64,0x24,0x30,0x41,0x0f,0x11,0x44,0x24,0x50,0x48,0x81,0xc4,0xa8,
    0x01,0x00,0x00,0x5b,0x5d,0x41,0x5c,0x41,0x5d,0x41,0x5e,0x41,0x5f,0xc3,0x66,0x90,
    0xf3,0x0f,0x6f,0x2b,0xf3,0x0f,0x6f,0x73,0x10,0x48,0x8d,0x44,0x24,0x60,0x4c,0x8d,
    0xb4,0x24,0x80,0x00,0x00,0x00,0xf3,0x0f,0x6f,0x7b,0x20,0x48,0x89,0xc2,0x48,0x89,
    0xc6,0x4c,0x89,0xf7,0x0f,0x29,0x6c,0x24,0x20,0xf3,0x0f,0x6f,0x6b,0x30,0x4c,0x8d,
    0xbc,0x24,0xa0,0x00,0x00,0x00,0x0f,0x29,0x74,0x24,0x30,0xf3,0x0f,0x6f,0x73,0x40,
    0x0f,0x29,0x7c,0x24,0x40,0xf3,0x0f,0x6f,0x7b,0x50,0x48,0x89,0x44,0x24,0x08,0x0f,
    0x29,0x6c,0x24,0x50,0x0f,0x29,0x74,0x24,0x60,0x0f,0x29,0x7c,0x24,0x70,0xe8,0xed,
    0xf6,0xff,0xff,0x48,0x8b,0x54,0x24,0x08,0x4c,0x89,0xff,0x4c,0x89,0xf6,0xe8,0xdd,
    0xf6,0xff,0xff,0x48,0x8d,0x84,0x24,0xc0,0x00,0x00,0x00,0x4c,0x89,0xee,0x4c,0x89,
    0xf2,0x48,0x89,0xc7,0x4c,0x8d,0xac,0x24,0xe0,0x00,0x00,0x00,0x48,0x89,0x44,0x24,
    0x10,0xe8,0xba,0xf6,0xff,0xff,0x4c,0x89,0xfa,0x48,0x89,0xee,0x4c,0x89,0xef,0xe8,
    0xac,0xf6,0xff,0xff,0x4c,0x8d,0xbc,0x24,0x00,0x01,0x00,0x00,0x48,0x8b,0x74,0x24,
    0x10,0x48,0x8d,0x54,0x24,0x20,0x4c,0x89,0xff,0x48,0x89,0x54,0x24,0x18,0x48,0x8d,
    0xac,0x24,0x60,0x01,0x00,0x00,0xe8,0xe5,0xfa,0xff,0xff,0x48,0x8d,0x44,0x24,0x40,
    0x4c,0x89,0xee,0x48,0x89,0xef,0x48,0x89,0xc2,0x48,0x89,0x44,0x24,0x10,0xe8,0xcd,
    0xfa,0xff,0xff,0x8b,0x84,0x24,0x00,0x01,0x00,0x00,0x0b,0x84,0x24,0x60,0x01,0x00,
    0x00,0x75,0x3d,0x31,0xc0,0x41,0x8b,0x0c,0x07,0x85,0xc9,0x75,0x33,0x8b,0x54,0x05,
    0x00,0x85,0xd2,0x75,0x2b,0x48,0x83,0xc0,0x04,0x48,0x83,0xf8,0x20,0x75,0xe6,0x48,
    0x81,0xc4,0xa8,0x01,0x00,0x00,0x48,0x89,0xde,0x4c,0x89,0xe7,0x5b,0x5d,0x41,0x5c,
    0x41,0x5d,0x41,0x5e,0x41,0x5f,0xe9,0xd5,0xfb,0xff,0xff,0x0f,0x1f,0x44,0x00,0x00,
    0x4c,0x8d,0xb4,0x24,0x20,0x01,0x00,0x00,0x4c,0x8d,0xac,0x24,0x40,0x01,0x00,0x00,
    0x4c,0x89,0xfa,0x4c,0x89,0xfe,0x4c,0x89,0xf7,0x48,0x8d,0x9c,0x24,0x80,0x01,0x00,
    0x00,0xe8,0xfa,0xf5,0xff,0xff,0x4c,0x89,0xfa,0x4c,0x89,0xf6,0x4c,0x89,0xef,0xe8,
    0xec,0xf5,0xff,0xff,0x48,0x8b,0x74,0x24,0x18,0x4c,0x89,0xf2,0x48,0x89,0xdf,0x4d,
    0x8d,0x74,0x24,0x20,0xe8,0xd7,0xf5,0xff,0xff,0x48,0x89,0xea,0x48,0x89,0xee,0x4c,
    0x89,0xe7,0xe8,0xc9,0xf5,0xff,0xff,0x4c,0x89,0xe7,0x4c,0x89,0xea,0x4c,0x89,0xe6,
    0xe8,0x1b,0xfa,0xff,0xff,0x48,0x89,0xda,0x4c,0x89,0xe6,0xe8,0x10,0xfa,0xff,0xff,
    0x48,0x89,0xda,0x4c,0x89,0xe6,0xe8,0x05,0xfa,0xff,0xff,0x4c,0x89,0xf7,0x4c,0x89,
    0xe2,0x48,0x89,0xde,0xe8,0xf7,0xf9,0xff,0xff,0x48,0x89,0xea,0x4c,0x89,0xf6,0xe8,
    0x8c,0xf5,0xff,0xff,0x48,0x8b,0x54,0x24,0x10,0x4c,0x89,0xee,0x48,0x89,0xdf,0xe8,
    0x7c,0xf5,0xff,0xff,0x48,0x89,0xda,0x4c,0x89,0xf6,0x4c,0x89,0xf7,0xe8,0xce,0xf9,
    0xff,0xff,0x48,0x8b,0x74,0x24,0x08,0x49,0x8d,0x7c,0x24,0x40,0x4c,0x89,0xfa,0xe8,
    0x5c,0xf5,0xff,0xff,0xe9,0xf3,0xfd,0xff,0xff,0x0f,0x1f,0x80,0x00,0x00,0x00,0x00,
    0x41,0x57,0x41,0x56,0x49,0x89,0xd6,0x31,0xd2,0x41,0x55,0x41,0x54,0x55,0x53,0x48,
    0x89,0xfb,0x48,0x81,0xec,0xb8,0x00,0x00,0x00,0x48,0x89,0x74,0x24,0x08,0xeb,0x0e,
    0x48,0x83,0xc2,0x01,0x48,0x83,0xfa,0x20,0x0f,0x84,0x42,0x01,0x00,0x00,0x0f,0xb6,
    0x04,0x13,0x84,0xc0,0x74,0xea,0xa8,0x80,0x0f,0xb6,0xc8,0xb8,0x07,0x00,0x00,0x00,
    0x75,0x10,0x66,0x0f,0x1f,0x44,0x00,0x00,0x83,0xe8,0x01,0x72,0xd3,0x0f,0xa3,0xc1,
    0x73,0xf6,0xb9,0x1f,0x00,0x00,0x00,0x4c,0x8d,0x64,0x24,0x10,0x48,0x8d,0x6c,0x24,
    0x30,0x29,0xd1,0x48,0x8d,0x35,0x86,0x62,0x00,0x00,0x4c,0x89,0xe7,0x44,0x8d,0x0c,
    0xc8,0x4c,0x8d,0x6c,0x24,0x50,0xe8,0xa5,0xed,0xff,0xff,0x48,0x8d,0x35,0x4e,0x62,
    0x00,0x00,0x48,0x89,0xef,0x45,0x8d,0x79,0xff,0xe8,0x92,0xed,0xff,0xff,0x66,0x0f,
    0x6f,0x05,0xfa,0x64,0x00,0x00,0x66,0x0f,0x6f,0x4c,0x24,0x10,0x66,0x0f,0x6f,0x54,
    0x24,0x20,0x66,0x0f,0x6f,0x5c,0x24,0x30,0x66,0x0f,0x6f,0x64,0x24,0x40,0x0f,0x29,
    0x84,0x24,0x90,0x00,0x00,0x00,0x66,0x0f,0xef,0xc0,0x0f,0x29,0x4c,0x24,0x50,0x0f,
    0x29,0x54,0x24,0x60,0x0f,0x29,0x5c,0x24,0x70,0x0f,0x29,0xa4,0x24,0x80,0x00,0x00,
    0x00,0x0f,0x29,0x84,0x24,0xa0,0x00,0x00,0x00,0x45,0x85,0xc9,0x75,0x08,0xeb,0x4c,
    0x41,0x83,0xef,0x01,0x72,0x46,0x4c,0x89,0xee,0x4c,0x89,0xef,0xe8,0x0f,0xfa,0xff,
    0xff,0x45,0x85,0xff,0x41,0x8d,0x47,0x07,0x41,0x0f,0x49,0xc7,0xc1,0xf8,0x03,0xf7,
    0xd8,0x83,0xc0,0x1f,0x48,0x98,0x0f,0xb6,0x14,0x03,0x44,0x89,0xf8,0x83,0xe0,0x07,
    0x0f,0xa3,0xc2,0x73,0xcb,0x48,0x89,0xe9,0x4c,0x89,0xe2,0x4c,0x89,0xee,0x4c,0x89,
    0xef,0xe8,0x4a,0xfc,0xff,0xff,0x41,0x83,0xef,0x01,0x73,0xba,0x4c,0x89,0xea,0x48,
    0x89,0xee,0x4c,0x89,0xe7,0xe8,0x16,0xf7,0xff,0xff,0x48,0x8b,0x7c,0x24,0x08,0x4c,
    0x89,0xe6,0xe8,0x19,0xed,0xff,0xff,0x48,0x89,0xee,0x4c,0x89,0xf7,0xe8,0x0e,0xed,
    0xff,0xff,0x48,0x81,0xc4,0xb8,0x00,0x00,0x00,0x31,0xc0,0x5b,0x5d,0x41,0x5c,0x41,
    0x5d,0x41,0x5e,0x41,0x5f,0xc3,0x66,0x2e,0x0f,0x1f,0x84,0x00,0x00,0x00,0x00,0x00,
    0x4c,0x8d,0x6c,0x24,0x50,0x48,0x8d,0x94,0x24,0xb0,0x00,0x00,0x00,0x66,0x0f,0xef,
    0xc0,0x4c,0x89,0xe8,0x0f,0x1f,0x40,0x00,0x0f,0x29,0x00,0x48,0x83,0xc0,0x10,0x48,
    0x39,0xd0,0x75,0xf4,0x4c,0x8d,0x64,0x24,0x10,0x48,0x8d,0x6c,0x24,0x30,0xeb,0x8c,
    0x41,0x57,0x49,0x89,0xc9,0x41,0x56,0x41,0x55,0x41,0x54,0x55,0x48,0x89,0xf5,0x48,
    0x89,0xd6,0x53,0x48,0x81,0xec,0x78,0x01,0x00,0x00,0x4c,0x8d,0x64,0x24,0x10,0x4c,
    0x8d,0x6c,0x24,0x30,0x48,0x89,0x3c,0x24,0x4c,0x89,0xe7,0x4c,0x8d,0x7c,0x24,0x50,
    0x4c,0x8d,0xb4,0x24,0x90,0x00,0x00,0x00,0xe8,0x43,0xec,0xff,0xff,0x4c,0x89,0xce,
    0x4c,0x89,0xef,0x48,0x8d,0x9c,0x24,0xb0,0x00,0x00,0x00,0xe8,0x30,0xec,0xff,0xff,
    0x4c,0x89,0xea,0x4c,0x89,0xee,0x4c,0x89,0xff,0xe8,0x52,0xf3,0xff,0xff,0x4c,0x89,
    0xf7,0x4c,0x89,0xe2,0x4c,0x89,0xe6,0xe8,0x44,0xf3,0xff,0xff,0x4c,0x89,0xf6,0x48,
    0x89,0xdf,0x4c,0x89,0xe2,0xe8,0x36,0xf3,0xff,0xff,0x48,0x8d,0x84,0x24,0xd0,0x00,
    0x00,0x00,0x4c,0x89,0xf6,0x4c,0x89,0xe2,0x48,0x89,0xc7,0x49,0x89,0xc6,0x48,0x89,
    0x44,0x24,0x08,0xe8,0x18,0xf3,0xff,0xff,0x48,0x89,0xdf,0x4c,0x89,0xe2,0x4c,0x89,
    0xe6,0xe8,0x0a,0xf3,0xff,0xff,0x48,0x89,0xde,0x4c,0x89,0xf7,0x4c,0x89,0xf3,0x4c,
    0x89,0xe2,0x4c,0x8d,0xb4,0x24,0xf0,0x00,0x00,0x00,0xe8,0xf1,0xf2,0xff,0xff,0x4c,
    0x89,0xe2,0x4c,0x89,0xe6,0x4c,0x89,0xf7,0xe8,0xd3,0xf7,0xff,0xff,0x4c,0x8d,0x54,
    0x24,0x70,0x4c,0x89,0xe2,0x4c,0x89,0xf6,0x4c,0x89,0xf7,0xe8,0xc0,0xf7,0xff,0xff,
    0x4c,0x89,0xf2,0x48,0x89,0xde,0x4c,0x89,0xd7,0xe8,0x22,0xf7,0xff,0xff,0x48,0x8d,
    0x9c,0x24,0x10,0x01,0x00,0x00,0x48,0x8d,0x35,0x13,0x60,0x00,0x00,0x48,0x89,0xdf,
    0xe8,0x7b,0xeb,0xff,0xff,0x48,0x89,0xda,0x4c,0x89,0xd6,0x4c,0x89,0xd7,0xe8,0x8d,
    0xf7,0xff,0xff,0xb8,0x1c,0x00,0x00,0x00,0x0f,0x1f,0x84,0x00,0x00,0x00,0x00,0x00,
    0x41,0x8b,0x14,0x07,0x41,0x8b,0x0c,0x02,0x39,0xca,0x0f,0x82,0x10,0x01,0x00,0x00,
    0x39,0xd1,0x0f,0x82,0x08,0x01,0x00,0x00,0x48,0x83,0xe8,0x04,0x48,0x83,0xf8,0xfc,
    0x75,0xde,0x31,0xd2,0xeb,0x18,0x66,0x2e,0x0f,0x1f,0x84,0x00,0x00,0x00,0x00,0x00,
    0x48,0x83,0xc2,0x01,0x48,0x83,0xfa,0x20,0x0f,0x84,0xd2,0x00,0x00,0x00,0x0f,0xb6,
    0x44,0x15,0x00,0x84,0xc0,0x74,0xe9,0xa8,0x80,0x0f,0xb6,0xc8,0xb8,0x07,0x00,0x00,
    0x00,0x75,0x0f,0x0f,0x1f,0x44,0x00,0x00,0x83,0xe8,0x01,0x72,0xd3,0x0f,0xa3,0xc1,
    0x73,0xf6,0xb9,0x1f,0x00,0x00,0x00,0x66,0x0f,0xef,0xc0,0x29,0xd1,0x48,0x8d,0x94,
    0x24,0x70,0x01,0x00,0x00,0x44,0x8d,0x3c,0xc8,0x48,0x89,0xd8,0x0f,0x1f,0x40,0x00,
    0x0f,0x29,0x00,0x48,0x83,0xc0,0x10,0x48,0x39,0xd0,0x75,0xf4,0xeb,0x19,0x66,0x90,
    0x4c,0x89,0xe9,0x4c,0x89,0xe2,0x48,0x89,0xde,0x48,0x89,0xdf,0xe8,0x0f,0xfa,0xff,
    0xff,0x41,0x83,0xef,0x01,0x72,0x36,0x48,0x89,0xde,0x48,0x89,0xdf,0xe8,0x8e,0xf7,
    0xff,0xff,0x45,0x85,0xff,0x41,0x8d,0x47,0x07,0x41,0x0f,0x49,0xc7,0xc1,0xf8,0x03,
    0xf7,0xd8,0x83,0xc0,0x1f,0x48,0x98,0x0f,0xb6,0x54,0x05,0x00,0x44,0x89,0xf8,0x83,
    0xe0,0x07,0x0f,0xa3,0xc2,0x72,0xb9,0x41,0x83,0xef,0x01,0x73,0xca,0x48,0x89,0xda,
    0x48,0x8b,0x5c,0x24,0x08,0x4c,0x89,0xf6,0x48,0x89,0xdf,0xe8,0xa0,0xf4,0xff,0xff,
    0x48,0x8b,0x3c,0x24,0x48,0x89,0xde,0xe8,0xa4,0xea,0xff,0xff,0x31,0xc0,0x48,0x81,
    0xc4,0x78,0x01,0x00,0x00,0x5b,0x5d,0x41,0x5c,0x41,0x5d,0x41,0x5e,0x41,0x5f,0xc3,
    0x48,0x8b,0x04,0x24,0x66,0x0f,0xef,0xc0,0x0f,0x11,0x00,0x0f,0x11,0x40,0x10,0x90,
    0xb8,0xff,0xff,0xff,0xff,0xeb,0xd7,0x66,0x0f,0x1f,0x84,0x00,0x00,0x00,0x00,0x00,
    0x41,0x57,0xb8,0x06,0x00,0x00,0x00,0x49,0x89,0xd7,0x41,0x56,0x41,0x55,0x41,0x54,
    0x41,0xbc,0x01,0x00,0x00,0x00,0x55,0x48,0x89,0xcd,0x53,0x48,0x81,0xec,0x48,0x06,
    0x00,0x00,0x4c,0x8b,0x01,0x48,0x89,0x7c,0x24,0x28,0xbf,0x02,0x00,0x00,0x00,0x4c,
    0x89,0xc1,0x48,0x89,0xfa,0x49,0x0f,0xaf,0xcc,0x48,0x29,0xca,0x4c,0x0f,0xaf,0xe2,
    0x83,0xe8,0x01,0x75,0xea,0x48,0x8d,0x84,0x24,0x40,0x04,0x00,0x00,0x49,0xf7,0xdc,
    0x48,0x8d,0x8c,0x24,0x40,0x06,0x00,0x00,0x48,0x89,0x44,0x24,0x08,0x66,0x0f,0xef,
    0xc0,0x0f,0x29,0x00,0x48,0x83,0xc0,0x10,0x48,0x39,0xc1,0x75,0xf4,0x31,0xc0,0x4c,
    0x8d,0xac,0x24,0x30,0x03,0x00,0x00,0xf3,0x0f,0x6f,0x5c,0x05,0x00,0x48,0x83,0xc0,
    0x10,0x42,0x0f,0x29,0x5c,0x28,0xf0,0x48,0x3d,0x00,0x01,0x00,0x00,0x75,0xe8,0x48,
    0x8b,0x44,0x24,0x08,0x41,0xb8,0x00,0x10,0x00,0x00,0x48,0xc7,0x84,0x24,0x30,0x04,
    0x00,0x00,0x00,0x00,0x00,0x00,0x48,0xc7,0x84,0x24,0x40,0x04,0x00,0x00,0x01,0x00,
    0x00,0x00,0x48,0x8d,0xb8,0x08,0x01,0x00,0x00,0x0f,0x1f,0x80,0x00,0x00,0x00,0x00,
    0x48,0x8b,0x44,0x24,0x08,0x45,0x31,0xd2,0x0f,0x1f,0x84,0x00,0x00,0x00,0x00,0x00,
    0x4c,0x8b,0x08,0x48,0x83,0xc0,0x08,0x4b,0x8d,0x14,0x09,0x4c,0x09,0xd2,0x4d,0x89,
    0xca,0x48,0x89,0x50,0xf8,0x49,0xc1,0xea,0x3f,0x48,0x39,0xc8,0x75,0xe2,0xb8,0x00,
    0x01,0x00,0x00,0xeb,0x12,0x0f,0x1f,0x00,0x49,0x39,0xd1,0x72,0x74,0x48,0x83,0xe8,
    0x08,0x48,0x83,0xf8,0xf8,0x74,0x12,0x48,0x8b,0x5c,0x24,0x08,0x4a,0x8b,0x14,0x28,
    0x4c,0x8b,0x0c,0x03,0x4c,0x39,0xca,0x73,0xdf,0x48,0x8b,0x54,0x24,0x08,0x4d,0x89,
    0xea,0x45,0x31,0xdb,0xeb,0x24,0x66,0x2e,0x0f,0x1f,0x84,0x00,0x00,0x00,0x00,0x00,
    0x4c,0x39,0xc8,0x48,0x89,0x02,0x41,0x0f,0x94,0xc1,0x48,0x83,0xc2,0x08,0x49,0x83,
    0xc2,0x08,0x4d,0x21,0xcb,0x48,0x39,0xfa,0x74,0x27,0x4c,0x8b,0x0a,0x4c,0x89,0xc8,
    0x4c,0x29,0xd8,0x49,0x2b,0x02,0x49,0x39,0xc1,0x73,0xd5,0x48,0x89,0x02,0x48,0x83,
    0xc2,0x08,0x41,0xbb,0x01,0x00,0x00,0x00,0x49,0x83,0xc2,0x08,0x48,0x39,0xfa,0x75,
    0xd9,0x41,0x83,0xe8,0x01,0x0f,0x85,0x45,0xff,0xff,0xff,0x31,0xc0,0x48,0x8d,0x54,
    0x24,0x30,0x48,0x8b,0x7c,0x24,0x08,0x66,0x0f,0x6f,0x0c,0x07,0x0f,0x29,0x0c,0x02,
    0x48,0x83,0xc0,0x10,0x0f,0x29,0x4c,0x24,0x10,0x48,0x3d,0x00,0x01,0x00,0x00,0x75,
    0xe1,0x48,0x8d,0x9c,0x24,0x30,0x01,0x00,0x00,0x4d,0x89,0xe0,0x48,0x89,0xe9,0x48,
    0x89,0x54,0x24,0x10,0x48,0x89,0xdf,0x4c,0x8d,0xb4,0x24,0x30,0x02,0x00,0x00,0xe8,
    0x8c,0xeb,0xff,0xff,0x48,0x8b,0x54,0x24,0x10,0x4c,0x89,0xf0,0x66,0x0f,0xef,0xc0,
    0x0f,0x29,0x00,0x48,0x83,0xc0,0x10,0x4c,0x39,0xe8,0x75,0xf4,0x4d,0x89,0xe0,0x48,
    0x89,0xe9,0x4c,0x89,0xf6,0x4c,0x89,0xf7,0x48,0xc7,0x84,0x24,0x30,0x02,0x00,0x00,
    0x01,0x00,0x00,0x00,0xe8,0x57,0xeb,0xff,0xff,0x31,0xc0,0x66,0x41,0x0f,0x6f,0x24,
    0x06,0x48,0x83,0xc0,0x10,0x42,0x0f,0x29,0x64,0x28,0xf0,0x48,0x3d,0x00,0x01,0x00,
    0x00,0x75,0xe8,0x4c,0x89,0xf8,0x4c,0x89,0x7c,0x24,0x10,0x48,0x05,0x00,0x01,0x00,
    0x00,0x48,0x89,0x44,0x24,0x20,0x66,0x2e,0x0f,0x1f,0x84,0x00,0x00,0x00,0x00,0x00,
    0x48,0x8b,0x44,0x24,0x10,0x45,0x31,0xff,0x4c,0x8b,0x30,0xeb,0x21,0x0f,0x1f,0x00,
    0x4d,0x89,0xe0,0x48,0x89,0xe9,0x48,0x89,0xda,0x48,0x89,0xde,0x48,0x89,0xdf,0x41,
    0x83,0xc7,0x01,0xe8,0xf8,0xea,0xff,0xff,0x41,0x83,0xff,0x40,0x74,0x22,0x4d,0x0f,
    0xa3,0xfe,0x73,0xdc,0x4d,0x89,0xe0,0x48,0x89,0xe9,0x48,0x89,0xda,0x4c,0x89,0xee,
    0x4c,0x89,0xef,0xe8,0xd8,0xea,0xff,0xff,0xeb,0xc6,0x66,0x0f,0x1f,0x44,0x00,0x00,
    0x48,0x83,0x44,0x24,0x10,0x08,0x48,0x8b,0x74,0x24,0x20,0x48,0x8b,0x44,0x24,0x10,
    0x48,0x39,0xf0,0x75,0x9b,0x48,0x8b,0x44,0x24,0x08,0x48,0x8d,0x94,0x24,0x40,0x05,
    0x00,0x00,0x66,0x0f,0xef,0xc0,0x0f,0x29,0x00,0x48,0x83,0xc0,0x10,0x48,0x39,0xd0,
    0x75,0xf4,0x48,0x8b,0x54,0x24,0x08,0x48,0x8b,0x7c,0x24,0x28,0x4d,0x89,0xe0,0x48,
    0x89,0xe9,0x48,0xc7,0x84,0x24,0x40,0x04,0x00,0x00,0x01,0x00,0x00,0x00,0x4c,0x89,
    0xee,0xe8,0x7a,0xea,0xff,0xff,0x48,0x81,0xc4,0x48,0x06,0x00,0x00,0x5b,0x5d,0x41,
    0x5c,0x41,0x5d,0x41,0x5e,0x41,0x5f,0xc3,0x0f,0x1f,0x84,0x00,0x00,0x00,0x00,0x00,
    0x80,0x3e,0x00,0x0f,0x89,0xb1,0x02,0x00,0x00,0x8b,0x02,0x49,0x89,0xd3,0x89,0xc2,
    0x0f,0xca,0x83,0xfa,0x01,0x0f,0x86,0x9f,0x02,0x00,0x00,0xa9,0x00,0x00,0x00,0x01,
    0x0f,0x84,0x94,0x02,0x00,0x00,0x41,0x56,0x49,0x89,0xf0,0x49,0x89,0xc9,0x45,0x31,
    0xd2,0x41,0x55,0x41,0xbe,0xff,0x00,0x00,0x00,0x41,0x54,0x55,0x53,0x48,0x89,0xfb,
    0x48,0x81,0xec,0x00,0x05,0x00,0x00,0x4c,0x8d,0xa4,0x24,0x00,0x01,0x00,0x00,0x49,
    0x89,0xe5,0x48,0x8d,0xac,0x24,0x00,0x02,0x00,0x00,0x66,0x0f,0x1f,0x44,0x00,0x00,
    0x4b,0xc7,0x04,0x14,0x00,0x00,0x00,0x00,0x4c,0x89,0xf0,0x31,0xc9,0x31,0xf6,0x4c,
    0x29,0xd0,0x31,0xff,0x0f,0x1f,0x40,0x00,0x41,0x0f,0xb6,0x14,0x00,0x48,0xd3,0xe2,
    0x48,0x09,0xd7,0x41,0x0f,0xb6,0x14,0x01,0x48,0x83,0xe8,0x01,0x48,0xd3,0xe2,0x83,
    0xc1,0x08,0x48,0x09,0xd6,0x83,0xf9,0x40,0x75,0xde,0x4b,0x89,0x7c,0x15,0x00,0x4a,
    0x89,0x74,0x15,0x00,0x49,0x83,0xc2,0x08,0x49,0x81,0xfa,0x00,0x01,0x00,0x00,0x75,
    0xaf,0x4d,0x89,0xe0,0x45,0x31,0xc9,0xbf,0x03,0x00,0x00,0x00,0x0f,0x1f,0x40,0x00,
    0x49,0xc7,0x00,0x00,0x00,0x00,0x00,0x89,0xf8,0x31,0xc9,0x45,0x31,0xd2,0x48,0x8b,
    0xb4,0x24,0x00,0x01,0x00,0x00,0x44,0x29,0xc8,0x0f,0x1f,0x80,0x00,0x00,0x00,0x00,
    0x89,0xfa,0x29,0xc2,0x83,0xfa,0x03,0x7f,0x14,0x48,0x63,0xd0,0x41,0xba,0x01,0x00,
    0x00,0x00,0x41,0x0f,0xb6,0x14,0x13,0x48,0xd3,0xe2,0x48,0x09,0xd6,0x83,0xc1,0x08,
    0x83,0xe8,0x01,0x83,0xf9,0x40,0x75,0xd8,0x45,0x84,0xd2,0x74,0x08,0x48,0x89,0xb4,
    0x24,0x00,0x01,0x00,0x00,0x49,0x83,0xc0,0x08,0x41,0x83,0xc1,0x08,0x4c,0x39,0xc5,
    0x75,0x9e,0x48,0x8d,0xbc,0x24,0x00,0x03,0x00,0x00,0x4c,0x89,0xe9,0x4c,0x89,0xe2,
    0x48,0x89,0xee,0xe8,0xd8,0xfb,0xff,0xff,0x31,0xff,0x4c,0x8d,0x8c,0x24,0xf8,0x03,
    0x00,0x00,0x4c,0x8d,0x84,0x24,0x00,0x04,0x00,0x00,0x66,0x0f,0x1f,0x44,0x00,0x00,
    0x4c,0x89,0xc0,0x49,0x8b,0x34,0x39,0xb9,0x38,0x00,0x00,0x00,0x48,0x29,0xf8,0x90,
    0x48,0x89,0xf2,0x48,0x83,0xc0,0x01,0x48,0xd3,0xea,0x83,0xe9,0x08,0x88,0x50,0xff,
    0x83,0xf9,0xf8,0x75,0xeb,0x48,0x83,0xef,0x08,0x48,0x81,0xff,0x00,0xff,0xff,0xff,
    0x75,0xce,0x0f,0xb6,0x8c,0x24,0x00,0x04,0x00,0x00,0x84,0xc9,0x0f,0x85,0x13,0x01,
    0x00,0x00,0x80,0xbc,0x24,0x01,0x04,0x00,0x00,0x01,0x0f,0x85,0x05,0x01,0x00,0x00,
    0xb8,0x02,0x00,0x00,0x00,0xeb,0x19,0x66,0x0f,0x1f,0x84,0x00,0x00,0x00,0x00,0x00,
    0x48,0x83,0xc0,0x01,0x48,0x3d,0x00,0x01,0x00,0x00,0x0f,0x84,0xe5,0x00,0x00,0x00,
    0x41,0x80,0x3c,0x00,0xff,0x74,0xe9,0x8d,0x50,0xfe,0x83,0xfa,0x07,0x0f,0x8e,0xd2,
    0x00,0x00,0x00,0x48,0x63,0xd0,0x41,0x89,0xc1,0x80,0xbc,0x14,0x00,0x04,0x00,0x00,
    0x00,0x0f,0x85,0xbe,0x00,0x00,0x00,0x3d,0xcc,0x00,0x00,0x00,0x0f,0x8f,0xb3,0x00,
    0x00,0x00,0x31,0xc0,0x48,0x8d,0x3d,0x35,0x5a,0x00,0x00,0x49,0x8d,0x34,0x10,0x49,
    0x89,0xd2,0x66,0x0f,0x1f,0x44,0x00,0x00,0x0f,0xb6,0x54,0x06,0x01,0x32,0x14,0x07,
    0x48,0x83,0xc0,0x01,0x09,0xd1,0x48,0x83,0xf8,0x13,0x75,0xec,0x84,0xc9,0x0f,0x85,
    0x81,0x00,0x00,0x00,0x4b,0x8d,0x44,0x10,0x14,0xf3,0x0f,0x6f,0x03,0xf3,0x0f,0x6f,
    0x4b,0x10,0xf3,0x0f,0x6f,0x18,0xf3,0x0f,0x6f,0x50,0x10,0x66,0x0f,0xef,0xc3,0x66,
    0x0f,0xef,0xca,0x66,0x0f,0xeb,0xc1,0x66,0x0f,0x6f,0xc8,0x66,0x0f,0x73,0xd9,0x08,
    0x66,0x0f,0xeb,0xc1,0x66,0x0f,0x6f,0xc8,0x66,0x0f,0x73,0xd9,0x04,0x66,0x0f,0xeb,
    0xc1,0x66,0x0f,0x6f,0xc8,0x66,0x0f,0x73,0xd9,0x02,0x66,0x0f,0xeb,0xc1,0x66,0x0f,
    0x6f,0xc8,0x66,0x0f,0x73,0xd9,0x01,0x66,0x0f,0xeb,0xc1,0x66,0x0f,0x7e,0xc0,0x84,
    0xc0,0x0f,0x95,0xc0,0x41,0x81,0xf9,0xcc,0x00,0x00,0x00,0x0f,0x95,0xc2,0x48,0x81,
    0xc4,0x00,0x05,0x00,0x00,0x09,0xd0,0x5b,0x5d,0x0f,0xb6,0xc0,0x41,0x5c,0x41,0x5d,
    0xf7,0xd8,0x41,0x5e,0xc3,0x48,0x81,0xc4,0x00,0x05,0x00,0x00,0xb8,0xff,0xff,0xff,
    0xff,0x5b,0x5d,0x41,0x5c,0x41,0x5d,0x41,0x5e,0xc3,0xb8,0xff,0xff,0xff,0xff,0xc3,
    0x41,0x57,0x41,0x56,0x41,0x55,0x41,0x54,0x55,0x53,0x48,0x83,0xec,0x38,0xf3,0x41,
    0x0f,0x6f,0x00,0x48,0x89,0x4c,0x24,0x08,0x0f,0x29,0x44,0x24,0x10,0x48,0x85,0xd2,
    0x0f,0x84,0x89,0x00,0x00,0x00,0x48,0x8d,0x44,0x24,0x20,0x49,0x89,0xfe,0x49,0x89,
    0xf7,0x49,0x89,0xd4,0x48,0x89,0x04,0x24,0x31,0xdb,0x48,0x8d,0x6c,0x24,0x10,0x4c,
    0x8d,0x6c,0x24,0x0c,0x0f,0x1f,0x40,0x00,0x48,0x8b,0x54,0x24,0x08,0x48,0x8b,0x3c,
    0x24,0x48,0x89,0xee,0xe8,0x67,0xe1,0xff,0xff,0x4c,0x89,0xe6,0xb8,0x10,0x00,0x00,
    0x00,0x48,0x29,0xde,0x48,0x39,0xc6,0x48,0x0f,0x47,0xf0,0x49,0x39,0xdc,0x74,0x50,
    0x48,0x8b,0x3c,0x24,0x48,0x01,0xde,0x48,0x89,0xd8,0x48,0x29,0xdf,0x0f,0x1f,0x00,
    0x0f,0xb6,0x14,0x07,0x41,0x32,0x14,0x07,0x41,0x88,0x14,0x06,0x48,0x83,0xc0,0x01,
    0x48,0x39,0xc6,0x75,0xeb,0x48,0x89,0xf3,0x48,0x89,0xe8,0x80,0x40,0x0f,0x01,0x75,
    0x09,0x48,0x83,0xe8,0x01,0x4c,0x39,0xe8,0x75,0xf1,0x4c,0x39,0xe6,0x72,0x99,0x48,
    0x83,0xc4,0x38,0x5b,0x5d,0x41,0x5c,0x41,0x5d,0x41,0x5e,0x41,0x5f,0xc3,0x66,0x90,
    0x4c,0x01,0xe6,0xeb,0xd0,0x66,0x66,0x2e,0x0f,0x1f,0x84,0x00,0x00,0x00,0x00,0x00,
    0x41,0x57,0x66,0x0f,0xef,0xc0,0x49,0x89,0xd7,0x48,0x89,0xca,0x41,0x56,0x41,0x55,
    0x4d,0x89,0xcd,0x41,0x54,0x55,0x53,0x4c,0x89,0xc3,0x48,0x81,0xec,0x98,0x00,0x00,
    0x00,0x48,0x8d,0x6c,0x24,0x40,0x48,0x89,0x7c,0x24,0x28,0x4c,0x8d,0x74,0x24,0x60,
    0x48,0x89,0x74,0x24,0x10,0x48,0x89,0xef,0x48,0x89,0xee,0x48,0x89,0x4c,0x24,0x20,
    0x0f,0x29,0x44,0x24,0x40,0xe8,0xa6,0xe0,0xff,0xff,0x4c,0x8b,0x84,0x24,0xd0,0x00,
    0x00,0x00,0x4c,0x8b,0x8c,0x24,0xd8,0x00,0x00,0x00,0x31,0xc0,0x8b,0x14,0x03,0x41,
    0x89,0x14,0x06,0x48,0x83,0xc0,0x04,0x48,0x83,0xf8,0x0c,0x75,0xef,0x8b,0x05,0xfd,
    0x5a,0x00,0x00,0x66,0x0f,0xef,0xc0,0x0f,0x29,0x44,0x24,0x50,0x89,0x44,0x24,0x6c,
    0x4d,0x85,0xc0,0x0f,0x84,0xda,0x02,0x00,0x00,0x48,0x8d,0x44,0x24,0x50,0x4c,0x8d,
    0x64,0x24,0x70,0x66,0x0f,0xef,0xdb,0x31,0xc9,0x48,0x8d,0x9c,0x24,0x80,0x00,0x00,
    0x00,0x48,0x89,0x44,0x24,0x08,0x4c,0x89,0x8c,0x24,0xd8,0x00,0x00,0x00,0x48,0x89,
    0x5c,0x24,0x18,0x4c,0x89,0x7c,0x24,0x30,0x4d,0x89,0xe7,0x49,0x89,0xcc,0x4c,0x89,
    0x74,0x24,0x38,0x4d,0x89,0xc6,0x66,0x2e,0x0f,0x1f,0x84,0x00,0x00,0x00,0x00,0x00,
    0x4c,0x89,0xf3,0xb8,0x10,0x00,0x00,0x00,0x0f,0x29,0x5c,0x24,0x70,0x4b,0x8d,0x74,
    0x25,0x00,0x4c,0x29,0xe3,0x48,0x39,0xc3,0x48,0x0f,0x47,0xd8,0x31,0xc0,0x4d,0x39,
    0xe6,0x74,0x16,0x0f,0x1f,0x44,0x00,0x00,0x0f,0xb6,0x14,0x06,0x41,0x88,0x14,0x07,
    0x48,0x83,0xc0,0x01,0x48,0x39,0xc3,0x75,0xef,0x48,0x8b,0x74,0x24,0x08,0x48,0x8b,
    0x7c,0x24,0x18,0x48,0x89,0xea,0x49,0x01,0xdc,0x66,0x0f,0x6f,0x44,0x24,0x50,0x66,
    0x0f,0xef,0x44,0x24,0x70,0x0f,0x29,0x44,0x24,0x50,0xe8,0xb1,0xe1,0xff,0xff,0x66,
    0x0f,0x6f,0x8c,0x24,0x80,0x00,0x00,0x00,0x0f,0x29,0x4c,0x24,0x50,0x4d,0x39,0xf4,
    0x72,0x8e,0x4d,0x89,0xf0,0x4d,0x89,0xfc,0x4c,0x8b,0x74,0x24,0x38,0x4c,0x8b,0x8c,
    0x24,0xd8,0x00,0x00,0x00,0x4c,0x8b,0x7c,0x24,0x30,0x48,0x8b,0x5c,0x24,0x18,0x45,
    0x31,0xed,0x66,0x0f,0xef,0xdb,0x4d,0x85,0xff,0x0f,0x84,0xb4,0x00,0x00,0x00,0x4c,
    0x89,0x84,0x24,0xd0,0x00,0x00,0x00,0x4c,0x89,0x8c,0x24,0xd8,0x00,0x00,0x00,0x4c,
    0x89,0x74,0x24,0x18,0x4d,0x89,0xfe,0x4d,0x89,0xe7,0x4d,0x89,0xec,0x0f,0x1f,0x00,
    0x4d,0x89,0xf5,0xb8,0x10,0x00,0x00,0x00,0x48,0x8b,0x7c,0x24,0x10,0x0f,0x29,0x5c,
    0x24,0x70,0x4d,0x29,0xe5,0x49,0x39,0xc5,0x4a,0x8d,0x34,0x27,0x4c,0x0f,0x47,0xe8,
    0x31,0xc0,0x4d,0x39,0xe6,0x74,0x1a,0x66,0x0f,0x1f,0x84,0x00,0x00,0x00,0x00,0x00,
    0x0f,0xb6,0x14,0x06,0x41,0x88,0x14,0x07,0x48,0x83,0xc0,0x01,0x49,0x39,0xc5,0x75,
    0xef,0x66,0x0f,0x6f,0x44,0x24,0x50,0x48,0x89,0xea,0x48,0x89,0xdf,0x4d,0x01,0xec,
    0x66,0x0f,0xef,0x44,0x24,0x70,0x48,0x8b,0x74,0x24,0x08,0x0f,0x29,0x44,0x24,0x50,
    0xe8,0xeb,0xe0,0xff,0xff,0x66,0x0f,0x6f,0xa4,0x24,0x80,0x00,0x00,0x00,0x0f,0x29,
    0x64,0x24,0x50,0x4d,0x39,0xf4,0x72,0x88,0x4d,0x89,0xfc,0x4c,0x8b,0x84,0x24,0xd0,
    0x00,0x00,0x00,0x4d,0x89,0xf7,0x4c,0x8b,0x8c,0x24,0xd8,0x00,0x00,0x00,0x4c,0x8b,
    0x74,0x24,0x18,0x66,0x0f,0xef,0xc0,0x4e,0x8d,0x1c,0xc5,0x00,0x00,0x00,0x00,0x48,
    0x8d,0x7c,0x24,0x78,0x4c,0x89,0xe2,0x0f,0x29,0x44,0x24,0x70,0x4a,0x8d,0x34,0xfd,
    0x00,0x00,0x00,0x00,0xb9,0x38,0x00,0x00,0x00,0x0f,0x1f,0x80,0x00,0x00,0x00,0x00,
    0x4c,0x89,0xd8,0x48,0x83,0xc2,0x01,0x48,0xd3,0xe8,0x83,0xe9,0x08,0x88,0x42,0xff,
    0x48,0x39,0xfa,0x75,0xeb,0x4d,0x8d,0x44,0x24,0x10,0xb9,0x38,0x00,0x00,0x00,0x90,
    0x48,0x89,0xf0,0x48,0x83,0xc2,0x01,0x48,0xd3,0xe8,0x83,0xe9,0x08,0x88,0x42,0xff,
    0x49,0x39,0xd0,0x75,0xeb,0x66,0x0f,0x6f,0x44,0x24,0x50,0x48,0x8b,0x74,0x24,0x08,
    0x48,0x89,0xea,0x48,0x89,0xdf,0x66,0x0f,0xef,0x44,0x24,0x70,0x4c,0x89,0x8c,0x24,
    0xd8,0x00,0x00,0x00,0x0f,0x29,0x44,0x24,0x50,0xe8,0x32,0xe0,0xff,0xff,0x48,0x8b,
    0x54,0x24,0x20,0x4c,0x89,0xf6,0x48,0x89,0xdf,0x66,0x0f,0x6f,0x94,0x24,0x80,0x00,
    0x00,0x00,0x0f,0x29,0x54,0x24,0x50,0xe8,0x24,0xde,0xff,0xff,0x4c,0x8b,0x8c,0x24,
    0xd8,0x00,0x00,0x00,0x31,0xd2,0x66,0x0f,0xef,0x94,0x24,0x80,0x00,0x00,0x00,0x0f,
    0x29,0x54,0x24,0x70,0xeb,0x14,0x66,0x2e,0x0f,0x1f,0x84,0x00,0x00,0x00,0x00,0x00,
    0x48,0x83,0xc2,0x01,0x48,0x83,0xfa,0x10,0x74,0x16,0x41,0x0f,0xb6,0x04,0x11,0x41,
    0x38,0x04,0x14,0x74,0xeb,0xb8,0xff,0xff,0xff,0xff,0xeb,0x45,0x0f,0x1f,0x40,0x00,
    0x66,0x0f,0x6f,0x6c,0x24,0x60,0x48,0x89,0xd8,0x48,0x8d,0x4c,0x24,0x7c,0x0f,0x29,
    0xac,0x24,0x80,0x00,0x00,0x00,0x80,0x40,0x0f,0x01,0x75,0x09,0x48,0x83,0xe8,0x01,
    0x48,0x39,0xc1,0x75,0xf1,0x48,0x8b,0x4c,0x24,0x20,0x48,0x8b,0x74,0x24,0x10,0x49,
    0x89,0xd8,0x4c,0x89,0xfa,0x48,0x8b,0x7c,0x24,0x28,0xe8,0xe1,0xfb,0xff,0xff,0x31,
    0xc0,0x48,0x81,0xc4,0x98,0x00,0x00,0x00,0x5b,0x5d,0x41,0x5c,0x41,0x5d,0x41,0x5e,
    0x41,0x5f,0xc3,0x48,0x8d,0x44,0x24,0x50,0x4c,0x8d,0x64,0x24,0x70,0x48,0x89,0x44,
    0x24,0x08,0x48,0x8d,0x9c,0x24,0x80,0x00,0x00,0x00,0xe9,0xe0,0xfd,0xff,0xff,0x90,
    0x41,0x57,0x41,0x56,0x4d,0x89,0xce,0x41,0x55,0x45,0x31,0xed,0x41,0x54,0x55,0xbd,
    0x05,0x00,0x00,0x00,0x53,0x48,0x63,0xdf,0x48,0x81,0xec,0x38,0x41,0x00,0x00,0x48,
    0x89,0x74,0x24,0x08,0x44,0x8b,0xbc,0x24,0x78,0x41,0x00,0x00,0x4c,0x8d,0x64,0x24,
    0x3b,0x48,0x89,0x54,0x24,0x10,0x48,0x89,0x0c,0x24,0x4c,0x89,0x44,0x24,0x18,0xeb,
    0x17,0x0f,0x1f,0x80,0x00,0x00,0x00,0x00,0x0f,0x84,0xe2,0x00,0x00,0x00,0x41,0x01,
    0xc5,0x66,0x41,0x83,0xfd,0x04,0x77,0x30,0x41,0x0f,0xb7,0xc5,0x89,0xea,0x41,0x0f,
    0xb7,0xf5,0x31,0xc9,0x29,0xc2,0x4c,0x01,0xe6,0x48,0x89,0xdf,0x48,0x63,0xd2,0xe8,
    0x1c,0x53,0x00,0x00,0x48,0x85,0xc0,0x79,0xcf,0xb8,0xff,0xff,0xff,0xff,0xe9,0xb3,
    0x00,0x00,0x00,0x0f,0x1f,0x44,0x00,0x00,0x0f,0xb7,0x4c,0x24,0x3e,0x44,0x0f,0xb6,
    0x54,0x24,0x3b,0x41,0x89,0xcd,0x66,0x41,0xc1,0xc5,0x08,0x66,0x41,0x81,0xfd,0x1d,
    0x40,0x0f,0x87,0x21,0x02,0x00,0x00,0x41,0x80,0xfa,0x14,0x0f,0x84,0x9f,0x00,0x00,
    0x00,0x66,0x41,0x83,0xfd,0x17,0x0f,0x86,0x0c,0x02,0x00,0x00,0x41,0x80,0xfa,0x14,
    0x0f,0x84,0x8a,0x00,0x00,0x00,0x41,0x8d,0x45,0xe8,0x66,0x41,0x39,0xc7,0x0f,0x82,
    0xf4,0x01,0x00,0x00,0x45,0x31,0xff,0x4c,0x89,0x74,0x24,0x28,0x45,0x0f,0xb7,0xe5,
    0x48,0x8d,0xac,0x24,0x10,0x01,0x00,0x00,0x45,0x89,0xfe,0x44,0x88,0x54,0x24,0x27,
    0x41,0x89,0xcf,0xeb,0x0c,0x0f,0x1f,0x00,0x41,0x01,0xc6,0x66,0x45,0x39,0xee,0x73,
    0x6f,0x41,0x0f,0xb7,0xc6,0x44,0x89,0xe2,0x41,0x0f,0xb7,0xf6,0x31,0xc9,0x29,0xc2,
    0x48,0x01,0xee,0x48,0x89,0xdf,0x48,0x63,0xd2,0xe8,0x72,0x52,0x00,0x00,0x48,0x85,
    0xc0,0x7f,0xd5,0xe9,0x51,0xff,0xff,0xff,0x0f,0x1f,0x84,0x00,0x00,0x00,0x00,0x00,
    0x66,0x41,0xf7,0xdd,0x19,0xc0,0x48,0x81,0xc4,0x38,0x41,0x00,0x00,0x5b,0x5d,0x41,
    0x5c,0x41,0x5d,0x41,0x5e,0x41,0x5f,0xc3,0x0f,0x1f,0x84,0x00,0x00,0x00,0x00,0x00,
    0x66,0x85,0xc9,0x0f,0x85,0x7b,0xff,0xff,0xff,0x48,0x8b,0x04,0x24,0xc6,0x00,0x14,
    0xc7,0x05,0xf2,0x56,0x00,0x00,0xff,0xff,0xff,0xff,0xe9,0x0a,0xff,0xff,0xff,0x90,
    0x44,0x0f,0xb6,0x54,0x24,0x27,0x4c,0x8b,0x74,0x24,0x28,0x41,0x80,0xfa,0x14,0x0f,
    0x84,0xf7,0x00,0x00,0x00,0x41,0x8b,0x06,0x4c,0x8d,0x7c,0x24,0x50,0x48,0x8d,0x7c,
    0x24,0x58,0xb9,0x38,0x00,0x00,0x00,0x89,0x44,0x24,0x40,0x48,0x8b,0x84,0x24,0x10,
    0x01,0x00,0x00,0x48,0x89,0x44,0x24,0x44,0x48,0x8b,0x84,0x24,0x70,0x41,0x00,0x00,
    0x4c,0x8b,0x00,0x4c,0x89,0xf8,0x66,0x2e,0x0f,0x1f,0x84,0x00,0x00,0x00,0x00,0x00,
    0x4c,0x89,0xc2,0x48,0x83,0xc0,0x01,0x48,0xd3,0xea,0x83,0xe9,0x08,0x88,0x50,0xff,
    0x48,0x39,0xc7,0x75,0xeb,0x41,0x8d,0x5d,0xe8,0x0f,0xb6,0x4c,0x24,0x3d,0x45,0x0f,
    0xb6,0xe2,0x48,0x8b,0x74,0x24,0x18,0x89,0xd8,0x4c,0x8d,0x74,0x24,0x60,0x44,0x88,
    0x54,0x24,0x27,0x25,0x00,0xff,0x00,0x00,0x4c,0x89,0xf7,0x09,0xc8,0x0f,0xb6,0x4c,
    0x24,0x3c,0xc1,0xe0,0x08,0x09,0xc8,0xc1,0xe0,0x08,0x44,0x09,0xe0,0x89,0x44,0x24,
    0x58,0x41,0x8d,0x45,0xe8,0x88,0x44,0x24,0x5c,0xe8,0xa2,0xda,0xff,0xff,0x41,0x0f,
    0xb7,0xd5,0x0f,0xb7,0xc3,0x4c,0x89,0xf1,0x48,0x8d,0x54,0x15,0xf0,0x48,0x8d,0xb4,
    0x24,0x18,0x01,0x00,0x00,0x4d,0x89,0xf9,0x52,0x48,0x89,0xc2,0x6a,0x0d,0x48,0x8b,
    0x7c,0x24,0x18,0x4c,0x8d,0x44,0x24,0x50,0xe8,0x33,0xfa,0xff,0xff,0x5a,0x59,0x85,
    0xc0,0x44,0x0f,0xb6,0x54,0x24,0x27,0x78,0x7e,0x48,0x8b,0x04,0x24,0x44,0x88,0x10,
    0x48,0x8b,0x44,0x24,0x10,0x66,0x89,0x18,0x48,0x8b,0x84,0x24,0x70,0x41,0x00,0x00,
    0x48,0x83,0x00,0x01,0x44,0x89,0xe0,0xe9,0xba,0xfe,0xff,0xff,0x48,0x8b,0x04,0x24,
    0xc6,0x00,0x14,0x66,0x41,0x81,0xff,0x00,0x01,0x0f,0x85,0xd1,0xfe,0xff,0xff,0x80,
    0xbc,0x24,0x10,0x01,0x00,0x00,0x01,0x0f,0x85,0xc3,0xfe,0xff,0xff,0x48,0x8b,0x44,
    0x24,0x10,0xbe,0x01,0x00,0x00,0x00,0x66,0x89,0x30,0x48,0x8b,0x44,0x24,0x08,0xc6,
    0x00,0x01,0x48,0x8b,0x84,0x24,0x70,0x41,0x00,0x00,0x48,0x83,0x00,0x01,0xb8,0x14,
    0x00,0x00,0x00,0xe9,0x6e,0xfe,0xff,0xff,0xc7,0x05,0x8a,0x55,0x00,0x00,0xfe,0xff,
    0xff,0xff,0xe9,0xa2,0xfd,0xff,0xff,0xc7,0x05,0x7b,0x55,0x00,0x00,0xfc,0xff,0xff,
    0xff,0xe9,0x93,0xfd,0xff,0xff,0x66,0x2e,0x0f,0x1f,0x84,0x00,0x00,0x00,0x00,0x00,
    0x41,0x57,0x66,0x0f,0xef,0xc0,0x41,0x56,0x4d,0x89,0xc6,0x41,0x55,0x49,0x89,0xf5,
    0x41,0x54,0x55,0x53,0x48,0x89,0xd3,0x48,0x89,0xca,0x48,0x81,0xec,0x98,0x00,0x00,
    0x00,0x4c,0x8d,0x64,0x24,0x30,0x48,0x89,0x7c,0x24,0x10,0x48,0x8b,0xac,0x24,0xd0,
    0x00,0x00,0x00,0x4c,0x89,0xe7,0x4c,0x89,0xe6,0x48,0x89,0x4c,0x24,0x28,0x4c,0x89,
    0x4c,0x24,0x18,0x0f,0x29,0x44,0x24,0x30,0xe8,0x33,0xda,0xff,0xff,0x48,0x8d,0x7c,
    0x24,0x50,0x31,0xc0,0x48,0x89,0x7c,0x24,0x20,0x41,0x8b,0x14,0x06,0x48,0x8b,0x7c,
    0x24,0x20,0x89,0x14,0x07,0x48,0x83,0xc0,0x04,0x48,0x83,0xf8,0x0c,0x75,0xea,0x8b,
    0x05,0x8b,0x54,0x00,0x00,0x4c,0x8d,0x44,0x24,0x60,0x48,0x8d,0x4c,0x24,0x5c,0x89,
    0x44,0x24,0x5c,0x66,0x0f,0x6f,0x6c,0x24,0x50,0x4c,0x89,0xc0,0x0f,0x29,0x6c,0x24,
    0x60,0x80,0x40,0x0f,0x01,0x75,0x09,0x48,0x83,0xe8,0x01,0x48,0x39,0xc8,0x75,0xf1,
    0x48,0x8b,0x4c,0x24,0x28,0x48,0x8b,0x7c,0x24,0x10,0x4c,0x89,0xee,0x48,0x89,0xda,
    0x4c,0x8d,0x7c,0x24,0x70,0x4c,0x8d,0x74,0x24,0x40,0xe8,0x01,0xf8,0xff,0xff,0x66,
    0x0f,0xef,0xc0,0x4c,0x8d,0xac,0x24,0x80,0x00,0x00,0x00,0x0f,0x29,0x44,0x24,0x40,
    0x48,0x85,0xed,0x0f,0x84,0xa3,0x00,0x00,0x00,0x45,0x31,0xc9,0x4c,0x8d,0x7c,0x24,
    0x70,0x66,0x0f,0xef,0xdb,0x4c,0x8d,0x74,0x24,0x40,0x4c,0x8d,0xac,0x24,0x80,0x00,
    0x00,0x00,0x66,0x0f,0x1f,0x44,0x00,0x00,0x48,0x89,0xe9,0xb8,0x10,0x00,0x00,0x00,
    0x48,0x8b,0x7c,0x24,0x18,0x0f,0x29,0x5c,0x24,0x70,0x4c,0x29,0xc9,0x48,0x39,0xc1,
    0x4a,0x8d,0x34,0x0f,0x48,0x0f,0x47,0xc8,0x31,0xc0,0x4c,0x39,0xcd,0x74,0x12,0x90,
    0x0f,0xb6,0x14,0x06,0x41,0x88,0x14,0x07,0x48,0x83,0xc0,0x01,0x48,0x39,0xc1,0x75,
    0xef,0x66,0x0f,0x6f,0x44,0x24,0x40,0x4c,0x89,0xe2,0x4c,0x89,0xf6,0x4c,0x89,0xef,
    0x66,0x0f,0xef,0x44,0x24,0x70,0x4c,0x89,0x4c,0x24,0x08,0x48,0x89,0x0c,0x24,0x0f,
    0x29,0x44,0x24,0x40,0xe8,0x17,0xdb,0xff,0xff,0x48,0x8b,0x0c,0x24,0x4c,0x8b,0x4c,
    0x24,0x08,0x66,0x0f,0x6f,0x8c,0x24,0x80,0x00,0x00,0x00,0x49,0x01,0xc9,0x0f,0x29,
    0x4c,0x24,0x40,0x49,0x39,0xe9,0x0f,0x82,0x7c,0xff,0xff,0xff,0x45,0x31,0xc9,0x66,
    0x0f,0xef,0xdb,0x48,0x85,0xdb,0x0f,0x84,0x90,0x00,0x00,0x00,0x0f,0x1f,0x40,0x00,
    0x48,0x89,0xd9,0xb8,0x10,0x00,0x00,0x00,0x48,0x8b,0x7c,0x24,0x10,0x0f,0x29,0x5c,
    0x24,0x70,0x4c,0x29,0xc9,0x48,0x39,0xc1,0x4a,0x8d,0x34,0x0f,0x48,0x0f,0x47,0xc8,
    0x31,0xc0,0x4c,0x39,0xcb,0x74,0x1a,0x66,0x0f,0x1f,0x84,0x00,0x00,0x00,0x00,0x00,
    0x0f,0xb6,0x14,0x06,0x41,0x88,0x14,0x07,0x48,0x83,0xc0,0x01,0x48,0x39,0xc1,0x75,
    0xef,0x66,0x0f,0x6f,0x44,0x24,0x40,0x4c,0x89,0xe2,0x4c,0x89,0xf6,0x4c,0x89,0xef,
    0x66,0x0f,0xef,0x44,0x24,0x70,0x4c,0x89,0x4c,0x24,0x08,0x48,0x89,0x0c,0x24,0x0f,
    0x29,0x44,0x24,0x40,0xe8,0x77,0xda,0xff,0xff,0x48,0x8b,0x0c,0x24,0x4c,0x8b,0x4c,
    0x24,0x08,0x66,0x0f,0x6f,0xa4,0x24,0x80,0x00,0x00,0x00,0x49,0x01,0xc9,0x0f,0x29,
    0x64,0x24,0x40,0x49,0x39,0xd9,0x0f,0x82,0x74,0xff,0xff,0xff,0x66,0x0f,0xef,0xc0,
    0x48,0xc1,0xe5,0x03,0x48,0x8d,0x44,0x24,0x78,0x4c,0x89,0xfa,0x0f,0x29,0x44,0x24,
    0x70,0x48,0xc1,0xe3,0x03,0xb9,0x38,0x00,0x00,0x00,0x66,0x0f,0x1f,0x44,0x00,0x00,
    0x48,0x89,0xee,0x48,0x83,0xc2,0x01,0x48,0xd3,0xee,0x83,0xe9,0x08,0x40,0x88,0x72,
    0xff,0x48,0x39,0xd0,0x75,0xea,0x4d,0x8d,0x47,0x10,0xb9,0x38,0x00,0x00,0x00,0x90,
    0x48,0x89,0xda,0x48,0x83,0xc0,0x01,0x48,0xd3,0xea,0x83,0xe9,0x08,0x88,0x50,0xff,
    0x4c,0x39,0xc0,0x75,0xeb,0x66,0x0f,0x6f,0x44,0x24,0x40,0x4c,0x89,0xe2,0x4c,0x89,
    0xf6,0x4c,0x89,0xef,0x66,0x0f,0xef,0x44,0x24,0x70,0x0f,0x29,0x44,0x24,0x40,0xe8,
    0xdc,0xd9,0xff,0xff,0x48,0x8b,0x54,0x24,0x28,0x48,0x8b,0x74,0x24,0x20,0x4c,0x89,
    0xef,0x66,0x0f,0x6f,0x94,0x24,0x80,0x00,0x00,0x00,0xe8,0xd1,0xd7,0xff,0xff,0x48,
    0x8b,0x84,0x24,0xd8,0x00,0x00,0x00,0x66,0x0f,0xef,0x94,0x24,0x80,0x00,0x00,0x00,
    0x0f,0x11,0x10,0x48,0x81,0xc4,0x98,0x00,0x00,0x00,0x5b,0x5d,0x41,0x5c,0x41,0x5d,
    0x41,0x5e,0x41,0x5f,0xc3,0x66,0x66,0x2e,0x0f,0x1f,0x84,0x00,0x00,0x00,0x00,0x00,
    0x41,0x57,0x41,0x56,0x41,0x55,0x41,0x54,0x55,0x53,0x48,0x81,0xec,0x28,0x81,0x00,
    0x00,0x48,0x89,0x14,0x24,0x66,0x81,0xf9,0x00,0x40,0x0f,0x87,0x52,0x01,0x00,0x00,
    0x48,0x8b,0x84,0x24,0x60,0x81,0x00,0x00,0x41,0x89,0xf6,0x89,0xcd,0x4c,0x63,0xe7,
    0x48,0x8d,0x5c,0x24,0x18,0x48,0x8d,0x54,0x24,0x20,0xb9,0x38,0x00,0x00,0x00,0x48,
    0x8b,0x30,0x66,0x0f,0x1f,0x44,0x00,0x00,0x48,0x89,0xf0,0x48,0x83,0xc3,0x01,0x48,
    0xd3,0xe8,0x83,0xe9,0x08,0x88,0x43,0xff,0x48,0x39,0xd3,0x75,0xeb,0x41,0x8b,0x01,
    0x48,0x8d,0x4c,0x24,0x50,0x4c,0x89,0xc6,0x44,0x88,0x74,0x24,0x38,0xf3,0x0f,0x7e,
    0x74,0x24,0x18,0x48,0x89,0xcf,0x44,0x0f,0xb7,0xfd,0x48,0x89,0x4c,0x24,0x08,0x89,
    0x44,0x24,0x20,0xb8,0x03,0x03,0x00,0x00,0x4c,0x8d,0xac,0x24,0x00,0x01,0x00,0x00,
    0x66,0x89,0x44,0x24,0x39,0x89,0xe8,0x66,0xc1,0xc0,0x08,0x66,0x0f,0xd6,0x74,0x24,
    0x24,0x66,0x89,0x44,0x24,0x3b,0x66,0x0f,0xd6,0x74,0x24,0x30,0xe8,0x3f,0xd6,0xff,
    0xff,0x48,0x8d,0x44,0x24,0x40,0x4c,0x89,0xfa,0x49,0x89,0xd8,0x50,0x4c,0x89,0xef,
    0x6a,0x0d,0x48,0x8b,0x4c,0x24,0x18,0x48,0x8b,0x74,0x24,0x10,0x4c,0x8d,0x4c,0x24,
    0x40,0xe8,0x4a,0xfc,0xff,0xff,0x8d,0x45,0x18,0xba,0x03,0x03,0x00,0x00,0x44,0x88,
    0xb4,0x24,0x10,0x41,0x00,0x00,0x66,0xc1,0xc0,0x08,0x66,0x89,0x94,0x24,0x11,0x41,
    0x00,0x00,0x66,0x89,0x84,0x24,0x13,0x41,0x00,0x00,0x31,0xc0,0x66,0x0f,0xd6,0xb4,
    0x24,0x15,0x41,0x00,0x00,0x59,0x5e,0x48,0x8d,0x8c,0x24,0x0d,0x41,0x00,0x00,0x4d,
    0x85,0xff,0x74,0x16,0x0f,0x1f,0x40,0x00,0x41,0x0f,0xb6,0x54,0x05,0x00,0x88,0x14,
    0x01,0x48,0x83,0xc0,0x01,0x49,0x39,0xc7,0x75,0xee,0x66,0x0f,0x6f,0x44,0x24,0x40,
    0x83,0xc5,0x1d,0x31,0xdb,0x4c,0x8d,0xac,0x24,0x00,0x41,0x00,0x00,0x0f,0xb7,0xed,
    0x42,0x0f,0x11,0x84,0x3c,0x0d,0x41,0x00,0x00,0xeb,0x0d,0x0f,0x1f,0x44,0x00,0x00,
    0x48,0x01,0xc3,0x48,0x39,0xeb,0x7d,0x28,0x48,0x89,0xea,0x31,0xc9,0x49,0x8d,0x74,
    0x1d,0x00,0x4c,0x89,0xe7,0x48,0x29,0xda,0xe8,0x35,0x4c,0x00,0x00,0x48,0x85,0xc0,
    0x7f,0xde,0xb8,0xff,0xff,0xff,0xff,0xeb,0x15,0x0f,0x1f,0x80,0x00,0x00,0x00,0x00,
    0x48,0x8b,0x84,0x24,0x60,0x81,0x00,0x00,0x48,0x83,0x00,0x01,0x31,0xc0,0x48,0x81,
    0xc4,0x28,0x81,0x00,0x00,0x5b,0x5d,0x41,0x5c,0x41,0x5d,0x41,0x5e,0x41,0x5f,0xc3,
    0x41,0x55,0x49,0x89,0xf5,0xbe,0x02,0x00,0x00,0x00,0x41,0x54,0x49,0x89,0xfc,0x55,
    0x48,0x89,0xcd,0x53,0x48,0x89,0xd3,0x48,0x83,0xec,0x28,0x48,0x89,0xe2,0xe8,0x9d,
    0xd9,0xff,0xff,0x85,0xc0,0x0f,0x88,0x42,0x01,0x00,0x00,0x44,0x8b,0x44,0x24,0x08,
    0x31,0xc9,0x41,0x83,0xf8,0x01,0x7e,0x0f,0x48,0x8b,0x04,0x24,0x31,0xc9,0x80,0x38,
    0x00,0x0f,0x94,0xc1,0x41,0x29,0xc8,0x41,0x8d,0x40,0xff,0x3d,0xff,0x00,0x00,0x00,
    0x0f,0x87,0x17,0x01,0x00,0x00,0x4c,0x89,0xe8,0x49,0x8d,0x95,0x00,0x01,0x00,0x00,
    0x66,0x0f,0xef,0xc0,0x0f,0x1f,0x40,0x00,0x0f,0x11,0x00,0x48,0x83,0xc0,0x10,0x48,
    0x39,0xd0,0x75,0xf4,0x49,0x63,0xf0,0x31,0xc0,0x48,0x03,0x0c,0x24,0x49,0x29,0xf5,
    0x49,0x8d,0xbd,0x00,0x01,0x00,0x00,0x66,0x0f,0x1f,0x84,0x00,0x00,0x00,0x00,0x00,
    0x0f,0xb6,0x14,0x01,0x88,0x14,0x07,0x48,0x83,0xc0,0x01,0x48,0x39,0xc6,0x75,0xf0,
    0x44,0x89,0x45,0x00,0x41,0x8b,0x44,0x24,0x0c,0x41,0x3b,0x44,0x24,0x08,0x0f,0x8d,
    0xb9,0x00,0x00,0x00,0x83,0xc0,0x01,0x4c,0x8d,0x5c,0x24,0x10,0x4c,0x89,0xe7,0x41,
    0x89,0x44,0x24,0x0c,0x4c,0x89,0xde,0xe8,0x74,0xd8,0xff,0xff,0x85,0xc0,0x0f,0x88,
    0x99,0x00,0x00,0x00,0x8b,0x44,0x24,0x10,0x41,0x01,0x44,0x24,0x0c,0x4c,0x89,0xda,
    0x4c,0x89,0xe7,0xbe,0x02,0x00,0x00,0x00,0xe8,0xd3,0xd8,0xff,0xff,0x85,0xc0,0x78,
    0x7c,0x8b,0x4c,0x24,0x18,0x31,0xf6,0x83,0xf9,0x01,0x7e,0x10,0x48,0x8b,0x44,0x24,
    0x10,0x31,0xf6,0x80,0x38,0x00,0x40,0x0f,0x94,0xc6,0x29,0xf1,0x8d,0x41,0xff,0x3d,
    0xff,0x00,0x00,0x00,0x77,0x57,0x48,0x89,0xd8,0x48,0x8d,0x93,0x00,0x01,0x00,0x00,
    0x66,0x0f,0xef,0xc0,0x0f,0x1f,0x40,0x00,0x0f,0x11,0x00,0x48,0x83,0xc0,0x10,0x48,
    0x39,0xc2,0x75,0xf4,0x48,0x63,0xc9,0x31,0xc0,0x48,0x03,0x74,0x24,0x10,0x48,0x29,
    0xcb,0x48,0x8d,0xbb,0x00,0x01,0x00,0x00,0x0f,0x1f,0x84,0x00,0x00,0x00,0x00,0x00,
    0x0f,0xb6,0x14,0x06,0x88,0x14,0x07,0x48,0x83,0xc0,0x01,0x48,0x39,0xc1,0x75,0xf0,
    0x31,0xc0,0x48,0x83,0xc4,0x28,0x5b,0x5d,0x41,0x5c,0x41,0x5d,0xc3,0xb8,0xff,0xff,
    0xff,0xff,0xeb,0xee,0x66,0x66,0x2e,0x0f,0x1f,0x84,0x00,0x00,0x00,0x00,0x00,0x90,
    0x41,0x56,0x49,0x89,0xd6,0x41,0x55,0x41,0x54,0x55,0x48,0x89,0xf5,0x53,0x48,0x89,
    0xfb,0x48,0x83,0xec,0x70,0x66,0x0f,0x6f,0x05,0xa3,0x4e,0x00,0x00,0xc7,0x44,0x24,
    0x68,0x00,0x00,0x00,0x00,0x0f,0x29,0x04,0x24,0x66,0x0f,0x6f,0x05,0x9f,0x4e,0x00,
    0x00,0x48,0x89,0x74,0x24,0x20,0x0f,0x29,0x44,0x24,0x10,0x48,0x83,0xfe,0x3f,0x76,
    0x6f,0x48,0x8d,0x46,0xc0,0x49,0x89,0xe5,0x48,0x83,0xe0,0xc0,0x4c,0x8d,0x64,0x07,
    0x40,0x0f,0x1f,0x80,0x00,0x00,0x00,0x00,0x48,0x89,0xde,0x4c,0x89,0xef,0x48,0x83,
    0xc3,0x40,0xe8,0x19,0xcd,0xff,0xff,0x4c,0x39,0xe3,0x75,0xec,0x83,0xe5,0x3f,0x48,
    0x85,0xed,0x74,0x21,0x31,0xc0,0x48,0x8d,0x4c,0x24,0x28,0x0f,0x1f,0x44,0x00,0x00,
    0x41,0x0f,0xb6,0x14,0x04,0x88,0x14,0x01,0x48,0x83,0xc0,0x01,0x48,0x39,0xc5,0x75,
    0xef,0x89,0x6c,0x24,0x68,0x4c,0x89,0xf6,0x4c,0x89,0xef,0xe8,0x20,0xd2,0xff,0xff,
    0x48,0x83,0xc4,0x70,0x5b,0x5d,0x41,0x5c,0x41,0x5d,0x41,0x5e,0xc3,0x0f,0x1f,0x00,
    0x49,0x89,0xfc,0x49,0x89,0xe5,0xeb,0xb7,0x0f,0x1f,0x84,0x00,0x00,0x00,0x00,0x00,
    0x41,0x57,0x41,0x56,0x41,0x55,0x41,0x54,0x55,0x53,0x48,0x81,0xec,0x08,0x01,0x00,
    0x00,0x89,0x74,0x24,0x10,0x89,0x54,0x24,0x14,0x83,0xfa,0x02,0x0f,0x8f,0x1e,0x05,
    0x00,0x00,0x81,0xfe,0x00,0x10,0x00,0x00,0x0f,0x8f,0x12,0x05,0x00,0x00,0x4c,0x63,
    0x64,0x24,0x14,0x48,0x8d,0x2d,0x16,0x52,0x01,0x00,0x49,0x89,0xfe,0x48,0x63,0x74,
    0x24,0x10,0x4c,0x89,0xe0,0x4c,0x89,0xe7,0x48,0xc1,0xe0,0x05,0x48,0xc1,0xe7,0x0c,
    0x48,0x8d,0x84,0x05,0x30,0x33,0x00,0x00,0x48,0x01,0xef,0x48,0x89,0x44,0x24,0x18,
    0x48,0x85,0xf6,0x0f,0x84,0x87,0x04,0x00,0x00,0x31,0xc0,0x0f,0x1f,0x44,0x00,0x00,
    0x41,0x0f,0xb6,0x14,0x06,0x49,0x89,0xc7,0x88,0x14,0x07,0x48,0x8d,0x40,0x01,0x48,
    0x39,0xc6,0x75,0xec,0x66,0x0f,0x6f,0x05,0x74,0x4d,0x00,0x00,0x8b,0x4c,0x24,0x10,
    0xc7,0x84,0x24,0xf8,0x00,0x00,0x00,0x00,0x00,0x00,0x00,0x48,0x89,0xb4,0x24,0xb0,
    0x00,0x00,0x00,0x0f,0x29,0x84,0x24,0x90,0x00,0x00,0x00,0x66,0x0f,0x6f,0x05,0x5d,
    0x4d,0x00,0x00,0x42,0x89,0x8c,0xa5,0x00,0x30,0x00,0x00,0x0f,0x29,0x84,0x24,0xa0,
    0x00,0x00,0x00,0x48,0x83,0xfe,0x3f,0x0f,0x86,0xaa,0x04,0x00,0x00,0x49,0x8d,0x04,
    0x36,0x4d,0x89,0xf5,0x48,0x8d,0x9c,0x24,0x90,0x00,0x00,0x00,0x48,0x89,0x44,0x24,
    0x08,0x0f,0x1f,0x80,0x00,0x00,0x00,0x00,0x4c,0x89,0xee,0x48,0x89,0xdf,0x49,0x83,
    0xc5,0x40,0xe8,0xc9,0xcb,0xff,0xff,0x48,0x8b,0x74,0x24,0x08,0x4c,0x29,0xee,0x48,
    0x83,0xfe,0x3f,0x77,0xe3,0x49,0x8d,0x57,0xc1,0x48,0x89,0xd6,0x48,0x89,0xd0,0x48,
    0xc1,0xee,0x06,0x83,0xe0,0x3f,0x0f,0x85,0x7c,0x03,0x00,0x00,0x48,0x8b,0x74,0x24,
    0x18,0x48,0x89,0xdf,0x4c,0x8d,0x7c,0x24,0x30,0xe8,0xd2,0xd0,0xff,0xff,0x8b,0x44,
    0x24,0x10,0x48,0x8d,0x7c,0x24,0x20,0x4c,0x89,0xfa,0xbe,0x30,0x00,0x00,0x00,0x4c,
    0x89,0x74,0x24,0x20,0x89,0x44,0x24,0x28,0xc7,0x44,0x24,0x2c,0x00,0x00,0x00,0x00,
    0xe8,0x2b,0xd6,0xff,0xff,0x85,0xc0,0x0f,0x88,0xe3,0x03,0x00,0x00,0x4c,0x8d,0x6c,
    0x24,0x40,0xbe,0x30,0x00,0x00,0x00,0x4c,0x89,0xff,0x4c,0x89,0xea,0xe8,0x0e,0xd6,
    0xff,0xff,0x85,0xc0,0x0f,0x88,0xc6,0x03,0x00,0x00,0x8b,0x44,0x24,0x4c,0x44,0x8b,
    0x5c,0x24,0x48,0x44,0x39,0xd8,0x0f,0x8d,0x0f,0x01,0x00,0x00,0x83,0xc0,0x01,0x48,
    0x89,0xde,0x4c,0x89,0xef,0x89,0x44,0x24,0x4c,0xe8,0x62,0xd5,0xff,0xff,0x85,0xc0,
    0x0f,0x88,0xa4,0x03,0x00,0x00,0x8b,0x84,0x24,0x90,0x00,0x00,0x00,0x03,0x44,0x24,
    0x4c,0x89,0x44,0x24,0x4c,0x44,0x39,0xd8,0x0f,0x8d,0xdd,0x00,0x00,0x00,0x83,0xc0,
    0x01,0x48,0x89,0xde,0x4c,0x89,0xef,0x89,0x44,0x24,0x4c,0xe8,0x30,0xd5,0xff,0xff,
    0x85,0xc0,0x0f,0x88,0x96,0x03,0x00,0x00,0x8b,0x84,0x24,0x90,0x00,0x00,0x00,0x03,
    0x44,0x24,0x4c,0x89,0x44,0x24,0x4c,0x41,0x39,0xc3,0x0f,0x8e,0xab,0x00,0x00,0x00,
    0x83,0xc0,0x01,0x48,0x89,0xde,0x4c,0x89,0xef,0x89,0x44,0x24,0x4c,0xe8,0xfe,0xd4,
    0xff,0xff,0x85,0xc0,0x0f,0x88,0x52,0x03,0x00,0x00,0x8b,0x84,0x24,0x90,0x00,0x00,
    0x00,0x03,0x44,0x24,0x4c,0x89,0x44,0x24,0x4c,0x41,0x39,0xc3,0x7e,0x7d,0x83,0xc0,
    0x01,0x48,0x89,0xde,0x4c,0x89,0xef,0x89,0x44,0x24,0x4c,0xe8,0xd0,0xd4,0xff,0xff,
    0x85,0xc0,0x0f,0x88,0x1b,0x03,0x00,0x00,0x8b,0x84,0x24,0x90,0x00,0x00,0x00,0x03,
    0x44,0x24,0x4c,0x89,0x44,0x24,0x4c,0x41,0x39,0xc3,0x7e,0x4f,0x83,0xc0,0x01,0x48,
    0x89,0xde,0x4c,0x89,0xef,0x89,0x44,0x24,0x4c,0xe8,0xa2,0xd4,0xff,0xff,0x85,0xc0,
    0x0f,0x88,0xff,0x02,0x00,0x00,0x8b,0x84,0x24,0x90,0x00,0x00,0x00,0x03,0x44,0x24,
    0x4c,0x89,0x44,0x24,0x4c,0x41,0x39,0xc3,0x7e,0x21,0x83,0xc0,0x01,0x48,0x89,0xde,
    0x4c,0x89,0xef,0x89,0x44,0x24,0x4c,0xe8,0x74,0xd4,0xff,0xff,0x85,0xc0,0x78,0x0b,
    0x8b,0x84,0x24,0x90,0x00,0x00,0x00,0x01,0x44,0x24,0x4c,0x4c,0x8d,0x7c,0x24,0x50,
    0xbe,0x30,0x00,0x00,0x00,0x4c,0x89,0xef,0x4c,0x89,0xfa,0xe8,0xd0,0xd4,0xff,0xff,
    0x85,0xc0,0x0f,0x88,0x88,0x02,0x00,0x00,0x8b,0x44,0x24,0x5c,0x3b,0x44,0x24,0x58,
    0x7d,0x21,0x83,0xc0,0x01,0x48,0x89,0xde,0x4c,0x89,0xff,0x89,0x44,0x24,0x5c,0xe8,
    0x2c,0xd4,0xff,0xff,0x85,0xc0,0x78,0x0b,0x8b,0x84,0x24,0x90,0x00,0x00,0x00,0x01,
    0x44,0x24,0x5c,0x4c,0x8d,0x74,0x24,0x60,0xbe,0x03,0x00,0x00,0x00,0x4c,0x89,0xff,
    0x4c,0x89,0xf2,0xe8,0x88,0xd4,0xff,0xff,0x85,0xc0,0x0f,0x88,0x40,0x02,0x00,0x00,
    0x4c,0x8d,0x6c,0x24,0x70,0xbe,0x30,0x00,0x00,0x00,0x4c,0x89,0xf7,0x83,0x44,0x24,
    0x6c,0x01,0x4c,0x89,0xea,0xe8,0x66,0xd4,0xff,0xff,0x85,0xc0,0x0f,0x88,0x1e,0x02,
    0x00,0x00,0x48,0x8d,0x94,0x24,0x80,0x00,0x00,0x00,0xbe,0x02,0x00,0x00,0x00,0x4c,
    0x89,0xef,0xe8,0x49,0xd4,0xff,0xff,0x85,0xc0,0x0f,0x88,0x01,0x02,0x00,0x00,0x8b,
    0x84,0x24,0x88,0x00,0x00,0x00,0x48,0x8b,0xbc,0x24,0x80,0x00,0x00,0x00,0x83,0xf8,
    0x01,0x0f,0x8e,0x79,0x01,0x00,0x00,0x80,0x3f,0x00,0x0f,0x94,0xc2,0x41,0x0f,0x94,
    0xc0,0x0f,0xb6,0xd2,0x45,0x0f,0xb6,0xc0,0x29,0xd0,0xba,0x00,0x01,0x00,0x00,0x39,
    0xd0,0x0f,0x4f,0xc2,0x42,0x89,0x84,0xa5,0x18,0x33,0x00,0x00,0x4c,0x89,0xe0,0x66,
    0x0f,0xef,0xc0,0x48,0xc1,0xe0,0x08,0x48,0x8d,0xb4,0x05,0x0c,0x30,0x00,0x00,0x48,
    0x89,0xf0,0x48,0x8d,0x96,0x00,0x01,0x00,0x00,0x0f,0x1f,0x80,0x00,0x00,0x00,0x00,
    0x0f,0x11,0x00,0x48,0x83,0xc0,0x10,0x48,0x39,0xd0,0x75,0xf4,0x4a,0x63,0x8c,0xa5,
    0x18,0x33,0x00,0x00,0x31,0xc0,0x4c,0x01,0xc7,0x48,0x29,0xce,0x48,0x81,0xc6,0x00,
    0x01,0x00,0x00,0x48,0x85,0xc9,0x74,0x18,0x0f,0x1f,0x84,0x00,0x00,0x00,0x00,0x00,
    0x0f,0xb6,0x14,0x07,0x88,0x14,0x06,0x48,0x83,0xc0,0x01,0x48,0x39,0xc1,0x75,0xf0,
    0x48,0x89,0xda,0xbe,0x02,0x00,0x00,0x00,0x4c,0x89,0xef,0xe8,0x90,0xd3,0xff,0xff,
    0x85,0xc0,0x0f,0x88,0x48,0x01,0x00,0x00,0x8b,0x84,0x24,0x98,0x00,0x00,0x00,0x48,
    0x8b,0xb4,0x24,0x90,0x00,0x00,0x00,0x83,0xf8,0x01,0x0f,0x8e,0xd0,0x00,0x00,0x00,
    0x80,0x3e,0x00,0x0f,0x94,0xc2,0x40,0x0f,0x94,0xc7,0x0f,0xb6,0xd2,0x40,0x0f,0xb6,
    0xff,0x29,0xd0,0xba,0x04,0x00,0x00,0x00,0x39,0xd0,0x0f,0x4f,0xc2,0x42,0x89,0x84,
    0xa5,0x24,0x33,0x00,0x00,0x4a,0x8d,0x84,0xa5,0x0c,0x33,0x00,0x00,0x48,0x01,0xf7,
    0xc7,0x00,0x00,0x00,0x00,0x00,0x4a,0x63,0x8c,0xa5,0x24,0x33,0x00,0x00,0x48,0x29,
    0xc8,0x48,0x89,0xc2,0x31,0xc0,0x48,0x8d,0x72,0x04,0x48,0x85,0xc9,0x74,0x11,0x90,
    0x0f,0xb6,0x14,0x07,0x88,0x14,0x06,0x48,0x83,0xc0,0x01,0x48,0x39,0xc1,0x75,0xf0,
    0x8b,0x5c,0x24,0x14,0x8d,0x43,0x01,0x89,0x05,0x63,0x81,0x01,0x00,0x89,0xd8,0x48,
    0x81,0xc4,0x08,0x01,0x00,0x00,0x5b,0x5d,0x41,0x5c,0x41,0x5d,0x41,0x5e,0x41,0x5f,
    0xc3,0x0f,0x1f,0x80,0x00,0x00,0x00,0x00,0x48,0x83,0xc6,0x01,0x48,0xc1,0xe6,0x06,
    0x49,0x8d,0x3c,0x36,0x31,0xd2,0x4c,0x8d,0x84,0x24,0xb8,0x00,0x00,0x00,0x66,0x90,
    0x0f,0xb6,0x34,0x17,0x41,0x88,0x34,0x10,0x48,0x83,0xc2,0x01,0x48,0x39,0xd0,0x75,
    0xef,0x89,0x84,0x24,0xf8,0x00,0x00,0x00,0xe9,0x4f,0xfc,0xff,0xff,0x0f,0x1f,0x00,
    0x42,0x89,0x84,0xa5,0x18,0x33,0x00,0x00,0x45,0x31,0xc0,0xe9,0x9c,0xfe,0xff,0xff,
    0x42,0x89,0x84,0xa5,0x24,0x33,0x00,0x00,0x31,0xff,0xe9,0x46,0xff,0xff,0xff,0x90,
    0x66,0x0f,0x6f,0x05,0x08,0x49,0x00,0x00,0x42,0xc7,0x84,0xa5,0x00,0x30,0x00,0x00,
    0x00,0x00,0x00,0x00,0x48,0x8d,0x9c,0x24,0x90,0x00,0x00,0x00,0xc7,0x84,0x24,0xf8,
    0x00,0x00,0x00,0x00,0x00,0x00,0x00,0x0f,0x29,0x84,0x24,0x90,0x00,0x00,0x00,0x66,
    0x0f,0x6f,0x05,0xe9,0x48,0x00,0x00,0x48,0xc7,0x84,0x24,0xb0,0x00,0x00,0x00,0x00,
    0x00,0x00,0x00,0x0f,0x29,0x84,0x24,0xa0,0x00,0x00,0x00,0xe9,0xdc,0xfb,0xff,0xff,
    0xb8,0xff,0xff,0xff,0xff,0xe9,0x35,0xff,0xff,0xff,0x8b,0x44,0x24,0x4c,0xe9,0x62,
    0xfc,0xff,0xff,0x8b,0x44,0x24,0x4c,0xe9,0xeb,0xfc,0xff,0xff,0x8b,0x44,0x24,0x4c,
    0xe9,0xb4,0xfc,0xff,0xff,0x8b,0x44,0x24,0x4c,0xe9,0x07,0xfd,0xff,0xff,0x8b,0x44,
    0x24,0x4c,0xe9,0x70,0xfc,0xff,0xff,0x4c,0x89,0xf7,0x48,0x8d,0x9c,0x24,0x90,0x00,
    0x00,0x00,0xe9,0x1d,0xff,0xff,0xff,0x66,0x0f,0x1f,0x84,0x00,0x00,0x00,0x00,0x00,
    0x41,0x57,0x31,0xc0,0x41,0x56,0x41,0x55,0x49,0x89,0xcd,0x41,0x54,0x49,0x89,0xd4,
    0x55,0x48,0x89,0xfd,0x53,0x48,0x89,0xf3,0x48,0x81,0xec,0x68,0x01,0x00,0x00,0x4c,
    0x89,0x44,0x24,0x08,0x4c,0x8d,0x74,0x24,0x30,0x48,0x83,0xfe,0x40,0x0f,0x87,0x2f,
    0x01,0x00,0x00,0x0f,0x1f,0x44,0x00,0x00,0x31,0xd2,0x39,0xc3,0x7e,0x05,0x0f,0xb6,
    0x54,0x05,0x00,0x41,0x88,0x14,0x06,0x48,0x83,0xc0,0x01,0x48,0x83,0xf8,0x40,0x75,
    0xe7,0x66,0x44,0x0f,0x6f,0x35,0x16,0x48,0x00,0x00,0x4c,0x8d,0xbc,0x24,0xf0,0x00,
    0x00,0x00,0x66,0x44,0x0f,0x6f,0x2d,0x15,0x48,0x00,0x00,0x66,0x0f,0x6f,0x15,0x1d,
    0x48,0x00,0x00,0x66,0x0f,0x6f,0x0d,0x25,0x48,0x00,0x00,0x31,0xc0,0x48,0x8d,0x74,
    0x24,0x70,0x48,0x8d,0x9c,0x24,0xb0,0x00,0x00,0x00,0x66,0x41,0x0f,0x6f,0x04,0x06,
    0x66,0x0f,0xef,0xc2,0x0f,0x29,0x04,0x06,0x66,0x41,0x0f,0x6f,0x04,0x06,0x66,0x0f,
    0xef,0xc1,0x0f,0x29,0x04,0x03,0x48,0x83,0xc0,0x10,0x48,0x83,0xf8,0x40,0x75,0xda,
    0xc7,0x84,0x24,0x58,0x01,0x00,0x00,0x00,0x00,0x00,0x00,0x4c,0x89,0xff,0x48,0xc7,
    0x84,0x24,0x10,0x01,0x00,0x00,0x40,0x00,0x00,0x00,0x44,0x0f,0x29,0xb4,0x24,0xf0,
    0x00,0x00,0x00,0x44,0x0f,0x29,0xac,0x24,0x00,0x01,0x00,0x00,0xe8,0x4f,0xc6,0xff,
    0xff,0x4c,0x89,0xea,0x4c,0x89,0xe6,0x4c,0x89,0xff,0xe8,0x51,0xca,0xff,0xff,0x4c,
    0x8d,0x64,0x24,0x10,0x4c,0x89,0xff,0x4c,0x89,0xe6,0xe8,0x71,0xcb,0xff,0xff,0x48,
    0x89,0xde,0x4c,0x89,0xff,0xc7,0x84,0x24,0x58,0x01,0x00,0x00,0x00,0x00,0x00,0x00,
    0x48,0xc7,0x84,0x24,0x10,0x01,0x00,0x00,0x40,0x00,0x00,0x00,0x44,0x0f,0x29,0xb4,
    0x24,0xf0,0x00,0x00,0x00,0x44,0x0f,0x29,0xac,0x24,0x00,0x01,0x00,0x00,0xe8,0xfd,
    0xc5,0xff,0xff,0x4c,0x89,0xe6,0x4c,0x89,0xff,0xba,0x20,0x00,0x00,0x00,0xe8,0xfd,
    0xc9,0xff,0xff,0x48,0x8b,0x74,0x24,0x08,0x4c,0x89,0xff,0xe8,0x20,0xcb,0xff,0xff,
    0x48,0x81,0xc4,0x68,0x01,0x00,0x00,0x5b,0x5d,0x41,0x5c,0x41,0x5d,0x41,0x5e,0x41,
    0x5f,0xc3,0x66,0x44,0x0f,0x6f,0x35,0x05,0x47,0x00,0x00,0x48,0x8d,0x46,0xc0,0x66,
    0x44,0x0f,0x6f,0x2d,0x08,0x47,0x00,0x00,0xc7,0x84,0x24,0x58,0x01,0x00,0x00,0x00,
    0x00,0x00,0x00,0x48,0x89,0xb4,0x24,0x10,0x01,0x00,0x00,0x48,0x83,0xe0,0xc0,0x4c,
    0x8d,0xbc,0x24,0xf0,0x00,0x00,0x00,0x44,0x0f,0x29,0xb4,0x24,0xf0,0x00,0x00,0x00,
    0x4c,0x8d,0x74,0x07,0x40,0x44,0x0f,0x29,0xac,0x24,0x00,0x01,0x00,0x00,0x66,0x90,
    0x48,0x89,0xee,0x4c,0x89,0xff,0x48,0x83,0xc5,0x40,0xe8,0x71,0xc5,0xff,0xff,0x49,
    0x39,0xee,0x75,0xec,0x83,0xe3,0x3f,0x74,0x27,0x31,0xc0,0x48,0x8d,0x8c,0x24,0x18,
    0x01,0x00,0x00,0x0f,0x1f,0x44,0x00,0x00,0x41,0x0f,0xb6,0x14,0x06,0x88,0x14,0x01,
    0x48,0x83,0xc0,0x01,0x48,0x39,0xd8,0x75,0xef,0x89,0x84,0x24,0x58,0x01,0x00,0x00,
    0x4c,0x8d,0x74,0x24,0x30,0x4c,0x89,0xff,0x4c,0x89,0xf6,0xe8,0x70,0xca,0xff,0xff,
    0x66,0x0f,0xef,0xc0,0x0f,0x29,0x44,0x24,0x50,0x0f,0x29,0x44,0x24,0x60,0xe9,0x58,
    0xfe,0xff,0xff,0x66,0x66,0x2e,0x0f,0x1f,0x84,0x00,0x00,0x00,0x00,0x00,0x66,0x90,
    0x41,0x57,0x4c,0x89,0xc0,0x41,0x56,0x49,0x89,0xd6,0x41,0x55,0x41,0x54,0x49,0x89,
    0xcc,0x55,0x4c,0x89,0xcd,0x53,0x48,0x81,0xec,0xc8,0x01,0x00,0x00,0x48,0x89,0x3c,
    0x24,0x4c,0x8b,0x9c,0x24,0x00,0x02,0x00,0x00,0x48,0x89,0x74,0x24,0x08,0x4c,0x8b,
    0xac,0x24,0x08,0x02,0x00,0x00,0x48,0x85,0xc9,0x0f,0x84,0x0a,0x02,0x00,0x00,0x31,
    0xd2,0x48,0x8d,0x74,0x24,0x7f,0x66,0x2e,0x0f,0x1f,0x84,0x00,0x00,0x00,0x00,0x00,
    0x48,0x83,0xc2,0x01,0x41,0x0f,0xb6,0x4c,0x16,0xff,0x88,0x0c,0x16,0x49,0x39,0xd4,
    0x75,0xee,0x4d,0x89,0xe1,0x48,0x8d,0xbc,0x24,0x80,0x00,0x00,0x00,0x48,0x85,0xed,
    0x74,0x21,0x48,0x8d,0xbc,0x24,0x80,0x00,0x00,0x00,0x31,0xd2,0x4a,0x8d,0x34,0x0f,
    0x0f,0xb6,0x0c,0x10,0x88,0x0c,0x16,0x48,0x83,0xc2,0x01,0x48,0x39,0xd5,0x75,0xf0,
    0x49,0x01,0xe9,0x48,0x89,0xfa,0x48,0x8b,0x74,0x24,0x08,0x48,0x8b,0x3c,0x24,0x4c,
    0x89,0xc9,0x4c,0x8d,0x44,0x24,0x40,0x4c,0x89,0x9c,0x24,0x00,0x02,0x00,0x00,0x48,
    0x89,0x44,0x24,0x10,0x4c,0x89,0x44,0x24,0x30,0xe8,0x22,0xfd,0xff,0xff,0x4d,0x85,
    0xed,0x48,0x8b,0x44,0x24,0x10,0x4c,0x8b,0x9c,0x24,0x00,0x02,0x00,0x00,0x0f,0x84,
    0x19,0x01,0x00,0x00,0x4d,0x85,0xe4,0xba,0x20,0x00,0x00,0x00,0x49,0x8d,0x74,0x24,
    0x20,0x48,0x0f,0x44,0xf2,0x48,0x85,0xed,0x4c,0x8d,0x4c,0x24,0x60,0x48,0x8d,0xbc,
    0x24,0x20,0x01,0x00,0x00,0x4c,0x8d,0xbc,0x24,0x40,0x01,0x00,0x00,0x48,0x8d,0x54,
    0x35,0x00,0x48,0x89,0x7c,0x24,0x10,0x4d,0x89,0xfa,0x4d,0x89,0xf7,0x48,0x0f,0x44,
    0xd6,0x48,0x89,0x74,0x24,0x38,0x31,0xdb,0x4d,0x89,0xce,0x48,0x89,0x54,0x24,0x28,
    0x66,0x0f,0x6f,0x44,0x24,0x40,0x66,0x0f,0x6f,0x4c,0x24,0x50,0x31,0xd2,0x0f,0x29,
    0x84,0x24,0x20,0x01,0x00,0x00,0x0f,0x29,0x8c,0x24,0x30,0x01,0x00,0x00,0x4d,0x85,
    0xe4,0x74,0x17,0x0f,0x1f,0x44,0x00,0x00,0x41,0x0f,0xb6,0x0c,0x17,0x41,0x88,0x0c,
    0x12,0x48,0x83,0xc2,0x01,0x49,0x39,0xd4,0x75,0xee,0x48,0x85,0xed,0x74,0x21,0x48,
    0x8b,0x7c,0x24,0x10,0x48,0x8b,0x74,0x24,0x38,0x31,0xd2,0x48,0x01,0xfe,0x66,0x90,
    0x0f,0xb6,0x0c,0x10,0x88,0x0c,0x16,0x48,0x83,0xc2,0x01,0x48,0x39,0xd5,0x75,0xf0,
    0x48,0x8b,0x4c,0x24,0x28,0x48,0x8b,0x3c,0x24,0x4d,0x89,0xf0,0x4c,0x89,0x54,0x24,
    0x20,0x48,0x8b,0x54,0x24,0x10,0x48,0x8b,0x74,0x24,0x08,0x48,0x89,0x44,0x24,0x18,
    0x4c,0x89,0x9c,0x24,0x00,0x02,0x00,0x00,0xe8,0x33,0xfc,0xff,0xff,0x4c,0x39,0xeb,
    0x73,0x3b,0x48,0x8b,0x44,0x24,0x18,0x4c,0x8b,0x9c,0x24,0x00,0x02,0x00,0x00,0x31,
    0xd2,0x4c,0x8b,0x54,0x24,0x20,0x66,0x2e,0x0f,0x1f,0x84,0x00,0x00,0x00,0x00,0x00,
    0x41,0x0f,0xb6,0x0c,0x16,0x48,0x83,0xc3,0x01,0x48,0x83,0xc2,0x01,0x41,0x88,0x4c,
    0x1b,0xff,0x48,0x83,0xfa,0x1f,0x77,0x18,0x4c,0x39,0xeb,0x72,0xe3,0x48,0x81,0xc4,
    0xc8,0x01,0x00,0x00,0x5b,0x5d,0x41,0x5c,0x41,0x5d,0x41,0x5e,0x41,0x5f,0xc3,0x90,
    0x48,0x89,0x44,0x24,0x20,0x4c,0x89,0x9c,0x24,0x00,0x02,0x00,0x00,0x4c,0x89,0x54,
    0x24,0x18,0x4c,0x39,0xeb,0x73,0xd6,0x48,0x8b,0x54,0x24,0x30,0x48,0x8b,0x74,0x24,
    0x08,0xb9,0x20,0x00,0x00,0x00,0x48,0x8b,0x3c,0x24,0x49,0x89,0xd0,0xe8,0xae,0xfb,
    0xff,0xff,0x4c,0x8b,0x54,0x24,0x18,0x48,0x8b,0x44,0x24,0x20,0x4c,0x8b,0x9c,0x24,
    0x00,0x02,0x00,0x00,0xe9,0xd7,0xfe,0xff,0xff,0x45,0x31,0xc9,0xe9,0x14,0xfe,0xff,
    0xff,0x66,0x66,0x2e,0x0f,0x1f,0x84,0x00,0x00,0x00,0x00,0x00,0x0f,0x1f,0x40,0x00,
    0x41,0x57,0x41,0x56,0x4c,0x8d,0xb7,0xe4,0x30,0x00,0x00,0x41,0x55,0x41,0x54,0x55,
    0x48,0x89,0xd5,0x4c,0x89,0xf2,0x53,0x48,0x81,0xec,0xa8,0x01,0x00,0x00,0x66,0x0f,
    0x6f,0x05,0xca,0x43,0x00,0x00,0x48,0x63,0x9f,0xe4,0x40,0x00,0x00,0x48,0x89,0x34,
    0x24,0x4c,0x8d,0x6c,0x24,0x30,0x0f,0x29,0x44,0x24,0x30,0x66,0x0f,0x6f,0x05,0xbd,
    0x43,0x00,0x00,0x48,0x89,0x4c,0x24,0x08,0xc7,0x84,0x24,0x98,0x00,0x00,0x00,0x00,
    0x00,0x00,0x00,0x48,0x89,0x5c,0x24,0x50,0x0f,0x29,0x44,0x24,0x40,0x48,0x83,0xfb,
    0x3f,0x76,0x45,0x4d,0x89,0xf4,0x4c,0x8d,0x6c,0x24,0x30,0x4d,0x8d,0x3c,0x1e,0x90,
    0x4c,0x89,0xe6,0x4c,0x89,0xef,0x49,0x83,0xc4,0x40,0xe8,0x31,0xc2,0xff,0xff,0x4c,
    0x89,0xfa,0x4c,0x29,0xe2,0x48,0x83,0xfa,0x3f,0x77,0xe5,0x48,0x83,0xeb,0x40,0x48,
    0x89,0xd8,0x48,0xc1,0xe8,0x06,0x48,0x8d,0x50,0x01,0x48,0xc1,0xe0,0x06,0x48,0xc1,
    0xe2,0x06,0x48,0x29,0xc3,0x4c,0x01,0xf2,0x48,0x85,0xdb,0x74,0x22,0x31,0xc0,0x48,
    0x8d,0x74,0x24,0x58,0x0f,0x1f,0x40,0x00,0x0f,0xb6,0x0c,0x02,0x88,0x0c,0x06,0x48,
    0x83,0xc0,0x01,0x48,0x39,0xc3,0x75,0xf0,0x89,0x9c,0x24,0x98,0x00,0x00,0x00,0x48,
    0x8d,0x74,0x24,0x10,0x4c,0x89,0xef,0xe8,0x14,0xc7,0xff,0xff,0x80,0x7d,0x00,0x00,
    0x0f,0x84,0x92,0x00,0x00,0x00,0x31,0xd2,0x0f,0x1f,0x84,0x00,0x00,0x00,0x00,0x00,
    0x48,0x89,0xd1,0x48,0x83,0xc2,0x01,0x80,0x7c,0x15,0x00,0x00,0x75,0xf2,0x31,0xc0,
    0x48,0x8d,0xbc,0x24,0xa0,0x00,0x00,0x00,0x0f,0x1f,0x84,0x00,0x00,0x00,0x00,0x00,
    0x0f,0xb6,0x74,0x05,0x00,0x40,0x88,0x34,0x07,0x48,0x89,0xc6,0x48,0x83,0xc0,0x01,
    0x48,0x39,0xce,0x75,0xeb,0x48,0x83,0xc1,0x21,0x66,0x0f,0x6f,0x4c,0x24,0x10,0x48,
    0x01,0xfa,0x45,0x31,0xc9,0x4c,0x8d,0x05,0xef,0x3e,0x00,0x00,0xbe,0x30,0x00,0x00,
    0x00,0x0f,0x11,0x0a,0x66,0x0f,0x6f,0x54,0x24,0x20,0x0f,0x11,0x52,0x10,0x48,0x89,
    0xfa,0x6a,0x0c,0xff,0x74,0x24,0x10,0x48,0x8b,0x7c,0x24,0x10,0xe8,0x3f,0xfc,0xff,
    0xff,0x48,0x81,0xc4,0xb8,0x01,0x00,0x00,0x31,0xc0,0x5b,0x5d,0x41,0x5c,0x41,0x5d,
    0x41,0x5e,0x41,0x5f,0xc3,0x0f,0x1f,0x00,0xb9,0x20,0x00,0x00,0x00,0x31,0xd2,0x48,
    0x8d,0xbc,0x24,0xa0,0x00,0x00,0x00,0xeb,0xa0,0x0f,0x1f,0x80,0x00,0x00,0x00,0x00,
    0x41,0x57,0x48,0x8d,0x05,0x07,0x43,0x00,0x00,0x49,0x89,0xf7,0x31,0xc9,0x41,0x56,
    0x41,0x55,0x41,0x54,0x55,0x53,0x48,0x81,0xec,0x98,0x18,0x00,0x00,0x89,0x7c,0x24,
    0x50,0x89,0xd7,0x8b,0x90,0xdc,0x00,0x00,0x00,0x85,0xd2,0x74,0x23,0x83,0xc1,0x01,
    0x48,0x05,0xe8,0x40,0x00,0x00,0x83,0xf9,0x04,0x75,0xe8,0xc7,0x05,0xc7,0x42,0x00,
    0x00,0xfa,0xff,0xff,0xff,0xe9,0x60,0x05,0x00,0x00,0x66,0x0f,0x1f,0x44,0x00,0x00,
    0x48,0x63,0xc1,0x48,0x8d,0x1d,0xb6,0x42,0x00,0x00,0x89,0x4c,0x24,0x54,0x48,0x89,
    0x04,0x24,0x48,0x69,0xc0,0xe8,0x40,0x00,0x00,0x48,0x89,0x44,0x24,0x08,0x48,0x01,
    0xd8,0x48,0x89,0x84,0x24,0xd8,0x00,0x00,0x00,0x48,0x8d,0x88,0xe8,0x40,0x00,0x00,
    0x48,0xc7,0x00,0x00,0x00,0x00,0x00,0x48,0x83,0xc0,0x08,0x48,0x39,0xc1,0x75,0xf0,
    0x48,0x69,0x04,0x24,0xe8,0x40,0x00,0x00,0x48,0x8d,0x1d,0x71,0x42,0x00,0x00,0xc7,
    0x05,0x63,0x42,0x00,0x00,0x00,0x00,0x00,0x00,0x48,0x01,0xd8,0x8b,0x5c,0x24,0x50,
    0xc7,0x80,0xdc,0x00,0x00,0x00,0x01,0x00,0x00,0x00,0x89,0x98,0xd0,0x00,0x00,0x00,
    0x4d,0x85,0xff,0x0f,0x84,0x3f,0x09,0x00,0x00,0x85,0xff,0x0f,0x8e,0x0d,0x19,0x00,
    0x00,0x48,0x63,0xf7,0x31,0xc9,0xeb,0x1c,0x0f,0x1f,0x84,0x00,0x00,0x00,0x00,0x00,
    0x83,0xe8,0x21,0x3c,0x5d,0x0f,0x87,0x6d,0x0a,0x00,0x00,0x48,0x83,0xc1,0x01,0x48,
    0x39,0xce,0x74,0x0b,0x41,0x0f,0xb6,0x04,0x0f,0x84,0xc0,0x75,0xe3,0x89,0xcf,0x81,
    0xff,0xfd,0x00,0x00,0x00,0x0f,0x8f,0x95,0x04,0x00,0x00,0x8d,0x47,0x05,0x44,0x8d,
    0x57,0x4a,0x41,0x89,0xfd,0x4c,0x63,0xe7,0x0f,0xb6,0xdc,0x8d,0x77,0x4e,0x44,0x8d,
    0x77,0x03,0x88,0x84,0x24,0xc8,0x00,0x00,0x00,0x8d,0x47,0x39,0x89,0x9c,0x24,0xa8,
    0x00,0x00,0x00,0x48,0x63,0xce,0x89,0x84,0x24,0x90,0x00,0x00,0x00,0x8d,0x47,0x3a,
    0x89,0x84,0x24,0x8c,0x00,0x00,0x00,0x8d,0x47,0x3b,0x89,0x44,0x24,0x68,0x8d,0x47,
    0x3c,0x89,0x84,0x24,0x94,0x00,0x00,0x00,0x8d,0x47,0x3d,0x89,0x44,0x24,0x74,0x8d,
    0x47,0x3e,0x89,0x84,0x24,0x88,0x00,0x00,0x00,0x8d,0x47,0x3f,0x89,0x84,0x24,0x80,
    0x00,0x00,0x00,0x8d,0x47,0x41,0x89,0x84,0x24,0x84,0x00,0x00,0x00,0x8d,0x47,0x42,
    0x89,0x44,0x24,0x78,0x8d,0x47,0x43,0x89,0x84,0x24,0xa0,0x00,0x00,0x00,0x8d,0x47,
    0x44,0x89,0x84,0x24,0x9c,0x00,0x00,0x00,0x8d,0x47,0x45,0x89,0x84,0x24,0x98,0x00,
    0x00,0x00,0x8d,0x47,0x47,0x89,0x44,0x24,0x7c,0x8d,0x47,0x48,0x89,0x84,0x24,0xa4,
    0x00,0x00,0x00,0x8d,0x47,0x49,0x89,0x84,0x24,0xac,0x00,0x00,0x00,0x8d,0x47,0x4b,
    0x89,0x84,0x24,0xb0,0x00,0x00,0x00,0x8d,0x47,0x4c,0x89,0x84,0x24,0xb4,0x00,0x00,
    0x00,0x8d,0x47,0x4d,0x89,0x84,0x24,0xb8,0x00,0x00,0x00,0x8d,0x47,0x1f,0x0f,0xb6,
    0xdc,0x88,0x84,0x24,0xc9,0x00,0x00,0x00,0x44,0x89,0xd0,0x0f,0xb6,0xc4,0x44,0x88,
    0x94,0x24,0xca,0x00,0x00,0x00,0x89,0x84,0x24,0xc0,0x00,0x00,0x00,0x89,0xf0,0x0f,
    0xb6,0xc4,0x40,0x88,0xb4,0x24,0xcb,0x00,0x00,0x00,0x89,0x84,0x24,0xc4,0x00,0x00,
    0x00,0x8d,0x47,0x38,0x89,0x84,0x24,0xcc,0x00,0x00,0x00,0x8d,0x47,0x40,0x89,0x84,
    0x24,0xd0,0x00,0x00,0x00,0x8d,0x47,0x46,0x89,0x84,0x24,0xd4,0x00,0x00,0x00,0x89,
    0x9c,0x24,0xbc,0x00,0x00,0x00,0x8d,0x5e,0x05,0x0f,0xb7,0xeb,0x48,0x8b,0x7c,0x24,
    0x08,0x48,0x8d,0x05,0xc8,0x40,0x00,0x00,0x48,0x89,0x4c,0x24,0x60,0x89,0x74,0x24,
    0x58,0x48,0x8d,0x44,0x38,0x30,0x44,0x89,0x54,0x24,0x40,0x48,0x89,0xc7,0x89,0x54,
    0x24,0x30,0x48,0x89,0x44,0x24,0x10,0xe8,0x64,0xce,0xff,0xff,0x0f,0xb7,0x05,0x51,
    0x40,0x00,0x00,0x31,0xf6,0xc6,0x84,0x24,0x80,0x04,0x00,0x00,0x01,0x66,0x89,0xb4,
    0x24,0xb5,0x04,0x00,0x00,0x8b,0x54,0x24,0x30,0x4c,0x8d,0x9c,0x24,0xb8,0x04,0x00,
    0x00,0x66,0x89,0x84,0x24,0x84,0x04,0x00,0x00,0x48,0x8b,0x44,0x24,0x10,0xc6,0x84,
    0x24,0xac,0x04,0x00,0x00,0x00,0x4c,0x63,0x54,0x24,0x40,0xf3,0x0f,0x6f,0x68,0x10,
    0xf3,0x0f,0x6f,0x18,0x66,0xc7,0x84,0x24,0xaf,0x04,0x00,0x00,0x00,0x00,0x8b,0x05,
    0xe0,0x3f,0x00,0x00,0xc6,0x84,0x24,0xb3,0x04,0x00,0x00,0x00,0x8b,0x74,0x24,0x58,
    0x48,0x8b,0x4c,0x24,0x60,0x44,0x88,0xb4,0x24,0xb4,0x04,0x00,0x00,0x89,0x84,0x24,
    0xa6,0x04,0x00,0x00,0x0f,0xb7,0x05,0xdb,0x3f,0x00,0x00,0x44,0x88,0xac,0x24,0xb7,
    0x04,0x00,0x00,0x66,0x89,0x84,0x24,0xaa,0x04,0x00,0x00,0x0f,0xb6,0x84,0x24,0xa8,
    0x00,0x00,0x00,0x0f,0x11,0x9c,0x24,0x86,0x04,0x00,0x00,0x88,0x84,0x24,0xb1,0x04,
    0x00,0x00,0x0f,0xb6,0x84,0x24,0xc8,0x00,0x00,0x00,0x0f,0x29,0x6c,0x24,0x20,0x88,
    0x84,0x24,0xb2,0x04,0x00,0x00,0x31,0xc0,0x4d,0x85,0xe4,0x0f,0x11,0xac,0x24,0x96,
    0x04,0x00,0x00,0x74,0x15,0x0f,0x1f,0x00,0x41,0x0f,0xb6,0x3c,0x07,0x41,0x88,0x3c,
    0x03,0x48,0x83,0xc0,0x01,0x49,0x39,0xc4,0x75,0xee,0x48,0x63,0x84,0x24,0xcc,0x00,
    0x00,0x00,0x4c,0x8d,0x84,0x24,0x85,0x06,0x00,0x00,0x4c,0x8d,0xbc,0x24,0x80,0x04,
    0x00,0x00,0xc6,0x84,0x04,0x80,0x04,0x00,0x00,0x00,0x48,0x63,0x84,0x24,0x90,0x00,
    0x00,0x00,0xc6,0x84,0x04,0x80,0x04,0x00,0x00,0x0a,0x48,0x63,0x84,0x24,0x8c,0x00,
    0x00,0x00,0xc6,0x84,0x04,0x80,0x04,0x00,0x00,0x00,0x48,0x63,0x44,0x24,0x68,0xc6,
    0x84,0x04,0x80,0x04,0x00,0x00,0x04,0x48,0x63,0x84,0x24,0x94,0x00,0x00,0x00,0xc6,
    0x84,0x04,0x80,0x04,0x00,0x00,0x00,0x48,0x63,0x44,0x24,0x74,0xc6,0x84,0x04,0x80,
    0x04,0x00,0x00,0x02,0x48,0x63,0x84,0x24,0x88,0x00,0x00,0x00,0xc6,0x84,0x04,0x80,
    0x04,0x00,0x00,0x00,0x48,0x63,0x84,0x24,0x80,0x00,0x00,0x00,0xc6,0x84,0x04,0x80,
    0x04,0x00,0x00,0x17,0x48,0x63,0x84,0x24,0xd0,0x00,0x00,0x00,0xc6,0x84,0x04,0x80,
    0x04,0x00,0x00,0x00,0x48,0x63,0x84,0x24,0x84,0x00,0x00,0x00,0xc6,0x84,0x04,0x80,
    0x04,0x00,0x00,0x0b,0x48,0x63,0x44,0x24,0x78,0xc6,0x84,0x04,0x80,0x04,0x00,0x00,
    0x00,0x48,0x63,0x84,0x24,0xa0,0x00,0x00,0x00,0xc6,0x84,0x04,0x80,0x04,0x00,0x00,
    0x02,0x48,0x63,0x84,0x24,0x9c,0x00,0x00,0x00,0xc6,0x84,0x04,0x80,0x04,0x00,0x00,
    0x01,0x48,0x63,0x84,0x24,0x98,0x00,0x00,0x00,0xc6,0x84,0x04,0x80,0x04,0x00,0x00,
    0x00,0x48,0x63,0x84,0x24,0xd4,0x00,0x00,0x00,0xc6,0x84,0x04,0x80,0x04,0x00,0x00,
    0x00,0x48,0x63,0x44,0x24,0x7c,0xc6,0x84,0x04,0x80,0x04,0x00,0x00,0x0d,0x48,0x63,
    0x84,0x24,0xa4,0x00,0x00,0x00,0xc6,0x84,0x24,0x81,0x04,0x00,0x00,0x00,0xc6,0x84,
    0x04,0x80,0x04,0x00,0x00,0x00,0x48,0x63,0x84,0x24,0xac,0x00,0x00,0x00,0xc6,0x84,
    0x24,0x82,0x06,0x00,0x00,0x03,0xc6,0x84,0x04,0x80,0x04,0x00,0x00,0x04,0x48,0x63,
    0x84,0x24,0xb0,0x00,0x00,0x00,0x42,0xc6,0x84,0x14,0x80,0x04,0x00,0x00,0x00,0xc6,
    0x84,0x04,0x80,0x04,0x00,0x00,0x02,0x48,0x63,0x84,0x24,0xb4,0x00,0x00,0x00,0xc6,
    0x84,0x04,0x80,0x04,0x00,0x00,0x04,0x48,0x63,0x84,0x24,0xb8,0x00,0x00,0x00,0xc6,
    0x84,0x04,0x80,0x04,0x00,0x00,0x01,0x0f,0xb6,0x84,0x24,0xbc,0x00,0x00,0x00,0x88,
    0x84,0x24,0xad,0x04,0x00,0x00,0x0f,0xb6,0x84,0x24,0xc9,0x00,0x00,0x00,0x88,0x84,
    0x24,0xae,0x04,0x00,0x00,0x0f,0xb6,0x84,0x24,0xc0,0x00,0x00,0x00,0x88,0x84,0x24,
    0x82,0x04,0x00,0x00,0x0f,0xb6,0x84,0x24,0xca,0x00,0x00,0x00,0x88,0x84,0x24,0x83,
    0x04,0x00,0x00,0x0f,0xb7,0x05,0xb2,0x3d,0x00,0x00,0x66,0x89,0x84,0x24,0x80,0x06,
    0x00,0x00,0x0f,0xb6,0x84,0x24,0xc4,0x00,0x00,0x00,0x88,0x84,0x24,0x83,0x06,0x00,
    0x00,0x0f,0xb6,0x84,0x24,0xcb,0x00,0x00,0x00,0x88,0x84,0x24,0x84,0x06,0x00,0x00,
    0x31,0xc0,0x66,0x0f,0x1f,0x44,0x00,0x00,0x41,0x0f,0xb6,0x3c,0x07,0x41,0x88,0x3c,
    0x00,0x48,0x83,0xc0,0x01,0x48,0x39,0xc8,0x72,0xee,0x89,0x54,0x24,0x20,0x4c,0x63,
    0x64,0x24,0x50,0x45,0x31,0xf6,0x4c,0x8d,0xac,0x24,0x80,0x06,0x00,0x00,0x89,0x74,
    0x24,0x30,0x48,0x89,0x4c,0x24,0x40,0xeb,0x10,0x0f,0x1f,0x80,0x00,0x00,0x00,0x00,
    0x41,0x01,0xc6,0x66,0x41,0x39,0xde,0x73,0x67,0x41,0x0f,0xb7,0xc6,0x89,0xea,0x41,
    0x0f,0xb7,0xf6,0x31,0xc9,0x29,0xc2,0x4c,0x01,0xee,0x4c,0x89,0xe7,0x48,0x63,0xd2,
    0xe8,0x9d,0x38,0x00,0x00,0x48,0x85,0xc0,0x7f,0xd6,0xc7,0x05,0x78,0x3d,0x00,0x00,
    0xfe,0xff,0xff,0xff,0xeb,0x14,0x66,0x2e,0x0f,0x1f,0x84,0x00,0x00,0x00,0x00,0x00,
    0xc7,0x05,0x62,0x3d,0x00,0x00,0xff,0xff,0xff,0xff,0xc7,0x44,0x24,0x54,0xff,0xff,
    0xff,0xff,0x8b,0x44,0x24,0x54,0x48,0x81,0xc4,0x98,0x18,0x00,0x00,0x5b,0x5d,0x41,
    0x5c,0x41,0x5d,0x41,0x5e,0x41,0x5f,0xc3,0x0f,0x1f,0x84,0x00,0x00,0x00,0x00,0x00,
    0x48,0x8d,0x1d,0x39,0x3d,0x00,0x00,0x8b,0x74,0x24,0x30,0x8b,0x54,0x24,0x20,0x48,
    0x69,0x04,0x24,0xe8,0x40,0x00,0x00,0x48,0x8b,0x4c,0x24,0x40,0x8b,0x84,0x03,0xe4,
    0x40,0x00,0x00,0x8d,0x3c,0x30,0x81,0xff,0x00,0x10,0x00,0x00,0x0f,0x8f,0x39,0xfa,
    0xff,0xff,0x48,0x8b,0x7c,0x24,0x08,0x48,0x8d,0x1d,0x02,0x3d,0x00,0x00,0x48,0x8d,
    0x9c,0x3b,0xe4,0x30,0x00,0x00,0x48,0x63,0xf8,0x31,0xc0,0x48,0x89,0x5c,0x24,0x20,
    0x4c,0x8d,0x04,0x3b,0x0f,0x1f,0x40,0x00,0x41,0x0f,0xb6,0x3c,0x07,0x41,0x88,0x3c,
    0x00,0x48,0x83,0xc0,0x01,0x48,0x39,0xc8,0x72,0xee,0x48,0x69,0x04,0x24,0xe8,0x40,
    0x00,0x00,0x45,0x31,0xed,0x41,0x89,0xd6,0x48,0x8d,0x1d,0xc1,0x3c,0x00,0x00,0x48,
    0x8d,0xac,0x24,0x90,0x08,0x00,0x00,0x01,0xb4,0x03,0xe4,0x40,0x00,0x00,0xbb,0x05,
    0x00,0x00,0x00,0xeb,0x0d,0x0f,0x1f,0x00,0x41,0x01,0xc5,0x66,0x41,0x83,0xfd,0x04,
    0x77,0x2e,0x41,0x0f,0xb7,0xc5,0x89,0xda,0x41,0x0f,0xb7,0xf5,0x31,0xc9,0x29,0xc2,
    0x48,0x01,0xee,0x4c,0x89,0xe7,0x48,0x63,0xd2,0xe8,0xb2,0x37,0x00,0x00,0x48,0x85,
    0xc0,0x7f,0xd5,0xe9,0xf2,0xfe,0xff,0xff,0x0f,0x1f,0x84,0x00,0x00,0x00,0x00,0x00,
    0x0f,0xb7,0x84,0x24,0x93,0x08,0x00,0x00,0x44,0x89,0xf2,0x41,0x89,0xc6,0x66,0x41,
    0xc1,0xc6,0x08,0x66,0x41,0x81,0xfe,0xfb,0x0f,0x0f,0x87,0xcb,0xfe,0xff,0xff,0x45,
    0x0f,0xb7,0xfe,0x66,0x85,0xc0,0x74,0x50,0x45,0x31,0xed,0x48,0x89,0x6c,0x24,0x30,
    0x48,0x8d,0x9c,0x24,0x95,0x08,0x00,0x00,0x44,0x89,0xed,0x41,0x89,0xd5,0xeb,0x08,
    0x01,0xc5,0x66,0x44,0x39,0xf5,0x73,0x28,0x0f,0xb7,0xc5,0x44,0x89,0xfa,0x0f,0xb7,
    0xf5,0x31,0xc9,0x29,0xc2,0x48,0x01,0xde,0x4c,0x89,0xe7,0x48,0x63,0xd2,0xe8,0x3d,
    0x37,0x00,0x00,0x48,0x85,0xc0,0x7f,0xd8,0xe9,0x7d,0xfe,0xff,0xff,0x0f,0x1f,0x00,
    0x48,0x8b,0x6c,0x24,0x30,0x44,0x89,0xea,0x80,0xbc,0x24,0x90,0x08,0x00,0x00,0x16,
    0x41,0x8d,0x4f,0x05,0x0f,0x85,0x76,0xfe,0xff,0xff,0x80,0xbc,0x24,0x95,0x08,0x00,
    0x00,0x02,0x0f,0x85,0x68,0xfe,0xff,0xff,0x48,0x8b,0x5c,0x24,0x08,0x48,0x8d,0x05,
    0xcc,0x3b,0x00,0x00,0xf3,0x0f,0x6f,0xbc,0x24,0x9b,0x08,0x00,0x00,0xf3,0x0f,0x6f,
    0x94,0x24,0xab,0x08,0x00,0x00,0x4c,0x8d,0x5c,0x18,0x50,0x41,0x0f,0x11,0x3b,0x41,
    0x0f,0x11,0x53,0x10,0x83,0xf9,0x2a,0x0f,0x8e,0x33,0xfe,0xff,0xff,0x44,0x0f,0xb6,
    0x84,0x24,0xbb,0x08,0x00,0x00,0x41,0x8d,0x40,0x30,0x41,0x8d,0x70,0x2c,0x39,0xc8,
    0x0f,0x8d,0x1a,0xfe,0xff,0xff,0x48,0x63,0xf6,0x45,0x8d,0x48,0x2e,0x0f,0xb6,0xbc,
    0x34,0x90,0x08,0x00,0x00,0x41,0x8d,0x70,0x2d,0x48,0x63,0xf6,0x0f,0xb6,0xb4,0x34,
    0x90,0x08,0x00,0x00,0xc1,0xe7,0x08,0x09,0xfe,0x66,0x81,0xfe,0x2f,0xc0,0x0f,0x85,
    0x62,0x01,0x00,0x00,0x4d,0x63,0xc9,0x41,0x8d,0x70,0x2f,0x42,0x80,0xbc,0x0c,0x90,
    0x08,0x00,0x00,0x00,0x0f,0x85,0x4c,0x01,0x00,0x00,0x48,0x63,0xf6,0x48,0x98,0x45,
    0x8d,0x50,0x31,0x44,0x0f,0xb6,0x8c,0x34,0x90,0x08,0x00,0x00,0x0f,0xb6,0x84,0x04,
    0x90,0x08,0x00,0x00,0x41,0xc1,0xe1,0x08,0x41,0x09,0xc1,0x45,0x01,0xd1,0x44,0x39,
    0xc9,0x0f,0x8c,0xa9,0xfd,0xff,0xff,0x41,0x8d,0x40,0x34,0x41,0x39,0xc1,0x0f,0x8e,
    0x24,0x01,0x00,0x00,0x41,0x8d,0x70,0x32,0x49,0x63,0xca,0x48,0x98,0x48,0x63,0xf6,
    0x0f,0xb6,0x8c,0x0c,0x90,0x08,0x00,0x00,0x0f,0xb6,0xbc,0x34,0x90,0x08,0x00,0x00,
    0xc1,0xe1,0x08,0x09,0xcf,0x41,0x8d,0x48,0x33,0x41,0x83,0xc0,0x35,0x48,0x63,0xc9,
    0x0f,0xb6,0xb4,0x0c,0x90,0x08,0x00,0x00,0x0f,0xb6,0x8c,0x04,0x90,0x08,0x00,0x00,
    0xc1,0xe6,0x08,0x09,0xf1,0x0f,0xb7,0xc1,0x44,0x01,0xc0,0x41,0x39,0xc1,0x7d,0x6b,
    0xe9,0x4b,0xfd,0xff,0xff,0x0f,0x1f,0x00,0x8d,0x70,0x03,0x44,0x39,0xce,0x0f,0x8d,
    0xc4,0x00,0x00,0x00,0x48,0x63,0xc8,0x8d,0x78,0x01,0x48,0x63,0xf6,0x41,0x89,0xc2,
    0x0f,0xb6,0x8c,0x0c,0x90,0x08,0x00,0x00,0x48,0x63,0xff,0x0f,0xb6,0xbc,0x3c,0x90,
    0x08,0x00,0x00,0xc1,0xe1,0x08,0x09,0xcf,0x8d,0x48,0x02,0x48,0x63,0xc9,0x44,0x0f,
    0xb6,0x84,0x0c,0x90,0x08,0x00,0x00,0x0f,0xb6,0x8c,0x34,0x90,0x08,0x00,0x00,0x41,
    0xc1,0xe0,0x08,0x44,0x09,0xc1,0x44,0x8d,0x40,0x04,0x0f,0xb7,0xf1,0x44,0x01,0xc6,
    0x44,0x39,0xce,0x0f,0x8f,0xe7,0xfc,0xff,0xff,0x89,0xf0,0x66,0x85,0xc9,0x74,0x98,
    0x66,0x83,0xff,0x2b,0x75,0x92,0x4d,0x63,0xc0,0x41,0x8d,0x4a,0x05,0x42,0x0f,0xb6,
    0xb4,0x04,0x90,0x08,0x00,0x00,0x8d,0x3c,0x31,0x44,0x39,0xcf,0x0f,0x8f,0x76,0xff,
    0xff,0xff,0x83,0xfe,0x01,0x0f,0x8e,0x6d,0xff,0xff,0xff,0x48,0x63,0xc9,0x41,0x83,
    0xc2,0x06,0x0f,0xb6,0xb4,0x0c,0x90,0x08,0x00,0x00,0x4d,0x63,0xd2,0x42,0x0f,0xb6,
    0x8c,0x14,0x90,0x08,0x00,0x00,0xc1,0xe6,0x08,0x09,0xf1,0x66,0x81,0xf9,0x03,0x03,
    0x0f,0x84,0x42,0xff,0xff,0xff,0xc7,0x05,0xec,0x39,0x00,0x00,0xfb,0xff,0xff,0xff,
    0xe9,0x85,0xfc,0xff,0xff,0x0f,0x1f,0x00,0x48,0x69,0x04,0x24,0xe8,0x40,0x00,0x00,
    0x48,0x8d,0x1d,0xd9,0x39,0x00,0x00,0x8b,0x84,0x03,0xe4,0x40,0x00,0x00,0x41,0x8d,
    0x34,0x07,0x81,0xfe,0x00,0x10,0x00,0x00,0x0f,0x8f,0xed,0xf6,0xff,0xff,0x45,0x0f,
    0xb7,0xf6,0x48,0x63,0xc8,0x4d,0x85,0xf6,0x74,0x3f,0x48,0x8b,0x7c,0x24,0x20,0x31,
    0xc0,0x48,0x8d,0x9c,0x24,0x95,0x08,0x00,0x00,0x48,0x8d,0x34,0x0f,0x0f,0x1f,0x00,
    0x0f,0xb6,0x0c,0x03,0x88,0x0c,0x06,0x48,0x83,0xc0,0x01,0x49,0x39,0xc6,0x75,0xf0,
    0x48,0x69,0x04,0x24,0xe8,0x40,0x00,0x00,0x48,0x8d,0x1d,0x81,0x39,0x00,0x00,0x8b,
    0xb4,0x03,0xe4,0x40,0x00,0x00,0x44,0x01,0xfe,0x48,0x8d,0x1d,0x70,0x39,0x00,0x00,
    0x45,0x31,0xed,0x41,0x89,0xd6,0x4d,0x89,0xdf,0x48,0x69,0x04,0x24,0xe8,0x40,0x00,
    0x00,0xc7,0x05,0x85,0x70,0x01,0x00,0x00,0x00,0x00,0x00,0x89,0xb4,0x03,0xe4,0x40,
    0x00,0x00,0xbb,0x05,0x00,0x00,0x00,0xeb,0x15,0x0f,0x1f,0x80,0x00,0x00,0x00,0x00,
    0x41,0x01,0xc5,0x66,0x41,0x83,0xfd,0x04,0x0f,0x87,0x82,0x01,0x00,0x00,0x41,0x0f,
    0xb7,0xc5,0x89,0xda,0x41,0x0f,0xb7,0xf5,0x31,0xc9,0x29,0xc2,0x48,0x01,0xee,0x4c,
    0x89,0xe7,0x48,0x63,0xd2,0xe8,0x46,0x34,0x00,0x00,0x48,0x85,0xc0,0x7f,0xd1,0xe9,
    0x86,0xfb,0xff,0xff,0x0f,0x1f,0x40,0x00,0xc6,0x84,0x24,0xcb,0x00,0x00,0x00,0x4e,
    0xbd,0x53,0x00,0x00,0x00,0x45,0x31,0xe4,0xbb,0x53,0x00,0x00,0x00,0xc6,0x84,0x24,
    0xc4,0x00,0x00,0x00,0x00,0xb9,0x4e,0x00,0x00,0x00,0xbe,0x4e,0x00,0x00,0x00,0x41,
    0xba,0x4a,0x00,0x00,0x00,0xc7,0x84,0x24,0xd4,0x00,0x00,0x00,0x46,0x00,0x00,0x00,
    0x45,0x31,0xed,0x41,0xbe,0x03,0x00,0x00,0x00,0x41,0xbf,0x01,0x00,0x00,0x00,0xc7,
    0x84,0x24,0xd0,0x00,0x00,0x00,0x40,0x00,0x00,0x00,0xc7,0x84,0x24,0xcc,0x00,0x00,
    0x00,0x38,0x00,0x00,0x00,0xc6,0x84,0x24,0xca,0x00,0x00,0x00,0x4a,0xc6,0x84,0x24,
    0xc0,0x00,0x00,0x00,0x00,0xc6,0x84,0x24,0xc9,0x00,0x00,0x00,0x1f,0xc6,0x84,0x24,
    0xbc,0x00,0x00,0x00,0x00,0xc7,0x84,0x24,0xb8,0x00,0x00,0x00,0x4d,0x00,0x00,0x00,
    0xc7,0x84,0x24,0xb4,0x00,0x00,0x00,0x4c,0x00,0x00,0x00,0xc7,0x84,0x24,0xb0,0x00,
    0x00,0x00,0x4b,0x00,0x00,0x00,0xc7,0x84,0x24,0xac,0x00,0x00,0x00,0x49,0x00,0x00,
    0x00,0xc7,0x84,0x24,0xa4,0x00,0x00,0x00,0x48,0x00,0x00,0x00,0xc7,0x44,0x24,0x7c,
    0x47,0x00,0x00,0x00,0xc7,0x84,0x24,0x98,0x00,0x00,0x00,0x45,0x00,0x00,0x00,0xc7,
    0x84,0x24,0x9c,0x00,0x00,0x00,0x44,0x00,0x00,0x00,0xc7,0x84,0x24,0xa0,0x00,0x00,
    0x00,0x43,0x00,0x00,0x00,0xc7,0x44,0x24,0x78,0x42,0x00,0x00,0x00,0xc7,0x84,0x24,
    0x84,0x00,0x00,0x00,0x41,0x00,0x00,0x00,0xc7,0x84,0x24,0x80,0x00,0x00,0x00,0x3f,
    0x00,0x00,0x00,0xc7,0x84,0x24,0x88,0x00,0x00,0x00,0x3e,0x00,0x00,0x00,0xc7,0x44,
    0x24,0x74,0x3d,0x00,0x00,0x00,0xc7,0x84,0x24,0x94,0x00,0x00,0x00,0x3c,0x00,0x00,
    0x00,0xc7,0x44,0x24,0x68,0x3b,0x00,0x00,0x00,0xc7,0x84,0x24,0x8c,0x00,0x00,0x00,
    0x3a,0x00,0x00,0x00,0xc7,0x84,0x24,0x90,0x00,0x00,0x00,0x39,0x00,0x00,0x00,0xc6,
    0x84,0x24,0xc8,0x00,0x00,0x00,0x05,0xc6,0x84,0x24,0xa8,0x00,0x00,0x00,0x00,0xe9,
    0xe8,0xf6,0xff,0xff,0x0f,0x1f,0x40,0x00,0x31,0xff,0xe9,0xac,0xf5,0xff,0xff,0x90,
    0x0f,0xb7,0x8c,0x24,0x93,0x08,0x00,0x00,0x44,0x89,0xf2,0x4d,0x89,0xfb,0x41,0x89,
    0xcd,0x66,0x41,0xc1,0xc5,0x08,0x66,0x41,0x81,0xfd,0xfb,0x0f,0x0f,0x87,0x08,0xfa,
    0xff,0xff,0x45,0x0f,0xb7,0xfd,0x66,0x85,0xc9,0x74,0x62,0x45,0x31,0xf6,0x48,0x89,
    0x6c,0x24,0x40,0x48,0x8d,0x9c,0x24,0x95,0x08,0x00,0x00,0x44,0x89,0xf5,0x4c,0x89,
    0x5c,0x24,0x30,0x41,0x89,0xd6,0xeb,0x10,0x0f,0x1f,0x84,0x00,0x00,0x00,0x00,0x00,
    0x01,0xc5,0x66,0x44,0x39,0xed,0x73,0x28,0x0f,0xb7,0xc5,0x44,0x89,0xfa,0x0f,0xb7,
    0xf5,0x31,0xc9,0x29,0xc2,0x48,0x01,0xde,0x4c,0x89,0xe7,0x48,0x63,0xd2,0xe8,0x6d,
    0x32,0x00,0x00,0x48,0x85,0xc0,0x7f,0xd8,0xe9,0xad,0xf9,0xff,0xff,0x0f,0x1f,0x00,
    0x4c,0x8b,0x5c,0x24,0x30,0x48,0x8b,0x6c,0x24,0x40,0x44,0x89,0xf2,0x80,0xbc,0x24,
    0x90,0x08,0x00,0x00,0x16,0x41,0x8d,0x77,0x05,0x0f,0x85,0xa1,0xf9,0xff,0xff,0x80,
    0xbc,0x24,0x95,0x08,0x00,0x00,0x0b,0x0f,0x85,0x93,0xf9,0xff,0xff,0x0f,0xb6,0x8c,
    0x24,0x96,0x08,0x00,0x00,0x0f,0xb6,0xbc,0x24,0x97,0x08,0x00,0x00,0xc1,0xe1,0x10,
    0xc1,0xe7,0x08,0x09,0xf9,0x0f,0xb6,0xbc,0x24,0x98,0x08,0x00,0x00,0x09,0xf9,0x83,
    0xfe,0x0b,0x0f,0x8e,0x68,0xf9,0xff,0xff,0x44,0x0f,0xb6,0x84,0x24,0x99,0x08,0x00,
    0x00,0x0f,0xb6,0xbc,0x24,0x9a,0x08,0x00,0x00,0x41,0xc1,0xe0,0x10,0xc1,0xe7,0x08,
    0x41,0x09,0xf8,0x0f,0xb6,0xbc,0x24,0x9b,0x08,0x00,0x00,0x41,0x09,0xf8,0x41,0x8d,
    0x78,0x02,0x45,0x8d,0x50,0x0c,0x39,0xcf,0x0f,0x8d,0x32,0xf9,0xff,0xff,0x44,0x39,
    0xd6,0x0f,0x8c,0x29,0xf9,0xff,0xff,0x41,0x83,0xfa,0x0e,0x0f,0x8e,0x0c,0x01,0x00,
    0x00,0x44,0x89,0x44,0x24,0x58,0x4c,0x8d,0x35,0x23,0x3a,0x01,0x00,0x41,0xb9,0x0e,
    0x00,0x00,0x00,0x44,0x89,0xd3,0x4c,0x89,0x5c,0x24,0x60,0xbf,0x0c,0x00,0x00,0x00,
    0x44,0x89,0xc8,0x44,0x89,0x7c,0x24,0x30,0x49,0x89,0xef,0x66,0x44,0x89,0x6c,0x24,
    0x40,0x4d,0x89,0xf5,0x4c,0x89,0x64,0x24,0x68,0x41,0x89,0xd4,0x4c,0x63,0xcf,0x48,
    0x98,0x42,0x0f,0xb6,0xb4,0x0c,0x90,0x08,0x00,0x00,0x0f,0xb6,0x84,0x04,0x90,0x08,
    0x00,0x00,0xc1,0xe6,0x10,0x09,0xc6,0x8d,0x47,0x01,0x83,0xc7,0x03,0x48,0x98,0x0f,
    0xb6,0x84,0x04,0x90,0x08,0x00,0x00,0xc1,0xe0,0x08,0x09,0xc6,0x0f,0x84,0xd3,0x0c,
    0x00,0x00,0x8d,0x2c,0x3e,0x81,0xfe,0x00,0x10,0x00,0x00,0x0f,0x8f,0xc4,0x0c,0x00,
    0x00,0x39,0xdd,0x0f,0x8f,0xbc,0x0c,0x00,0x00,0x48,0x63,0xff,0x4c,0x63,0xde,0x31,
    0xc0,0x4d,0x01,0xf9,0x4c,0x01,0xff,0x66,0x0f,0x1f,0x84,0x00,0x00,0x00,0x00,0x00,
    0x41,0x0f,0xb6,0x54,0x01,0x03,0x41,0x88,0x14,0x06,0x48,0x83,0xc0,0x01,0x4c,0x39,
    0xd8,0x75,0xed,0x41,0x89,0xb5,0x00,0x30,0x00,0x00,0x44,0x89,0xe2,0xe8,0x1e,0xe7,
    0xff,0xff,0x85,0xc0,0x0f,0x88,0x7b,0x0c,0x00,0x00,0x41,0x83,0xc4,0x01,0x8d,0x45,
    0x02,0x49,0x83,0xc5,0x04,0x49,0x81,0xc6,0x00,0x10,0x00,0x00,0x41,0x83,0xfc,0x03,
    0x74,0x0e,0x39,0xd8,0x7d,0x0a,0x89,0xef,0xe9,0x4f,0xff,0xff,0xff,0x0f,0x1f,0x00,
    0x4c,0x89,0xfd,0x44,0x0f,0xb7,0x6c,0x24,0x40,0x44,0x8b,0x44,0x24,0x58,0x4c,0x8b,
    0x5c,0x24,0x60,0x4c,0x8b,0x64,0x24,0x68,0x44,0x8b,0x7c,0x24,0x30,0x48,0x8b,0x5c,
    0x24,0x08,0x41,0x83,0xc0,0x07,0x48,0x8d,0x05,0x73,0x35,0x00,0x00,0x31,0xd2,0x49,
    0x63,0xf0,0x48,0x8d,0xbc,0x18,0xe0,0x00,0x00,0x00,0x48,0x8d,0x9c,0x24,0x95,0x08,
    0x00,0x00,0x66,0x0f,0x1f,0x44,0x00,0x00,0x0f,0xb6,0x04,0x13,0x88,0x04,0x17,0x48,
    0x83,0xc2,0x01,0x48,0x39,0xf2,0x75,0xf0,0x48,0x69,0x14,0x24,0xe8,0x40,0x00,0x00,
    0x48,0x8d,0x05,0x39,0x35,0x00,0x00,0x48,0x01,0xc2,0x44,0x89,0x82,0xe0,0x30,0x00,
    0x00,0x8b,0x92,0xe4,0x40,0x00,0x00,0x41,0x8d,0x34,0x17,0x81,0xfe,0x00,0x10,0x00,
    0x00,0x0f,0x8f,0x44,0xf2,0xff,0xff,0x45,0x0f,0xb7,0xed,0x48,0x63,0xca,0x4d,0x85,
    0xed,0x74,0x36,0x48,0x8b,0x44,0x24,0x20,0x31,0xd2,0x48,0x8d,0x34,0x08,0x66,0x90,
    0x0f,0xb6,0x04,0x13,0x88,0x04,0x16,0x48,0x83,0xc2,0x01,0x49,0x39,0xd5,0x75,0xf0,
    0x48,0x69,0x14,0x24,0xe8,0x40,0x00,0x00,0x48,0x8d,0x05,0xe1,0x34,0x00,0x00,0x8b,
    0xb4,0x10,0xe4,0x40,0x00,0x00,0x44,0x01,0xfe,0x48,0x69,0x04,0x24,0xe8,0x40,0x00,
    0x00,0x48,0x8d,0x3d,0xc8,0x34,0x00,0x00,0x45,0x31,0xf6,0x4d,0x89,0xdf,0x41,0xbd,
    0x05,0x00,0x00,0x00,0x89,0xb4,0x07,0xe4,0x40,0x00,0x00,0xeb,0x0d,0x0f,0x1f,0x00,
    0x41,0x01,0xc6,0x66,0x41,0x83,0xfe,0x04,0x77,0x36,0x41,0x0f,0xb7,0xc6,0x44,0x89,
    0xea,0x41,0x0f,0xb7,0xf6,0x31,0xc9,0x29,0xc2,0x48,0x01,0xee,0x4c,0x89,0xe7,0x48,
    0x63,0xd2,0xe8,0xb9,0x2f,0x00,0x00,0x48,0x85,0xc0,0x7f,0xd4,0xb8,0xfe,0xff,0xff,
    0xff,0x89,0x05,0x75,0x34,0x00,0x00,0xe9,0x0e,0xf7,0xff,0xff,0x0f,0x1f,0x40,0x00,
    0x0f,0xb7,0x84,0x24,0x93,0x08,0x00,0x00,0x4d,0x89,0xfb,0x41,0x89,0xc6,0x66,0x41,
    0xc1,0xc6,0x08,0x66,0x41,0x81,0xfe,0xfb,0x0f,0x77,0xd1,0x45,0x0f,0xb7,0xfe,0x66,
    0x85,0xc0,0x74,0x4c,0x45,0x31,0xed,0x48,0x89,0x6c,0x24,0x30,0x44,0x89,0xed,0x4d,
    0x89,0xdd,0xeb,0x0c,0x0f,0x1f,0x40,0x00,0x01,0xc5,0x66,0x44,0x39,0xf5,0x73,0x28,
    0x0f,0xb7,0xc5,0x44,0x89,0xfa,0x0f,0xb7,0xf5,0x31,0xc9,0x29,0xc2,0x48,0x01,0xde,
    0x4c,0x89,0xe7,0x48,0x63,0xd2,0xe8,0x45,0x2f,0x00,0x00,0x48,0x85,0xc0,0x7f,0xd8,
    0xeb,0x8a,0x66,0x0f,0x1f,0x44,0x00,0x00,0x48,0x8b,0x6c,0x24,0x30,0x4d,0x89,0xeb,
    0x80,0xbc,0x24,0x90,0x08,0x00,0x00,0x16,0x41,0x8d,0x4f,0x05,0x0f,0x85,0xb2,0x0a,
    0x00,0x00,0x80,0xbc,0x24,0x95,0x08,0x00,0x00,0x0c,0x0f,0x85,0xa4,0x0a,0x00,0x00,
    0x0f,0xb6,0x84,0x24,0x96,0x08,0x00,0x00,0x0f,0xb6,0x94,0x24,0x97,0x08,0x00,0x00,
    0xc1,0xe0,0x10,0xc1,0xe2,0x08,0x09,0xd0,0x0f,0xb6,0x94,0x24,0x98,0x08,0x00,0x00,
    0x09,0xd0,0x83,0xc0,0x09,0x39,0xc1,0x0f,0x8c,0x77,0x0a,0x00,0x00,0x83,0xf8,0x09,
    0x0f,0x84,0x6e,0x0a,0x00,0x00,0x0f,0xb6,0x94,0x24,0x99,0x08,0x00,0x00,0x89,0x94,
    0x24,0x30,0x03,0x00,0x00,0x83,0xf8,0x0b,0x0f,0x8e,0x56,0x0a,0x00,0x00,0x66,0x81,
    0xbc,0x24,0x9a,0x08,0x00,0x00,0x00,0x17,0x0f,0x85,0xa0,0x0b,0x00,0x00,0x83,0xf8,
    0x0c,0x0f,0x84,0x3d,0x0a,0x00,0x00,0x80,0xbc,0x24,0x9c,0x08,0x00,0x00,0x41,0x0f,
    0x85,0x89,0x0b,0x00,0x00,0x83,0xf8,0x4d,0x0f,0x8e,0x26,0x0a,0x00,0x00,0xf3,0x0f,
    0x6f,0x9c,0x24,0x9e,0x08,0x00,0x00,0xf3,0x0f,0x6f,0xa4,0x24,0xae,0x08,0x00,0x00,
    0xf3,0x0f,0x6f,0xac,0x24,0xbe,0x08,0x00,0x00,0xf3,0x0f,0x6f,0xb4,0x24,0xce,0x08,
    0x00,0x00,0x0f,0x11,0x9c,0x24,0x34,0x03,0x00,0x00,0x0f,0x11,0xa4,0x24,0x44,0x03,
    0x00,0x00,0x0f,0x11,0xac,0x24,0x54,0x03,0x00,0x00,0x0f,0x11,0xb4,0x24,0x64,0x03,
    0x00,0x00,0x83,0xf8,0x51,0x0f,0x8e,0xd9,0x09,0x00,0x00,0x0f,0xb7,0xb4,0x24,0xe0,
    0x08,0x00,0x00,0x66,0xc1,0xc6,0x08,0x0f,0xb7,0xce,0x81,0xf9,0x00,0x01,0x00,0x00,
    0x0f,0x8f,0xbe,0x09,0x00,0x00,0x8d,0x51,0x52,0x39,0xc2,0x0f,0x8f,0xb3,0x09,0x00,
    0x00,0x4c,0x8d,0x84,0x24,0x74,0x03,0x00,0x00,0x48,0x8d,0x94,0x24,0x74,0x04,0x00,
    0x00,0x66,0x0f,0xef,0xc0,0x4c,0x89,0xc0,0x0f,0x1f,0x84,0x00,0x00,0x00,0x00,0x00,
    0x0f,0x11,0x00,0x48,0x83,0xc0,0x10,0x48,0x39,0xd0,0x75,0xf4,0x0f,0xb7,0xf6,0xba,
    0x00,0x01,0x00,0x00,0x31,0xc0,0x48,0x29,0xf2,0x4c,0x8d,0x8c,0x24,0xe2,0x08,0x00,
    0x00,0x48,0x8d,0xbc,0x14,0x30,0x03,0x00,0x00,0x48,0x85,0xf6,0x74,0x14,0x66,0x90,
    0x41,0x0f,0xb6,0x14,0x01,0x88,0x54,0x07,0x44,0x48,0x83,0xc0,0x01,0x48,0x39,0xf0,
    0x75,0xee,0x48,0x8b,0x44,0x24,0x10,0xf3,0x41,0x0f,0x6f,0x13,0x4c,0x8d,0x94,0x24,
    0xe0,0x01,0x00,0x00,0x4c,0x8d,0xac,0x24,0x30,0x02,0x00,0x00,0x4c,0x89,0xd2,0xbe,
    0x85,0x00,0x00,0x00,0x4c,0x89,0xef,0x89,0x4c,0x24,0x58,0xf3,0x0f,0x6f,0x68,0x10,
    0xf3,0x0f,0x6f,0x18,0x89,0x8c,0x24,0x74,0x04,0x00,0x00,0x8b,0x84,0x24,0x30,0x03,
    0x00,0x00,0x4c,0x89,0x44,0x24,0x60,0xf3,0x0f,0x6f,0xa4,0x24,0x34,0x03,0x00,0x00,
    0x0f,0x29,0x6c,0x24,0x30,0xf3,0x0f,0x6f,0xb4,0x24,0x54,0x03,0x00,0x00,0xf3,0x0f,
    0x6f,0x84,0x24,0x64,0x03,0x00,0x00,0x0f,0x29,0x9c,0x24,0x30,0x02,0x00,0x00,0xf3,
    0x41,0x0f,0x6f,0x5b,0x10,0x0f,0x29,0xac,0x24,0x40,0x02,0x00,0x00,0xf3,0x0f,0x6f,
    0xac,0x24,0x44,0x03,0x00,0x00,0x4c,0x89,0x5c,0x24,0x40,0x88,0x84,0x24,0x70,0x02,
    0x00,0x00,0xc7,0x84,0x24,0x71,0x02,0x00,0x00,0x00,0x17,0x41,0x04,0x4c,0x89,0x54,
    0x24,0x30,0x0f,0x29,0x94,0x24,0x50,0x02,0x00,0x00,0x0f,0x29,0x9c,0x24,0x60,0x02,
    0x00,0x00,0x0f,0x11,0xa4,0x24,0x75,0x02,0x00,0x00,0x0f,0x11,0xac,0x24,0x85,0x02,
    0x00,0x00,0x0f,0x11,0xb4,0x24,0x95,0x02,0x00,0x00,0x0f,0x11,0x84,0x24,0xa5,0x02,
    0x00,0x00,0xe8,0x49,0xe2,0xff,0xff,0x8b,0x0d,0xe3,0x68,0x01,0x00,0x85,0xc9,0x0f,
    0x8e,0xbf,0x09,0x00,0x00,0x8b,0x4c,0x24,0x58,0x4c,0x8b,0x54,0x24,0x30,0x4c,0x8b,
    0x5c,0x24,0x40,0x4c,0x8b,0x44,0x24,0x60,0x81,0xf9,0x00,0x01,0x00,0x00,0x0f,0x85,
    0xa0,0x09,0x00,0x00,0x48,0x8d,0x15,0x31,0x68,0x01,0x00,0x4c,0x89,0xc1,0x4c,0x89,
    0xd7,0x4c,0x89,0x5c,0x24,0x40,0x48,0x8d,0xb2,0x00,0xfd,0xff,0xff,0x4c,0x89,0x54,
    0x24,0x30,0xe8,0xf9,0xd1,0xff,0xff,0x85,0xc0,0x0f,0x88,0x75,0x09,0x00,0x00,0x48,
    0x69,0x04,0x24,0xe8,0x40,0x00,0x00,0x48,0x8d,0x3d,0x52,0x31,0x00,0x00,0x8b,0x84,
    0x07,0xe4,0x40,0x00,0x00,0x41,0x8d,0x0c,0x07,0x81,0xf9,0x00,0x10,0x00,0x00,0x0f,
    0x8f,0x63,0x09,0x00,0x00,0x45,0x0f,0xb7,0xf6,0x4c,0x8b,0x54,0x24,0x30,0x4c,0x8b,
    0x5c,0x24,0x40,0x48,0x63,0xd0,0x4d,0x85,0xf6,0x74,0x3e,0x48,0x8b,0x7c,0x24,0x20,
    0x31,0xc0,0x48,0x8d,0x0c,0x17,0x66,0x2e,0x0f,0x1f,0x84,0x00,0x00,0x00,0x00,0x00,
    0x0f,0xb6,0x14,0x03,0x88,0x14,0x01,0x48,0x83,0xc0,0x01,0x49,0x39,0xc6,0x75,0xf0,
    0x48,0x69,0x04,0x24,0xe8,0x40,0x00,0x00,0x48,0x8d,0x3d,0xf1,0x30,0x00,0x00,0x8b,
    0x8c,0x07,0xe4,0x40,0x00,0x00,0x44,0x01,0xf9,0x48,0x69,0x04,0x24,0xe8,0x40,0x00,
    0x00,0x45,0x31,0xff,0x48,0x89,0x5c,0x24,0x40,0x48,0x8d,0x3d,0xd0,0x30,0x00,0x00,
    0x44,0x89,0xfb,0x4c,0x89,0x5c,0x24,0x30,0x41,0xbe,0x05,0x00,0x00,0x00,0x4d,0x89,
    0xd7,0x89,0x8c,0x07,0xe4,0x40,0x00,0x00,0xeb,0x0e,0x66,0x0f,0x1f,0x44,0x00,0x00,
    0x01,0xc3,0x66,0x83,0xfb,0x04,0x77,0x25,0x0f,0xb7,0xc3,0x44,0x89,0xf2,0x0f,0xb7,
    0xf3,0x31,0xc9,0x29,0xc2,0x48,0x01,0xee,0x4c,0x89,0xe7,0x48,0x63,0xd2,0xe8,0xbd,
    0x2b,0x00,0x00,0x48,0x85,0xc0,0x7f,0xd8,0xe9,0xfd,0xf2,0xff,0xff,0x0f,0xb7,0x8c,
    0x24,0x93,0x08,0x00,0x00,0x4c,0x8b,0x5c,0x24,0x30,0x4d,0x89,0xfa,0x48,0x8b,0x5c,
    0x24,0x40,0x89,0xcf,0x66,0xc1,0xc7,0x08,0x66,0x81,0xff,0xfb,0x0f,0x0f,0x87,0xd7,
    0xf2,0xff,0xff,0x66,0x85,0xc9,0x0f,0x84,0xe4,0xf2,0xff,0xff,0x45,0x31,0xff,0x48,
    0x89,0x6c,0x24,0x60,0x44,0x0f,0xb7,0xf7,0x44,0x89,0xfd,0x66,0x89,0x4c,0x24,0x30,
    0x41,0x89,0xff,0x4c,0x89,0x5c,0x24,0x40,0x4c,0x89,0x54,0x24,0x58,0xeb,0x09,0x90,
    0x01,0xc5,0x66,0x44,0x39,0xfd,0x73,0x25,0x0f,0xb7,0xc5,0x44,0x89,0xf2,0x0f,0xb7,
    0xf5,0x31,0xc9,0x29,0xc2,0x48,0x01,0xde,0x4c,0x89,0xe7,0x48,0x63,0xd2,0xe8,0x3d,
    0x2b,0x00,0x00,0x48,0x85,0xc0,0x7f,0xd8,0xe9,0x7d,0xf2,0xff,0xff,0x80,0xbc,0x24,
    0x90,0x08,0x00,0x00,0x16,0x0f,0xb7,0x4c,0x24,0x30,0x4c,0x8b,0x5c,0x24,0x40,0x4c,
    0x8b,0x54,0x24,0x58,0x48,0x8b,0x6c,0x24,0x60,0x0f,0x85,0x71,0xf2,0xff,0xff,0x80,
    0xbc,0x24,0x95,0x08,0x00,0x00,0x0e,0x4c,0x89,0x54,0x24,0x60,0x4c,0x89,0x5c,0x24,
    0x58,0x0f,0x85,0x59,0xf2,0xff,0xff,0x66,0x81,0xf9,0x00,0x04,0x0f,0x85,0x4e,0xf2,
    0xff,0xff,0x48,0x69,0x04,0x24,0xe8,0x40,0x00,0x00,0x48,0x8d,0x1d,0xaf,0x2f,0x00,
    0x00,0x48,0x01,0xd8,0x48,0x63,0x90,0xe4,0x40,0x00,0x00,0x81,0xfa,0xfc,0x0f,0x00,
    0x00,0x0f,0x8f,0xc4,0xec,0xff,0xff,0x48,0x8b,0x7c,0x24,0x08,0x8b,0xb4,0x24,0x95,
    0x08,0x00,0x00,0x48,0x81,0xc3,0xe4,0x30,0x00,0x00,0x48,0x8d,0x0c,0x3b,0x48,0x8d,
    0x9c,0x24,0xe0,0x00,0x00,0x00,0x89,0x34,0x11,0x48,0x89,0xdf,0x83,0x80,0xe4,0x40,
    0x00,0x00,0x04,0xe8,0x28,0xbd,0xff,0xff,0x48,0x8d,0x94,0x24,0x20,0x01,0x00,0x00,
    0x48,0x8d,0xb4,0x24,0x00,0x01,0x00,0x00,0x48,0x89,0xdf,0xe8,0x00,0xc9,0xff,0xff,
    0x48,0x8d,0x84,0x24,0x40,0x01,0x00,0x00,0x48,0x89,0xde,0x48,0x8d,0x94,0x24,0x34,
    0x03,0x00,0x00,0x48,0x8d,0x8c,0x24,0x54,0x03,0x00,0x00,0x48,0x89,0xc7,0x48,0x89,
    0x44,0x24,0x30,0xe8,0x78,0xca,0xff,0xff,0x48,0x8b,0x44,0x24,0x10,0x4c,0x8b,0x5c,
    0x24,0x58,0x31,0xd2,0x4c,0x8b,0x54,0x24,0x60,0x48,0x8d,0x35,0x9c,0x2a,0x00,0x00,
    0xf3,0x0f,0x6f,0x48,0x10,0xf3,0x0f,0x6f,0x10,0xf3,0x41,0x0f,0x6f,0x23,0xf3,0x41,
    0x0f,0x6f,0x6b,0x10,0x0f,0x29,0x94,0x24,0x60,0x01,0x00,0x00,0x0f,0x29,0x4c,0x24,
    0x40,0x0f,0x29,0x8c,0x24,0x70,0x01,0x00,0x00,0x0f,0x29,0xa4,0x24,0x80,0x01,0x00,
    0x00,0x0f,0x29,0xac,0x24,0x90,0x01,0x00,0x00,0x0f,0x1f,0x80,0x00,0x00,0x00,0x00,
    0x48,0x89,0xd1,0x48,0x83,0xc2,0x01,0x80,0x3c,0x16,0x00,0x75,0xf3,0x31,0xc0,0x90,
    0x0f,0xb6,0x3c,0x06,0x41,0x88,0x7c,0x05,0x00,0x48,0x89,0xc7,0x48,0x83,0xc0,0x01,
    0x48,0x39,0xf9,0x75,0xeb,0x4c,0x01,0xea,0x31,0xc0,0x4c,0x8d,0xbc,0x24,0x60,0x01,
    0x00,0x00,0x66,0x41,0x0f,0x6f,0x3c,0x07,0x0f,0x11,0x3c,0x02,0x48,0x83,0xc0,0x10,
    0x48,0x83,0xf8,0x40,0x75,0xec,0x4c,0x89,0x54,0x24,0x40,0x4c,0x89,0xea,0xbe,0x20,
    0x00,0x00,0x00,0x45,0x31,0xc9,0x4c,0x89,0x5c,0x24,0x58,0x48,0x83,0xc1,0x41,0x4c,
    0x8d,0x05,0xf5,0x29,0x00,0x00,0x6a,0x30,0xff,0xb4,0x24,0xe0,0x00,0x00,0x00,0x48,
    0x8b,0x7c,0x24,0x40,0xe8,0x57,0xe7,0xff,0xff,0x48,0x8b,0x44,0x24,0x20,0x4c,0x8b,
    0x5c,0x24,0x68,0x48,0x8d,0x35,0xe0,0x29,0x00,0x00,0x48,0x8b,0x5c,0x24,0x18,0xf3,
    0x0f,0x6f,0x00,0xf3,0x0f,0x6f,0x48,0x10,0x48,0x8d,0x05,0x31,0x2e,0x00,0x00,0xf3,
    0x41,0x0f,0x6f,0x33,0xf3,0x41,0x0f,0x6f,0x53,0x10,0x48,0x8d,0x5c,0x18,0x70,0x0f,
    0x29,0x44,0x24,0x20,0x0f,0x29,0xb4,0x24,0xb0,0x01,0x00,0x00,0x0f,0x29,0x94,0x24,
    0xc0,0x01,0x00,0x00,0x0f,0x29,0x84,0x24,0xd0,0x01,0x00,0x00,0x0f,0x29,0x8c,0x24,
    0xe0,0x01,0x00,0x00,0x58,0x5a,0x31,0xd2,0x4c,0x8b,0x54,0x24,0x40,0x0f,0x1f,0x00,
    0x48,0x89,0xd1,0x48,0x83,0xc2,0x01,0x80,0x3c,0x16,0x00,0x75,0xf3,0x31,0xc0,0x90,
    0x0f,0xb6,0x3c,0x06,0x41,0x88,0x7c,0x05,0x00,0x48,0x89,0xc7,0x48,0x83,0xc0,0x01,
    0x48,0x39,0xf9,0x75,0xeb,0x4c,0x01,0xea,0x31,0xc0,0x4c,0x8d,0xb4,0x24,0xa0,0x01,
    0x00,0x00,0x66,0x41,0x0f,0x6f,0x0c,0x06,0x0f,0x11,0x0c,0x02,0x48,0x83,0xc0,0x10,
    0x48,0x83,0xf8,0x40,0x75,0xec,0x4c,0x89,0x54,0x24,0x58,0x48,0x83,0xc1,0x41,0x45,
    0x31,0xc9,0x4c,0x89,0xea,0x6a,0x28,0x4c,0x8d,0x05,0x1d,0x29,0x00,0x00,0xbe,0x30,
    0x00,0x00,0x00,0x53,0x48,0x8b,0xbc,0x24,0xe8,0x00,0x00,0x00,0xe8,0x7f,0xe6,0xff,
    0xff,0x48,0x8b,0x44,0x24,0x18,0xf3,0x0f,0x6f,0x1b,0x48,0x8d,0x3d,0x6f,0x2d,0x00,
    0x00,0x66,0x0f,0x6f,0x94,0x24,0x10,0x01,0x00,0x00,0x66,0x0f,0x6f,0x84,0x24,0x20,
    0x01,0x00,0x00,0xc6,0x84,0x24,0x44,0x02,0x00,0x00,0x46,0x48,0x8d,0x8c,0x07,0x98,
    0x00,0x00,0x00,0x48,0x89,0xc3,0x0f,0x29,0x5c,0x24,0x20,0x66,0x0f,0x6f,0xbc,0x24,
    0x30,0x01,0x00,0x00,0x66,0x0f,0x6f,0x8c,0x24,0x40,0x01,0x00,0x00,0x0f,0x11,0x19,
    0xf3,0x0f,0x6f,0xac,0x38,0x80,0x00,0x00,0x00,0x48,0x89,0x4c,0x24,0x70,0x48,0x8d,
    0x8c,0x07,0xa8,0x00,0x00,0x00,0x0f,0x11,0x29,0x48,0x89,0x4c,0x24,0x20,0x48,0x8d,
    0x8c,0x07,0xb8,0x00,0x00,0x00,0x48,0x8d,0x87,0x90,0x00,0x00,0x00,0x8b,0x04,0x18,
    0x48,0x8d,0xbc,0x1f,0xbc,0x00,0x00,0x00,0x48,0x89,0x4c,0x24,0x78,0x0f,0x29,0x6c,
    0x24,0x50,0x89,0x01,0x48,0x8d,0x05,0x79,0x2d,0x00,0x00,0x8b,0x04,0x18,0x48,0x89,
    0x7c,0x24,0x50,0x0f,0x11,0x94,0x24,0xf6,0x01,0x00,0x00,0x89,0x07,0x8b,0x05,0x65,
    0x2c,0x00,0x00,0x0f,0x11,0x84,0x24,0x06,0x02,0x00,0x00,0x89,0x84,0x24,0xf0,0x01,
    0x00,0x00,0x0f,0xb7,0x05,0x6f,0x2c,0x00,0x00,0x0f,0x11,0xbc,0x24,0x16,0x02,0x00,
    0x00,0x66,0x89,0x84,0x24,0xf4,0x01,0x00,0x00,0x8b,0x05,0x3d,0x2c,0x00,0x00,0x0f,
    0x11,0x8c,0x24,0x26,0x02,0x00,0x00,0x89,0x84,0x24,0x40,0x02,0x00,0x00,0x5b,0x58,
    0x4c,0x8b,0x54,0x24,0x58,0x31,0xc0,0x48,0x8d,0x8c,0x24,0x35,0x02,0x00,0x00,0x90,
    0x41,0x0f,0xb6,0x14,0x02,0x88,0x14,0x01,0x48,0x83,0xc0,0x01,0x48,0x83,0xf8,0x46,
    0x75,0xee,0x4c,0x89,0x54,0x24,0x58,0x31,0xdb,0xeb,0x0d,0x0f,0x1f,0x44,0x00,0x00,
    0x01,0xc3,0x66,0x83,0xfb,0x4a,0x77,0x27,0x0f,0xb7,0xc3,0xba,0x4b,0x00,0x00,0x00,
    0x0f,0xb7,0xf3,0x31,0xc9,0x29,0xc2,0x4c,0x01,0xee,0x4c,0x89,0xe7,0x48,0x63,0xd2,
    0xe8,0x4d,0x27,0x00,0x00,0x48,0x85,0xc0,0x7f,0xd6,0xe9,0xad,0xf7,0xff,0xff,0x48,
    0x69,0x04,0x24,0xe8,0x40,0x00,0x00,0x48,0x8d,0x1d,0x22,0x2c,0x00,0x00,0x4c,0x8b,
    0x54,0x24,0x58,0x8b,0x84,0x03,0xe4,0x40,0x00,0x00,0x3d,0xba,0x0f,0x00,0x00,0x0f,
    0x8f,0x33,0x04,0x00,0x00,0x48,0x8b,0x5c,0x24,0x20,0x48,0x63,0xd0,0x31,0xc0,0x48,
    0x8d,0x0c,0x13,0x0f,0x1f,0x44,0x00,0x00,0x41,0x0f,0xb6,0x14,0x02,0x88,0x14,0x01,
    0x48,0x83,0xc0,0x01,0x48,0x83,0xf8,0x46,0x75,0xee,0x48,0x69,0x04,0x24,0xe8,0x40,
    0x00,0x00,0x4c,0x89,0x54,0x24,0x20,0x48,0x8d,0x1d,0xd2,0x2b,0x00,0x00,0x41,0xbb,
    0x01,0x01,0x00,0x00,0xc7,0x84,0x24,0x30,0x02,0x00,0x00,0x14,0x03,0x03,0x00,0x66,
    0x44,0x89,0x9c,0x24,0x34,0x02,0x00,0x00,0x83,0x84,0x03,0xe4,0x40,0x00,0x00,0x46,
    0x31,0xdb,0xeb,0x0c,0x0f,0x1f,0x40,0x00,0x01,0xc3,0x66,0x83,0xfb,0x05,0x77,0x27,
    0x0f,0xb7,0xc3,0xba,0x06,0x00,0x00,0x00,0x0f,0xb7,0xf3,0x31,0xc9,0x29,0xc2,0x4c,
    0x01,0xee,0x4c,0x89,0xe7,0x48,0x63,0xd2,0xe8,0x95,0x26,0x00,0x00,0x48,0x85,0xc0,
    0x7f,0xd6,0xe9,0xf3,0xed,0xff,0xff,0x48,0x69,0x04,0x24,0xe8,0x40,0x00,0x00,0x48,
    0x8b,0xbc,0x24,0xd8,0x00,0x00,0x00,0x4c,0x89,0xe9,0x48,0x8d,0x1d,0x5f,0x2b,0x00,
    0x00,0x48,0x8d,0x15,0x10,0x27,0x00,0x00,0x48,0x89,0xfe,0x48,0xc7,0x84,0x03,0xc0,
    0x00,0x00,0x00,0x00,0x00,0x00,0x00,0xe8,0xa4,0xe6,0xff,0xff,0x4c,0x8b,0x54,0x24,
    0x20,0x85,0xc0,0x0f,0x88,0xfb,0x01,0x00,0x00,0x8b,0x05,0xd1,0x2a,0x00,0x00,0x48,
    0x8d,0x8c,0x24,0xe4,0x01,0x00,0x00,0x89,0x84,0x24,0xe0,0x01,0x00,0x00,0x31,0xc0,
    0x41,0x8b,0x54,0x05,0x00,0x89,0x14,0x01,0x48,0x83,0xc0,0x04,0x48,0x83,0xf8,0x0c,
    0x75,0xee,0x48,0x83,0xec,0x08,0xb9,0x10,0x00,0x00,0x00,0x4c,0x89,0xd2,0xbe,0x16,
    0x00,0x00,0x00,0x4c,0x8b,0x64,0x24,0x10,0x48,0x8d,0x1d,0xf1,0x2a,0x00,0x00,0x4a,
    0x8d,0x84,0x23,0xc0,0x00,0x00,0x00,0x50,0x4c,0x8b,0x4c,0x24,0x78,0x4c,0x8b,0x44,
    0x24,0x70,0x8b,0x7c,0x24,0x60,0xe8,0x45,0xd8,0xff,0xff,0x41,0x58,0x41,0x59,0x85,
    0xc0,0x0f,0x88,0x45,0xf6,0xff,0xff,0x4a,0x8d,0x9c,0x23,0xc8,0x00,0x00,0x00,0x68,
    0x00,0x10,0x00,0x00,0x48,0x89,0xee,0x4c,0x89,0xfa,0x53,0x4c,0x8b,0x4c,0x24,0x50,
    0x4c,0x8b,0x44,0x24,0x20,0x48,0x8b,0x4c,0x24,0x40,0x8b,0x7c,0x24,0x60,0xe8,0x3d,
    0xd2,0xff,0xff,0x88,0x84,0x24,0x50,0x01,0x00,0x00,0x5e,0x5f,0x3c,0x14,0x0f,0x85,
    0x1c,0xed,0xff,0xff,0x66,0x83,0xbc,0x24,0x60,0x01,0x00,0x00,0x01,0x0f,0x85,0x0d,
    0xed,0xff,0xff,0x80,0xbc,0x24,0x90,0x08,0x00,0x00,0x01,0x0f,0x85,0xff,0xec,0xff,
    0xff,0x48,0x69,0x2c,0x24,0xe8,0x40,0x00,0x00,0x48,0x8d,0x05,0x60,0x2a,0x00,0x00,
    0x4c,0x89,0xfa,0x4c,0x89,0xee,0x48,0x01,0xc5,0x48,0xc7,0x85,0xc8,0x00,0x00,0x00,
    0x00,0x00,0x00,0x00,0x6a,0x10,0x53,0x4c,0x8b,0x4c,0x24,0x50,0x4c,0x8b,0x44,0x24,
    0x20,0x48,0x8b,0x4c,0x24,0x40,0x8b,0x7c,0x24,0x60,0xe8,0xd1,0xd1,0xff,0xff,0x88,
    0x84,0x24,0x50,0x01,0x00,0x00,0x5a,0x59,0x3c,0x16,0x0f,0x85,0xe4,0x00,0x00,0x00,
    0x66,0x83,0xbc,0x24,0x60,0x01,0x00,0x00,0x10,0x0f,0x85,0xd5,0x00,0x00,0x00,0x80,
    0xbc,0x24,0x30,0x02,0x00,0x00,0x14,0x0f,0x85,0xc7,0x00,0x00,0x00,0x48,0x63,0x85,
    0xe4,0x40,0x00,0x00,0x3d,0xf0,0x0f,0x00,0x00,0x0f,0x8f,0x19,0x02,0x00,0x00,0x48,
    0x8b,0x54,0x24,0x08,0x48,0x8b,0xbc,0x24,0xd8,0x00,0x00,0x00,0x4c,0x89,0xf1,0x48,
    0x8d,0x1d,0xbe,0x5a,0x00,0x00,0x66,0x0f,0x6f,0x9c,0x24,0xe0,0x01,0x00,0x00,0x48,
    0x01,0xda,0x48,0x89,0xfe,0x0f,0x11,0x1c,0x02,0x48,0x8d,0x15,0x68,0x25,0x00,0x00,
    0x83,0x85,0xe4,0x40,0x00,0x00,0x10,0xe8,0x14,0xe5,0xff,0xff,0x85,0xc0,0x78,0x74,
    0x31,0xc0,0x66,0x0f,0xef,0xc0,0x48,0x8d,0x94,0x24,0x34,0x02,0x00,0x00,0x66,0x0f,
    0x6e,0x0c,0x02,0x66,0x41,0x0f,0x6e,0x14,0x06,0x48,0x83,0xc0,0x04,0x66,0x0f,0xef,
    0xca,0x66,0x0f,0xeb,0xc1,0x48,0x83,0xf8,0x0c,0x75,0xe3,0x66,0x0f,0x7e,0xc0,0x0f,
    0xb6,0xd4,0x89,0xc1,0x09,0xc2,0xc1,0xe9,0x10,0x09,0xca,0xc1,0xe8,0x18,0x08,0xc2,
    0x0f,0x85,0x9c,0x01,0x00,0x00,0x48,0x69,0x04,0x24,0xe8,0x40,0x00,0x00,0x48,0x8d,
    0x1d,0x5b,0x29,0x00,0x00,0xc7,0x84,0x03,0xd8,0x00,0x00,0x00,0x01,0x00,0x00,0x00,
    0xe9,0xed,0xeb,0xff,0xff,0xc7,0x05,0x3d,0x29,0x00,0x00,0xfd,0xff,0xff,0xff,0xe9,
    0xd6,0xeb,0xff,0xff,0xb8,0xff,0xff,0xff,0xff,0xe9,0xb3,0xf4,0xff,0xff,0xc6,0x84,
    0x24,0xcb,0x00,0x00,0x00,0x4e,0xbd,0x53,0x00,0x00,0x00,0x45,0x31,0xe4,0xbb,0x53,
    0x00,0x00,0x00,0xc6,0x84,0x24,0xc4,0x00,0x00,0x00,0x00,0xb9,0x4e,0x00,0x00,0x00,
    0xbe,0x4e,0x00,0x00,0x00,0x41,0xba,0x4a,0x00,0x00,0x00,0xc7,0x84,0x24,0xd4,0x00,
    0x00,0x00,0x46,0x00,0x00,0x00,0x45,0x31,0xed,0x41,0xbe,0x03,0x00,0x00,0x00,0xc7,
    0x84,0x24,0xd0,0x00,0x00,0x00,0x40,0x00,0x00,0x00,0xc7,0x84,0x24,0xcc,0x00,0x00,
    0x00,0x38,0x00,0x00,0x00,0xc6,0x84,0x24,0xca,0x00,0x00,0x00,0x4a,0xc6,0x84,0x24,
    0xc0,0x00,0x00,0x00,0x00,0xc6,0x84,0x24,0xc9,0x00,0x00,0x00,0x1f,0xc6,0x84,0x24,
    0xbc,0x00,0x00,0x00,0x00,0xc7,0x84,0x24,0xb8,0x00,0x00,0x00,0x4d,0x00,0x00,0x00,
    0xc7,0x84,0x24,0xb4,0x00,0x00,0x00,0x4c,0x00,0x00,0x00,0xc7,0x84,0x24,0xb0,0x00,
    0x00,0x00,0x4b,0x00,0x00,0x00,0xc7,0x84,0x24,0xac,0x00,0x00,0x00,0x49,0x00,0x00,
    0x00,0xc7,0x84,0x24,0xa4,0x00,0x00,0x00,0x48,0x00,0x00,0x00,0xc7,0x44,0x24,0x7c,
    0x47,0x00,0x00,0x00,0xc7,0x84,0x24,0x98,0x00,0x00,0x00,0x45,0x00,0x00,0x00,0xc7,
    0x84,0x24,0x9c,0x00,0x00,0x00,0x44,0x00,0x00,0x00,0xc7,0x84,0x24,0xa0,0x00,0x00,
    0x00,0x43,0x00,0x00,0x00,0xc7,0x44,0x24,0x78,0x42,0x00,0x00,0x00,0xc7,0x84,0x24,
    0x84,0x00,0x00,0x00,0x41,0x00,0x00,0x00,0xc7,0x84,0x24,0x80,0x00,0x00,0x00,0x3f,
    0x00,0x00,0x00,0xc7,0x84,0x24,0x88,0x00,0x00,0x00,0x3e,0x00,0x00,0x00,0xc7,0x44,
    0x24,0x74,0x3d,0x00,0x00,0x00,0xc7,0x84,0x24,0x94,0x00,0x00,0x00,0x3c,0x00,0x00,
    0x00,0xc7,0x44,0x24,0x68,0x3b,0x00,0x00,0x00,0xc7,0x84,0x24,0x8c,0x00,0x00,0x00,
    0x3a,0x00,0x00,0x00,0xc7,0x84,0x24,0x90,0x00,0x00,0x00,0x39,0x00,0x00,0x00,0xc6,
    0x84,0x24,0xc8,0x00,0x00,0x00,0x05,0xc6,0x84,0x24,0xa8,0x00,0x00,0x00,0x00,0xe9,
    0x18,0xe7,0xff,0xff,0xb8,0xfd,0xff,0xff,0xff,0xe9,0x63,0xf3,0xff,0xff,0xb8,0xfb,
    0xff,0xff,0xff,0xe9,0x59,0xf3,0xff,0xff,0xb8,0xfa,0xff,0xff,0xff,0xe9,0x4f,0xf3,
    0xff,0xff,0xb8,0xfc,0xff,0xff,0xff,0xe9,0x45,0xf3,0xff,0xff,0x0f,0x1f,0x40,0x00,
    0x41,0x57,0x41,0x56,0x41,0x55,0x41,0x54,0x55,0x44,0x89,0xc5,0x53,0x48,0x89,0xcb,
    0x48,0x81,0xec,0x18,0x58,0x00,0x00,0x48,0x8d,0x84,0x24,0xf0,0x07,0x00,0x00,0x89,
    0xbc,0x24,0x90,0x00,0x00,0x00,0x48,0x89,0xf7,0x89,0xd6,0x48,0x89,0xc2,0x48,0x89,
    0x44,0x24,0x68,0xe8,0xd8,0xb0,0xff,0xff,0x89,0x44,0x24,0x30,0x85,0xc0,0x0f,0x8e,
    0xba,0x18,0x00,0x00,0x8b,0x74,0x24,0x30,0x48,0x8b,0x7c,0x24,0x68,0x31,0xd2,0xc7,
    0x05,0x97,0x5e,0x01,0x00,0x00,0x00,0x00,0x00,0xe8,0xb2,0xd8,0xff,0xff,0x85,0xc0,
    0x0f,0x88,0x98,0x18,0x00,0x00,0x4c,0x8d,0xa4,0x24,0xf0,0x17,0x00,0x00,0x89,0xee,
    0x48,0x89,0xdf,0x4c,0x89,0xe2,0xe8,0x95,0xb0,0xff,0xff,0x85,0xc0,0x0f,0x8e,0x7b,
    0x18,0x00,0x00,0x48,0x8d,0x9c,0x24,0xf0,0x27,0x00,0x00,0xbe,0x30,0x00,0x00,0x00,
    0x48,0x8d,0xbc,0x24,0xf0,0x06,0x00,0x00,0xc7,0x84,0x24,0xbc,0x00,0x00,0x00,0x00,
    0x00,0x00,0x00,0x48,0x89,0xda,0x48,0x89,0x5c,0x24,0x20,0x4c,0x89,0xa4,0x24,0xf0,
    0x06,0x00,0x00,0x89,0x84,0x24,0xf8,0x06,0x00,0x00,0xc7,0x84,0x24,0xfc,0x06,0x00,
    0x00,0x00,0x00,0x00,0x00,0x48,0x89,0x7c,0x24,0x40,0xe8,0xc1,0xaf,0xff,0xff,0x85,
    0xc0,0x0f,0x88,0x27,0x18,0x00,0x00,0x8b,0x84,0x24,0xfc,0x27,0x00,0x00,0x44,0x8b,
    0x9c,0x24,0xf8,0x27,0x00,0x00,0x44,0x39,0xd8,0x0f,0x8d,0x0f,0x18,0x00,0x00,0x83,
    0xc0,0x01,0x48,0x89,0xdf,0x89,0x84,0x24,0xfc,0x27,0x00,0x00,0x48,0x8d,0x84,0x24,
    0x00,0x48,0x00,0x00,0x48,0x89,0xc6,0x48,0x89,0x44,0x24,0x10,0xe8,0xff,0xae,0xff,
    0xff,0x85,0xc0,0x0f,0x88,0xe5,0x17,0x00,0x00,0x8b,0x84,0x24,0x00,0x48,0x00,0x00,
    0x03,0x84,0x24,0xfc,0x27,0x00,0x00,0x89,0x84,0x24,0xfc,0x27,0x00,0x00,0x41,0x39,
    0xc3,0x0f,0x8e,0xc7,0x17,0x00,0x00,0x48,0x8b,0x8c,0x24,0xf0,0x27,0x00,0x00,0x48,
    0x63,0xd0,0x0f,0xb6,0x14,0x11,0x83,0xfa,0x30,0x0f,0x84,0xfa,0x12,0x00,0x00,0x83,
    0xfa,0x02,0x0f,0x85,0xa6,0x17,0x00,0x00,0x48,0x8d,0xac,0x24,0xf0,0x02,0x00,0x00,
    0x48,0x8d,0x9c,0x24,0xf0,0x01,0x00,0x00,0x48,0x8b,0x7c,0x24,0x20,0x48,0x8d,0x8c,
    0x24,0xbc,0x00,0x00,0x00,0x48,0x89,0xea,0x48,0x89,0xde,0xe8,0x50,0xd5,0xff,0xff,
    0x85,0xc0,0x0f,0x88,0x76,0x17,0x00,0x00,0x80,0xbc,0x24,0xf0,0x01,0x00,0x00,0x00,
    0x0f,0x89,0x68,0x17,0x00,0x00,0x48,0x8d,0x05,0x23,0x26,0x00,0x00,0x31,0xd2,0x44,
    0x8b,0xa8,0xdc,0x00,0x00,0x00,0x45,0x85,0xed,0x74,0x25,0x83,0xc2,0x01,0x48,0x05,
    0xe8,0x40,0x00,0x00,0x83,0xfa,0x04,0x75,0xe6,0xc7,0x05,0xf9,0x25,0x00,0x00,0xfa,
    0xff,0xff,0xff,0xe9,0x5a,0x01,0x00,0x00,0x0f,0x1f,0x84,0x00,0x00,0x00,0x00,0x00,
    0x48,0x63,0xc2,0x48,0x8d,0x3d,0xe6,0x25,0x00,0x00,0x89,0x94,0x24,0x94,0x00,0x00,
    0x00,0x48,0x89,0x44,0x24,0x08,0x48,0x69,0xc0,0xe8,0x40,0x00,0x00,0x48,0x89,0x44,
    0x24,0x18,0x48,0x01,0xf8,0x48,0x89,0x44,0x24,0x50,0x48,0x8d,0x90,0xe8,0x40,0x00,
    0x00,0x0f,0x1f,0x80,0x00,0x00,0x00,0x00,0x48,0xc7,0x00,0x00,0x00,0x00,0x00,0x48,
    0x83,0xc0,0x08,0x48,0x39,0xc2,0x75,0xf0,0x4c,0x63,0xbc,0x24,0x90,0x00,0x00,0x00,
    0x48,0x8d,0x3d,0x99,0x25,0x00,0x00,0x45,0x31,0xf6,0x48,0x89,0x5c,0x24,0x48,0xc6,
    0x05,0x82,0x25,0x00,0x00,0x01,0x44,0x89,0xf3,0x41,0xbc,0x05,0x00,0x00,0x00,0x4c,
    0x8b,0x74,0x24,0x20,0x48,0x69,0x44,0x24,0x08,0xe8,0x40,0x00,0x00,0xc7,0x05,0x65,
    0x25,0x00,0x00,0x00,0x00,0x00,0x00,0x48,0x01,0xf8,0x44,0x89,0xb8,0xd0,0x00,0x00,
    0x00,0xc7,0x80,0xdc,0x00,0x00,0x00,0x01,0x00,0x00,0x00,0xeb,0x0b,0x0f,0x1f,0x00,
    0x01,0xc3,0x66,0x83,0xfb,0x04,0x77,0x25,0x0f,0xb7,0xc3,0x44,0x89,0xe2,0x0f,0xb7,
    0xf3,0x31,0xc9,0x29,0xc2,0x4c,0x01,0xf6,0x4c,0x89,0xff,0x48,0x63,0xd2,0xe8,0x5d,
    0x20,0x00,0x00,0x48,0x85,0xc0,0x7f,0xd8,0xe9,0x85,0x00,0x00,0x00,0x0f,0xb7,0x84,
    0x24,0xf3,0x27,0x00,0x00,0xc6,0x05,0x0c,0x25,0x00,0x00,0x02,0x48,0x8b,0x5c,0x24,
    0x48,0x89,0xc7,0x66,0xc1,0xc7,0x08,0x66,0x89,0x7c,0x24,0x60,0x66,0x81,0xff,0xfb,
    0x0f,0x77,0x55,0x44,0x0f,0xb7,0x74,0x24,0x60,0x66,0x85,0xc0,0x74,0x74,0x45,0x31,
    0xe4,0x48,0x8d,0x84,0x24,0xf5,0x27,0x00,0x00,0x44,0x89,0x6c,0x24,0x48,0x48,0x89,
    0x5c,0x24,0x58,0x49,0x89,0xc5,0x44,0x89,0xe3,0x45,0x89,0xf4,0xeb,0x0a,0x66,0x90,
    0x01,0xc3,0x66,0x44,0x39,0xe3,0x73,0x40,0x0f,0xb7,0xc3,0x44,0x89,0xf2,0x0f,0xb7,
    0xf3,0x31,0xc9,0x29,0xc2,0x4c,0x01,0xee,0x4c,0x89,0xff,0x48,0x63,0xd2,0xe8,0xdd,
    0x1f,0x00,0x00,0x48,0x85,0xc0,0x7f,0xd8,0xc7,0x05,0x9a,0x24,0x00,0x00,0xfe,0xff,
    0xff,0xff,0xc7,0x84,0x24,0x94,0x00,0x00,0x00,0xff,0xff,0xff,0xff,0xe9,0x38,0x10,
    0x00,0x00,0x66,0x0f,0x1f,0x44,0x00,0x00,0x44,0x8b,0x6c,0x24,0x48,0x48,0x8b,0x5c,
    0x24,0x58,0x80,0xbc,0x24,0xf0,0x27,0x00,0x00,0x16,0xc6,0x05,0x67,0x24,0x00,0x00,
    0x03,0x41,0x8d,0x56,0x05,0x0f,0x85,0xfa,0x09,0x00,0x00,0x80,0xbc,0x24,0xf5,0x27,
    0x00,0x00,0x01,0x0f,0x85,0xec,0x09,0x00,0x00,0x0f,0xb6,0x84,0x24,0xf6,0x27,0x00,
    0x00,0x0f,0xb6,0x8c,0x24,0xf7,0x27,0x00,0x00,0xc1,0xe0,0x10,0xc1,0xe1,0x08,0x09,
    0xc8,0x0f,0xb6,0x8c,0x24,0xf8,0x27,0x00,0x00,0x09,0xc8,0x8d,0x48,0x09,0x39,0xca,
    0x0f,0x8c,0x8d,0x16,0x00,0x00,0x83,0xf9,0x0a,0x0f,0x8e,0x42,0x16,0x00,0x00,0x0f,
    0xb7,0x84,0x24,0xf9,0x27,0x00,0x00,0x66,0xc1,0xc0,0x08,0x66,0x2d,0x01,0x03,0x66,
    0x83,0xf8,0x02,0x0f,0x87,0x3e,0x16,0x00,0x00,0x83,0xf9,0x2a,0x0f,0x8e,0x4b,0x16,
    0x00,0x00,0x48,0x8b,0x7c,0x24,0x18,0x48,0x8d,0x05,0xf2,0x23,0x00,0x00,0xf3,0x0f,
    0x6f,0xbc,0x24,0xfb,0x27,0x00,0x00,0x48,0x8d,0x44,0x38,0x30,0x0f,0x11,0x38,0xf3,
    0x0f,0x6f,0xbc,0x24,0x0b,0x28,0x00,0x00,0x48,0x89,0x44,0x24,0x70,0x0f,0x11,0x78,
    0x10,0x83,0xf9,0x2b,0x0f,0x84,0xa1,0x16,0x00,0x00,0x44,0x0f,0xb6,0x9c,0x24,0x1b,
    0x28,0x00,0x00,0x41,0x8d,0x7b,0x2c,0x44,0x88,0x5c,0x24,0x48,0x39,0xcf,0x0f,0x8f,
    0x75,0x15,0x00,0x00,0x41,0x83,0xfb,0x20,0x0f,0x8f,0x6b,0x15,0x00,0x00,0x44,0x0f,
    0xb6,0x64,0x24,0x48,0x31,0xc0,0x48,0x8d,0x94,0x24,0xc0,0x00,0x00,0x00,0x48,0x8d,
    0xb4,0x24,0x1c,0x28,0x00,0x00,0x4d,0x85,0xe4,0x74,0x17,0x0f,0x1f,0x44,0x00,0x00,
    0x44,0x0f,0xb6,0x04,0x06,0x44,0x88,0x04,0x02,0x48,0x83,0xc0,0x01,0x49,0x39,0xc4,
    0x75,0xee,0x41,0x8d,0x43,0x2d,0x39,0xc8,0x0f,0x8d,0x6d,0x15,0x00,0x00,0x48,0x63,
    0xff,0x48,0x98,0x45,0x8d,0x43,0x2e,0x0f,0xb6,0x94,0x3c,0xf0,0x27,0x00,0x00,0x0f,
    0xb6,0x84,0x04,0xf0,0x27,0x00,0x00,0xc1,0xe2,0x08,0x09,0xc2,0x83,0xfa,0x01,0x0f,
    0x8e,0x00,0x16,0x00,0x00,0x41,0x01,0xd0,0x44,0x39,0xc1,0x0f,0x8c,0xf4,0x15,0x00,
    0x00,0x83,0xea,0x02,0x48,0x8b,0x44,0x24,0x20,0x44,0x89,0x74,0x24,0x58,0x31,0xf6,
    0xd1,0xea,0x45,0x31,0xd2,0x41,0xb9,0x01,0x00,0x00,0x00,0x8d,0x3c,0x12,0x4a,0x8d,
    0x94,0x24,0x20,0x28,0x00,0x00,0x4a,0x8d,0x44,0x20,0x2e,0x48,0x01,0xd7,0xeb,0x12,
    0x66,0x81,0xfa,0x9c,0x00,0x41,0x0f,0x44,0xf1,0x48,0x83,0xc0,0x02,0x48,0x39,0xf8,
    0x74,0x25,0x44,0x0f,0xb6,0x30,0x0f,0xb6,0x50,0x01,0x41,0xc1,0xe6,0x08,0x44,0x09,
    0xf2,0x66,0x81,0xfa,0x2f,0xc0,0x75,0xd8,0x48,0x83,0xc0,0x02,0x41,0xba,0x01,0x00,
    0x00,0x00,0x48,0x39,0xf8,0x75,0xdb,0x44,0x8b,0x74,0x24,0x58,0x44,0x39,0xc1,0x0f,
    0x84,0xb0,0x14,0x00,0x00,0x49,0x63,0xf8,0x0f,0xb6,0x94,0x3c,0xf0,0x27,0x00,0x00,
    0x46,0x8d,0x44,0x02,0x01,0x41,0x39,0xc8,0x0f,0x8f,0x3b,0x15,0x00,0x00,0x85,0xd2,
    0x0f,0x84,0x49,0x15,0x00,0x00,0x4c,0x8b,0x4c,0x24,0x20,0x83,0xea,0x01,0x49,0x8d,
    0x04,0x39,0x49,0x8d,0x7c,0x39,0x01,0x48,0x01,0xfa,0xbf,0x01,0x00,0x00,0x00,0x90,
    0x80,0x78,0x01,0x00,0x44,0x0f,0x44,0xef,0x48,0x83,0xc0,0x01,0x48,0x39,0xc2,0x75,
    0xef,0x45,0x85,0xed,0x0f,0x84,0x15,0x15,0x00,0x00,0x41,0x39,0xc8,0x7d,0x34,0x41,
    0x8d,0x50,0x01,0x39,0xca,0x0f,0x8d,0x72,0x15,0x00,0x00,0x49,0x63,0xc0,0x48,0x63,
    0xd2,0x0f,0xb6,0x84,0x04,0xf0,0x27,0x00,0x00,0x0f,0xb6,0x94,0x14,0xf0,0x27,0x00,
    0x00,0xc1,0xe0,0x08,0x09,0xd0,0x41,0x8d,0x44,0x00,0x02,0x39,0xc8,0x0f,0x8f,0x1e,
    0x15,0x00,0x00,0x45,0x85,0xd2,0x0f,0x85,0xe7,0x0d,0x00,0x00,0x85,0xf6,0x0f,0x84,
    0x23,0x15,0x00,0x00,0xc7,0x44,0x24,0x58,0x9c,0x00,0x00,0x00,0x48,0x69,0x44,0x24,
    0x08,0xe8,0x40,0x00,0x00,0x48,0x8d,0x3d,0x04,0x22,0x00,0x00,0x48,0x63,0xb4,0x07,
    0xe4,0x40,0x00,0x00,0x41,0x8d,0x04,0x36,0x3d,0x00,0x10,0x00,0x00,0x0f,0x8f,0x70,
    0x14,0x00,0x00,0x48,0x8b,0x54,0x24,0x18,0x0f,0xb7,0x4c,0x24,0x60,0x48,0x8d,0xbc,
    0x17,0xe4,0x30,0x00,0x00,0x48,0x89,0x7c,0x24,0x60,0x48,0x85,0xc9,0x74,0x3d,0x31,
    0xd2,0x48,0x8d,0x84,0x24,0xf5,0x27,0x00,0x00,0x48,0x01,0xfe,0x0f,0x1f,0x40,0x00,
    0x0f,0xb6,0x3c,0x10,0x40,0x88,0x3c,0x16,0x48,0x83,0xc2,0x01,0x48,0x39,0xd1,0x75,
    0xef,0x48,0x69,0x44,0x24,0x08,0xe8,0x40,0x00,0x00,0x48,0x8d,0x3d,0x9f,0x21,0x00,
    0x00,0x44,0x03,0xb4,0x07,0xe4,0x40,0x00,0x00,0x44,0x89,0xf0,0x48,0x69,0x54,0x24,
    0x08,0xe8,0x40,0x00,0x00,0x48,0x8d,0x3d,0x84,0x21,0x00,0x00,0x44,0x89,0x9c,0x24,
    0x98,0x00,0x00,0x00,0xc6,0x05,0x6d,0x21,0x00,0x00,0x13,0x89,0x84,0x17,0xe4,0x40,
    0x00,0x00,0x48,0x8b,0x44,0x24,0x18,0x48,0x8d,0x44,0x07,0x50,0x48,0x89,0xc7,0x49,
    0x89,0xc6,0x48,0x89,0x44,0x24,0x78,0xe8,0x14,0xaf,0xff,0xff,0xf3,0x41,0x0f,0x6f,
    0x66,0x10,0x0f,0xb7,0x05,0xfb,0x20,0x00,0x00,0xc6,0x05,0x38,0x21,0x00,0x00,0x14,
    0xf3,0x41,0x0f,0x6f,0x16,0xc6,0x84,0x24,0xf0,0x37,0x00,0x00,0x02,0x48,0x8d,0x94,
    0x24,0xc0,0x00,0x00,0x00,0x48,0x8d,0x8c,0x24,0x17,0x38,0x00,0x00,0x66,0x89,0x84,
    0x24,0xf4,0x37,0x00,0x00,0x0f,0xb6,0x44,0x24,0x48,0x44,0x8b,0x9c,0x24,0x98,0x00,
    0x00,0x00,0x0f,0x11,0x94,0x24,0xf6,0x37,0x00,0x00,0x88,0x84,0x24,0x16,0x38,0x00,
    0x00,0x31,0xc0,0x4d,0x85,0xe4,0x0f,0x29,0xa4,0x24,0x80,0x00,0x00,0x00,0x0f,0x11,
    0xa4,0x24,0x06,0x38,0x00,0x00,0x74,0x19,0x0f,0x1f,0x84,0x00,0x00,0x00,0x00,0x00,
    0x0f,0xb6,0x34,0x02,0x40,0x88,0x34,0x01,0x48,0x83,0xc0,0x01,0x49,0x39,0xc4,0x75,
    0xef,0x8b,0x4c,0x24,0x58,0x41,0x8d,0x43,0x27,0x41,0x8d,0x53,0x31,0x0f,0xb6,0x7c,
    0x24,0x48,0x48,0x98,0x4c,0x8d,0x84,0x24,0x05,0x48,0x00,0x00,0x88,0xac,0x04,0xf0,
    0x37,0x00,0x00,0x41,0x8d,0x43,0x28,0x48,0x98,0x88,0x8c,0x04,0xf0,0x37,0x00,0x00,
    0x48,0x8b,0x0d,0x59,0x20,0x00,0x00,0x41,0x8d,0x43,0x29,0x48,0x98,0x48,0x89,0x8c,
    0x04,0xf0,0x37,0x00,0x00,0x8d,0x47,0x2d,0x49,0x8d,0x4c,0x24,0x31,0x88,0x84,0x24,
    0xf3,0x37,0x00,0x00,0x8b,0x05,0x12,0x20,0x00,0x00,0x4c,0x8d,0xa4,0x24,0xf0,0x37,
    0x00,0x00,0x66,0xc7,0x84,0x24,0xf1,0x37,0x00,0x00,0x00,0x00,0x89,0x84,0x24,0x00,
    0x48,0x00,0x00,0x8d,0x47,0x31,0x88,0x84,0x24,0x04,0x48,0x00,0x00,0x31,0xc0,0x90,
    0x41,0x0f,0xb6,0x34,0x04,0x41,0x88,0x34,0x00,0x48,0x83,0xc0,0x01,0x48,0x39,0xc1,
    0x75,0xee,0x45,0x31,0xf6,0x8d,0x42,0x05,0x89,0x54,0x24,0x48,0x44,0x8d,0x6a,0x05,
    0x48,0x89,0x9c,0x24,0x98,0x00,0x00,0x00,0x48,0x8b,0x5c,0x24,0x10,0x48,0x89,0xac,
    0x24,0xa0,0x00,0x00,0x00,0x44,0x89,0xf5,0x41,0x89,0xc6,0x48,0x89,0x8c,0x24,0x80,
    0x00,0x00,0x00,0x4c,0x89,0x84,0x24,0xa8,0x00,0x00,0x00,0xeb,0x0b,0x0f,0x1f,0x00,
    0x01,0xc5,0x66,0x44,0x39,0xf5,0x73,0x30,0x0f,0xb7,0xc5,0x44,0x89,0xea,0x0f,0xb7,
    0xf5,0x31,0xc9,0x29,0xc2,0x48,0x01,0xde,0x4c,0x89,0xff,0x48,0x63,0xd2,0xe8,0xef,
    0x1a,0x00,0x00,0x48,0x85,0xc0,0x7f,0xd8,0xb8,0xfe,0xff,0xff,0xff,0x89,0x05,0xc9,
    0x1f,0x00,0x00,0xe9,0x2a,0xfb,0xff,0xff,0x48,0x69,0x44,0x24,0x08,0xe8,0x40,0x00,
    0x00,0x48,0x8d,0x3d,0xb8,0x1f,0x00,0x00,0x8b,0x54,0x24,0x48,0x48,0x8b,0x8c,0x24,
    0x80,0x00,0x00,0x00,0x48,0x8b,0x9c,0x24,0x98,0x00,0x00,0x00,0x48,0x8b,0xac,0x24,
    0xa0,0x00,0x00,0x00,0x4c,0x8b,0x84,0x24,0xa8,0x00,0x00,0x00,0x8b,0x84,0x07,0xe4,
    0x40,0x00,0x00,0x8d,0x34,0x02,0x81,0xfe,0x00,0x10,0x00,0x00,0x0f,0x8f,0x3d,0x11,
    0x00,0x00,0x48,0x8b,0x7c,0x24,0x60,0x48,0x63,0xf0,0x31,0xc0,0x48,0x01,0xf7,0x90,
    0x41,0x0f,0xb6,0x34,0x04,0x40,0x88,0x34,0x07,0x48,0x83,0xc0,0x01,0x48,0x39,0xc1,
    0x75,0xee,0x48,0x69,0x44,0x24,0x08,0xe8,0x40,0x00,0x00,0x48,0x8d,0x3d,0x4e,0x1f,
    0x00,0x00,0x44,0x8b,0x54,0x24,0x30,0xc6,0x05,0x3a,0x1f,0x00,0x00,0x19,0xc6,0x84,
    0x24,0xf0,0x37,0x00,0x00,0x0b,0x4c,0x8b,0x4c,0x24,0x68,0x41,0x8d,0x72,0x03,0x48,
    0x01,0xf8,0x40,0x0f,0xb6,0xfe,0x89,0xf1,0x03,0x90,0xe4,0x40,0x00,0x00,0xc1,0xf9,
    0x10,0x89,0x90,0xe4,0x40,0x00,0x00,0x44,0x89,0xd0,0x0f,0xb6,0xc9,0xc1,0xe8,0x08,
    0x25,0x00,0xff,0x00,0x00,0x09,0xc7,0x89,0xf0,0x0f,0xb6,0xf4,0x89,0xf8,0x49,0x63,
    0xfa,0xc1,0xe0,0x08,0x09,0xf0,0x48,0x8d,0xb4,0x24,0xfa,0x37,0x00,0x00,0xc1,0xe0,
    0x08,0x09,0xc8,0x89,0x84,0x24,0xf4,0x37,0x00,0x00,0x44,0x89,0xd0,0x66,0xc1,0xc0,
    0x08,0x66,0x89,0x84,0x24,0xf8,0x37,0x00,0x00,0x31,0xc0,0x0f,0x1f,0x44,0x00,0x00,
    0x41,0x0f,0xb6,0x0c,0x01,0x88,0x0c,0x06,0x48,0x83,0xc0,0x01,0x48,0x39,0xf8,0x72,
    0xef,0x8b,0x44,0x24,0x30,0xc6,0x84,0x24,0x02,0x48,0x00,0x00,0x03,0x8d,0x78,0x0a,
    0x83,0xc0,0x06,0x89,0xc1,0x66,0xc1,0xc0,0x08,0x66,0x89,0x84,0x24,0xf2,0x37,0x00,
    0x00,0x0f,0xb7,0x05,0x34,0x1e,0x00,0x00,0xc1,0xf9,0x10,0x88,0x8c,0x24,0xf1,0x37,
    0x00,0x00,0x31,0xc9,0x66,0x89,0x84,0x24,0x00,0x48,0x00,0x00,0x89,0xf8,0x66,0xc1,
    0xc0,0x08,0x66,0x89,0x84,0x24,0x03,0x48,0x00,0x00,0x48,0x63,0xc7,0x0f,0x1f,0x00,
    0x41,0x0f,0xb6,0x34,0x0c,0x41,0x88,0x34,0x08,0x48,0x83,0xc1,0x01,0x48,0x39,0xc1,
    0x72,0xee,0x8d,0x4f,0x05,0x44,0x0f,0xb7,0xe9,0x66,0x85,0xc9,0x0f,0x84,0x90,0x00,
    0x00,0x00,0x45,0x31,0xf6,0x48,0x89,0x5c,0x24,0x68,0x48,0x8b,0x5c,0x24,0x10,0x48,
    0x89,0xac,0x24,0x80,0x00,0x00,0x00,0x44,0x89,0xf5,0x41,0x89,0xce,0x48,0x89,0x44,
    0x24,0x30,0x89,0x7c,0x24,0x48,0x4c,0x89,0x84,0x24,0x98,0x00,0x00,0x00,0xeb,0x08,
    0x01,0xc5,0x66,0x44,0x39,0xf5,0x73,0x25,0x0f,0xb7,0xc5,0x44,0x89,0xea,0x0f,0xb7,
    0xf5,0x31,0xc9,0x29,0xc2,0x48,0x01,0xde,0x4c,0x89,0xff,0x48,0x63,0xd2,0xe8,0x0f,
    0x19,0x00,0x00,0x48,0x85,0xc0,0x7f,0xd8,0xe9,0x1b,0xfe,0xff,0xff,0x48,0x8d,0x35,
    0xec,0x1d,0x00,0x00,0x48,0x8b,0x44,0x24,0x30,0x8b,0x7c,0x24,0x48,0x48,0x69,0x54,
    0x24,0x08,0xe8,0x40,0x00,0x00,0x48,0x8b,0x5c,0x24,0x68,0x48,0x8b,0xac,0x24,0x80,
    0x00,0x00,0x00,0x4c,0x8b,0x84,0x24,0x98,0x00,0x00,0x00,0x8b,0x94,0x16,0xe4,0x40,
    0x00,0x00,0x8d,0x0c,0x17,0x81,0xf9,0x00,0x10,0x00,0x00,0x0f,0x8f,0x6e,0x0f,0x00,
    0x00,0x48,0x8b,0x74,0x24,0x60,0x48,0x63,0xd2,0x31,0xc9,0x48,0x01,0xd6,0x66,0x90,
    0x41,0x0f,0xb6,0x14,0x0c,0x88,0x14,0x0e,0x48,0x83,0xc1,0x01,0x48,0x39,0xc1,0x72,
    0xef,0x48,0x69,0x44,0x24,0x08,0xe8,0x40,0x00,0x00,0x48,0x8d,0x35,0x7f,0x1d,0x00,
    0x00,0xc6,0x05,0x70,0x1d,0x00,0x00,0x1a,0x01,0xbc,0x06,0xe4,0x40,0x00,0x00,0x81,
    0x7c,0x24,0x58,0x2f,0xc0,0x00,0x00,0x0f,0x84,0xce,0x0a,0x00,0x00,0x45,0x31,0xf6,
    0x48,0x89,0x5c,0x24,0x30,0x48,0xb8,0x16,0x03,0x03,0x00,0x04,0x0e,0x00,0x00,0x41,
    0xbd,0x09,0x00,0x00,0x00,0x44,0x89,0xf3,0xc6,0x05,0x39,0x1d,0x00,0x00,0x1b,0x4c,
    0x8b,0x74,0x24,0x10,0x48,0x89,0x84,0x24,0x00,0x48,0x00,0x00,0xc6,0x84,0x24,0x08,
    0x48,0x00,0x00,0x00,0xeb,0x12,0x66,0x2e,0x0f,0x1f,0x84,0x00,0x00,0x00,0x00,0x00,
    0x01,0xc3,0x66,0x83,0xfb,0x08,0x77,0x25,0x0f,0xb7,0xc3,0x44,0x89,0xea,0x0f,0xb7,
    0xf3,0x31,0xc9,0x29,0xc2,0x4c,0x01,0xf6,0x4c,0x89,0xff,0x48,0x63,0xd2,0xe8,0x0f,
    0x18,0x00,0x00,0x48,0x85,0xc0,0x7f,0xd8,0xe9,0x1b,0xfd,0xff,0xff,0x48,0x69,0x44,
    0x24,0x08,0xe8,0x40,0x00,0x00,0x48,0x8d,0x3d,0xe3,0x1c,0x00,0x00,0x48,0x8b,0x5c,
    0x24,0x30,0x48,0x01,0xf8,0x48,0x63,0x90,0xe4,0x40,0x00,0x00,0x81,0xfa,0xfc,0x0f,
    0x00,0x00,0x0f,0x8f,0x87,0x0e,0x00,0x00,0x48,0x8b,0x74,0x24,0x18,0x48,0x8d,0x3d,
    0xa0,0x4d,0x00,0x00,0x45,0x31,0xf6,0x48,0x89,0x5c,0x24,0x30,0xc6,0x05,0xa5,0x1c,
    0x00,0x00,0x1e,0x44,0x89,0xf3,0x41,0xbd,0x05,0x00,0x00,0x00,0x4c,0x8b,0x74,0x24,
    0x20,0x48,0x8d,0x0c,0x37,0x8b,0x35,0x45,0x1c,0x00,0x00,0x89,0x34,0x11,0x83,0x80,
    0xe4,0x40,0x00,0x00,0x04,0xeb,0x11,0x66,0x0f,0x1f,0x84,0x00,0x00,0x00,0x00,0x00,
    0x01,0xc3,0x66,0x83,0xfb,0x04,0x77,0x25,0x0f,0xb7,0xc3,0x44,0x89,0xea,0x0f,0xb7,
    0xf3,0x31,0xc9,0x29,0xc2,0x4c,0x01,0xf6,0x4c,0x89,0xff,0x48,0x63,0xd2,0xe8,0x8d,
    0x17,0x00,0x00,0x48,0x85,0xc0,0x7f,0xd8,0xe9,0xab,0xf7,0xff,0xff,0x0f,0xb7,0x84,
    0x24,0xf3,0x27,0x00,0x00,0x48,0x8b,0x5c,0x24,0x30,0x89,0xc7,0x66,0xc1,0xc7,0x08,
    0x66,0x89,0x7c,0x24,0x20,0x66,0x81,0xff,0xfb,0x0f,0x0f,0x87,0x88,0xf7,0xff,0xff,
    0xc6,0x05,0x21,0x1c,0x00,0x00,0x1f,0x44,0x0f,0xb7,0x74,0x24,0x20,0x66,0x85,0xc0,
    0x74,0x5d,0x45,0x31,0xed,0x48,0x8d,0x84,0x24,0xf5,0x27,0x00,0x00,0x48,0x89,0x5c,
    0x24,0x30,0x48,0x89,0x6c,0x24,0x48,0x48,0x89,0xc3,0x44,0x89,0xed,0x45,0x89,0xf5,
    0xeb,0x0e,0x66,0x0f,0x1f,0x44,0x00,0x00,0x01,0xc5,0x66,0x44,0x39,0xed,0x73,0x25,
    0x0f,0xb7,0xc5,0x44,0x89,0xf2,0x0f,0xb7,0xf5,0x31,0xc9,0x29,0xc2,0x48,0x01,0xde,
    0x4c,0x89,0xff,0x48,0x63,0xd2,0xe8,0x05,0x17,0x00,0x00,0x48,0x85,0xc0,0x7f,0xd8,
    0xe9,0x23,0xf7,0xff,0xff,0x48,0x8b,0x5c,0x24,0x30,0x48,0x8b,0x6c,0x24,0x48,0x80,
    0xbc,0x24,0xf0,0x27,0x00,0x00,0x16,0x41,0x8d,0x56,0x05,0x0f,0x85,0x8e,0x0d,0x00,
    0x00,0x80,0xbc,0x24,0xf5,0x27,0x00,0x00,0x10,0x0f,0x85,0x80,0x0d,0x00,0x00,0x0f,
    0xb6,0x84,0x24,0xf6,0x27,0x00,0x00,0x0f,0xb6,0x8c,0x24,0xf7,0x27,0x00,0x00,0xc1,
    0xe0,0x10,0xc1,0xe1,0x08,0x09,0xc8,0x0f,0xb6,0x8c,0x24,0xf8,0x27,0x00,0x00,0x09,
    0xc8,0x83,0xc0,0x09,0x39,0xc2,0x0f,0x8c,0x09,0x01,0x00,0x00,0x81,0x7c,0x24,0x58,
    0x2f,0xc0,0x00,0x00,0x0f,0xb6,0x94,0x24,0xf9,0x27,0x00,0x00,0x0f,0x84,0x2e,0x07,
    0x00,0x00,0x66,0x83,0xbc,0x24,0xf9,0x27,0x00,0x00,0x01,0x0f,0x85,0xe4,0x00,0x00,
    0x00,0x3d,0x0a,0x01,0x00,0x00,0x0f,0x8e,0xd9,0x00,0x00,0x00,0x31,0xc0,0x4c,0x8d,
    0x8c,0x24,0xf0,0x03,0x00,0x00,0x48,0x8d,0x94,0x24,0xfb,0x27,0x00,0x00,0x66,0x90,
    0xf3,0x0f,0x6f,0x1c,0x02,0x41,0x0f,0x29,0x1c,0x01,0x48,0x83,0xc0,0x10,0x48,0x3d,
    0x00,0x01,0x00,0x00,0x75,0xea,0x44,0x89,0x74,0x24,0x30,0x4c,0x8b,0x74,0x24,0x40,
    0x45,0x31,0xdb,0x4c,0x8d,0xac,0x24,0xf0,0x05,0x00,0x00,0x41,0xba,0xff,0x00,0x00,
    0x00,0x0f,0x1f,0x80,0x00,0x00,0x00,0x00,0x4c,0x89,0xd0,0x31,0xc9,0x31,0xf6,0x31,
    0xff,0x4c,0x29,0xd8,0x45,0x31,0xc0,0x66,0x0f,0x1f,0x84,0x00,0x00,0x00,0x00,0x00,
    0x41,0x0f,0xb6,0x14,0x01,0x48,0xd3,0xe2,0x49,0x09,0xd0,0x0f,0xb6,0x14,0x03,0x48,
    0xd3,0xe2,0x48,0x09,0xd7,0x0f,0xb6,0x54,0x05,0x00,0x48,0x83,0xe8,0x01,0x48,0xd3,
    0xe2,0x83,0xc1,0x08,0x48,0x09,0xd6,0x83,0xf9,0x40,0x75,0xd4,0x4f,0x89,0x44,0x1d,
    0x00,0x4b,0x89,0x3c,0x1c,0x4b,0x89,0x34,0x1e,0x49,0x83,0xc3,0x08,0x49,0x81,0xfb,
    0x00,0x01,0x00,0x00,0x75,0xa2,0x44,0x8b,0x74,0x24,0x30,0xb8,0xf8,0x00,0x00,0x00,
    0xeb,0x15,0x66,0x0f,0x1f,0x44,0x00,0x00,0x48,0x39,0xd1,0x72,0x27,0x48,0x83,0xe8,
    0x08,0x48,0x83,0xf8,0xf8,0x74,0x0e,0x49,0x8b,0x4c,0x05,0x00,0x49,0x8b,0x14,0x04,
    0x48,0x39,0xca,0x73,0xe3,0xc7,0x05,0x5d,0x1a,0x00,0x00,0xff,0xff,0xff,0xff,0xe9,
    0xbe,0xf5,0xff,0xff,0x48,0x8b,0x54,0x24,0x40,0x48,0x8b,0x7c,0x24,0x10,0x4c,0x89,
    0xe1,0x4c,0x89,0xee,0xe8,0xe7,0xb7,0xff,0xff,0x45,0x31,0xc0,0x48,0x8d,0x94,0x24,
    0xf8,0x48,0x00,0x00,0x4c,0x8d,0x8c,0x24,0xf0,0x04,0x00,0x00,0x0f,0x1f,0x40,0x00,
    0x4c,0x89,0xc8,0x4a,0x8b,0x3c,0x02,0xb9,0x38,0x00,0x00,0x00,0x4c,0x29,0xc0,0x90,
    0x48,0x89,0xfe,0x48,0x83,0xc0,0x01,0x48,0xd3,0xee,0x83,0xe9,0x08,0x40,0x88,0x70,
    0xff,0x83,0xf9,0xf8,0x75,0xea,0x49,0x83,0xe8,0x08,0x49,0x81,0xf8,0x00,0xff,0xff,
    0xff,0x75,0xcd,0x80,0xbc,0x24,0xf0,0x04,0x00,0x00,0x00,0x75,0x88,0x80,0xbc,0x24,
    0xf1,0x04,0x00,0x00,0x02,0x0f,0x85,0x7a,0xff,0xff,0xff,0xb8,0x02,0x00,0x00,0x00,
    0xeb,0x16,0x66,0x0f,0x1f,0x44,0x00,0x00,0x48,0x83,0xc0,0x01,0x48,0x3d,0x00,0x01,
    0x00,0x00,0x0f,0x84,0x5d,0xff,0xff,0xff,0x41,0x80,0x3c,0x01,0x00,0x75,0xe9,0x8d,
    0x50,0xfe,0x83,0xfa,0x07,0x0f,0x8e,0x4a,0xff,0xff,0xff,0x3d,0xcf,0x00,0x00,0x00,
    0x0f,0x8f,0x3f,0xff,0xff,0xff,0x83,0xc0,0x01,0x31,0xd2,0x48,0x98,0x4c,0x01,0xc8,
    0xf3,0x0f,0x6f,0x34,0x10,0x41,0x0f,0x29,0x74,0x15,0x00,0x48,0x83,0xc2,0x10,0x48,
    0x83,0xfa,0x30,0x75,0xeb,0x80,0xbc,0x24,0xf0,0x05,0x00,0x00,0x03,0x0f,0x85,0x12,
    0xff,0xff,0xff,0x48,0x69,0x44,0x24,0x08,0xe8,0x40,0x00,0x00,0x48,0x8d,0x1d,0x6d,
    0x19,0x00,0x00,0x8b,0x84,0x03,0xe4,0x40,0x00,0x00,0x41,0x8d,0x14,0x06,0x81,0xfa,
    0x00,0x10,0x00,0x00,0x0f,0x8f,0x4f,0xf3,0xff,0xff,0x0f,0xb7,0x74,0x24,0x20,0x48,
    0x63,0xc8,0x48,0x85,0xf6,0x74,0x43,0x48,0x8b,0x5c,0x24,0x60,0x31,0xd2,0x48,0x8d,
    0x84,0x24,0xf5,0x27,0x00,0x00,0x48,0x8d,0x3c,0x0b,0x66,0x0f,0x1f,0x44,0x00,0x00,
    0x0f,0xb6,0x0c,0x10,0x88,0x0c,0x17,0x48,0x83,0xc2,0x01,0x48,0x39,0xd6,0x75,0xf0,
    0x48,0x69,0x44,0x24,0x08,0xe8,0x40,0x00,0x00,0x48,0x8d,0x1d,0x10,0x19,0x00,0x00,
    0x8b,0x94,0x03,0xe4,0x40,0x00,0x00,0x44,0x01,0xf2,0x48,0x69,0x44,0x24,0x08,0xe8,
    0x40,0x00,0x00,0x48,0x8d,0x1d,0xf6,0x18,0x00,0x00,0x48,0x8d,0x35,0x7b,0x14,0x00,
    0x00,0x89,0x94,0x03,0xe4,0x40,0x00,0x00,0x48,0x8b,0x44,0x24,0x70,0x31,0xd2,0xf3,
    0x0f,0x6f,0x30,0xf3,0x0f,0x6f,0x40,0x10,0x48,0x8b,0x44,0x24,0x78,0x0f,0x29,0xb4,
    0x24,0xf0,0x06,0x00,0x00,0xf3,0x0f,0x6f,0x50,0x10,0xf3,0x0f,0x6f,0x18,0x0f,0x29,
    0x84,0x24,0x00,0x07,0x00,0x00,0x0f,0x29,0x9c,0x24,0x10,0x07,0x00,0x00,0x0f,0x29,
    0x54,0x24,0x20,0x0f,0x29,0x94,0x24,0x20,0x07,0x00,0x00,0x0f,0x1f,0x44,0x00,0x00,
    0x48,0x89,0xd1,0x48,0x83,0xc2,0x01,0x80,0x3c,0x16,0x00,0x75,0xf3,0x4c,0x8b,0x44,
    0x24,0x10,0x31,0xc0,0x0f,0x1f,0x40,0x00,0x0f,0xb6,0x3c,0x06,0x41,0x88,0x3c,0x00,
    0x48,0x89,0xc7,0x48,0x83,0xc0,0x01,0x48,0x39,0xf9,0x75,0xec,0x48,0x8b,0x44,0x24,
    0x10,0x48,0x8b,0x74,0x24,0x40,0x48,0x01,0xc2,0x31,0xc0,0x66,0x0f,0x6f,0x24,0x06,
    0x0f,0x11,0x24,0x02,0x48,0x83,0xc0,0x10,0x48,0x83,0xf8,0x40,0x75,0xed,0x48,0x8d,
    0xbc,0x24,0xf0,0x05,0x00,0x00,0x6a,0x30,0xbe,0x30,0x00,0x00,0x00,0x48,0x83,0xc1,
    0x41,0xff,0x74,0x24,0x58,0x48,0x8b,0x54,0x24,0x20,0x45,0x31,0xc9,0x4c,0x8d,0x05,
    0xb7,0x13,0x00,0x00,0xe8,0x27,0xd1,0xff,0xff,0x48,0x8b,0x84,0x24,0x88,0x00,0x00,
    0x00,0x31,0xd2,0x48,0x8b,0x5c,0x24,0x28,0x48,0x8d,0x35,0xab,0x13,0x00,0x00,0xf3,
    0x0f,0x6f,0x28,0xf3,0x0f,0x6f,0x48,0x10,0x48,0x8b,0x84,0x24,0x80,0x00,0x00,0x00,
    0x0f,0x29,0xac,0x24,0x00,0x38,0x00,0x00,0xf3,0x0f,0x6f,0x38,0xf3,0x0f,0x6f,0x70,
    0x10,0x48,0x8d,0x05,0xe8,0x17,0x00,0x00,0x0f,0x29,0x8c,0x24,0x10,0x38,0x00,0x00,
    0x48,0x8d,0x5c,0x18,0x70,0x0f,0x29,0x7c,0x24,0x30,0x0f,0x29,0xbc,0x24,0x20,0x38,
    0x00,0x00,0x0f,0x29,0xb4,0x24,0x30,0x38,0x00,0x00,0x5d,0x41,0x5d,0x0f,0x1f,0x00,
    0x48,0x89,0xd1,0x48,0x83,0xc2,0x01,0x80,0x3c,0x16,0x00,0x75,0xf3,0x4c,0x8b,0x44,
    0x24,0x10,0x31,0xc0,0x0f,0x1f,0x40,0x00,0x0f,0xb6,0x3c,0x06,0x41,0x88,0x3c,0x00,
    0x48,0x89,0xc7,0x48,0x83,0xc0,0x01,0x48,0x39,0xf9,0x75,0xec,0x48,0x8b,0x44,0x24,
    0x10,0x48,0x01,0xc2,0x31,0xc0,0x66,0x41,0x0f,0x6f,0x2c,0x04,0x0f,0x11,0x2c,0x02,
    0x48,0x83,0xc0,0x10,0x48,0x83,0xf8,0x40,0x75,0xec,0x6a,0x28,0x48,0x83,0xc1,0x41,
    0xbe,0x30,0x00,0x00,0x00,0x45,0x31,0xc9,0x53,0x48,0x8b,0x7c,0x24,0x60,0x4c,0x8d,
    0x05,0xe6,0x12,0x00,0x00,0x45,0x31,0xed,0x48,0x8b,0x54,0x24,0x20,0xe8,0x4e,0xd0,
    0xff,0xff,0x48,0x8b,0x7c,0x24,0x28,0x48,0x8d,0x35,0x42,0x17,0x00,0x00,0x41,0xba,
    0x01,0x01,0x00,0x00,0x66,0x44,0x89,0x94,0x24,0x14,0x48,0x00,0x00,0x48,0x8d,0x86,
    0x94,0x00,0x00,0x00,0x48,0x8d,0x8c,0x3e,0x98,0x00,0x00,0x00,0x4c,0x8d,0xb4,0x3e,
    0xa8,0x00,0x00,0x00,0xf3,0x0f,0x6f,0x94,0x3e,0x80,0x00,0x00,0x00,0xc7,0x84,0x24,
    0x10,0x48,0x00,0x00,0x14,0x03,0x03,0x00,0x48,0x8d,0xac,0x3e,0xbc,0x00,0x00,0x00,
    0x48,0x89,0x4c,0x24,0x40,0x0f,0x11,0x11,0xf3,0x0f,0x6f,0x2b,0x48,0x8d,0x9c,0x3e,
    0xb8,0x00,0x00,0x00,0x0f,0x29,0x54,0x24,0x30,0x41,0x0f,0x11,0x2e,0x8b,0x04,0x38,
    0x48,0x89,0x5c,0x24,0x30,0x89,0x03,0x8b,0x84,0x3e,0x90,0x00,0x00,0x00,0x89,0x45,
    0x00,0x41,0x5b,0x5b,0xbb,0x06,0x00,0x00,0x00,0x48,0x89,0x6c,0x24,0x48,0x44,0x89,
    0xed,0x4c,0x8b,0x6c,0x24,0x10,0xeb,0x10,0x0f,0x1f,0x84,0x00,0x00,0x00,0x00,0x00,
    0x01,0xc5,0x66,0x83,0xfd,0x05,0x77,0x24,0x0f,0xb7,0xc5,0x89,0xda,0x0f,0xb7,0xf5,
    0x31,0xc9,0x29,0xc2,0x4c,0x01,0xee,0x4c,0x89,0xff,0x48,0x63,0xd2,0xe8,0xa0,0x11,
    0x00,0x00,0x48,0x85,0xc0,0x7f,0xd9,0xe9,0xdc,0xf1,0xff,0xff,0x48,0x8b,0x7c,0x24,
    0x18,0x48,0x8b,0x6c,0x24,0x48,0x4d,0x89,0xf0,0x4c,0x89,0xe6,0x48,0x69,0x5c,0x24,
    0x08,0xe8,0x40,0x00,0x00,0x48,0x8d,0x05,0x64,0x16,0x00,0x00,0x4c,0x8d,0xac,0x38,
    0xc8,0x00,0x00,0x00,0x49,0x89,0xe9,0x48,0x01,0xc3,0x48,0xc7,0x83,0xc0,0x00,0x00,
    0x00,0x00,0x00,0x00,0x00,0x6a,0x01,0x41,0x55,0x48,0x8b,0x4c,0x24,0x50,0x48,0x8b,
    0x54,0x24,0x20,0x8b,0xbc,0x24,0xa0,0x00,0x00,0x00,0xe8,0xd1,0xbd,0xff,0xff,0x88,
    0x84,0x24,0x00,0x07,0x00,0x00,0x5a,0x59,0x3c,0x14,0x0f,0x85,0xb5,0xfb,0xff,0xff,
    0x66,0x83,0xbc,0x24,0x00,0x48,0x00,0x00,0x01,0x0f,0x85,0xa6,0xfb,0xff,0xff,0x80,
    0xbc,0x24,0xf0,0x37,0x00,0x00,0x01,0x0f,0x85,0x98,0xfb,0xff,0xff,0x48,0x8d,0x8c,
    0x24,0xf0,0x04,0x00,0x00,0x49,0x89,0xe9,0x4d,0x89,0xf0,0x48,0xc7,0x83,0xc8,0x00,
    0x00,0x00,0x00,0x00,0x00,0x00,0x6a,0x10,0x41,0x55,0x48,0x8b,0x54,0x24,0x50,0x48,
    0x8b,0x74,0x24,0x20,0x8b,0xbc,0x24,0xa0,0x00,0x00,0x00,0xe8,0x70,0xbd,0xff,0xff,
    0x88,0x84,0x24,0x00,0x05,0x00,0x00,0x41,0x58,0x41,0x59,0x3c,0x16,0x0f,0x85,0x72,
    0x07,0x00,0x00,0x66,0x83,0xbc,0x24,0xf0,0x06,0x00,0x00,0x10,0x0f,0x85,0x63,0x07,
    0x00,0x00,0x80,0xbc,0x24,0x00,0x48,0x00,0x00,0x14,0x0f,0x85,0x55,0x07,0x00,0x00,
    0x48,0x8b,0x7c,0x24,0x50,0x4c,0x89,0xe1,0x48,0x8d,0x15,0x49,0x11,0x00,0x00,0x48,
    0x89,0xfe,0xe8,0xe9,0xd0,0xff,0xff,0x85,0xc0,0x0f,0x88,0x36,0x07,0x00,0x00,0x31,
    0xc0,0x66,0x0f,0xef,0xc0,0x48,0x8d,0x9c,0x24,0x04,0x48,0x00,0x00,0x66,0x0f,0x6e,
    0x0c,0x03,0x66,0x41,0x0f,0x6e,0x14,0x04,0x48,0x83,0xc0,0x04,0x66,0x0f,0xef,0xca,
    0x66,0x0f,0xeb,0xc1,0x48,0x83,0xf8,0x0c,0x75,0xe3,0x66,0x0f,0x7e,0xc0,0x0f,0xb6,
    0xd4,0x89,0xc1,0x09,0xc2,0xc1,0xe9,0x10,0x09,0xca,0xc1,0xe8,0x18,0x08,0xc2,0x0f,
    0x85,0xb4,0x07,0x00,0x00,0x48,0x69,0x44,0x24,0x08,0xe8,0x40,0x00,0x00,0x48,0x8d,
    0x3d,0x2b,0x15,0x00,0x00,0x48,0x01,0xf8,0x48,0x63,0x90,0xe4,0x40,0x00,0x00,0x81,
    0xfa,0xf0,0x0f,0x00,0x00,0x0f,0x8f,0xd4,0x06,0x00,0x00,0x48,0x8b,0x74,0x24,0x18,
    0x48,0x81,0xc7,0xe4,0x30,0x00,0x00,0x66,0x0f,0x6f,0x84,0x24,0x00,0x48,0x00,0x00,
    0x48,0x8d,0x0c,0x37,0x48,0x8b,0x7c,0x24,0x50,0x0f,0x11,0x04,0x11,0x4c,0x89,0xe1,
    0x48,0x8d,0x15,0x91,0x10,0x00,0x00,0x48,0x89,0xfe,0x83,0x80,0xe4,0x40,0x00,0x00,
    0x10,0xe8,0x3a,0xd0,0xff,0xff,0x85,0xc0,0x0f,0x88,0x87,0x06,0x00,0x00,0x8b,0x05,
    0x6c,0x14,0x00,0x00,0x89,0x84,0x24,0x00,0x48,0x00,0x00,0x31,0xc0,0x41,0x8b,0x14,
    0x04,0x89,0x14,0x03,0x48,0x83,0xc0,0x04,0x48,0x83,0xf8,0x0c,0x75,0xef,0x48,0x83,
    0xec,0x08,0xbe,0x16,0x00,0x00,0x00,0xb9,0x10,0x00,0x00,0x00,0x48,0x8b,0x44,0x24,
    0x20,0x48,0x8d,0x1d,0x98,0x14,0x00,0x00,0x48,0x8d,0x84,0x03,0xc0,0x00,0x00,0x00,
    0x50,0x4c,0x8b,0x4c,0x24,0x30,0x4c,0x8b,0x44,0x24,0x40,0x48,0x8b,0x54,0x24,0x20,
    0x8b,0xbc,0x24,0xa0,0x00,0x00,0x00,0xe8,0xe4,0xc1,0xff,0xff,0x5e,0x5f,0x85,0xc0,
    0x0f,0x88,0x92,0xf4,0xff,0xff,0x48,0x69,0x44,0x24,0x08,0xe8,0x40,0x00,0x00,0xc7,
    0x84,0x03,0xd8,0x00,0x00,0x00,0x01,0x00,0x00,0x00,0x8b,0x84,0x24,0x94,0x00,0x00,
    0x00,0x48,0x81,0xc4,0x18,0x58,0x00,0x00,0x5b,0x5d,0x41,0x5c,0x41,0x5d,0x41,0x5e,
    0x41,0x5f,0xc3,0xc7,0x44,0x24,0x58,0x2f,0xc0,0x00,0x00,0xe9,0x1c,0xf2,0xff,0xff,
    0x80,0xfa,0x41,0x0f,0x85,0xbc,0xf9,0xff,0xff,0x83,0xf8,0x4a,0x0f,0x8e,0xb3,0xf9,
    0xff,0xff,0x80,0xbc,0x24,0xfa,0x27,0x00,0x00,0x04,0x0f,0x85,0xa5,0xf9,0xff,0xff,
    0xf3,0x0f,0x6f,0xac,0x24,0xfb,0x27,0x00,0x00,0x48,0x8b,0x54,0x24,0x40,0x4c,0x89,
    0xe1,0x48,0x8d,0xb4,0x24,0xe0,0x00,0x00,0x00,0xf3,0x0f,0x6f,0xb4,0x24,0x0b,0x28,
    0x00,0x00,0x48,0x8b,0x7c,0x24,0x10,0xf3,0x0f,0x6f,0xbc,0x24,0x1b,0x28,0x00,0x00,
    0x0f,0x29,0xac,0x24,0xf0,0x06,0x00,0x00,0xf3,0x0f,0x6f,0x8c,0x24,0x2b,0x28,0x00,
    0x00,0x0f,0x29,0xb4,0x24,0x00,0x07,0x00,0x00,0x0f,0x29,0xbc,0x24,0xf0,0x37,0x00,
    0x00,0x0f,0x29,0x8c,0x24,0x00,0x38,0x00,0x00,0xe8,0x02,0xaf,0xff,0xff,0x85,0xc0,
    0x0f,0x88,0x3f,0xf9,0xff,0xff,0x66,0x0f,0x6f,0x94,0x24,0x10,0x48,0x00,0x00,0x66,
    0x0f,0xef,0xc0,0x0f,0x29,0x84,0x24,0x10,0x06,0x00,0x00,0x66,0x0f,0x6f,0x84,0x24,
    0x00,0x48,0x00,0x00,0x0f,0x29,0x94,0x24,0x00,0x06,0x00,0x00,0x0f,0x29,0x84,0x24,
    0xf0,0x05,0x00,0x00,0xe9,0xfa,0xf9,0xff,0xff,0x48,0x8b,0x5c,0x24,0x10,0x4c,0x8b,
    0x5c,0x24,0x20,0x83,0xc0,0x01,0x89,0x84,0x24,0xfc,0x27,0x00,0x00,0x48,0x89,0xde,
    0x4c,0x89,0xdf,0xe8,0xa8,0x9b,0xff,0xff,0x85,0xc0,0x0f,0x88,0x8e,0x04,0x00,0x00,
    0x4c,0x8d,0xa4,0x24,0xf0,0x37,0x00,0x00,0xbe,0x04,0x00,0x00,0x00,0x4c,0x89,0xdf,
    0x8b,0x84,0x24,0x00,0x48,0x00,0x00,0x4c,0x89,0xe2,0x01,0x84,0x24,0xfc,0x27,0x00,
    0x00,0xe8,0xfa,0x9b,0xff,0xff,0x85,0xc0,0x0f,0x88,0x60,0x04,0x00,0x00,0x48,0x89,
    0xda,0xbe,0x30,0x00,0x00,0x00,0x4c,0x89,0xe7,0xe8,0xe2,0x9b,0xff,0xff,0x85,0xc0,
    0x0f,0x88,0x48,0x04,0x00,0x00,0x8b,0x84,0x24,0x0c,0x48,0x00,0x00,0x3b,0x84,0x24,
    0x08,0x48,0x00,0x00,0x0f,0x8d,0x34,0x04,0x00,0x00,0x4c,0x8d,0xac,0x24,0xf0,0x05,
    0x00,0x00,0x83,0xc0,0x01,0x48,0x89,0xdf,0x49,0x89,0xdb,0x4c,0x89,0xee,0x89,0x84,
    0x24,0x0c,0x48,0x00,0x00,0xe8,0x26,0x9b,0xff,0xff,0x85,0xc0,0x0f,0x88,0x0c,0x04,
    0x00,0x00,0x48,0x8d,0xac,0x24,0xf0,0x02,0x00,0x00,0x48,0x8d,0x9c,0x24,0xf0,0x01,
    0x00,0x00,0x4c,0x89,0xdf,0x8b,0x84,0x24,0xf0,0x05,0x00,0x00,0x48,0x8d,0x8c,0x24,
    0xbc,0x00,0x00,0x00,0x48,0x89,0xea,0x48,0x89,0xde,0x01,0x84,0x24,0x0c,0x48,0x00,
    0x00,0xe8,0xaa,0xc1,0xff,0xff,0xe9,0x55,0xec,0xff,0xff,0x4c,0x8d,0xac,0x24,0xe0,
    0x00,0x00,0x00,0x4c,0x89,0x44,0x24,0x48,0x4c,0x89,0xef,0xe8,0x40,0xa0,0xff,0xff,
    0x48,0x8d,0x94,0x24,0x20,0x01,0x00,0x00,0x48,0x8d,0xb4,0x24,0x00,0x01,0x00,0x00,
    0x4c,0x89,0xef,0xe8,0x18,0xac,0xff,0xff,0x48,0x8b,0x44,0x24,0x70,0xbe,0x85,0x00,
    0x00,0x00,0x66,0x44,0x0f,0x6f,0xac,0x24,0x00,0x01,0x00,0x00,0x48,0x8d,0x94,0x24,
    0x40,0x01,0x00,0x00,0x48,0x8d,0xbc,0x24,0x60,0x01,0x00,0x00,0x66,0x44,0x0f,0x6f,
    0xbc,0x24,0x10,0x01,0x00,0x00,0x66,0x44,0x0f,0x6f,0xb4,0x24,0x30,0x01,0x00,0x00,
    0xf3,0x0f,0x6f,0x38,0xc6,0x84,0x24,0xa4,0x01,0x00,0x00,0x04,0x44,0x0f,0x11,0xac,
    0x24,0xa5,0x01,0x00,0x00,0x0f,0x29,0xbc,0x24,0x60,0x01,0x00,0x00,0xf3,0x0f,0x6f,
    0x78,0x10,0x48,0x8b,0x44,0x24,0x78,0x44,0x0f,0x11,0xbc,0x24,0xb5,0x01,0x00,0x00,
    0xf3,0x0f,0x6f,0x48,0x10,0xf3,0x0f,0x6f,0x30,0x0f,0x29,0xbc,0x24,0x70,0x01,0x00,
    0x00,0x44,0x0f,0x11,0xb4,0x24,0xd5,0x01,0x00,0x00,0x8b,0x05,0x84,0x11,0x00,0x00,
    0x0f,0x29,0x8c,0x24,0x90,0x01,0x00,0x00,0x66,0x0f,0x6f,0x8c,0x24,0x20,0x01,0x00,
    0x00,0x89,0x84,0x24,0xa0,0x01,0x00,0x00,0x0f,0x29,0xb4,0x24,0x80,0x01,0x00,0x00,
    0x0f,0x29,0x4c,0x24,0x30,0x0f,0x11,0x8c,0x24,0xc5,0x01,0x00,0x00,0xe8,0x3e,0xc2,
    0xff,0xff,0x0f,0xb7,0x05,0x39,0x11,0x00,0x00,0x4c,0x8b,0x44,0x24,0x48,0x48,0x8d,
    0x94,0x24,0xbc,0x05,0x00,0x00,0x66,0x89,0x84,0x24,0xf0,0x04,0x00,0x00,0x48,0x8d,
    0x84,0x24,0xf2,0x04,0x00,0x00,0x66,0x2e,0x0f,0x1f,0x84,0x00,0x00,0x00,0x00,0x00,
    0xc6,0x00,0xff,0x48,0x83,0xc0,0x01,0x48,0x39,0xc2,0x75,0xf4,0xc6,0x84,0x24,0xbc,
    0x05,0x00,0x00,0x00,0x31,0xc0,0x48,0x8d,0x8c,0x24,0xbd,0x05,0x00,0x00,0x48,0x8d,
    0x15,0x1b,0x0e,0x00,0x00,0x0f,0x1f,0x00,0x0f,0xb6,0x34,0x02,0x40,0x88,0x34,0x01,
    0x48,0x83,0xc0,0x01,0x48,0x83,0xf8,0x13,0x75,0xee,0x48,0x89,0x5c,0x24,0x68,0x49,
    0x89,0xe9,0x49,0x89,0xda,0x45,0x31,0xf6,0x66,0x0f,0x6f,0x94,0x24,0x40,0x01,0x00,
    0x00,0x4c,0x89,0x7c,0x24,0x48,0x49,0x89,0xef,0x4c,0x8d,0x9c,0x24,0xef,0x05,0x00,
    0x00,0x66,0x0f,0x6f,0x9c,0x24,0x50,0x01,0x00,0x00,0x48,0x8b,0x6c,0x24,0x40,0x4c,
    0x8d,0xac,0x24,0xf0,0x05,0x00,0x00,0x0f,0x29,0x94,0x24,0xd0,0x05,0x00,0x00,0x0f,
    0x29,0x9c,0x24,0xe0,0x05,0x00,0x00,0x66,0x0f,0x1f,0x84,0x00,0x00,0x00,0x00,0x00,
    0x31,0xc0,0x31,0xc9,0x31,0xf6,0x31,0xff,0x31,0xdb,0x66,0x0f,0x1f,0x44,0x00,0x00,
    0x41,0x0f,0xb6,0x14,0x03,0x48,0xd3,0xe2,0x48,0x09,0xd3,0x41,0x0f,0xb6,0x94,0x02,
    0xff,0x00,0x00,0x00,0x48,0xd3,0xe2,0x48,0x09,0xd7,0x41,0x0f,0xb6,0x94,0x01,0xff,
    0x00,0x00,0x00,0x48,0x83,0xe8,0x01,0x48,0xd3,0xe2,0x83,0xc1,0x08,0x48,0x09,0xd6,
    0x48,0x83,0xf8,0xf8,0x75,0xca,0x4b,0x89,0x3c,0x34,0x49,0x83,0xeb,0x08,0x49,0x83,
    0xea,0x08,0x49,0x83,0xe9,0x08,0x4b,0x89,0x5c,0x35,0x00,0x4a,0x89,0x74,0x35,0x00,
    0x49,0x83,0xc6,0x08,0x49,0x81,0xfe,0x00,0x01,0x00,0x00,0x75,0x93,0x4c,0x89,0xfd,
    0x48,0x8b,0x5c,0x24,0x68,0x4c,0x8b,0x7c,0x24,0x48,0xb8,0xf8,0x00,0x00,0x00,0xeb,
    0x16,0x0f,0x1f,0x80,0x00,0x00,0x00,0x00,0x48,0x39,0xd1,0x72,0x23,0x48,0x83,0xe8,
    0x08,0x48,0x83,0xf8,0xf8,0x74,0x0e,0x49,0x8b,0x4c,0x05,0x00,0x49,0x8b,0x14,0x04,
    0x48,0x39,0xca,0x73,0xe3,0xb8,0xfd,0xff,0xff,0xff,0xe9,0x6e,0xf0,0xff,0xff,0x90,
    0x48,0x8b,0x54,0x24,0x40,0x48,0x8b,0x7c,0x24,0x10,0x4c,0x89,0xe1,0x4c,0x89,0xee,
    0x4c,0x89,0x44,0x24,0x48,0xe8,0xc6,0xad,0xff,0xff,0x4c,0x8b,0x44,0x24,0x48,0x45,
    0x31,0xd2,0x48,0x8d,0x94,0x24,0xf8,0x48,0x00,0x00,0x4c,0x8d,0x8c,0x24,0xf0,0x03,
    0x00,0x00,0x66,0x0f,0x1f,0x44,0x00,0x00,0x4c,0x89,0xc8,0x4a,0x8b,0x3c,0x12,0xb9,
    0x38,0x00,0x00,0x00,0x4c,0x29,0xd0,0x66,0x0f,0x1f,0x84,0x00,0x00,0x00,0x00,0x00,
    0x48,0x89,0xfe,0x48,0x83,0xc0,0x01,0x48,0xd3,0xee,0x83,0xe9,0x08,0x40,0x88,0x70,
    0xff,0x83,0xf9,0xf8,0x75,0xea,0x49,0x83,0xea,0x08,0x49,0x81,0xfa,0x00,0xff,0xff,
    0xff,0x75,0xc5,0x8b,0x05,0x6b,0x0f,0x00,0x00,0x66,0x0f,0x6f,0x64,0x24,0x30,0xc6,
    0x84,0x24,0xf0,0x37,0x00,0x00,0x0c,0x48,0x8d,0x94,0x24,0x3d,0x38,0x00,0x00,0xc6,
    0x84,0x24,0xf8,0x37,0x00,0x00,0x04,0x89,0x84,0x24,0xf4,0x37,0x00,0x00,0x8b,0x05,
    0x44,0x0f,0x00,0x00,0x44,0x0f,0x11,0xac,0x24,0xf9,0x37,0x00,0x00,0x89,0x84,0x24,
    0x39,0x38,0x00,0x00,0x31,0xc0,0x44,0x0f,0x11,0xbc,0x24,0x09,0x38,0x00,0x00,0x0f,
    0x11,0xa4,0x24,0x19,0x38,0x00,0x00,0x44,0x0f,0x11,0xb4,0x24,0x29,0x38,0x00,0x00,
    0x66,0x41,0x0f,0x6f,0x34,0x01,0x0f,0x11,0x34,0x02,0x48,0x83,0xc0,0x10,0x48,0x3d,
    0x00,0x01,0x00,0x00,0x75,0xea,0x0f,0xb7,0x05,0xe5,0x0e,0x00,0x00,0xc6,0x84,0x24,
    0xf3,0x37,0x00,0x00,0x49,0xc6,0x84,0x24,0x04,0x48,0x00,0x00,0x4d,0x66,0x89,0x84,
    0x24,0xf1,0x37,0x00,0x00,0x8b,0x05,0xe1,0x0e,0x00,0x00,0x89,0x84,0x24,0x00,0x48,
    0x00,0x00,0x31,0xc0,0x0f,0x1f,0x40,0x00,0x41,0x0f,0xb6,0x14,0x04,0x41,0x88,0x14,
    0x00,0x48,0x83,0xc0,0x01,0x48,0x3d,0x4d,0x01,0x00,0x00,0x75,0xeb,0x45,0x31,0xf6,
    0x48,0x89,0xe8,0x48,0x89,0x5c,0x24,0x30,0x41,0xbd,0x52,0x01,0x00,0x00,0x44,0x89,
    0xf5,0x48,0x8b,0x5c,0x24,0x10,0x49,0x89,0xc6,0xeb,0x0e,0x0f,0x1f,0x44,0x00,0x00,
    0x01,0xc5,0x66,0x81,0xfd,0x51,0x01,0x77,0x34,0x0f,0xb7,0xc5,0x44,0x89,0xea,0x0f,
    0xb7,0xf5,0x31,0xc9,0x29,0xc2,0x48,0x01,0xde,0x4c,0x89,0xff,0x48,0x63,0xd2,0xe8,
    0xde,0x09,0x00,0x00,0x48,0x85,0xc0,0x7f,0xd7,0xe9,0xea,0xee,0xff,0xff,0xc7,0x05,
    0xb4,0x0e,0x00,0x00,0xfd,0xff,0xff,0xff,0xe9,0x15,0xea,0xff,0xff,0x48,0x8d,0x3d,
    0xac,0x0e,0x00,0x00,0x48,0x8b,0x5c,0x24,0x30,0x4c,0x89,0xf5,0x48,0x69,0x44,0x24,
    0x08,0xe8,0x40,0x00,0x00,0x8b,0x84,0x07,0xe4,0x40,0x00,0x00,0x3d,0xb3,0x0e,0x00,
    0x00,0x7f,0x4c,0x48,0x8b,0x7c,0x24,0x60,0x48,0x63,0xd0,0x31,0xc0,0x48,0x8d,0x0c,
    0x17,0x41,0x0f,0xb6,0x14,0x04,0x88,0x14,0x01,0x48,0x83,0xc0,0x01,0x48,0x3d,0x4d,
    0x01,0x00,0x00,0x75,0xec,0x48,0x69,0x44,0x24,0x08,0xe8,0x40,0x00,0x00,0x48,0x8d,
    0x3d,0x5b,0x0e,0x00,0x00,0x81,0x84,0x07,0xe4,0x40,0x00,0x00,0x4d,0x01,0x00,0x00,
    0xe9,0xe8,0xf0,0xff,0xff,0xb8,0xff,0xff,0xff,0xff,0xe9,0x6e,0xee,0xff,0xff,0xb8,
    0xfa,0xff,0xff,0xff,0xe9,0x64,0xee,0xff,0xff,0xc7,0x05,0x29,0x0e,0x00,0x00,0xff,
    0xff,0xff,0xff,0xc6,0x05,0x1e,0x0e,0x00,0x00,0x08,0xe9,0x83,0xe9,0xff,0xff,0xc7,
    0x05,0x13,0x0e,0x00,0x00,0xff,0xff,0xff,0xff,0xc6,0x05,0x08,0x0e,0x00,0x00,0x20,
    0xe9,0x6d,0xe9,0xff,0xff,0xc7,0x05,0xfd,0x0d,0x00,0x00,0xff,0xff,0xff,0xff,0xc6,
    0x05,0xf2,0x0d,0x00,0x00,0x0b,0xe9,0x57,0xe9,0xff,0xff,0xc7,0x05,0xe7,0x0d,0x00,
    0x00,0xff,0xff,0xff,0xff,0xc6,0x05,0xdc,0x0d,0x00,0x00,0x09,0xe9,0x41,0xe9,0xff,
    0xff,0xc7,0x05,0xd1,0x0d,0x00,0x00,0xff,0xff,0xff,0xff,0xc6,0x05,0xc6,0x0d,0x00,
    0x00,0x05,0xe9,0x2b,0xe9,0xff,0xff,0xc7,0x05,0xbb,0x0d,0x00,0x00,0xfb,0xff,0xff,
    0xff,0xc6,0x05,0xb0,0x0d,0x00,0x00,0x05,0xe9,0x15,0xe9,0xff,0xff,0xc7,0x05,0xa5,
    0x0d,0x00,0x00,0xff,0xff,0xff,0xff,0xc6,0x05,0x9a,0x0d,0x00,0x00,0x06,0xe9,0xff,
    0xe8,0xff,0xff,0xc7,0x05,0x8f,0x0d,0x00,0x00,0xff,0xff,0xff,0xff,0xc6,0x05,0x84,
    0x0d,0x00,0x00,0x04,0xe9,0xe9,0xe8,0xff,0xff,0xb8,0xfc,0xff,0xff,0xff,0xe9,0xaa,
    0xed,0xff,0xff,0xc7,0x05,0x6f,0x0d,0x00,0x00,0xfa,0xff,0xff,0xff,0xc6,0x05,0x64,
    0x0d,0x00,0x00,0x12,0xe9,0xc9,0xe8,0xff,0xff,0xc7,0x05,0x59,0x0d,0x00,0x00,0xff,
    0xff,0xff,0xff,0xc6,0x05,0x4e,0x0d,0x00,0x00,0x0c,0xe9,0xb3,0xe8,0xff,0xff,0xc7,
    0x05,0x43,0x0d,0x00,0x00,0xfb,0xff,0xff,0xff,0xc6,0x05,0x38,0x0d,0x00,0x00,0x0d,
    0xe9,0x9d,0xe8,0xff,0xff,0xc7,0x05,0x2d,0x0d,0x00,0x00,0xff,0xff,0xff,0xff,0xc6,
    0x05,0x22,0x0d,0x00,0x00,0x0a,0xe9,0x87,0xe8,0xff,0xff,0xc7,0x05,0x17,0x0d,0x00,
    0x00,0xff,0xff,0xff,0xff,0xc6,0x05,0x0c,0x0d,0x00,0x00,0x07,0xe9,0x71,0xe8,0xff,
    0xff,0xc7,0x05,0x01,0x0d,0x00,0x00,0xff,0xff,0xff,0xff,0xc6,0x05,0xf6,0x0c,0x00,
    0x00,0x0f,0xe9,0x5b,0xe8,0xff,0xff,0xc7,0x05,0xeb,0x0c,0x00,0x00,0xfb,0xff,0xff,
    0xff,0xc6,0x05,0xe0,0x0c,0x00,0x00,0x11,0xe9,0x45,0xe8,0xff,0xff,0xc7,0x05,0xd5,
    0x0c,0x00,0x00,0xff,0xff,0xff,0xff,0xc6,0x05,0xca,0x0c,0x00,0x00,0x0e,0xe9,0x2f,
    0xe8,0xff,0xff,0x66,0x66,0x2e,0x0f,0x1f,0x84,0x00,0x00,0x00,0x00,0x00,0x66,0x90,
    0x48,0x89,0xf8,0x48,0x83,0xff,0x19,0x0f,0x87,0xbd,0x07,0x00,0x00,0x41,0x57,0x48,
    0x89,0xd7,0x48,0x8d,0x15,0x87,0x08,0x00,0x00,0x49,0x89,0xca,0x41,0x56,0x4c,0x89,
    0xc9,0x41,0x55,0x41,0x54,0x55,0x48,0x89,0xf5,0x4c,0x89,0xc6,0x53,0x48,0x81,0xec,
    0x38,0x01,0x00,0x00,0x48,0x63,0x04,0x82,0x48,0x01,0xd0,0xff,0xe0,0x48,0xc7,0xc0,
    0xff,0xff,0xff,0xff,0x48,0x81,0xc4,0x38,0x01,0x00,0x00,0x5b,0x5d,0x41,0x5c,0x41,
    0x5d,0x41,0x5e,0x41,0x5f,0xc3,0x48,0x89,0xea,0x4c,0x89,0xd6,0xe8,0xef,0xbc,0xff,
    0xff,0x31,0xc0,0xeb,0xdf,0x0f,0x1f,0x00,0x48,0x89,0x2d,0x41,0x0c,0x00,0x00,0x31,
    0xc0,0x48,0x89,0x3d,0x30,0x0c,0x00,0x00,0x4c,0x89,0x15,0x21,0x0c,0x00,0x00,0xeb,
    0xc3,0x85,0xed,0x78,0xb8,0x39,0x2d,0x65,0x43,0x01,0x00,0x7e,0xb0,0x48,0x89,0xf8,
    0x4c,0x63,0xc5,0x48,0x8d,0xb7,0x00,0x01,0x00,0x00,0x48,0x8d,0x3d,0xbf,0x0f,0x01,
    0x00,0x4c,0x89,0xc2,0x48,0x89,0xf9,0x48,0xc1,0xe2,0x08,0x48,0x29,0xc1,0x48,0x8d,
    0x8c,0x11,0x0c,0x30,0x00,0x00,0x0f,0xb6,0x14,0x01,0x48,0x83,0xc0,0x01,0x88,0x50,
    0xff,0x48,0x39,0xf0,0x75,0xf0,0x4a,0x8d,0x14,0x85,0x0c,0x33,0x00,0x00,0x49,0x8d,
    0x4a,0x04,0x4c,0x29,0xd2,0x48,0x01,0xfa,0x42,0x0f,0xb6,0x04,0x12,0x49,0x83,0xc2,
    0x01,0x41,0x88,0x42,0xff,0x49,0x39,0xca,0x75,0xee,0x31,0xc0,0xe9,0x53,0xff,0xff,
    0xff,0x8b,0x15,0xf9,0x42,0x01,0x00,0x89,0xfe,0x48,0x89,0xef,0xe8,0x0f,0xbd,0xff,
    0xff,0x48,0x98,0xe9,0x3c,0xff,0xff,0xff,0x48,0x89,0xfe,0x4c,0x89,0xc1,0x4c,0x89,
    0xd2,0x48,0x89,0xef,0xe8,0xf7,0xa6,0xff,0xff,0x48,0x98,0xe9,0x24,0xff,0xff,0xff,
    0x48,0x89,0xfe,0x4c,0x89,0xd2,0x48,0x89,0xef,0xe8,0x42,0xa5,0xff,0xff,0x48,0x98,
    0xe9,0x0f,0xff,0xff,0xff,0x48,0x89,0xfe,0x4c,0x89,0xc1,0x4c,0x89,0xd2,0x48,0x89,
    0xef,0xe8,0x0a,0xac,0xff,0xff,0x48,0x98,0xe9,0xf7,0xfe,0xff,0xff,0x41,0x0f,0xb7,
    0x41,0x0c,0x66,0x3d,0x00,0x01,0x0f,0x87,0x26,0x01,0x00,0x00,0x4a,0x8d,0x54,0x08,
    0x0e,0x49,0x89,0xc8,0x4d,0x8d,0x49,0x0e,0x48,0x89,0xf1,0x52,0x48,0x89,0xfe,0x4c,
    0x89,0xd2,0x48,0x89,0xef,0x50,0xe8,0x65,0xaf,0xff,0xff,0x41,0x5f,0x5a,0x48,0x98,
    0xe9,0xbf,0xfe,0xff,0xff,0x41,0x0f,0xb7,0x41,0x0c,0x66,0x3d,0x00,0x01,0x0f,0x87,
    0xee,0x00,0x00,0x00,0x4a,0x8d,0x54,0x08,0x0e,0x49,0x89,0xc8,0x4d,0x8d,0x49,0x0e,
    0x48,0x89,0xf1,0x52,0x48,0x89,0xfe,0x4c,0x89,0xd2,0x48,0x89,0xef,0x50,0xe8,0x9d,
    0xb5,0xff,0xff,0x59,0x31,0xc0,0x5e,0xe9,0x88,0xfe,0xff,0xff,0x48,0x89,0xfe,0x48,
    0x89,0xef,0xe8,0x59,0x8f,0xff,0xff,0x31,0xc0,0xe9,0x76,0xfe,0xff,0xff,0x83,0xfd,
    0x03,0x0f,0x87,0x66,0xfe,0xff,0xff,0x48,0x63,0xd5,0x48,0x8d,0x0d,0xdf,0x0a,0x00,
    0x00,0x48,0x69,0xd2,0xe8,0x40,0x00,0x00,0x48,0x8d,0x04,0x11,0x8b,0x98,0xdc,0x00,
    0x00,0x00,0x85,0xdb,0x0f,0x84,0x43,0xfe,0xff,0xff,0x44,0x8b,0x98,0xd8,0x00,0x00,
    0x00,0x45,0x85,0xdb,0x0f,0x84,0x33,0xfe,0xff,0xff,0x44,0x8b,0x98,0xd0,0x00,0x00,
    0x00,0xb8,0x00,0x40,0x00,0x00,0x48,0x8d,0x74,0x24,0x30,0x48,0x8d,0x5c,0x24,0x20,
    0x66,0x41,0x39,0xc2,0x4c,0x8d,0x8c,0x11,0xbc,0x00,0x00,0x00,0x4c,0x8d,0x84,0x11,
    0xa8,0x00,0x00,0x00,0x41,0x0f,0x46,0xc2,0x0f,0xb7,0xc0,0x50,0x48,0x8d,0x84,0x11,
    0xc8,0x00,0x00,0x00,0x48,0x89,0xf2,0x48,0x89,0xd9,0x50,0x48,0x89,0xfe,0x44,0x89,
    0xdf,0xe8,0x0a,0xb2,0xff,0xff,0x41,0x58,0x41,0x59,0x85,0xc0,0x0f,0x88,0xdb,0xfd,
    0xff,0xff,0xb8,0x00,0x00,0x00,0x00,0x0f,0x84,0xd7,0xfd,0xff,0xff,0x0f,0xb6,0x44,
    0x24,0x20,0x3c,0x17,0x0f,0x84,0x46,0x05,0x00,0x00,0x3c,0x15,0x0f,0x85,0xbb,0xfd,
    0xff,0xff,0x48,0xc7,0xc0,0xfe,0xff,0xff,0xff,0xe9,0xb6,0xfd,0xff,0xff,0x48,0x89,
    0xfe,0x44,0x89,0xd2,0x89,0xef,0xe8,0x15,0xc7,0xff,0xff,0x48,0x98,0xe9,0xa2,0xfd,
    0xff,0xff,0x85,0xed,0x0f,0x88,0x93,0xfd,0xff,0xff,0x39,0x2d,0x40,0x41,0x01,0x00,
    0x0f,0x8e,0x87,0xfd,0xff,0xff,0x48,0x89,0xf8,0x48,0x63,0xd5,0x48,0x8d,0x77,0x20,
    0x48,0x8d,0x3d,0x99,0x0d,0x01,0x00,0x48,0xc1,0xe2,0x05,0x48,0x29,0xc7,0x48,0x8d,
    0x8c,0x17,0x30,0x33,0x00,0x00,0x0f,0xb6,0x14,0x01,0x48,0x83,0xc0,0x01,0x88,0x50,
    0xff,0x48,0x39,0xf0,0x75,0xf0,0x31,0xc0,0xe9,0x57,0xfd,0xff,0xff,0x0f,0x1f,0x00,
    0x41,0x0f,0xb7,0xda,0x83,0xfd,0x03,0x0f,0x87,0xb9,0x04,0x00,0x00,0x48,0x63,0xc5,
    0x48,0x8d,0x15,0xb9,0x09,0x00,0x00,0x48,0x69,0xc0,0xe8,0x40,0x00,0x00,0x48,0x8d,
    0x0c,0x02,0x44,0x8b,0xb1,0xdc,0x00,0x00,0x00,0x45,0x85,0xf6,0x0f,0x84,0x94,0x04,
    0x00,0x00,0x44,0x8b,0xa9,0xd8,0x00,0x00,0x00,0x45,0x85,0xed,0x0f,0x84,0x84,0x04,
    0x00,0x00,0x44,0x8b,0x91,0xd0,0x00,0x00,0x00,0x48,0x83,0xec,0x08,0x48,0x8d,0x8c,
    0x02,0xc0,0x00,0x00,0x00,0x4c,0x8d,0x8c,0x02,0xb8,0x00,0x00,0x00,0x51,0x4c,0x8d,
    0x84,0x02,0x98,0x00,0x00,0x00,0x89,0xd9,0x48,0x89,0xfa,0xbe,0x17,0x00,0x00,0x00,
    0x44,0x89,0xd7,0xe8,0xc8,0xb6,0xff,0xff,0x5d,0x41,0x5c,0x85,0xc0,0x0f,0x88,0x43,
    0x04,0x00,0x00,0x48,0x63,0xc3,0xe9,0xc9,0xfc,0xff,0xff,0x48,0x63,0x05,0x3a,0x09,
    0x00,0x00,0xe9,0xbd,0xfc,0xff,0xff,0x48,0x89,0xfe,0x4c,0x89,0xd2,0x48,0x89,0xef,
    0xe8,0x3b,0x8e,0xff,0xff,0x31,0xc0,0xe9,0xa8,0xfc,0xff,0xff,0x41,0x0f,0xb7,0x01,
    0x4c,0x8d,0x59,0x02,0x41,0x0f,0xb6,0x54,0x01,0x03,0x45,0x0f,0xb6,0x4c,0x01,0x02,
    0x57,0x4c,0x8d,0x44,0x08,0x04,0x55,0x48,0x89,0xc1,0x4c,0x89,0xd7,0x48,0xc1,0xe2,
    0x08,0x49,0x09,0xd1,0x4c,0x89,0xda,0xe8,0xf4,0xc1,0xff,0xff,0x5f,0x31,0xc0,0x41,
    0x58,0xe9,0x6e,0xfc,0xff,0xff,0x48,0x89,0xf2,0x49,0x89,0xe8,0x4c,0x89,0xd6,0xe8,
    0xbc,0xbf,0xff,0xff,0x31,0xc0,0xe9,0x59,0xfc,0xff,0xff,0x48,0x89,0xf1,0x45,0x89,
    0xc8,0x48,0x89,0xfe,0x44,0x89,0xd2,0x89,0xef,0xe8,0x02,0xe1,0xff,0xff,0x48,0x98,
    0xe9,0x3f,0xfc,0xff,0xff,0x48,0x8d,0x4c,0x24,0x20,0x45,0x0f,0xb6,0x8a,0xa0,0x00,
    0x00,0x00,0x4c,0x8d,0x47,0x10,0x48,0x89,0xf8,0x48,0x89,0xce,0x48,0x29,0xfe,0x90,
    0x0f,0xb6,0x10,0x44,0x31,0xca,0x88,0x14,0x06,0x48,0x83,0xc0,0x01,0x4c,0x39,0xc0,
    0x75,0xee,0x4c,0x89,0xd0,0x48,0x8d,0x5c,0x24,0x30,0x49,0x89,0xc9,0x49,0x89,0xee,
    0x48,0x29,0xc8,0x49,0x89,0xcd,0x4c,0x8d,0xa0,0x90,0x00,0x00,0x00,0x49,0x89,0xc7,
    0x48,0x8d,0x05,0x69,0x05,0x00,0x00,0x66,0x0f,0x1f,0x84,0x00,0x00,0x00,0x00,0x00,
    0x0f,0xb6,0x74,0x24,0x25,0x0f,0xb6,0x4c,0x24,0x22,0x44,0x0f,0xb6,0x44,0x24,0x29,
    0x0f,0xb6,0x7c,0x24,0x21,0x89,0xf2,0x88,0xce,0x0f,0xb6,0x4c,0x24,0x2d,0x8a,0x6c,
    0x24,0x2a,0x41,0x0f,0xb6,0xf0,0x66,0x89,0x54,0x24,0x29,0x89,0xf2,0x0f,0xb6,0x74,
    0x24,0x27,0x66,0x89,0x4c,0x24,0x21,0x0f,0xb6,0x4c,0x24,0x26,0x88,0xce,0x40,0x0f,
    0xb6,0xcf,0x8a,0x6c,0x24,0x2e,0x66,0x89,0x54,0x24,0x2d,0x0f,0xb6,0x54,0x24,0x23,
    0x40,0x88,0x74,0x24,0x23,0x0f,0xb6,0x74,0x24,0x2b,0x66,0x89,0x4c,0x24,0x25,0x40,
    0x88,0x74,0x24,0x27,0x0f,0xb6,0x74,0x24,0x2f,0x88,0x54,0x24,0x2f,0x31,0xd2,0x40,
    0x88,0x74,0x24,0x2b,0x0f,0xb6,0x74,0x24,0x20,0xeb,0x12,0x0f,0x1f,0x44,0x00,0x00,
    0x48,0x83,0xc2,0x01,0x48,0x81,0xfa,0x00,0x01,0x00,0x00,0x74,0x0a,0x40,0x38,0x34,
    0x10,0x75,0xed,0x88,0x54,0x24,0x20,0x31,0xd2,0x0f,0x1f,0x80,0x00,0x00,0x00,0x00,
    0x0f,0xb6,0x0c,0x10,0x88,0x54,0x0c,0x30,0x48,0x83,0xc2,0x01,0x48,0x81,0xfa,0x00,
    0x01,0x00,0x00,0x75,0xeb,0x4c,0x89,0xea,0x0f,0x1f,0x84,0x00,0x00,0x00,0x00,0x00,
    0x0f,0xb6,0x0a,0x48,0x83,0xc2,0x01,0x0f,0xb6,0x4c,0x0c,0x30,0x88,0x4a,0xff,0x48,
    0x39,0xda,0x75,0xec,0x4c,0x89,0xea,0x66,0x0f,0x1f,0x84,0x00,0x00,0x00,0x00,0x00,
    0x41,0x0f,0xb6,0x0c,0x14,0x30,0x0a,0x48,0x83,0xc2,0x01,0x48,0x39,0xd3,0x75,0xf0,
    0x4c,0x89,0x24,0x24,0x4c,0x89,0xee,0x4c,0x89,0x4c,0x24,0x08,0x4c,0x89,0x7c,0x24,
    0x10,0x4c,0x89,0x74,0x24,0x18,0x0f,0xb6,0x3e,0x0f,0xb6,0x56,0x01,0x0f,0xb6,0x4e,
    0x02,0x44,0x0f,0xb6,0x66,0x03,0x41,0x89,0xf8,0x44,0x8d,0x1c,0x3f,0x44,0x8d,0x14,
    0x12,0x41,0x89,0xd7,0x41,0xc0,0xe8,0x07,0x44,0x89,0xe5,0x44,0x8d,0x0c,0x09,0x41,
    0x31,0xcf,0x47,0x8d,0x04,0x40,0x40,0xc0,0xed,0x07,0x45,0x89,0xe6,0x47,0x8d,0x04,
    0xc0,0x8d,0x6c,0x6d,0x00,0x45,0x31,0xfe,0x41,0x31,0xf8,0x8d,0x6c,0xed,0x00,0x45,
    0x31,0xc3,0x41,0x89,0xd0,0x44,0x31,0xe5,0x41,0xc0,0xe8,0x07,0x45,0x31,0xde,0x47,
    0x8d,0x04,0x40,0x47,0x8d,0x04,0xc0,0x41,0x31,0xd0,0x31,0xfa,0x45,0x31,0xc2,0x41,
    0x89,0xc8,0x44,0x31,0xe2,0x41,0xc0,0xe8,0x07,0x47,0x8d,0x04,0x40,0x47,0x8d,0x04,
    0xc0,0x41,0x31,0xc8,0x31,0xf9,0x45,0x31,0xc1,0x47,0x8d,0x04,0x24,0x44,0x31,0xe1,
    0x41,0x31,0xe8,0x44,0x89,0xdd,0x45,0x01,0xdb,0x44,0x31,0xd1,0x40,0xc0,0xed,0x07,
    0x44,0x31,0xca,0x8d,0x6c,0x6d,0x00,0x8d,0x6c,0xed,0x00,0x41,0x31,0xee,0x45,0x31,
    0xf3,0x44,0x88,0x1e,0x45,0x89,0xd3,0x45,0x01,0xd2,0x41,0xc0,0xeb,0x07,0x47,0x8d,
    0x1c,0x5b,0x47,0x8d,0x1c,0xdb,0x41,0x31,0xcb,0x44,0x89,0xc9,0x45,0x01,0xc9,0xc0,
    0xe9,0x07,0x45,0x31,0xda,0x8d,0x0c,0x49,0x44,0x88,0x56,0x01,0x8d,0x0c,0xc9,0x31,
    0xca,0x41,0x31,0xd1,0x44,0x89,0xc2,0x44,0x31,0xff,0x48,0x83,0xc6,0x04,0xc0,0xea,
    0x07,0x44,0x31,0xc7,0x45,0x01,0xc0,0x44,0x88,0x4e,0xfe,0x8d,0x14,0x52,0x8d,0x14,
    0xd2,0x31,0xfa,0x41,0x31,0xd0,0x44,0x88,0x46,0xff,0x48,0x39,0xde,0x0f,0x85,0xf3,
    0xfe,0xff,0xff,0x4c,0x8b,0x24,0x24,0x4c,0x8b,0x7c,0x24,0x10,0x4c,0x8b,0x4c,0x24,
    0x08,0x4c,0x8b,0x74,0x24,0x18,0x49,0x83,0xec,0x10,0x4d,0x39,0xfc,0x0f,0x85,0xcd,
    0xfd,0xff,0xff,0x4c,0x89,0xf5,0x4c,0x89,0xe9,0x4d,0x89,0xce,0x0f,0x1f,0x40,0x00,
    0x43,0x0f,0xb6,0x04,0x3e,0x41,0x30,0x06,0x49,0x83,0xc6,0x01,0x49,0x39,0xde,0x75,
    0xef,0x48,0x8d,0x75,0x10,0x48,0x89,0xe8,0x48,0x29,0xe9,0x0f,0x1f,0x44,0x00,0x00,
    0x0f,0xb6,0x14,0x01,0x48,0x83,0xc0,0x01,0x88,0x50,0xff,0x48,0x39,0xc6,0x75,0xf0,
    0x31,0xc0,0xe9,0x6d,0xf9,0xff,0xff,0x66,0x0f,0x1f,0x84,0x00,0x00,0x00,0x00,0x00,
    0x83,0xfd,0x03,0x0f,0x87,0x54,0xf9,0xff,0xff,0x4c,0x63,0xe5,0x48,0x8d,0x2d,0xcd,
    0x05,0x00,0x00,0x49,0x69,0xdc,0xe8,0x40,0x00,0x00,0x48,0x8d,0x44,0x1d,0x00,0x8b,
    0xb8,0xdc,0x00,0x00,0x00,0x85,0xff,0x0f,0x84,0x30,0xf9,0xff,0xff,0x8b,0xb0,0xd8,
    0x00,0x00,0x00,0xb9,0x02,0x00,0x00,0x00,0x66,0x89,0x4c,0x24,0x30,0x85,0xf6,0x75,
    0x57,0x4d,0x69,0xec,0xe8,0x40,0x00,0x00,0x49,0x01,0xed,0x49,0x63,0xbd,0xd0,0x00,
    0x00,0x00,0xe8,0xd7,0x00,0x00,0x00,0x48,0x8d,0x44,0x1d,0x00,0x41,0xc7,0x85,0xd8,
    0x00,0x00,0x00,0x00,0x00,0x00,0x00,0x48,0x8d,0x90,0xe8,0x40,0x00,0x00,0x48,0xc7,
    0x00,0x00,0x00,0x00,0x00,0x48,0x83,0xc0,0x08,0x48,0x39,0xd0,0x75,0xf0,0x4d,0x69,
    0xe4,0xe8,0x40,0x00,0x00,0x31,0xc0,0x42,0xc7,0x84,0x25,0xdc,0x00,0x00,0x00,0x00,
    0x00,0x00,0x00,0xe9,0xcc,0xf8,0xff,0xff,0x8b,0xb8,0xd0,0x00,0x00,0x00,0x48,0x8d,
    0x54,0x24,0x30,0x48,0x8d,0x84,0x1d,0xc0,0x00,0x00,0x00,0x48,0x83,0xec,0x08,0x50,
    0xb9,0x02,0x00,0x00,0x00,0xbe,0x15,0x00,0x00,0x00,0x4c,0x8d,0x8c,0x1d,0xb8,0x00,
    0x00,0x00,0x4c,0x8d,0x84,0x1d,0x98,0x00,0x00,0x00,0xe8,0x81,0xb2,0xff,0xff,0x58,
    0x5a,0xe9,0x6b,0xff,0xff,0xff,0xbb,0xff,0xff,0xff,0xff,0xe9,0xb3,0xfb,0xff,0xff,
    0x0f,0xb7,0x44,0x24,0x30,0xe9,0x7a,0xf8,0xff,0xff,0x48,0xc7,0xc0,0xff,0xff,0xff,
    0xff,0xc3,0x49,0x89,0xc9,0x49,0x89,0xd0,0x48,0x89,0xf2,0x48,0x89,0xf9,0x48,0x8b,
    0x05,0xcb,0x04,0x00,0x00,0x48,0x83,0xec,0x28,0xff,0xd0,0x48,0x83,0xc4,0x28,0xc3,
    0x49,0x89,0xc9,0x49,0x89,0xd0,0x48,0x89,0xf2,0x48,0x89,0xf9,0x48,0x8b,0x05,0xa5,
    0x04,0x00,0x00,0x48,0x83,0xec,0x28,0xff,0xd0,0x48,0x83,0xc4,0x28,0xc3,0x48,0x89,
    0xf9,0x48,0x8b,0x05,0x88,0x04,0x00,0x00,0x48,0x83,0xec,0x28,0xff,0xd0,0x48,0x83,
    0xc4,0x28,0xc3,0x00,0x00,0x00,0x00,0x00,0x00,0x00,0x00,0x00,0x00,0x00,0x00,0x00,
    0x00,0x00,0x00,0x00,0x00,0x00,0x00,0x00,0x00,0x00,0x00,0x00,0x00,0x00,0x00,0x00,
    0x2d,0x2d,0x2d,0x2d,0x2d,0x42,0x45,0x47,0x49,0x4e,0x20,0x00,0x6d,0x61,0x73,0x74,
    0x65,0x72,0x20,0x73,0x65,0x63,0x72,0x65,0x74,0x00,0x6b,0x65,0x79,0x20,0x65,0x78,
    0x70,0x61,0x6e,0x73,0x69,0x6f,0x6e,0x00,0x73,0x65,0x72,0x76,0x65,0x72,0x20,0x66,
    0x69,0x6e,0x69,0x73,0x68,0x65,0x64,0x00,0x63,0x6c,0x69,0x65,0x6e,0x74,0x20,0x66,
    0x69,0x6e,0x69,0x73,0x68,0x65,0x64,0x00,0x00,0x00,0x00,0x00,0x00,0x00,0x00,0x00,
    0x00,0x00,0x00,0x00,0x00,0x00,0x00,0x00,0x00,0x00,0x00,0x00,0x00,0x00,0x00,0x00,
    0x9d,0xf7,0xff,0xff,0xc8,0xf7,0xff,0xff,0xb6,0xf7,0xff,0xff,0x36,0xfb,0xff,0xff,
    0xfc,0xfa,0xff,0xff,0xe7,0xfa,0xff,0xff,0x65,0xfb,0xff,0xff,0x1c,0xf9,0xff,0xff,
    0xe5,0xf8,0xff,0xff,0xad,0xf8,0xff,0xff,0x95,0xf8,0xff,0xff,0x9d,0xf7,0xff,0xff,
    0x80,0xf8,0xff,0xff,0x68,0xf8,0xff,0xff,0x51,0xf8,0xff,0xff,0xe1,0xf7,0xff,0xff,
    0x02,0xfa,0xff,0xff,0xc1,0xf7,0xff,0xff,0x9d,0xf7,0xff,0xff,0x9d,0xf7,0xff,0xff,
    0xee,0xf9,0xff,0xff,0x50,0xfa,0xff,0xff,0x2e,0xf9,0xff,0xff,0x40,0xfe,0xff,0xff,
    0xdb,0xfa,0xff,0xff,0x4b,0xfb,0xff,0xff,0x00,0x00,0x00,0x00,0x00,0x00,0x00,0x00,
    0x00,0x00,0x00,0x00,0x00,0x00,0x00,0x00,0x00,0x00,0x00,0x00,0x00,0x00,0x00,0x00,
    0x5a,0xc6,0x35,0xd8,0xaa,0x3a,0x93,0xe7,0xb3,0xeb,0xbd,0x55,0x76,0x98,0x86,0xbc,
    0x65,0x1d,0x06,0xb0,0xcc,0x53,0xb0,0xf6,0x3b,0xce,0x3c,0x3e,0x27,0xd2,0x60,0x4b,
    0x4f,0xe3,0x42,0xe2,0xfe,0x1a,0x7f,0x9b,0x8e,0xe7,0xeb,0x4a,0x7c,0x0f,0x9e,0x16,
    0x2b,0xce,0x33,0x57,0x6b,0x31,0x5e,0xce,0xcb,0xb6,0x40,0x68,0x37,0xbf,0x51,0xf5,
    0x6b,0x17,0xd1,0xf2,0xe1,0x2c,0x42,0x47,0xf8,0xbc,0xe6,0xe5,0x63,0xa4,0x40,0xf2,
    0x77,0x03,0x7d,0x81,0x2d,0xeb,0x33,0xa0,0xf4,0xa1,0x39,0x45,0xd8,0x98,0xc2,0x96,
    0x30,0x31,0x30,0x0d,0x06,0x09,0x60,0x86,0x48,0x01,0x65,0x03,0x04,0x02,0x01,0x05,
    0x00,0x04,0x20,0x00,0x00,0x00,0x00,0x00,0x00,0x01,0x02,0x04,0x08,0x10,0x20,0x40,
    0x80,0x1b,0x36,0x00,0x00,0x00,0x00,0x00,0x00,0x00,0x00,0x00,0x00,0x00,0x00,0x00,
    0x00,0x00,0x00,0x00,0x00,0x00,0x00,0x00,0x00,0x00,0x00,0x00,0x00,0x00,0x00,0x00,
    0x63,0x7c,0x77,0x7b,0xf2,0x6b,0x6f,0xc5,0x30,0x01,0x67,0x2b,0xfe,0xd7,0xab,0x76,
    0xca,0x82,0xc9,0x7d,0xfa,0x59,0x47,0xf0,0xad,0xd4,0xa2,0xaf,0x9c,0xa4,0x72,0xc0,
    0xb7,0xfd,0x93,0x26,0x36,0x3f,0xf7,0xcc,0x34,0xa5,0xe5,0xf1,0x71,0xd8,0x31,0x15,
    0x04,0xc7,0x23,0xc3,0x18,0x96,0x05,0x9a,0x07,0x12,0x80,0xe2,0xeb,0x27,0xb2,0x75,
    0x09,0x83,0x2c,0x1a,0x1b,0x6e,0x5a,0xa0,0x52,0x3b,0xd6,0xb3,0x29,0xe3,0x2f,0x84,
    0x53,0xd1,0x00,0xed,0x20,0xfc,0xb1,0x5b,0x6a,0xcb,0xbe,0x39,0x4a,0x4c,0x58,0xcf,
    0xd0,0xef,0xaa,0xfb,0x43,0x4d,0x33,0x85,0x45,0xf9,0x02,0x7f,0x50,0x3c,0x9f,0xa8,
    0x51,0xa3,0x40,0x8f,0x92,0x9d,0x38,0xf5,0xbc,0xb6,0xda,0x21,0x10,0xff,0xf3,0xd2,
    0xcd,0x0c,0x13,0xec,0x5f,0x97,0x44,0x17,0xc4,0xa7,0x7e,0x3d,0x64,0x5d,0x19,0x73,
    0x60,0x81,0x4f,0xdc,0x22,0x2a,0x90,0x88,0x46,0xee,0xb8,0x14,0xde,0x5e,0x0b,0xdb,
    0xe0,0x32,0x3a,0x0a,0x49,0x06,0x24,0x5c,0xc2,0xd3,0xac,0x62,0x91,0x95,0xe4,0x79,
    0xe7,0xc8,0x37,0x6d,0x8d,0xd5,0x4e,0xa9,0x6c,0x56,0xf4,0xea,0x65,0x7a,0xae,0x08,
    0xba,0x78,0x25,0x2e,0x1c,0xa6,0xb4,0xc6,0xe8,0xdd,0x74,0x1f,0x4b,0xbd,0x8b,0x8a,
    0x70,0x3e,0xb5,0x66,0x48,0x03,0xf6,0x0e,0x61,0x35,0x57,0xb9,0x86,0xc1,0x1d,0x9e,
    0xe1,0xf8,0x98,0x11,0x69,0xd9,0x8e,0x94,0x9b,0x1e,0x87,0xe9,0xce,0x55,0x28,0xdf,
    0x8c,0xa1,0x89,0x0d,0xbf,0xe6,0x42,0x68,0x41,0x99,0x2d,0x0f,0xb0,0x54,0xbb,0x16,
    0x98,0x2f,0x8a,0x42,0x91,0x44,0x37,0x71,0xcf,0xfb,0xc0,0xb5,0xa5,0xdb,0xb5,0xe9,
    0x5b,0xc2,0x56,0x39,0xf1,0x11,0xf1,0x59,0xa4,0x82,0x3f,0x92,0xd5,0x5e,0x1c,0xab,
    0x98,0xaa,0x07,0xd8,0x01,0x5b,0x83,0x12,0xbe,0x85,0x31,0x24,0xc3,0x7d,0x0c,0x55,
    0x74,0x5d,0xbe,0x72,0xfe,0xb1,0xde,0x80,0xa7,0x06,0xdc,0x9b,0x74,0xf1,0x9b,0xc1,
    0xc1,0x69,0x9b,0xe4,0x86,0x47,0xbe,0xef,0xc6,0x9d,0xc1,0x0f,0xcc,0xa1,0x0c,0x24,
    0x6f,0x2c,0xe9,0x2d,0xaa,0x84,0x74,0x4a,0xdc,0xa9,0xb0,0x5c,0xda,0x88,0xf9,0x76,
    0x52,0x51,0x3e,0x98,0x6d,0xc6,0x31,0xa8,0xc8,0x27,0x03,0xb0,0xc7,0x7f,0x59,0xbf,
    0xf3,0x0b,0xe0,0xc6,0x47,0x91,0xa7,0xd5,0x51,0x63,0xca,0x06,0x67,0x29,0x29,0x14,
    0x85,0x0a,0xb7,0x27,0x38,0x21,0x1b,0x2e,0xfc,0x6d,0x2c,0x4d,0x13,0x0d,0x38,0x53,
    0x54,0x73,0x0a,0x65,0xbb,0x0a,0x6a,0x76,0x2e,0xc9,0xc2,0x81,0x85,0x2c,0x72,0x92,
    0xa1,0xe8,0xbf,0xa2,0x4b,0x66,0x1a,0xa8,0x70,0x8b,0x4b,0xc2,0xa3,0x51,0x6c,0xc7,
    0x19,0xe8,0x92,0xd1,0x24,0x06,0x99,0xd6,0x85,0x35,0x0e,0xf4,0x70,0xa0,0x6a,0x10,
    0x16,0xc1,0xa4,0x19,0x08,0x6c,0x37,0x1e,0x4c,0x77,0x48,0x27,0xb5,0xbc,0xb0,0x34,
    0xb3,0x0c,0x1c,0x39,0x4a,0xaa,0xd8,0x4e,0x4f,0xca,0x9c,0x5b,0xf3,0x6f,0x2e,0x68,
    0xee,0x82,0x8f,0x74,0x6f,0x63,0xa5,0x78,0x14,0x78,0xc8,0x84,0x08,0x02,0xc7,0x8c,
    0xfa,0xff,0xbe,0x90,0xeb,0x6c,0x50,0xa4,0xf7,0xa3,0xf9,0xbe,0xf2,0x78,0x71,0xc6,
    0xff,0x00,0xff,0x00,0xff,0x00,0xff,0x00,0xff,0x00,0xff,0x00,0xff,0x00,0xff,0x00,
    0xff,0xff,0xff,0xff,0xff,0xff,0xff,0xff,0xff,0xff,0xff,0xff,0x00,0x00,0x00,0x00,
    0x00,0x00,0x00,0x00,0x00,0x00,0x00,0x00,0x01,0x00,0x00,0x00,0xff,0xff,0xff,0xff,
    0xfd,0xff,0xff,0xff,0xff,0xff,0xff,0xff,0xff,0xff,0xff,0xff,0x00,0x00,0x00,0x00,
    0x01,0x00,0x00,0x00,0x00,0x00,0x00,0x00,0x00,0x00,0x00,0x00,0x00,0x00,0x00,0x00,
    0x67,0xe6,0x09,0x6a,0x85,0xae,0x67,0xbb,0x72,0xf3,0x6e,0x3c,0x3a,0xf5,0x4f,0xa5,
    0x7f,0x52,0x0e,0x51,0x8c,0x68,0x05,0x9b,0xab,0xd9,0x83,0x1f,0x19,0xcd,0xe0,0x5b,
    0x36,0x36,0x36,0x36,0x36,0x36,0x36,0x36,0x36,0x36,0x36,0x36,0x36,0x36,0x36,0x36,
    0x5c,0x5c,0x5c,0x5c,0x5c,0x5c,0x5c,0x5c,0x5c,0x5c,0x5c,0x5c,0x5c,0x5c,0x5c,0x5c,
    0x00,0x00,0x00,0x01,0x00,0x00,0x02,0xc0,0x10,0x00,0x00,0x42,0x16,0x03,0x03,0x00,
    0x14,0x00,0x00,0x0c,0x03,0x00,0x17,0x41,0x04,0x01,0x01,0x00,0x16,0x03,0x03,0x01,
    0x0e,0x00,0x00,0x00,0x03,0x03,0x2f,0x01,0x41,0x04,0x00,0x00,0x00,0x00,0x00,0x00,
    0x00,0x00,0x05,0xff,0x01,0x00,0x01,0x00,0xeb,0x11,0x31,0x13,0xbb,0x49,0xd0,0x94,
    0xb9,0xe5,0xe4,0x1c,0x6d,0x47,0x58,0xbf,0x15,0x7c,0x4a,0x7f,0xb9,0x79,0x37,0x9e,
    0x00,0x00,0x00,0x00,0x00,0x00,0x00,0x00,0x00,0x00,0x00,0x00,0x00,0x00,0x00,0x00,
    0x00,0x00,0x00,0x00,0x00,0x00,0x00,0x00,0x00,0x00,0x00,0x00,0x00,0x00,0x00,0x00,
    0x00,0x00,0x00,0x00,0x00,0x00,0x00,0x00,0x00,0x00,0x00,0x00,0x00,0x00,0x00,0x00,
    0x00,0x00,0x00,0x00,0x00,0x00,0x00,0x00,0x00,0x00,0x00,0x00,0x00,0x00,0x00,0x00,
    0x00,0x00,0x00,0x00,0x00,0x00,0x00,0x00,0x00,0x00,0x00,0x00,0x00,0x00,0x00,0x00,
    0x00,0x00,0x00,0x00,0x00,0x00,0x00,0x00,0x00,0x00,0x00,0x00,0x00,0x00,0x00,0x00,
    0x00,0x00,0x00,0x00,0x00,0x00,0x00,0x00,0x00,0x00,0x00,0x00,0x00,0x00,0x00,0x00,
    0x00,0x00,0x00,0x00,0x00,0x00,0x00,0x00,0x00,0x00,0x00,0x00,0x00,0x00,0x00,0x00,
    0x00,0x00,0x00,0x00,0x00,0x00,0x00,0x00,0x00,0x00,0x00,0x00,0x00,0x00,0x00,0x00,
    0x00,0x00,0x00,0x00,0x00,0x00,0x00,0x00,0x00,0x00,0x00,0x00,0x00,0x00,0x00,0x00,
    0x00,0x00,0x00,0x00,0x00,0x00,0x00,0x00,0x00,0x00,0x00,0x00,0x00,0x00,0x00,0x00,
    0x00,0x00,0x00,0x00,0x00,0x00,0x00,0x00,0x00,0x00,0x00,0x00,0x00,0x00,0x00,0x00,
    0x00,0x00,0x00,0x00,0x00,0x00,0x00,0x00,0x00,0x00,0x00,0x00,0x00,0x00,0x00,0x00,
    0x00,0x00,0x00,0x00,0x00,0x00,0x00,0x00,0x00,0x00,0x00,0x00,0x00,0x00,0x00,0x00,
    0x00,0x00,0x00,0x00,0x00,0x00,0x00,0x00,0x00,0x00,0x00,0x00,0x00,0x00,0x00,0x00,
    0x00,0x00,0x00,0x00,0x00,0x00,0x00,0x00,0x00,0x00,0x00,0x00,0x00,0x00,0x00,0x00,
    0x00,0x00,0x00,0x00,0x00,0x00,0x00,0x00,0x00,0x00,0x00,0x00,0x00,0x00,0x00,0x00,
    0x00,0x00,0x00,0x00,0x00,0x00,0x00,0x00,0x00,0x00,0x00,0x00,0x00,0x00,0x00,0x00,
    0x00,0x00,0x00,0x00,0x00,0x00,0x00,0x00,0x00,0x00,0x00,0x00,0x00,0x00,0x00,0x00,
    0x00,0x00,0x00,0x00,0x00,0x00,0x00,0x00,0x00,0x00,0x00,0x00,0x00,0x00,0x00,0x00,
    0x00,0x00,0x00,0x00,0x00,0x00,0x00,0x00,0x00,0x00,0x00,0x00,0x00,0x00,0x00,0x00,
    0x00,0x00,0x00,0x00,0x00,0x00,0x00,0x00,0x00,0x00,0x00,0x00,0x00,0x00,0x00,0x00,
    0x00,0x00,0x00,0x00,0x00,0x00,0x00,0x00,0x00,0x00,0x00,0x00,0x00,0x00,0x00,0x00,
    0x00,0x00,0x00,0x00,0x00,0x00,0x00,0x00,0x00,0x00,0x00,0x00,0x00,0x00,0x00,0x00,
    0x00,0x00,0x00,0x00,0x00,0x00,0x00,0x00,0x00,0x00,0x00,0x00,0x00,0x00,0x00,0x00,
    0x00,0x00,0x00,0x00,0x00,0x00,0x00,0x00,0x00,0x00,0x00,0x00,0x00,0x00,0x00,0x00,
    0x00,0x00,0x00,0x00,0x00,0x00,0x00,0x00,0x00,0x00,0x00,0x00,0x00,0x00,0x00,0x00,
    0x00,0x00,0x00,0x00,0x00,0x00,0x00,0x00,0x00,0x00,0x00,0x00,0x00,0x00,0x00,0x00,
    0x00,0x00,0x00,0x00,0x00,0x00,0x00,0x00,0x00,0x00,0x00,0x00,0x00,0x00,0x00,0x00,
    0x00,0x00,0x00,0x00,0x00,0x00,0x00,0x00,0x00,0x00,0x00,0x00,0x00,0x00,0x00,0x00,
    0x00,0x00,0x00,0x00,0x00,0x00,0x00,0x00,0x00,0x00,0x00,0x00,0x00,0x00,0x00,0x00,
    0x00,0x00,0x00,0x00,0x00,0x00,0x00,0x00,0x00,0x00,0x00,0x00,0x00,0x00,0x00,0x00,
    0x00,0x00,0x00,0x00,0x00,0x00,0x00,0x00,0x00,0x00,0x00,0x00,0x00,0x00,0x00,0x00,
    0x00,0x00,0x00,0x00,0x00,0x00,0x00,0x00,0x00,0x00,0x00,0x00,0x00,0x00,0x00,0x00,
    0x00,0x00,0x00,0x00,0x00,0x00,0x00,0x00,0x00,0x00,0x00,0x00,0x00,0x00,0x00,0x00,
    0x00,0x00,0x00,0x00,0x00,0x00,0x00,0x00,0x00,0x00,0x00,0x00,0x00,0x00,0x00,0x00,
    0x00,0x00,0x00,0x00,0x00,0x00,0x00,0x00,0x00,0x00,0x00,0x00,0x00,0x00,0x00,0x00,
    0x00,0x00,0x00,0x00,0x00,0x00,0x00,0x00,0x00,0x00,0x00,0x00,0x00,0x00,0x00,0x00,
    0x00,0x00,0x00,0x00,0x00,0x00,0x00,0x00,0x00,0x00,0x00,0x00,0x00,0x00,0x00,0x00,
    0x00,0x00,0x00,0x00,0x00,0x00,0x00,0x00,0x00,0x00,0x00,0x00,0x00,0x00,0x00,0x00,
    0x00,0x00,0x00,0x00,0x00,0x00,0x00,0x00,0x00,0x00,0x00,0x00,0x00,0x00,0x00,0x00,
    0x00,0x00,0x00,0x00,0x00,0x00,0x00,0x00,0x00,0x00,0x00,0x00,0x00,0x00,0x00,0x00,
    0x00,0x00,0x00,0x00,0x00,0x00,0x00,0x00,0x00,0x00,0x00,0x00,0x00,0x00,0x00,0x00,
    0x00,0x00,0x00,0x00,0x00,0x00,0x00,0x00,0x00,0x00,0x00,0x00,0x00,0x00,0x00,0x00,
    0x00,0x00,0x00,0x00,0x00,0x00,0x00,0x00,0x00,0x00,0x00,0x00,0x00,0x00,0x00,0x00,
    0x00,0x00,0x00,0x00,0x00,0x00,0x00,0x00,0x00,0x00,0x00,0x00,0x00,0x00,0x00,0x00,
    0x00,0x00,0x00,0x00,0x00,0x00,0x00,0x00,0x00,0x00,0x00,0x00,0x00,0x00,0x00,0x00,
    0x00,0x00,0x00,0x00,0x00,0x00,0x00,0x00,0x00,0x00,0x00,0x00,0x00,0x00,0x00,0x00,
    0x00,0x00,0x00,0x00,0x00,0x00,0x00,0x00,0x00,0x00,0x00,0x00,0x00,0x00,0x00,0x00,
    0x00,0x00,0x00,0x00,0x00,0x00,0x00,0x00,0x00,0x00,0x00,0x00,0x00,0x00,0x00,0x00,
    0x00,0x00,0x00,0x00,0x00,0x00,0x00,0x00,0x00,0x00,0x00,0x00,0x00,0x00,0x00,0x00,
    0x00,0x00,0x00,0x00,0x00,0x00,0x00,0x00,0x00,0x00,0x00,0x00,0x00,0x00,0x00,0x00,
    0x00,0x00,0x00,0x00,0x00,0x00,0x00,0x00,0x00,0x00,0x00,0x00,0x00,0x00,0x00,0x00,
    0x00,0x00,0x00,0x00,0x00,0x00,0x00,0x00,0x00,0x00,0x00,0x00,0x00,0x00,0x00,0x00,
    0x00,0x00,0x00,0x00,0x00,0x00,0x00,0x00,0x00,0x00,0x00,0x00,0x00,0x00,0x00,0x00,
    0x00,0x00,0x00,0x00,0x00,0x00,0x00,0x00,0x00,0x00,0x00,0x00,0x00,0x00,0x00,0x00,
    0x00,0x00,0x00,0x00,0x00,0x00,0x00,0x00,0x00,0x00,0x00,0x00,0x00,0x00,0x00,0x00,
    0x00,0x00,0x00,0x00,0x00,0x00,0x00,0x00,0x00,0x00,0x00,0x00,0x00,0x00,0x00,0x00,
    0x00,0x00,0x00,0x00,0x00,0x00,0x00,0x00,0x00,0x00,0x00,0x00,0x00,0x00,0x00,0x00,
    0x00,0x00,0x00,0x00,0x00,0x00,0x00,0x00,0x00,0x00,0x00,0x00,0x00,0x00,0x00,0x00,
    0x00,0x00,0x00,0x00,0x00,0x00,0x00,0x00,0x00,0x00,0x00,0x00,0x00,0x00,0x00,0x00,
    0x00,0x00,0x00,0x00,0x00,0x00,0x00,0x00,0x00,0x00,0x00,0x00,0x00,0x00,0x00,0x00,
    0x00,0x00,0x00,0x00,0x00,0x00,0x00,0x00,0x00,0x00,0x00,0x00,0x00,0x00,0x00,0x00,
    0x00,0x00,0x00,0x00,0x00,0x00,0x00,0x00,0x00,0x00,0x00,0x00,0x00,0x00,0x00,0x00,
    0x00,0x00,0x00,0x00,0x00,0x00,0x00,0x00,0x00,0x00,0x00,0x00,0x00,0x00,0x00,0x00,
    0x00,0x00,0x00,0x00,0x00,0x00,0x00,0x00,0x00,0x00,0x00,0x00,0x00,0x00,0x00,0x00,
    0x00,0x00,0x00,0x00,0x00,0x00,0x00,0x00,0x00,0x00,0x00,0x00,0x00,0x00,0x00,0x00,
    0x00,0x00,0x00,0x00,0x00,0x00,0x00,0x00,0x00,0x00,0x00,0x00,0x00,0x00,0x00,0x00,
    0x00,0x00,0x00,0x00,0x00,0x00,0x00,0x00,0x00,0x00,0x00,0x00,0x00,0x00,0x00,0x00,
    0x00,0x00,0x00,0x00,0x00,0x00,0x00,0x00,0x00,0x00,0x00,0x00,0x00,0x00,0x00,0x00,
    0x00,0x00,0x00,0x00,0x00,0x00,0x00,0x00,0x00,0x00,0x00,0x00,0x00,0x00,0x00,0x00,
    0x00,0x00,0x00,0x00,0x00,0x00,0x00,0x00,0x00,0x00,0x00,0x00,0x00,0x00,0x00,0x00,
    0x00,0x00,0x00,0x00,0x00,0x00,0x00,0x00,0x00,0x00,0x00,0x00,0x00,0x00,0x00,0x00,
    0x00,0x00,0x00,0x00,0x00,0x00,0x00,0x00,0x00,0x00,0x00,0x00,0x00,0x00,0x00,0x00,
    0x00,0x00,0x00,0x00,0x00,0x00,0x00,0x00,0x00,0x00,0x00,0x00,0x00,0x00,0x00,0x00,
    0x00,0x00,0x00,0x00,0x00,0x00,0x00,0x00,0x00,0x00,0x00,0x00,0x00,0x00,0x00,0x00,
    0x00,0x00,0x00,0x00,0x00,0x00,0x00,0x00,0x00,0x00,0x00,0x00,0x00,0x00,0x00,0x00,
    0x00,0x00,0x00,0x00,0x00,0x00,0x00,0x00,0x00,0x00,0x00,0x00,0x00,0x00,0x00,0x00,
    0x00,0x00,0x00,0x00,0x00,0x00,0x00,0x00,0x00,0x00,0x00,0x00,0x00,0x00,0x00,0x00,
    0x00,0x00,0x00,0x00,0x00,0x00,0x00,0x00,0x00,0x00,0x00,0x00,0x00,0x00,0x00,0x00,
    0x00,0x00,0x00,0x00,0x00,0x00,0x00,0x00,0x00,0x00,0x00,0x00,0x00,0x00,0x00,0x00,
    0x00,0x00,0x00,0x00,0x00,0x00,0x00,0x00,0x00,0x00,0x00,0x00,0x00,0x00,0x00,0x00,
    0x00,0x00,0x00,0x00,0x00,0x00,0x00,0x00,0x00,0x00,0x00,0x00,0x00,0x00,0x00,0x00,
    0x00,0x00,0x00,0x00,0x00,0x00,0x00,0x00,0x00,0x00,0x00,0x00,0x00,0x00,0x00,0x00,
    0x00,0x00,0x00,0x00,0x00,0x00,0x00,0x00,0x00,0x00,0x00,0x00,0x00,0x00,0x00,0x00,
    0x00,0x00,0x00,0x00,0x00,0x00,0x00,0x00,0x00,0x00,0x00,0x00,0x00,0x00,0x00,0x00,
    0x00,0x00,0x00,0x00,0x00,0x00,0x00,0x00,0x00,0x00,0x00,0x00,0x00,0x00,0x00,0x00,
    0x00,0x00,0x00,0x00,0x00,0x00,0x00,0x00,0x00,0x00,0x00,0x00,0x00,0x00,0x00,0x00,
    0x00,0x00,0x00,0x00,0x00,0x00,0x00,0x00,0x00,0x00,0x00,0x00,0x00,0x00,0x00,0x00,
    0x00,0x00,0x00,0x00,0x00,0x00,0x00,0x00,0x00,0x00,0x00,0x00,0x00,0x00,0x00,0x00,
    0x00,0x00,0x00,0x00,0x00,0x00,0x00,0x00,0x00,0x00,0x00,0x00,0x00,0x00,0x00,0x00,
    0x00,0x00,0x00,0x00,0x00,0x00,0x00,0x00,0x00,0x00,0x00,0x00,0x00,0x00,0x00,0x00,
    0x00,0x00,0x00,0x00,0x00,0x00,0x00,0x00,0x00,0x00,0x00,0x00,0x00,0x00,0x00,0x00,
    0x00,0x00,0x00,0x00,0x00,0x00,0x00,0x00,0x00,0x00,0x00,0x00,0x00,0x00,0x00,0x00,
    0x00,0x00,0x00,0x00,0x00,0x00,0x00,0x00,0x00,0x00,0x00,0x00,0x00,0x00,0x00,0x00,
    0x00,0x00,0x00,0x00,0x00,0x00,0x00,0x00,0x00,0x00,0x00,0x00,0x00,0x00,0x00,0x00,
    0x00,0x00,0x00,0x00,0x00,0x00,0x00,0x00,0x00,0x00,0x00,0x00,0x00,0x00,0x00,0x00,
    0x00,0x00,0x00,0x00,0x00,0x00,0x00,0x00,0x00,0x00,0x00,0x00,0x00,0x00,0x00,0x00,
    0x00,0x00,0x00,0x00,0x00,0x00,0x00,0x00,0x00,0x00,0x00,0x00,0x00,0x00,0x00,0x00,
    0x00,0x00,0x00,0x00,0x00,0x00,0x00,0x00,0x00,0x00,0x00,0x00,0x00,0x00,0x00,0x00,
    0x00,0x00,0x00,0x00,0x00,0x00,0x00,0x00,0x00,0x00,0x00,0x00,0x00,0x00,0x00,0x00,
    0x00,0x00,0x00,0x00,0x00,0x00,0x00,0x00,0x00,0x00,0x00,0x00,0x00,0x00,0x00,0x00,
    0x00,0x00,0x00,0x00,0x00,0x00,0x00,0x00,0x00,0x00,0x00,0x00,0x00,0x00,0x00,0x00,
    0x00,0x00,0x00,0x00,0x00,0x00,0x00,0x00,0x00,0x00,0x00,0x00,0x00,0x00,0x00,0x00,
    0x00,0x00,0x00,0x00,0x00,0x00,0x00,0x00,0x00,0x00,0x00,0x00,0x00,0x00,0x00,0x00,
    0x00,0x00,0x00,0x00,0x00,0x00,0x00,0x00,0x00,0x00,0x00,0x00,0x00,0x00,0x00,0x00,
    0x00,0x00,0x00,0x00,0x00,0x00,0x00,0x00,0x00,0x00,0x00,0x00,0x00,0x00,0x00,0x00,
    0x00,0x00,0x00,0x00,0x00,0x00,0x00,0x00,0x00,0x00,0x00,0x00,0x00,0x00,0x00,0x00,
    0x00,0x00,0x00,0x00,0x00,0x00,0x00,0x00,0x00,0x00,0x00,0x00,0x00,0x00,0x00,0x00,
    0x00,0x00,0x00,0x00,0x00,0x00,0x00,0x00,0x00,0x00,0x00,0x00,0x00,0x00,0x00,0x00,
    0x00,0x00,0x00,0x00,0x00,0x00,0x00,0x00,0x00,0x00,0x00,0x00,0x00,0x00,0x00,0x00,
    0x00,0x00,0x00,0x00,0x00,0x00,0x00,0x00,0x00,0x00,0x00,0x00,0x00,0x00,0x00,0x00,
    0x00,0x00,0x00,0x00,0x00,0x00,0x00,0x00,0x00,0x00,0x00,0x00,0x00,0x00,0x00,0x00,
    0x00,0x00,0x00,0x00,0x00,0x00,0x00,0x00,0x00,0x00,0x00,0x00,0x00,0x00,0x00,0x00,
    0x00,0x00,0x00,0x00,0x00,0x00,0x00,0x00,0x00,0x00,0x00,0x00,0x00,0x00,0x00,0x00,
    0x00,0x00,0x00,0x00,0x00,0x00,0x00,0x00,0x00,0x00,0x00,0x00,0x00,0x00,0x00,0x00,
    0x00,0x00,0x00,0x00,0x00,0x00,0x00,0x00,0x00,0x00,0x00,0x00,0x00,0x00,0x00,0x00,
    0x00,0x00,0x00,0x00,0x00,0x00,0x00,0x00,0x00,0x00,0x00,0x00,0x00,0x00,0x00,0x00,
    0x00,0x00,0x00,0x00,0x00,0x00,0x00,0x00,0x00,0x00,0x00,0x00,0x00,0x00,0x00,0x00,
    0x00,0x00,0x00,0x00,0x00,0x00,0x00,0x00,0x00,0x00,0x00,0x00,0x00,0x00,0x00,0x00,
    0x00,0x00,0x00,0x00,0x00,0x00,0x00,0x00,0x00,0x00,0x00,0x00,0x00,0x00,0x00,0x00,
    0x00,0x00,0x00,0x00,0x00,0x00,0x00,0x00,0x00,0x00,0x00,0x00,0x00,0x00,0x00,0x00,
    0x00,0x00,0x00,0x00,0x00,0x00,0x00,0x00,0x00,0x00,0x00,0x00,0x00,0x00,0x00,0x00,
    0x00,0x00,0x00,0x00,0x00,0x00,0x00,0x00,0x00,0x00,0x00,0x00,0x00,0x00,0x00,0x00,
    0x00,0x00,0x00,0x00,0x00,0x00,0x00,0x00,0x00,0x00,0x00,0x00,0x00,0x00,0x00,0x00,
    0x00,0x00,0x00,0x00,0x00,0x00,0x00,0x00,0x00,0x00,0x00,0x00,0x00,0x00,0x00,0x00,
    0x00,0x00,0x00,0x00,0x00,0x00,0x00,0x00,0x00,0x00,0x00,0x00,0x00,0x00,0x00,0x00,
    0x00,0x00,0x00,0x00,0x00,0x00,0x00,0x00,0x00,0x00,0x00,0x00,0x00,0x00,0x00,0x00,
    0x00,0x00,0x00,0x00,0x00,0x00,0x00,0x00,0x00,0x00,0x00,0x00,0x00,0x00,0x00,0x00,
    0x00,0x00,0x00,0x00,0x00,0x00,0x00,0x00,0x00,0x00,0x00,0x00,0x00,0x00,0x00,0x00,
    0x00,0x00,0x00,0x00,0x00,0x00,0x00,0x00,0x00,0x00,0x00,0x00,0x00,0x00,0x00,0x00,
    0x00,0x00,0x00,0x00,0x00,0x00,0x00,0x00,0x00,0x00,0x00,0x00,0x00,0x00,0x00,0x00,
    0x00,0x00,0x00,0x00,0x00,0x00,0x00,0x00,0x00,0x00,0x00,0x00,0x00,0x00,0x00,0x00,
    0x00,0x00,0x00,0x00,0x00,0x00,0x00,0x00,0x00,0x00,0x00,0x00,0x00,0x00,0x00,0x00,
    0x00,0x00,0x00,0x00,0x00,0x00,0x00,0x00,0x00,0x00,0x00,0x00,0x00,0x00,0x00,0x00,
    0x00,0x00,0x00,0x00,0x00,0x00,0x00,0x00,0x00,0x00,0x00,0x00,0x00,0x00,0x00,0x00,
    0x00,0x00,0x00,0x00,0x00,0x00,0x00,0x00,0x00,0x00,0x00,0x00,0x00,0x00,0x00,0x00,
    0x00,0x00,0x00,0x00,0x00,0x00,0x00,0x00,0x00,0x00,0x00,0x00,0x00,0x00,0x00,0x00,
    0x00,0x00,0x00,0x00,0x00,0x00,0x00,0x00,0x00,0x00,0x00,0x00,0x00,0x00,0x00,0x00,
    0x00,0x00,0x00,0x00,0x00,0x00,0x00,0x00,0x00,0x00,0x00,0x00,0x00,0x00,0x00,0x00,
    0x00,0x00,0x00,0x00,0x00,0x00,0x00,0x00,0x00,0x00,0x00,0x00,0x00,0x00,0x00,0x00,
    0x00,0x00,0x00,0x00,0x00,0x00,0x00,0x00,0x00,0x00,0x00,0x00,0x00,0x00,0x00,0x00,
    0x00,0x00,0x00,0x00,0x00,0x00,0x00,0x00,0x00,0x00,0x00,0x00,0x00,0x00,0x00,0x00,
    0x00,0x00,0x00,0x00,0x00,0x00,0x00,0x00,0x00,0x00,0x00,0x00,0x00,0x00,0x00,0x00,
    0x00,0x00,0x00,0x00,0x00,0x00,0x00,0x00,0x00,0x00,0x00,0x00,0x00,0x00,0x00,0x00,
    0x00,0x00,0x00,0x00,0x00,0x00,0x00,0x00,0x00,0x00,0x00,0x00,0x00,0x00,0x00,0x00,
    0x00,0x00,0x00,0x00,0x00,0x00,0x00,0x00,0x00,0x00,0x00,0x00,0x00,0x00,0x00,0x00,
    0x00,0x00,0x00,0x00,0x00,0x00,0x00,0x00,0x00,0x00,0x00,0x00,0x00,0x00,0x00,0x00,
    0x00,0x00,0x00,0x00,0x00,0x00,0x00,0x00,0x00,0x00,0x00,0x00,0x00,0x00,0x00,0x00,
    0x00,0x00,0x00,0x00,0x00,0x00,0x00,0x00,0x00,0x00,0x00,0x00,0x00,0x00,0x00,0x00,
    0x00,0x00,0x00,0x00,0x00,0x00,0x00,0x00,0x00,0x00,0x00,0x00,0x00,0x00,0x00,0x00,
    0x00,0x00,0x00,0x00,0x00,0x00,0x00,0x00,0x00,0x00,0x00,0x00,0x00,0x00,0x00,0x00,
    0x00,0x00,0x00,0x00,0x00,0x00,0x00,0x00,0x00,0x00,0x00,0x00,0x00,0x00,0x00,0x00,
    0x00,0x00,0x00,0x00,0x00,0x00,0x00,0x00,0x00,0x00,0x00,0x00,0x00,0x00,0x00,0x00,
    0x00,0x00,0x00,0x00,0x00,0x00,0x00,0x00,0x00,0x00,0x00,0x00,0x00,0x00,0x00,0x00,
    0x00,0x00,0x00,0x00,0x00,0x00,0x00,0x00,0x00,0x00,0x00,0x00,0x00,0x00,0x00,0x00,
    0x00,0x00,0x00,0x00,0x00,0x00,0x00,0x00,0x00,0x00,0x00,0x00,0x00,0x00,0x00,0x00,
    0x00,0x00,0x00,0x00,0x00,0x00,0x00,0x00,0x00,0x00,0x00,0x00,0x00,0x00,0x00,0x00,
    0x00,0x00,0x00,0x00,0x00,0x00,0x00,0x00,0x00,0x00,0x00,0x00,0x00,0x00,0x00,0x00,
    0x00,0x00,0x00,0x00,0x00,0x00,0x00,0x00,0x00,0x00,0x00,0x00,0x00,0x00,0x00,0x00,
    0x00,0x00,0x00,0x00,0x00,0x00,0x00,0x00,0x00,0x00,0x00,0x00,0x00,0x00,0x00,0x00,
    0x00,0x00,0x00,0x00,0x00,0x00,0x00,0x00,0x00,0x00,0x00,0x00,0x00,0x00,0x00,0x00,
    0x00,0x00,0x00,0x00,0x00,0x00,0x00,0x00,0x00,0x00,0x00,0x00,0x00,0x00,0x00,0x00,
    0x00,0x00,0x00,0x00,0x00,0x00,0x00,0x00,0x00,0x00,0x00,0x00,0x00,0x00,0x00,0x00,
    0x00,0x00,0x00,0x00,0x00,0x00,0x00,0x00,0x00,0x00,0x00,0x00,0x00,0x00,0x00,0x00,
    0x00,0x00,0x00,0x00,0x00,0x00,0x00,0x00,0x00,0x00,0x00,0x00,0x00,0x00,0x00,0x00,
    0x00,0x00,0x00,0x00,0x00,0x00,0x00,0x00,0x00,0x00,0x00,0x00,0x00,0x00,0x00,0x00,
    0x00,0x00,0x00,0x00,0x00,0x00,0x00,0x00,0x00,0x00,0x00,0x00,0x00,0x00,0x00,0x00,
    0x00,0x00,0x00,0x00,0x00,0x00,0x00,0x00,0x00,0x00,0x00,0x00,0x00,0x00,0x00,0x00,
    0x00,0x00,0x00,0x00,0x00,0x00,0x00,0x00,0x00,0x00,0x00,0x00,0x00,0x00,0x00,0x00,
    0x00,0x00,0x00,0x00,0x00,0x00,0x00,0x00,0x00,0x00,0x00,0x00,0x00,0x00,0x00,0x00,
    0x00,0x00,0x00,0x00,0x00,0x00,0x00,0x00,0x00,0x00,0x00,0x00,0x00,0x00,0x00,0x00,
    0x00,0x00,0x00,0x00,0x00,0x00,0x00,0x00,0x00,0x00,0x00,0x00,0x00,0x00,0x00,0x00,
    0x00,0x00,0x00,0x00,0x00,0x00,0x00,0x00,0x00,0x00,0x00,0x00,0x00,0x00,0x00,0x00,
    0x00,0x00,0x00,0x00,0x00,0x00,0x00,0x00,0x00,0x00,0x00,0x00,0x00,0x00,0x00,0x00,
    0x00,0x00,0x00,0x00,0x00,0x00,0x00,0x00,0x00,0x00,0x00,0x00,0x00,0x00,0x00,0x00,
    0x00,0x00,0x00,0x00,0x00,0x00,0x00,0x00,0x00,0x00,0x00,0x00,0x00,0x00,0x00,0x00,
    0x00,0x00,0x00,0x00,0x00,0x00,0x00,0x00,0x00,0x00,0x00,0x00,0x00,0x00,0x00,0x00,
    0x00,0x00,0x00,0x00,0x00,0x00,0x00,0x00,0x00,0x00,0x00,0x00,0x00,0x00,0x00,0x00,
    0x00,0x00,0x00,0x00,0x00,0x00,0x00,0x00,0x00,0x00,0x00,0x00,0x00,0x00,0x00,0x00,
    0x00,0x00,0x00,0x00,0x00,0x00,0x00,0x00,0x00,0x00,0x00,0x00,0x00,0x00,0x00,0x00,
    0x00,0x00,0x00,0x00,0x00,0x00,0x00,0x00,0x00,0x00,0x00,0x00,0x00,0x00,0x00,0x00,
    0x00,0x00,0x00,0x00,0x00,0x00,0x00,0x00,0x00,0x00,0x00,0x00,0x00,0x00,0x00,0x00,
    0x00,0x00,0x00,0x00,0x00,0x00,0x00,0x00,0x00,0x00,0x00,0x00,0x00,0x00,0x00,0x00,
    0x00,0x00,0x00,0x00,0x00,0x00,0x00,0x00,0x00,0x00,0x00,0x00,0x00,0x00,0x00,0x00,
    0x00,0x00,0x00,0x00,0x00,0x00,0x00,0x00,0x00,0x00,0x00,0x00,0x00,0x00,0x00,0x00,
    0x00,0x00,0x00,0x00,0x00,0x00,0x00,0x00,0x00,0x00,0x00,0x00,0x00,0x00,0x00,0x00,
    0x00,0x00,0x00,0x00,0x00,0x00,0x00,0x00,0x00,0x00,0x00,0x00,0x00,0x00,0x00,0x00,
    0x00,0x00,0x00,0x00,0x00,0x00,0x00,0x00,0x00,0x00,0x00,0x00,0x00,0x00,0x00,0x00,
    0x00,0x00,0x00,0x00,0x00,0x00,0x00,0x00,0x00,0x00,0x00,0x00,0x00,0x00,0x00,0x00,
    0x00,0x00,0x00,0x00,0x00,0x00,0x00,0x00,0x00,0x00,0x00,0x00,0x00,0x00,0x00,0x00,
    0x00,0x00,0x00,0x00,0x00,0x00,0x00,0x00,0x00,0x00,0x00,0x00,0x00,0x00,0x00,0x00,
    0x00,0x00,0x00,0x00,0x00,0x00,0x00,0x00,0x00,0x00,0x00,0x00,0x00,0x00,0x00,0x00,
    0x00,0x00,0x00,0x00,0x00,0x00,0x00,0x00,0x00,0x00,0x00,0x00,0x00,0x00,0x00,0x00,
    0x00,0x00,0x00,0x00,0x00,0x00,0x00,0x00,0x00,0x00,0x00,0x00,0x00,0x00,0x00,0x00,
    0x00,0x00,0x00,0x00,0x00,0x00,0x00,0x00,0x00,0x00,0x00,0x00,0x00,0x00,0x00,0x00,
    0x00,0x00,0x00,0x00,0x00,0x00,0x00,0x00,0x00,0x00,0x00,0x00,0x00,0x00,0x00,0x00,
    0x00,0x00,0x00,0x00,0x00,0x00,0x00,0x00,0x00,0x00,0x00,0x00,0x00,0x00,0x00,0x00,
    0x00,0x00,0x00,0x00,0x00,0x00,0x00,0x00,0x00,0x00,0x00,0x00,0x00,0x00,0x00,0x00,
    0x00,0x00,0x00,0x00,0x00,0x00,0x00,0x00,0x00,0x00,0x00,0x00,0x00,0x00,0x00,0x00,
    0x00,0x00,0x00,0x00,0x00,0x00,0x00,0x00,0x00,0x00,0x00,0x00,0x00,0x00,0x00,0x00,
    0x00,0x00,0x00,0x00,0x00,0x00,0x00,0x00,0x00,0x00,0x00,0x00,0x00,0x00,0x00,0x00,
    0x00,0x00,0x00,0x00,0x00,0x00,0x00,0x00,0x00,0x00,0x00,0x00,0x00,0x00,0x00,0x00,
    0x00,0x00,0x00,0x00,0x00,0x00,0x00,0x00,0x00,0x00,0x00,0x00,0x00,0x00,0x00,0x00,
    0x00,0x00,0x00,0x00,0x00,0x00,0x00,0x00,0x00,0x00,0x00,0x00,0x00,0x00,0x00,0x00,
    0x00,0x00,0x00,0x00,0x00,0x00,0x00,0x00,0x00,0x00,0x00,0x00,0x00,0x00,0x00,0x00,
    0x00,0x00,0x00,0x00,0x00,0x00,0x00,0x00,0x00,0x00,0x00,0x00,0x00,0x00,0x00,0x00,
    0x00,0x00,0x00,0x00,0x00,0x00,0x00,0x00,0x00,0x00,0x00,0x00,0x00,0x00,0x00,0x00,
    0x00,0x00,0x00,0x00,0x00,0x00,0x00,0x00,0x00,0x00,0x00,0x00,0x00,0x00,0x00,0x00,
    0x00,0x00,0x00,0x00,0x00,0x00,0x00,0x00,0x00,0x00,0x00,0x00,0x00,0x00,0x00,0x00,
    0x00,0x00,0x00,0x00,0x00,0x00,0x00,0x00,0x00,0x00,0x00,0x00,0x00,0x00,0x00,0x00,
    0x00,0x00,0x00,0x00,0x00,0x00,0x00,0x00,0x00,0x00,0x00,0x00,0x00,0x00,0x00,0x00,
    0x00,0x00,0x00,0x00,0x00,0x00,0x00,0x00,0x00,0x00,0x00,0x00,0x00,0x00,0x00,0x00,
    0x00,0x00,0x00,0x00,0x00,0x00,0x00,0x00,0x00,0x00,0x00,0x00,0x00,0x00,0x00,0x00,
    0x00,0x00,0x00,0x00,0x00,0x00,0x00,0x00,0x00,0x00,0x00,0x00,0x00,0x00,0x00,0x00,
    0x00,0x00,0x00,0x00,0x00,0x00,0x00,0x00,0x00,0x00,0x00,0x00,0x00,0x00,0x00,0x00,
    0x00,0x00,0x00,0x00,0x00,0x00,0x00,0x00,0x00,0x00,0x00,0x00,0x00,0x00,0x00,0x00,
    0x00,0x00,0x00,0x00,0x00,0x00,0x00,0x00,0x00,0x00,0x00,0x00,0x00,0x00,0x00,0x00,
    0x00,0x00,0x00,0x00,0x00,0x00,0x00,0x00,0x00,0x00,0x00,0x00,0x00,0x00,0x00,0x00,
    0x00,0x00,0x00,0x00,0x00,0x00,0x00,0x00,0x00,0x00,0x00,0x00,0x00,0x00,0x00,0x00,
    0x00,0x00,0x00,0x00,0x00,0x00,0x00,0x00,0x00,0x00,0x00,0x00,0x00,0x00,0x00,0x00,
    0x00,0x00,0x00,0x00,0x00,0x00,0x00,0x00,0x00,0x00,0x00,0x00,0x00,0x00,0x00,0x00,
    0x00,0x00,0x00,0x00,0x00,0x00,0x00,0x00,0x00,0x00,0x00,0x00,0x00,0x00,0x00,0x00,
    0x00,0x00,0x00,0x00,0x00,0x00,0x00,0x00,0x00,0x00,0x00,0x00,0x00,0x00,0x00,0x00,
    0x00,0x00,0x00,0x00,0x00,0x00,0x00,0x00,0x00,0x00,0x00,0x00,0x00,0x00,0x00,0x00,
    0x00,0x00,0x00,0x00,0x00,0x00,0x00,0x00,0x00,0x00,0x00,0x00,0x00,0x00,0x00,0x00,
    0x00,0x00,0x00,0x00,0x00,0x00,0x00,0x00,0x00,0x00,0x00,0x00,0x00,0x00,0x00,0x00,
    0x00,0x00,0x00,0x00,0x00,0x00,0x00,0x00,0x00,0x00,0x00,0x00,0x00,0x00,0x00,0x00,
    0x00,0x00,0x00,0x00,0x00,0x00,0x00,0x00,0x00,0x00,0x00,0x00,0x00,0x00,0x00,0x00,
    0x00,0x00,0x00,0x00,0x00,0x00,0x00,0x00,0x00,0x00,0x00,0x00,0x00,0x00,0x00,0x00,
    0x00,0x00,0x00,0x00,0x00,0x00,0x00,0x00,0x00,0x00,0x00,0x00,0x00,0x00,0x00,0x00,
    0x00,0x00,0x00,0x00,0x00,0x00,0x00,0x00,0x00,0x00,0x00,0x00,0x00,0x00,0x00,0x00,
    0x00,0x00,0x00,0x00,0x00,0x00,0x00,0x00,0x00,0x00,0x00,0x00,0x00,0x00,0x00,0x00,
    0x00,0x00,0x00,0x00,0x00,0x00,0x00,0x00,0x00,0x00,0x00,0x00,0x00,0x00,0x00,0x00,
    0x00,0x00,0x00,0x00,0x00,0x00,0x00,0x00,0x00,0x00,0x00,0x00,0x00,0x00,0x00,0x00,
    0x00,0x00,0x00,0x00,0x00,0x00,0x00,0x00,0x00,0x00,0x00,0x00,0x00,0x00,0x00,0x00,
    0x00,0x00,0x00,0x00,0x00,0x00,0x00,0x00,0x00,0x00,0x00,0x00,0x00,0x00,0x00,0x00,
    0x00,0x00,0x00,0x00,0x00,0x00,0x00,0x00,0x00,0x00,0x00,0x00,0x00,0x00,0x00,0x00,
    0x00,0x00,0x00,0x00,0x00,0x00,0x00,0x00,0x00,0x00,0x00,0x00,0x00,0x00,0x00,0x00,
    0x00,0x00,0x00,0x00,0x00,0x00,0x00,0x00,0x00,0x00,0x00,0x00,0x00,0x00,0x00,0x00,
    0x00,0x00,0x00,0x00,0x00,0x00,0x00,0x00,0x00,0x00,0x00,0x00,0x00,0x00,0x00,0x00,
    0x00,0x00,0x00,0x00,0x00,0x00,0x00,0x00,0x00,0x00,0x00,0x00,0x00,0x00,0x00,0x00,
    0x00,0x00,0x00,0x00,0x00,0x00,0x00,0x00,0x00,0x00,0x00,0x00,0x00,0x00,0x00,0x00,
    0x00,0x00,0x00,0x00,0x00,0x00,0x00,0x00,0x00,0x00,0x00,0x00,0x00,0x00,0x00,0x00,
    0x00,0x00,0x00,0x00,0x00,0x00,0x00,0x00,0x00,0x00,0x00,0x00,0x00,0x00,0x00,0x00,
    0x00,0x00,0x00,0x00,0x00,0x00,0x00,0x00,0x00,0x00,0x00,0x00,0x00,0x00,0x00,0x00,
    0x00,0x00,0x00,0x00,0x00,0x00,0x00,0x00,0x00,0x00,0x00,0x00,0x00,0x00,0x00,0x00,
    0x00,0x00,0x00,0x00,0x00,0x00,0x00,0x00,0x00,0x00,0x00,0x00,0x00,0x00,0x00,0x00,
    0x00,0x00,0x00,0x00,0x00,0x00,0x00,0x00,0x00,0x00,0x00,0x00,0x00,0x00,0x00,0x00,
    0x00,0x00,0x00,0x00,0x00,0x00,0x00,0x00,0x00,0x00,0x00,0x00,0x00,0x00,0x00,0x00,
    0x00,0x00,0x00,0x00,0x00,0x00,0x00,0x00,0x00,0x00,0x00,0x00,0x00,0x00,0x00,0x00,
    0x00,0x00,0x00,0x00,0x00,0x00,0x00,0x00,0x00,0x00,0x00,0x00,0x00,0x00,0x00,0x00,
    0x00,0x00,0x00,0x00,0x00,0x00,0x00,0x00,0x00,0x00,0x00,0x00,0x00,0x00,0x00,0x00,
    0x00,0x00,0x00,0x00,0x00,0x00,0x00,0x00,0x00,0x00,0x00,0x00,0x00,0x00,0x00,0x00,
    0x00,0x00,0x00,0x00,0x00,0x00,0x00,0x00,0x00,0x00,0x00,0x00,0x00,0x00,0x00,0x00,
    0x00,0x00,0x00,0x00,0x00,0x00,0x00,0x00,0x00,0x00,0x00,0x00,0x00,0x00,0x00,0x00,
    0x00,0x00,0x00,0x00,0x00,0x00,0x00,0x00,0x00,0x00,0x00,0x00,0x00,0x00,0x00,0x00,
    0x00,0x00,0x00,0x00,0x00,0x00,0x00,0x00,0x00,0x00,0x00,0x00,0x00,0x00,0x00,0x00,
    0x00,0x00,0x00,0x00,0x00,0x00,0x00,0x00,0x00,0x00,0x00,0x00,0x00,0x00,0x00,0x00,
    0x00,0x00,0x00,0x00,0x00,0x00,0x00,0x00,0x00,0x00,0x00,0x00,0x00,0x00,0x00,0x00,
    0x00,0x00,0x00,0x00,0x00,0x00,0x00,0x00,0x00,0x00,0x00,0x00,0x00,0x00,0x00,0x00,
    0x00,0x00,0x00,0x00,0x00,0x00,0x00,0x00,0x00,0x00,0x00,0x00,0x00,0x00,0x00,0x00,
    0x00,0x00,0x00,0x00,0x00,0x00,0x00,0x00,0x00,0x00,0x00,0x00,0x00,0x00,0x00,0x00,
    0x00,0x00,0x00,0x00,0x00,0x00,0x00,0x00,0x00,0x00,0x00,0x00,0x00,0x00,0x00,0x00,
    0x00,0x00,0x00,0x00,0x00,0x00,0x00,0x00,0x00,0x00,0x00,0x00,0x00,0x00,0x00,0x00,
    0x00,0x00,0x00,0x00,0x00,0x00,0x00,0x00,0x00,0x00,0x00,0x00,0x00,0x00,0x00,0x00,
    0x00,0x00,0x00,0x00,0x00,0x00,0x00,0x00,0x00,0x00,0x00,0x00,0x00,0x00,0x00,0x00,
    0x00,0x00,0x00,0x00,0x00,0x00,0x00,0x00,0x00,0x00,0x00,0x00,0x00,0x00,0x00,0x00,
    0x00,0x00,0x00,0x00,0x00,0x00,0x00,0x00,0x00,0x00,0x00,0x00,0x00,0x00,0x00,0x00,
    0x00,0x00,0x00,0x00,0x00,0x00,0x00,0x00,0x00,0x00,0x00,0x00,0x00,0x00,0x00,0x00,
    0x00,0x00,0x00,0x00,0x00,0x00,0x00,0x00,0x00,0x00,0x00,0x00,0x00,0x00,0x00,0x00,
    0x00,0x00,0x00,0x00,0x00,0x00,0x00,0x00,0x00,0x00,0x00,0x00,0x00,0x00,0x00,0x00,
    0x00,0x00,0x00,0x00,0x00,0x00,0x00,0x00,0x00,0x00,0x00,0x00,0x00,0x00,0x00,0x00,
    0x00,0x00,0x00,0x00,0x00,0x00,0x00,0x00,0x00,0x00,0x00,0x00,0x00,0x00,0x00,0x00,
    0x00,0x00,0x00,0x00,0x00,0x00,0x00,0x00,0x00,0x00,0x00,0x00,0x00,0x00,0x00,0x00,
    0x00,0x00,0x00,0x00,0x00,0x00,0x00,0x00,0x00,0x00,0x00,0x00,0x00,0x00,0x00,0x00,
    0x00,0x00,0x00,0x00,0x00,0x00,0x00,0x00,0x00,0x00,0x00,0x00,0x00,0x00,0x00,0x00,
    0x00,0x00,0x00,0x00,0x00,0x00,0x00,0x00,0x00,0x00,0x00,0x00,0x00,0x00,0x00,0x00,
    0x00,0x00,0x00,0x00,0x00,0x00,0x00,0x00,0x00,0x00,0x00,0x00,0x00,0x00,0x00,0x00,
    0x00,0x00,0x00,0x00,0x00,0x00,0x00,0x00,0x00,0x00,0x00,0x00,0x00,0x00,0x00,0x00,
    0x00,0x00,0x00,0x00,0x00,0x00,0x00,0x00,0x00,0x00,0x00,0x00,0x00,0x00,0x00,0x00,
    0x00,0x00,0x00,0x00,0x00,0x00,0x00,0x00,0x00,0x00,0x00,0x00,0x00,0x00,0x00,0x00,
    0x00,0x00,0x00,0x00,0x00,0x00,0x00,0x00,0x00,0x00,0x00,0x00,0x00,0x00,0x00,0x00,
    0x00,0x00,0x00,0x00,0x00,0x00,0x00,0x00,0x00,0x00,0x00,0x00,0x00,0x00,0x00,0x00,
    0x00,0x00,0x00,0x00,0x00,0x00,0x00,0x00,0x00,0x00,0x00,0x00,0x00,0x00,0x00,0x00,
    0x00,0x00,0x00,0x00,0x00,0x00,0x00,0x00,0x00,0x00,0x00,0x00,0x00,0x00,0x00,0x00,
    0x00,0x00,0x00,0x00,0x00,0x00,0x00,0x00,0x00,0x00,0x00,0x00,0x00,0x00,0x00,0x00,
    0x00,0x00,0x00,0x00,0x00,0x00,0x00,0x00,0x00,0x00,0x00,0x00,0x00,0x00,0x00,0x00,
    0x00,0x00,0x00,0x00,0x00,0x00,0x00,0x00,0x00,0x00,0x00,0x00,0x00,0x00,0x00,0x00,
    0x00,0x00,0x00,0x00,0x00,0x00,0x00,0x00,0x00,0x00,0x00,0x00,0x00,0x00,0x00,0x00,
    0x00,0x00,0x00,0x00,0x00,0x00,0x00,0x00,0x00,0x00,0x00,0x00,0x00,0x00,0x00,0x00,
    0x00,0x00,0x00,0x00,0x00,0x00,0x00,0x00,0x00,0x00,0x00,0x00,0x00,0x00,0x00,0x00,
    0x00,0x00,0x00,0x00,0x00,0x00,0x00,0x00,0x00,0x00,0x00,0x00,0x00,0x00,0x00,0x00,
    0x00,0x00,0x00,0x00,0x00,0x00,0x00,0x00,0x00,0x00,0x00,0x00,0x00,0x00,0x00,0x00,
    0x00,0x00,0x00,0x00,0x00,0x00,0x00,0x00,0x00,0x00,0x00,0x00,0x00,0x00,0x00,0x00,
    0x00,0x00,0x00,0x00,0x00,0x00,0x00,0x00,0x00,0x00,0x00,0x00,0x00,0x00,0x00,0x00,
    0x00,0x00,0x00,0x00,0x00,0x00,0x00,0x00,0x00,0x00,0x00,0x00,0x00,0x00,0x00,0x00,
    0x00,0x00,0x00,0x00,0x00,0x00,0x00,0x00,0x00,0x00,0x00,0x00,0x00,0x00,0x00,0x00,
    0x00,0x00,0x00,0x00,0x00,0x00,0x00,0x00,0x00,0x00,0x00,0x00,0x00,0x00,0x00,0x00,
    0x00,0x00,0x00,0x00,0x00,0x00,0x00,0x00,0x00,0x00,0x00,0x00,0x00,0x00,0x00,0x00,
    0x00,0x00,0x00,0x00,0x00,0x00,0x00,0x00,0x00,0x00,0x00,0x00,0x00,0x00,0x00,0x00,
    0x00,0x00,0x00,0x00,0x00,0x00,0x00,0x00,0x00,0x00,0x00,0x00,0x00,0x00,0x00,0x00,
    0x00,0x00,0x00,0x00,0x00,0x00,0x00,0x00,0x00,0x00,0x00,0x00,0x00,0x00,0x00,0x00,
    0x00,0x00,0x00,0x00,0x00,0x00,0x00,0x00,0x00,0x00,0x00,0x00,0x00,0x00,0x00,0x00,
    0x00,0x00,0x00,0x00,0x00,0x00,0x00,0x00,0x00,0x00,0x00,0x00,0x00,0x00,0x00,0x00,
    0x00,0x00,0x00,0x00,0x00,0x00,0x00,0x00,0x00,0x00,0x00,0x00,0x00,0x00,0x00,0x00,
    0x00,0x00,0x00,0x00,0x00,0x00,0x00,0x00,0x00,0x00,0x00,0x00,0x00,0x00,0x00,0x00,
    0x00,0x00,0x00,0x00,0x00,0x00,0x00,0x00,0x00,0x00,0x00,0x00,0x00,0x00,0x00,0x00,
    0x00,0x00,0x00,0x00,0x00,0x00,0x00,0x00,0x00,0x00,0x00,0x00,0x00,0x00,0x00,0x00,
    0x00,0x00,0x00,0x00,0x00,0x00,0x00,0x00,0x00,0x00,0x00,0x00,0x00,0x00,0x00,0x00,
    0x00,0x00,0x00,0x00,0x00,0x00,0x00,0x00,0x00,0x00,0x00,0x00,0x00,0x00,0x00,0x00,
    0x00,0x00,0x00,0x00,0x00,0x00,0x00,0x00,0x00,0x00,0x00,0x00,0x00,0x00,0x00,0x00,
    0x00,0x00,0x00,0x00,0x00,0x00,0x00,0x00,0x00,0x00,0x00,0x00,0x00,0x00,0x00,0x00,
    0x00,0x00,0x00,0x00,0x00,0x00,0x00,0x00,0x00,0x00,0x00,0x00,0x00,0x00,0x00,0x00,
    0x00,0x00,0x00,0x00,0x00,0x00,0x00,0x00,0x00,0x00,0x00,0x00,0x00,0x00,0x00,0x00,
    0x00,0x00,0x00,0x00,0x00,0x00,0x00,0x00,0x00,0x00,0x00,0x00,0x00,0x00,0x00,0x00,
    0x00,0x00,0x00,0x00,0x00,0x00,0x00,0x00,0x00,0x00,0x00,0x00,0x00,0x00,0x00,0x00,
    0x00,0x00,0x00,0x00,0x00,0x00,0x00,0x00,0x00,0x00,0x00,0x00,0x00,0x00,0x00,0x00,
    0x00,0x00,0x00,0x00,0x00,0x00,0x00,0x00,0x00,0x00,0x00,0x00,0x00,0x00,0x00,0x00,
    0x00,0x00,0x00,0x00,0x00,0x00,0x00,0x00,0x00,0x00,0x00,0x00,0x00,0x00,0x00,0x00,
    0x00,0x00,0x00,0x00,0x00,0x00,0x00,0x00,0x00,0x00,0x00,0x00,0x00,0x00,0x00,0x00,
    0x00,0x00,0x00,0x00,0x00,0x00,0x00,0x00,0x00,0x00,0x00,0x00,0x00,0x00,0x00,0x00,
    0x00,0x00,0x00,0x00,0x00,0x00,0x00,0x00,0x00,0x00,0x00,0x00,0x00,0x00,0x00,0x00,
    0x00,0x00,0x00,0x00,0x00,0x00,0x00,0x00,0x00,0x00,0x00,0x00,0x00,0x00,0x00,0x00,
    0x00,0x00,0x00,0x00,0x00,0x00,0x00,0x00,0x00,0x00,0x00,0x00,0x00,0x00,0x00,0x00,
    0x00,0x00,0x00,0x00,0x00,0x00,0x00,0x00,0x00,0x00,0x00,0x00,0x00,0x00,0x00,0x00,
    0x00,0x00,0x00,0x00,0x00,0x00,0x00,0x00,0x00,0x00,0x00,0x00,0x00,0x00,0x00,0x00,
    0x00,0x00,0x00,0x00,0x00,0x00,0x00,0x00,0x00,0x00,0x00,0x00,0x00,0x00,0x00,0x00,
    0x00,0x00,0x00,0x00,0x00,0x00,0x00,0x00,0x00,0x00,0x00,0x00,0x00,0x00,0x00,0x00,
    0x00,0x00,0x00,0x00,0x00,0x00,0x00,0x00,0x00,0x00,0x00,0x00,0x00,0x00,0x00,0x00,
    0x00,0x00,0x00,0x00,0x00,0x00,0x00,0x00,0x00,0x00,0x00,0x00,0x00,0x00,0x00,0x00,
    0x00,0x00,0x00,0x00,0x00,0x00,0x00,0x00,0x00,0x00,0x00,0x00,0x00,0x00,0x00,0x00,
    0x00,0x00,0x00,0x00,0x00,0x00,0x00,0x00,0x00,0x00,0x00,0x00,0x00,0x00,0x00,0x00,
    0x00,0x00,0x00,0x00,0x00,0x00,0x00,0x00,0x00,0x00,0x00,0x00,0x00,0x00,0x00,0x00,
    0x00,0x00,0x00,0x00,0x00,0x00,0x00,0x00,0x00,0x00,0x00,0x00,0x00,0x00,0x00,0x00,
    0x00,0x00,0x00,0x00,0x00,0x00,0x00,0x00,0x00,0x00,0x00,0x00,0x00,0x00,0x00,0x00,
    0x00,0x00,0x00,0x00,0x00,0x00,0x00,0x00,0x00,0x00,0x00,0x00,0x00,0x00,0x00,0x00,
    0x00,0x00,0x00,0x00,0x00,0x00,0x00,0x00,0x00,0x00,0x00,0x00,0x00,0x00,0x00,0x00,
    0x00,0x00,0x00,0x00,0x00,0x00,0x00,0x00,0x00,0x00,0x00,0x00,0x00,0x00,0x00,0x00,
    0x00,0x00,0x00,0x00,0x00,0x00,0x00,0x00,0x00,0x00,0x00,0x00,0x00,0x00,0x00,0x00,
    0x00,0x00,0x00,0x00,0x00,0x00,0x00,0x00,0x00,0x00,0x00,0x00,0x00,0x00,0x00,0x00,
    0x00,0x00,0x00,0x00,0x00,0x00,0x00,0x00,0x00,0x00,0x00,0x00,0x00,0x00,0x00,0x00,
    0x00,0x00,0x00,0x00,0x00,0x00,0x00,0x00,0x00,0x00,0x00,0x00,0x00,0x00,0x00,0x00,
    0x00,0x00,0x00,0x00,0x00,0x00,0x00,0x00,0x00,0x00,0x00,0x00,0x00,0x00,0x00,0x00,
    0x00,0x00,0x00,0x00,0x00,0x00,0x00,0x00,0x00,0x00,0x00,0x00,0x00,0x00,0x00,0x00,
    0x00,0x00,0x00,0x00,0x00,0x00,0x00,0x00,0x00,0x00,0x00,0x00,0x00,0x00,0x00,0x00,
    0x00,0x00,0x00,0x00,0x00,0x00,0x00,0x00,0x00,0x00,0x00,0x00,0x00,0x00,0x00,0x00,
    0x00,0x00,0x00,0x00,0x00,0x00,0x00,0x00,0x00,0x00,0x00,0x00,0x00,0x00,0x00,0x00,
    0x00,0x00,0x00,0x00,0x00,0x00,0x00,0x00,0x00,0x00,0x00,0x00,0x00,0x00,0x00,0x00,
    0x00,0x00,0x00,0x00,0x00,0x00,0x00,0x00,0x00,0x00,0x00,0x00,0x00,0x00,0x00,0x00,
    0x00,0x00,0x00,0x00,0x00,0x00,0x00,0x00,0x00,0x00,0x00,0x00,0x00,0x00,0x00,0x00,
    0x00,0x00,0x00,0x00,0x00,0x00,0x00,0x00,0x00,0x00,0x00,0x00,0x00,0x00,0x00,0x00,
    0x00,0x00,0x00,0x00,0x00,0x00,0x00,0x00,0x00,0x00,0x00,0x00,0x00,0x00,0x00,0x00,
    0x00,0x00,0x00,0x00,0x00,0x00,0x00,0x00,0x00,0x00,0x00,0x00,0x00,0x00,0x00,0x00,
    0x00,0x00,0x00,0x00,0x00,0x00,0x00,0x00,0x00,0x00,0x00,0x00,0x00,0x00,0x00,0x00,
    0x00,0x00,0x00,0x00,0x00,0x00,0x00,0x00,0x00,0x00,0x00,0x00,0x00,0x00,0x00,0x00,
    0x00,0x00,0x00,0x00,0x00,0x00,0x00,0x00,0x00,0x00,0x00,0x00,0x00,0x00,0x00,0x00,
    0x00,0x00,0x00,0x00,0x00,0x00,0x00,0x00,0x00,0x00,0x00,0x00,0x00,0x00,0x00,0x00,
    0x00,0x00,0x00,0x00,0x00,0x00,0x00,0x00,0x00,0x00,0x00,0x00,0x00,0x00,0x00,0x00,
    0x00,0x00,0x00,0x00,0x00,0x00,0x00,0x00,0x00,0x00,0x00,0x00,0x00,0x00,0x00,0x00,
    0x00,0x00,0x00,0x00,0x00,0x00,0x00,0x00,0x00,0x00,0x00,0x00,0x00,0x00,0x00,0x00,
    0x00,0x00,0x00,0x00,0x00,0x00,0x00,0x00,0x00,0x00,0x00,0x00,0x00,0x00,0x00,0x00,
    0x00,0x00,0x00,0x00,0x00,0x00,0x00,0x00,0x00,0x00,0x00,0x00,0x00,0x00,0x00,0x00,
    0x00,0x00,0x00,0x00,0x00,0x00,0x00,0x00,0x00,0x00,0x00,0x00,0x00,0x00,0x00,0x00,
    0x00,0x00,0x00,0x00,0x00,0x00,0x00,0x00,0x00,0x00,0x00,0x00,0x00,0x00,0x00,0x00,
    0x00,0x00,0x00,0x00,0x00,0x00,0x00,0x00,0x00,0x00,0x00,0x00,0x00,0x00,0x00,0x00,
    0x00,0x00,0x00,0x00,0x00,0x00,0x00,0x00,0x00,0x00,0x00,0x00,0x00,0x00,0x00,0x00,
    0x00,0x00,0x00,0x00,0x00,0x00,0x00,0x00,0x00,0x00,0x00,0x00,0x00,0x00,0x00,0x00,
    0x00,0x00,0x00,0x00,0x00,0x00,0x00,0x00,0x00,0x00,0x00,0x00,0x00,0x00,0x00,0x00,
    0x00,0x00,0x00,0x00,0x00,0x00,0x00,0x00,0x00,0x00,0x00,0x00,0x00,0x00,0x00,0x00,
    0x00,0x00,0x00,0x00,0x00,0x00,0x00,0x00,0x00,0x00,0x00,0x00,0x00,0x00,0x00,0x00,
    0x00,0x00,0x00,0x00,0x00,0x00,0x00,0x00,0x00,0x00,0x00,0x00,0x00,0x00,0x00,0x00,
    0x00,0x00,0x00,0x00,0x00,0x00,0x00,0x00,0x00,0x00,0x00,0x00,0x00,0x00,0x00,0x00,
    0x00,0x00,0x00,0x00,0x00,0x00,0x00,0x00,0x00,0x00,0x00,0x00,0x00,0x00,0x00,0x00,
    0x00,0x00,0x00,0x00,0x00,0x00,0x00,0x00,0x00,0x00,0x00,0x00,0x00,0x00,0x00,0x00,
    0x00,0x00,0x00,0x00,0x00,0x00,0x00,0x00,0x00,0x00,0x00,0x00,0x00,0x00,0x00,0x00,
    0x00,0x00,0x00,0x00,0x00,0x00,0x00,0x00,0x00,0x00,0x00,0x00,0x00,0x00,0x00,0x00,
    0x00,0x00,0x00,0x00,0x00,0x00,0x00,0x00,0x00,0x00,0x00,0x00,0x00,0x00,0x00,0x00,
    0x00,0x00,0x00,0x00,0x00,0x00,0x00,0x00,0x00,0x00,0x00,0x00,0x00,0x00,0x00,0x00,
    0x00,0x00,0x00,0x00,0x00,0x00,0x00,0x00,0x00,0x00,0x00,0x00,0x00,0x00,0x00,0x00,
    0x00,0x00,0x00,0x00,0x00,0x00,0x00,0x00,0x00,0x00,0x00,0x00,0x00,0x00,0x00,0x00,
    0x00,0x00,0x00,0x00,0x00,0x00,0x00,0x00,0x00,0x00,0x00,0x00,0x00,0x00,0x00,0x00,
    0x00,0x00,0x00,0x00,0x00,0x00,0x00,0x00,0x00,0x00,0x00,0x00,0x00,0x00,0x00,0x00,
    0x00,0x00,0x00,0x00,0x00,0x00,0x00,0x00,0x00,0x00,0x00,0x00,0x00,0x00,0x00,0x00,
    0x00,0x00,0x00,0x00,0x00,0x00,0x00,0x00,0x00,0x00,0x00,0x00,0x00,0x00,0x00,0x00,
    0x00,0x00,0x00,0x00,0x00,0x00,0x00,0x00,0x00,0x00,0x00,0x00,0x00,0x00,0x00,0x00,
    0x00,0x00,0x00,0x00,0x00,0x00,0x00,0x00,0x00,0x00,0x00,0x00,0x00,0x00,0x00,0x00,
    0x00,0x00,0x00,0x00,0x00,0x00,0x00,0x00,0x00,0x00,0x00,0x00,0x00,0x00,0x00,0x00,
    0x00,0x00,0x00,0x00,0x00,0x00,0x00,0x00,0x00,0x00,0x00,0x00,0x00,0x00,0x00,0x00,
    0x00,0x00,0x00,0x00,0x00,0x00,0x00,0x00,0x00,0x00,0x00,0x00,0x00,0x00,0x00,0x00,
    0x00,0x00,0x00,0x00,0x00,0x00,0x00,0x00,0x00,0x00,0x00,0x00,0x00,0x00,0x00,0x00,
    0x00,0x00,0x00,0x00,0x00,0x00,0x00,0x00,0x00,0x00,0x00,0x00,0x00,0x00,0x00,0x00,
    0x00,0x00,0x00,0x00,0x00,0x00,0x00,0x00,0x00,0x00,0x00,0x00,0x00,0x00,0x00,0x00,
    0x00,0x00,0x00,0x00,0x00,0x00,0x00,0x00,0x00,0x00,0x00,0x00,0x00,0x00,0x00,0x00,
    0x00,0x00,0x00,0x00,0x00,0x00,0x00,0x00,0x00,0x00,0x00,0x00,0x00,0x00,0x00,0x00,
    0x00,0x00,0x00,0x00,0x00,0x00,0x00,0x00,0x00,0x00,0x00,0x00,0x00,0x00,0x00,0x00,
    0x00,0x00,0x00,0x00,0x00,0x00,0x00,0x00,0x00,0x00,0x00,0x00,0x00,0x00,0x00,0x00,
    0x00,0x00,0x00,0x00,0x00,0x00,0x00,0x00,0x00,0x00,0x00,0x00,0x00,0x00,0x00,0x00,
    0x00,0x00,0x00,0x00,0x00,0x00,0x00,0x00,0x00,0x00,0x00,0x00,0x00,0x00,0x00,0x00,
    0x00,0x00,0x00,0x00,0x00,0x00,0x00,0x00,0x00,0x00,0x00,0x00,0x00,0x00,0x00,0x00,
    0x00,0x00,0x00,0x00,0x00,0x00,0x00,0x00,0x00,0x00,0x00,0x00,0x00,0x00,0x00,0x00,
    0x00,0x00,0x00,0x00,0x00,0x00,0x00,0x00,0x00,0x00,0x00,0x00,0x00,0x00,0x00,0x00,
    0x00,0x00,0x00,0x00,0x00,0x00,0x00,0x00,0x00,0x00,0x00,0x00,0x00,0x00,0x00,0x00,
    0x00,0x00,0x00,0x00,0x00,0x00,0x00,0x00,0x00,0x00,0x00,0x00,0x00,0x00,0x00,0x00,
    0x00,0x00,0x00,0x00,0x00,0x00,0x00,0x00,0x00,0x00,0x00,0x00,0x00,0x00,0x00,0x00,
    0x00,0x00,0x00,0x00,0x00,0x00,0x00,0x00,0x00,0x00,0x00,0x00,0x00,0x00,0x00,0x00,
    0x00,0x00,0x00,0x00,0x00,0x00,0x00,0x00,0x00,0x00,0x00,0x00,0x00,0x00,0x00,0x00,
    0x00,0x00,0x00,0x00,0x00,0x00,0x00,0x00,0x00,0x00,0x00,0x00,0x00,0x00,0x00,0x00,
    0x00,0x00,0x00,0x00,0x00,0x00,0x00,0x00,0x00,0x00,0x00,0x00,0x00,0x00,0x00,0x00,
    0x00,0x00,0x00,0x00,0x00,0x00,0x00,0x00,0x00,0x00,0x00,0x00,0x00,0x00,0x00,0x00,
    0x00,0x00,0x00,0x00,0x00,0x00,0x00,0x00,0x00,0x00,0x00,0x00,0x00,0x00,0x00,0x00,
    0x00,0x00,0x00,0x00,0x00,0x00,0x00,0x00,0x00,0x00,0x00,0x00,0x00,0x00,0x00,0x00,
    0x00,0x00,0x00,0x00,0x00,0x00,0x00,0x00,0x00,0x00,0x00,0x00,0x00,0x00,0x00,0x00,
    0x00,0x00,0x00,0x00,0x00,0x00,0x00,0x00,0x00,0x00,0x00,0x00,0x00,0x00,0x00,0x00,
    0x00,0x00,0x00,0x00,0x00,0x00,0x00,0x00,0x00,0x00,0x00,0x00,0x00,0x00,0x00,0x00,
    0x00,0x00,0x00,0x00,0x00,0x00,0x00,0x00,0x00,0x00,0x00,0x00,0x00,0x00,0x00,0x00,
    0x00,0x00,0x00,0x00,0x00,0x00,0x00,0x00,0x00,0x00,0x00,0x00,0x00,0x00,0x00,0x00,
    0x00,0x00,0x00,0x00,0x00,0x00,0x00,0x00,0x00,0x00,0x00,0x00,0x00,0x00,0x00,0x00,
    0x00,0x00,0x00,0x00,0x00,0x00,0x00,0x00,0x00,0x00,0x00,0x00,0x00,0x00,0x00,0x00,
    0x00,0x00,0x00,0x00,0x00,0x00,0x00,0x00,0x00,0x00,0x00,0x00,0x00,0x00,0x00,0x00,
    0x00,0x00,0x00,0x00,0x00,0x00,0x00,0x00,0x00,0x00,0x00,0x00,0x00,0x00,0x00,0x00,
    0x00,0x00,0x00,0x00,0x00,0x00,0x00,0x00,0x00,0x00,0x00,0x00,0x00,0x00,0x00,0x00,
    0x00,0x00,0x00,0x00,0x00,0x00,0x00,0x00,0x00,0x00,0x00,0x00,0x00,0x00,0x00,0x00,
    0x00,0x00,0x00,0x00,0x00,0x00,0x00,0x00,0x00,0x00,0x00,0x00,0x00,0x00,0x00,0x00,
    0x00,0x00,0x00,0x00,0x00,0x00,0x00,0x00,0x00,0x00,0x00,0x00,0x00,0x00,0x00,0x00,
    0x00,0x00,0x00,0x00,0x00,0x00,0x00,0x00,0x00,0x00,0x00,0x00,0x00,0x00,0x00,0x00,
    0x00,0x00,0x00,0x00,0x00,0x00,0x00,0x00,0x00,0x00,0x00,0x00,0x00,0x00,0x00,0x00,
    0x00,0x00,0x00,0x00,0x00,0x00,0x00,0x00,0x00,0x00,0x00,0x00,0x00,0x00,0x00,0x00,
    0x00,0x00,0x00,0x00,0x00,0x00,0x00,0x00,0x00,0x00,0x00,0x00,0x00,0x00,0x00,0x00,
    0x00,0x00,0x00,0x00,0x00,0x00,0x00,0x00,0x00,0x00,0x00,0x00,0x00,0x00,0x00,0x00,
    0x00,0x00,0x00,0x00,0x00,0x00,0x00,0x00,0x00,0x00,0x00,0x00,0x00,0x00,0x00,0x00,
    0x00,0x00,0x00,0x00,0x00,0x00,0x00,0x00,0x00,0x00,0x00,0x00,0x00,0x00,0x00,0x00,
    0x00,0x00,0x00,0x00,0x00,0x00,0x00,0x00,0x00,0x00,0x00,0x00,0x00,0x00,0x00,0x00,
    0x00,0x00,0x00,0x00,0x00,0x00,0x00,0x00,0x00,0x00,0x00,0x00,0x00,0x00,0x00,0x00,
    0x00,0x00,0x00,0x00,0x00,0x00,0x00,0x00,0x00,0x00,0x00,0x00,0x00,0x00,0x00,0x00,
    0x00,0x00,0x00,0x00,0x00,0x00,0x00,0x00,0x00,0x00,0x00,0x00,0x00,0x00,0x00,0x00,
    0x00,0x00,0x00,0x00,0x00,0x00,0x00,0x00,0x00,0x00,0x00,0x00,0x00,0x00,0x00,0x00,
    0x00,0x00,0x00,0x00,0x00,0x00,0x00,0x00,0x00,0x00,0x00,0x00,0x00,0x00,0x00,0x00,
    0x00,0x00,0x00,0x00,0x00,0x00,0x00,0x00,0x00,0x00,0x00,0x00,0x00,0x00,0x00,0x00,
    0x00,0x00,0x00,0x00,0x00,0x00,0x00,0x00,0x00,0x00,0x00,0x00,0x00,0x00,0x00,0x00,
    0x00,0x00,0x00,0x00,0x00,0x00,0x00,0x00,0x00,0x00,0x00,0x00,0x00,0x00,0x00,0x00,
    0x00,0x00,0x00,0x00,0x00,0x00,0x00,0x00,0x00,0x00,0x00,0x00,0x00,0x00,0x00,0x00,
    0x00,0x00,0x00,0x00,0x00,0x00,0x00,0x00,0x00,0x00,0x00,0x00,0x00,0x00,0x00,0x00,
    0x00,0x00,0x00,0x00,0x00,0x00,0x00,0x00,0x00,0x00,0x00,0x00,0x00,0x00,0x00,0x00,
    0x00,0x00,0x00,0x00,0x00,0x00,0x00,0x00,0x00,0x00,0x00,0x00,0x00,0x00,0x00,0x00,
    0x00,0x00,0x00,0x00,0x00,0x00,0x00,0x00,0x00,0x00,0x00,0x00,0x00,0x00,0x00,0x00,
    0x00,0x00,0x00,0x00,0x00,0x00,0x00,0x00,0x00,0x00,0x00,0x00,0x00,0x00,0x00,0x00,
    0x00,0x00,0x00,0x00,0x00,0x00,0x00,0x00,0x00,0x00,0x00,0x00,0x00,0x00,0x00,0x00,
    0x00,0x00,0x00,0x00,0x00,0x00,0x00,0x00,0x00,0x00,0x00,0x00,0x00,0x00,0x00,0x00,
    0x00,0x00,0x00,0x00,0x00,0x00,0x00,0x00,0x00,0x00,0x00,0x00,0x00,0x00,0x00,0x00,
    0x00,0x00,0x00,0x00,0x00,0x00,0x00,0x00,0x00,0x00,0x00,0x00,0x00,0x00,0x00,0x00,
    0x00,0x00,0x00,0x00,0x00,0x00,0x00,0x00,0x00,0x00,0x00,0x00,0x00,0x00,0x00,0x00,
    0x00,0x00,0x00,0x00,0x00,0x00,0x00,0x00,0x00,0x00,0x00,0x00,0x00,0x00,0x00,0x00,
    0x00,0x00,0x00,0x00,0x00,0x00,0x00,0x00,0x00,0x00,0x00,0x00,0x00,0x00,0x00,0x00,
    0x00,0x00,0x00,0x00,0x00,0x00,0x00,0x00,0x00,0x00,0x00,0x00,0x00,0x00,0x00,0x00,
    0x00,0x00,0x00,0x00,0x00,0x00,0x00,0x00,0x00,0x00,0x00,0x00,0x00,0x00,0x00,0x00,
    0x00,0x00,0x00,0x00,0x00,0x00,0x00,0x00,0x00,0x00,0x00,0x00,0x00,0x00,0x00,0x00,
    0x00,0x00,0x00,0x00,0x00,0x00,0x00,0x00,0x00,0x00,0x00,0x00,0x00,0x00,0x00,0x00,
    0x00,0x00,0x00,0x00,0x00,0x00,0x00,0x00,0x00,0x00,0x00,0x00,0x00,0x00,0x00,0x00,
    0x00,0x00,0x00,0x00,0x00,0x00,0x00,0x00,0x00,0x00,0x00,0x00,0x00,0x00,0x00,0x00,
    0x00,0x00,0x00,0x00,0x00,0x00,0x00,0x00,0x00,0x00,0x00,0x00,0x00,0x00,0x00,0x00,
    0x00,0x00,0x00,0x00,0x00,0x00,0x00,0x00,0x00,0x00,0x00,0x00,0x00,0x00,0x00,0x00,
    0x00,0x00,0x00,0x00,0x00,0x00,0x00,0x00,0x00,0x00,0x00,0x00,0x00,0x00,0x00,0x00,
    0x00,0x00,0x00,0x00,0x00,0x00,0x00,0x00,0x00,0x00,0x00,0x00,0x00,0x00,0x00,0x00,
    0x00,0x00,0x00,0x00,0x00,0x00,0x00,0x00,0x00,0x00,0x00,0x00,0x00,0x00,0x00,0x00,
    0x00,0x00,0x00,0x00,0x00,0x00,0x00,0x00,0x00,0x00,0x00,0x00,0x00,0x00,0x00,0x00,
    0x00,0x00,0x00,0x00,0x00,0x00,0x00,0x00,0x00,0x00,0x00,0x00,0x00,0x00,0x00,0x00,
    0x00,0x00,0x00,0x00,0x00,0x00,0x00,0x00,0x00,0x00,0x00,0x00,0x00,0x00,0x00,0x00,
    0x00,0x00,0x00,0x00,0x00,0x00,0x00,0x00,0x00,0x00,0x00,0x00,0x00,0x00,0x00,0x00,
    0x00,0x00,0x00,0x00,0x00,0x00,0x00,0x00,0x00,0x00,0x00,0x00,0x00,0x00,0x00,0x00,
    0x00,0x00,0x00,0x00,0x00,0x00,0x00,0x00,0x00,0x00,0x00,0x00,0x00,0x00,0x00,0x00,
    0x00,0x00,0x00,0x00,0x00,0x00,0x00,0x00,0x00,0x00,0x00,0x00,0x00,0x00,0x00,0x00,
    0x00,0x00,0x00,0x00,0x00,0x00,0x00,0x00,0x00,0x00,0x00,0x00,0x00,0x00,0x00,0x00,
    0x00,0x00,0x00,0x00,0x00,0x00,0x00,0x00,0x00,0x00,0x00,0x00,0x00,0x00,0x00,0x00,
    0x00,0x00,0x00,0x00,0x00,0x00,0x00,0x00,0x00,0x00,0x00,0x00,0x00,0x00,0x00,0x00,
    0x00,0x00,0x00,0x00,0x00,0x00,0x00,0x00,0x00,0x00,0x00,0x00,0x00,0x00,0x00,0x00,
    0x00,0x00,0x00,0x00,0x00,0x00,0x00,0x00,0x00,0x00,0x00,0x00,0x00,0x00,0x00,0x00,
    0x00,0x00,0x00,0x00,0x00,0x00,0x00,0x00,0x00,0x00,0x00,0x00,0x00,0x00,0x00,0x00,
    0x00,0x00,0x00,0x00,0x00,0x00,0x00,0x00,0x00,0x00,0x00,0x00,0x00,0x00,0x00,0x00,
    0x00,0x00,0x00,0x00,0x00,0x00,0x00,0x00,0x00,0x00,0x00,0x00,0x00,0x00,0x00,0x00,
    0x00,0x00,0x00,0x00,0x00,0x00,0x00,0x00,0x00,0x00,0x00,0x00,0x00,0x00,0x00,0x00,
    0x00,0x00,0x00,0x00,0x00,0x00,0x00,0x00,0x00,0x00,0x00,0x00,0x00,0x00,0x00,0x00,
    0x00,0x00,0x00,0x00,0x00,0x00,0x00,0x00,0x00,0x00,0x00,0x00,0x00,0x00,0x00,0x00,
    0x00,0x00,0x00,0x00,0x00,0x00,0x00,0x00,0x00,0x00,0x00,0x00,0x00,0x00,0x00,0x00,
    0x00,0x00,0x00,0x00,0x00,0x00,0x00,0x00,0x00,0x00,0x00,0x00,0x00,0x00,0x00,0x00,
    0x00,0x00,0x00,0x00,0x00,0x00,0x00,0x00,0x00,0x00,0x00,0x00,0x00,0x00,0x00,0x00,
    0x00,0x00,0x00,0x00,0x00,0x00,0x00,0x00,0x00,0x00,0x00,0x00,0x00,0x00,0x00,0x00,
    0x00,0x00,0x00,0x00,0x00,0x00,0x00,0x00,0x00,0x00,0x00,0x00,0x00,0x00,0x00,0x00,
    0x00,0x00,0x00,0x00,0x00,0x00,0x00,0x00,0x00,0x00,0x00,0x00,0x00,0x00,0x00,0x00,
    0x00,0x00,0x00,0x00,0x00,0x00,0x00,0x00,0x00,0x00,0x00,0x00,0x00,0x00,0x00,0x00,
    0x00,0x00,0x00,0x00,0x00,0x00,0x00,0x00,0x00,0x00,0x00,0x00,0x00,0x00,0x00,0x00,
    0x00,0x00,0x00,0x00,0x00,0x00,0x00,0x00,0x00,0x00,0x00,0x00,0x00,0x00,0x00,0x00,
    0x00,0x00,0x00,0x00,0x00,0x00,0x00,0x00,0x00,0x00,0x00,0x00,0x00,0x00,0x00,0x00,
    0x00,0x00,0x00,0x00,0x00,0x00,0x00,0x00,0x00,0x00,0x00,0x00,0x00,0x00,0x00,0x00,
    0x00,0x00,0x00,0x00,0x00,0x00,0x00,0x00,0x00,0x00,0x00,0x00,0x00,0x00,0x00,0x00,
    0x00,0x00,0x00,0x00,0x00,0x00,0x00,0x00,0x00,0x00,0x00,0x00,0x00,0x00,0x00,0x00,
    0x00,0x00,0x00,0x00,0x00,0x00,0x00,0x00,0x00,0x00,0x00,0x00,0x00,0x00,0x00,0x00,
    0x00,0x00,0x00,0x00,0x00,0x00,0x00,0x00,0x00,0x00,0x00,0x00,0x00,0x00,0x00,0x00,
    0x00,0x00,0x00,0x00,0x00,0x00,0x00,0x00,0x00,0x00,0x00,0x00,0x00,0x00,0x00,0x00,
    0x00,0x00,0x00,0x00,0x00,0x00,0x00,0x00,0x00,0x00,0x00,0x00,0x00,0x00,0x00,0x00,
    0x00,0x00,0x00,0x00,0x00,0x00,0x00,0x00,0x00,0x00,0x00,0x00,0x00,0x00,0x00,0x00,
    0x00,0x00,0x00,0x00,0x00,0x00,0x00,0x00,0x00,0x00,0x00,0x00,0x00,0x00,0x00,0x00,
    0x00,0x00,0x00,0x00,0x00,0x00,0x00,0x00,0x00,0x00,0x00,0x00,0x00,0x00,0x00,0x00,
    0x00,0x00,0x00,0x00,0x00,0x00,0x00,0x00,0x00,0x00,0x00,0x00,0x00,0x00,0x00,0x00,
    0x00,0x00,0x00,0x00,0x00,0x00,0x00,0x00,0x00,0x00,0x00,0x00,0x00,0x00,0x00,0x00,
    0x00,0x00,0x00,0x00,0x00,0x00,0x00,0x00,0x00,0x00,0x00,0x00,0x00,0x00,0x00,0x00,
    0x00,0x00,0x00,0x00,0x00,0x00,0x00,0x00,0x00,0x00,0x00,0x00,0x00,0x00,0x00,0x00,
    0x00,0x00,0x00,0x00,0x00,0x00,0x00,0x00,0x00,0x00,0x00,0x00,0x00,0x00,0x00,0x00,
    0x00,0x00,0x00,0x00,0x00,0x00,0x00,0x00,0x00,0x00,0x00,0x00,0x00,0x00,0x00,0x00,
    0x00,0x00,0x00,0x00,0x00,0x00,0x00,0x00,0x00,0x00,0x00,0x00,0x00,0x00,0x00,0x00,
    0x00,0x00,0x00,0x00,0x00,0x00,0x00,0x00,0x00,0x00,0x00,0x00,0x00,0x00,0x00,0x00,
    0x00,0x00,0x00,0x00,0x00,0x00,0x00,0x00,0x00,0x00,0x00,0x00,0x00,0x00,0x00,0x00,
    0x00,0x00,0x00,0x00,0x00,0x00,0x00,0x00,0x00,0x00,0x00,0x00,0x00,0x00,0x00,0x00,
    0x00,0x00,0x00,0x00,0x00,0x00,0x00,0x00,0x00,0x00,0x00,0x00,0x00,0x00,0x00,0x00,
    0x00,0x00,0x00,0x00,0x00,0x00,0x00,0x00,0x00,0x00,0x00,0x00,0x00,0x00,0x00,0x00,
    0x00,0x00,0x00,0x00,0x00,0x00,0x00,0x00,0x00,0x00,0x00,0x00,0x00,0x00,0x00,0x00,
    0x00,0x00,0x00,0x00,0x00,0x00,0x00,0x00,0x00,0x00,0x00,0x00,0x00,0x00,0x00,0x00,
    0x00,0x00,0x00,0x00,0x00,0x00,0x00,0x00,0x00,0x00,0x00,0x00,0x00,0x00,0x00,0x00,
    0x00,0x00,0x00,0x00,0x00,0x00,0x00,0x00,0x00,0x00,0x00,0x00,0x00,0x00,0x00,0x00,
    0x00,0x00,0x00,0x00,0x00,0x00,0x00,0x00,0x00,0x00,0x00,0x00,0x00,0x00,0x00,0x00,
    0x00,0x00,0x00,0x00,0x00,0x00,0x00,0x00,0x00,0x00,0x00,0x00,0x00,0x00,0x00,0x00,
    0x00,0x00,0x00,0x00,0x00,0x00,0x00,0x00,0x00,0x00,0x00,0x00,0x00,0x00,0x00,0x00,
    0x00,0x00,0x00,0x00,0x00,0x00,0x00,0x00,0x00,0x00,0x00,0x00,0x00,0x00,0x00,0x00,
    0x00,0x00,0x00,0x00,0x00,0x00,0x00,0x00,0x00,0x00,0x00,0x00,0x00,0x00,0x00,0x00,
    0x00,0x00,0x00,0x00,0x00,0x00,0x00,0x00,0x00,0x00,0x00,0x00,0x00,0x00,0x00,0x00,
    0x00,0x00,0x00,0x00,0x00,0x00,0x00,0x00,0x00,0x00,0x00,0x00,0x00,0x00,0x00,0x00,
    0x00,0x00,0x00,0x00,0x00,0x00,0x00,0x00,0x00,0x00,0x00,0x00,0x00,0x00,0x00,0x00,
    0x00,0x00,0x00,0x00,0x00,0x00,0x00,0x00,0x00,0x00,0x00,0x00,0x00,0x00,0x00,0x00,
    0x00,0x00,0x00,0x00,0x00,0x00,0x00,0x00,0x00,0x00,0x00,0x00,0x00,0x00,0x00,0x00,
    0x00,0x00,0x00,0x00,0x00,0x00,0x00,0x00,0x00,0x00,0x00,0x00,0x00,0x00,0x00,0x00,
    0x00,0x00,0x00,0x00,0x00,0x00,0x00,0x00,0x00,0x00,0x00,0x00,0x00,0x00,0x00,0x00,
    0x00,0x00,0x00,0x00,0x00,0x00,0x00,0x00,0x00,0x00,0x00,0x00,0x00,0x00,0x00,0x00,
    0x00,0x00,0x00,0x00,0x00,0x00,0x00,0x00,0x00,0x00,0x00,0x00,0x00,0x00,0x00,0x00,
    0x00,0x00,0x00,0x00,0x00,0x00,0x00,0x00,0x00,0x00,0x00,0x00,0x00,0x00,0x00,0x00,
    0x00,0x00,0x00,0x00,0x00,0x00,0x00,0x00,0x00,0x00,0x00,0x00,0x00,0x00,0x00,0x00,
    0x00,0x00,0x00,0x00,0x00,0x00,0x00,0x00,0x00,0x00,0x00,0x00,0x00,0x00,0x00,0x00,
    0x00,0x00,0x00,0x00,0x00,0x00,0x00,0x00,0x00,0x00,0x00,0x00,0x00,0x00,0x00,0x00,
    0x00,0x00,0x00,0x00,0x00,0x00,0x00,0x00,0x00,0x00,0x00,0x00,0x00,0x00,0x00,0x00,
    0x00,0x00,0x00,0x00,0x00,0x00,0x00,0x00,0x00,0x00,0x00,0x00,0x00,0x00,0x00,0x00,
    0x00,0x00,0x00,0x00,0x00,0x00,0x00,0x00,0x00,0x00,0x00,0x00,0x00,0x00,0x00,0x00,
    0x00,0x00,0x00,0x00,0x00,0x00,0x00,0x00,0x00,0x00,0x00,0x00,0x00,0x00,0x00,0x00,
    0x00,0x00,0x00,0x00,0x00,0x00,0x00,0x00,0x00,0x00,0x00,0x00,0x00,0x00,0x00,0x00,
    0x00,0x00,0x00,0x00,0x00,0x00,0x00,0x00,0x00,0x00,0x00,0x00,0x00,0x00,0x00,0x00,
    0x00,0x00,0x00,0x00,0x00,0x00,0x00,0x00,0x00,0x00,0x00,0x00,0x00,0x00,0x00,0x00,
    0x00,0x00,0x00,0x00,0x00,0x00,0x00,0x00,0x00,0x00,0x00,0x00,0x00,0x00,0x00,0x00,
    0x00,0x00,0x00,0x00,0x00,0x00,0x00,0x00,0x00,0x00,0x00,0x00,0x00,0x00,0x00,0x00,
    0x00,0x00,0x00,0x00,0x00,0x00,0x00,0x00,0x00,0x00,0x00,0x00,0x00,0x00,0x00,0x00,
    0x00,0x00,0x00,0x00,0x00,0x00,0x00,0x00,0x00,0x00,0x00,0x00,0x00,0x00,0x00,0x00,
    0x00,0x00,0x00,0x00,0x00,0x00,0x00,0x00,0x00,0x00,0x00,0x00,0x00,0x00,0x00,0x00,
    0x00,0x00,0x00,0x00,0x00,0x00,0x00,0x00,0x00,0x00,0x00,0x00,0x00,0x00,0x00,0x00,
    0x00,0x00,0x00,0x00,0x00,0x00,0x00,0x00,0x00,0x00,0x00,0x00,0x00,0x00,0x00,0x00,
    0x00,0x00,0x00,0x00,0x00,0x00,0x00,0x00,0x00,0x00,0x00,0x00,0x00,0x00,0x00,0x00,
    0x00,0x00,0x00,0x00,0x00,0x00,0x00,0x00,0x00,0x00,0x00,0x00,0x00,0x00,0x00,0x00,
    0x00,0x00,0x00,0x00,0x00,0x00,0x00,0x00,0x00,0x00,0x00,0x00,0x00,0x00,0x00,0x00,
    0x00,0x00,0x00,0x00,0x00,0x00,0x00,0x00,0x00,0x00,0x00,0x00,0x00,0x00,0x00,0x00,
    0x00,0x00,0x00,0x00,0x00,0x00,0x00,0x00,0x00,0x00,0x00,0x00,0x00,0x00,0x00,0x00,
    0x00,0x00,0x00,0x00,0x00,0x00,0x00,0x00,0x00,0x00,0x00,0x00,0x00,0x00,0x00,0x00,
    0x00,0x00,0x00,0x00,0x00,0x00,0x00,0x00,0x00,0x00,0x00,0x00,0x00,0x00,0x00,0x00,
    0x00,0x00,0x00,0x00,0x00,0x00,0x00,0x00,0x00,0x00,0x00,0x00,0x00,0x00,0x00,0x00,
    0x00,0x00,0x00,0x00,0x00,0x00,0x00,0x00,0x00,0x00,0x00,0x00,0x00,0x00,0x00,0x00,
    0x00,0x00,0x00,0x00,0x00,0x00,0x00,0x00,0x00,0x00,0x00,0x00,0x00,0x00,0x00,0x00,
    0x00,0x00,0x00,0x00,0x00,0x00,0x00,0x00,0x00,0x00,0x00,0x00,0x00,0x00,0x00,0x00,
    0x00,0x00,0x00,0x00,0x00,0x00,0x00,0x00,0x00,0x00,0x00,0x00,0x00,0x00,0x00,0x00,
    0x00,0x00,0x00,0x00,0x00,0x00,0x00,0x00,0x00,0x00,0x00,0x00,0x00,0x00,0x00,0x00,
    0x00,0x00,0x00,0x00,0x00,0x00,0x00,0x00,0x00,0x00,0x00,0x00,0x00,0x00,0x00,0x00,
    0x00,0x00,0x00,0x00,0x00,0x00,0x00,0x00,0x00,0x00,0x00,0x00,0x00,0x00,0x00,0x00,
    0x00,0x00,0x00,0x00,0x00,0x00,0x00,0x00,0x00,0x00,0x00,0x00,0x00,0x00,0x00,0x00,
    0x00,0x00,0x00,0x00,0x00,0x00,0x00,0x00,0x00,0x00,0x00,0x00,0x00,0x00,0x00,0x00,
    0x00,0x00,0x00,0x00,0x00,0x00,0x00,0x00,0x00,0x00,0x00,0x00,0x00,0x00,0x00,0x00,
    0x00,0x00,0x00,0x00,0x00,0x00,0x00,0x00,0x00,0x00,0x00,0x00,0x00,0x00,0x00,0x00,
    0x00,0x00,0x00,0x00,0x00,0x00,0x00,0x00,0x00,0x00,0x00,0x00,0x00,0x00,0x00,0x00,
    0x00,0x00,0x00,0x00,0x00,0x00,0x00,0x00,0x00,0x00,0x00,0x00,0x00,0x00,0x00,0x00,
    0x00,0x00,0x00,0x00,0x00,0x00,0x00,0x00,0x00,0x00,0x00,0x00,0x00,0x00,0x00,0x00,
    0x00,0x00,0x00,0x00,0x00,0x00,0x00,0x00,0x00,0x00,0x00,0x00,0x00,0x00,0x00,0x00,
    0x00,0x00,0x00,0x00,0x00,0x00,0x00,0x00,0x00,0x00,0x00,0x00,0x00,0x00,0x00,0x00,
    0x00,0x00,0x00,0x00,0x00,0x00,0x00,0x00,0x00,0x00,0x00,0x00,0x00,0x00,0x00,0x00,
    0x00,0x00,0x00,0x00,0x00,0x00,0x00,0x00,0x00,0x00,0x00,0x00,0x00,0x00,0x00,0x00,
    0x00,0x00,0x00,0x00,0x00,0x00,0x00,0x00,0x00,0x00,0x00,0x00,0x00,0x00,0x00,0x00,
    0x00,0x00,0x00,0x00,0x00,0x00,0x00,0x00,0x00,0x00,0x00,0x00,0x00,0x00,0x00,0x00,
    0x00,0x00,0x00,0x00,0x00,0x00,0x00,0x00,0x00,0x00,0x00,0x00,0x00,0x00,0x00,0x00,
    0x00,0x00,0x00,0x00,0x00,0x00,0x00,0x00,0x00,0x00,0x00,0x00,0x00,0x00,0x00,0x00,
    0x00,0x00,0x00,0x00,0x00,0x00,0x00,0x00,0x00,0x00,0x00,0x00,0x00,0x00,0x00,0x00,
    0x00,0x00,0x00,0x00,0x00,0x00,0x00,0x00,0x00,0x00,0x00,0x00,0x00,0x00,0x00,0x00,
    0x00,0x00,0x00,0x00,0x00,0x00,0x00,0x00,0x00,0x00,0x00,0x00,0x00,0x00,0x00,0x00,
    0x00,0x00,0x00,0x00,0x00,0x00,0x00,0x00,0x00,0x00,0x00,0x00,0x00,0x00,0x00,0x00,
    0x00,0x00,0x00,0x00,0x00,0x00,0x00,0x00,0x00,0x00,0x00,0x00,0x00,0x00,0x00,0x00,
    0x00,0x00,0x00,0x00,0x00,0x00,0x00,0x00,0x00,0x00,0x00,0x00,0x00,0x00,0x00,0x00,
    0x00,0x00,0x00,0x00,0x00,0x00,0x00,0x00,0x00,0x00,0x00,0x00,0x00,0x00,0x00,0x00,
    0x00,0x00,0x00,0x00,0x00,0x00,0x00,0x00,0x00,0x00,0x00,0x00,0x00,0x00,0x00,0x00,
    0x00,0x00,0x00,0x00,0x00,0x00,0x00,0x00,0x00,0x00,0x00,0x00,0x00,0x00,0x00,0x00,
    0x00,0x00,0x00,0x00,0x00,0x00,0x00,0x00,0x00,0x00,0x00,0x00,0x00,0x00,0x00,0x00,
    0x00,0x00,0x00,0x00,0x00,0x00,0x00,0x00,0x00,0x00,0x00,0x00,0x00,0x00,0x00,0x00,
    0x00,0x00,0x00,0x00,0x00,0x00,0x00,0x00,0x00,0x00,0x00,0x00,0x00,0x00,0x00,0x00,
    0x00,0x00,0x00,0x00,0x00,0x00,0x00,0x00,0x00,0x00,0x00,0x00,0x00,0x00,0x00,0x00,
    0x00,0x00,0x00,0x00,0x00,0x00,0x00,0x00,0x00,0x00,0x00,0x00,0x00,0x00,0x00,0x00,
    0x00,0x00,0x00,0x00,0x00,0x00,0x00,0x00,0x00,0x00,0x00,0x00,0x00,0x00,0x00,0x00,
    0x00,0x00,0x00,0x00,0x00,0x00,0x00,0x00,0x00,0x00,0x00,0x00,0x00,0x00,0x00,0x00,
    0x00,0x00,0x00,0x00,0x00,0x00,0x00,0x00,0x00,0x00,0x00,0x00,0x00,0x00,0x00,0x00,
    0x00,0x00,0x00,0x00,0x00,0x00,0x00,0x00,0x00,0x00,0x00,0x00,0x00,0x00,0x00,0x00,
    0x00,0x00,0x00,0x00,0x00,0x00,0x00,0x00,0x00,0x00,0x00,0x00,0x00,0x00,0x00,0x00,
    0x00,0x00,0x00,0x00,0x00,0x00,0x00,0x00,0x00,0x00,0x00,0x00,0x00,0x00,0x00,0x00,
    0x00,0x00,0x00,0x00,0x00,0x00,0x00,0x00,0x00,0x00,0x00,0x00,0x00,0x00,0x00,0x00,
    0x00,0x00,0x00,0x00,0x00,0x00,0x00,0x00,0x00,0x00,0x00,0x00,0x00,0x00,0x00,0x00,
    0x00,0x00,0x00,0x00,0x00,0x00,0x00,0x00,0x00,0x00,0x00,0x00,0x00,0x00,0x00,0x00,
    0x00,0x00,0x00,0x00,0x00,0x00,0x00,0x00,0x00,0x00,0x00,0x00,0x00,0x00,0x00,0x00,
    0x00,0x00,0x00,0x00,0x00,0x00,0x00,0x00,0x00,0x00,0x00,0x00,0x00,0x00,0x00,0x00,
    0x00,0x00,0x00,0x00,0x00,0x00,0x00,0x00,0x00,0x00,0x00,0x00,0x00,0x00,0x00,0x00,
    0x00,0x00,0x00,0x00,0x00,0x00,0x00,0x00,0x00,0x00,0x00,0x00,0x00,0x00,0x00,0x00,
    0x00,0x00,0x00,0x00,0x00,0x00,0x00,0x00,0x00,0x00,0x00,0x00,0x00,0x00,0x00,0x00,
    0x00,0x00,0x00,0x00,0x00,0x00,0x00,0x00,0x00,0x00,0x00,0x00,0x00,0x00,0x00,0x00,
    0x00,0x00,0x00,0x00,0x00,0x00,0x00,0x00,0x00,0x00,0x00,0x00,0x00,0x00,0x00,0x00,
    0x00,0x00,0x00,0x00,0x00,0x00,0x00,0x00,0x00,0x00,0x00,0x00,0x00,0x00,0x00,0x00,
    0x00,0x00,0x00,0x00,0x00,0x00,0x00,0x00,0x00,0x00,0x00,0x00,0x00,0x00,0x00,0x00,
    0x00,0x00,0x00,0x00,0x00,0x00,0x00,0x00,0x00,0x00,0x00,0x00,0x00,0x00,0x00,0x00,
    0x00,0x00,0x00,0x00,0x00,0x00,0x00,0x00,0x00,0x00,0x00,0x00,0x00,0x00,0x00,0x00,
    0x00,0x00,0x00,0x00,0x00,0x00,0x00,0x00,0x00,0x00,0x00,0x00,0x00,0x00,0x00,0x00,
    0x00,0x00,0x00,0x00,0x00,0x00,0x00,0x00,0x00,0x00,0x00,0x00,0x00,0x00,0x00,0x00,
    0x00,0x00,0x00,0x00,0x00,0x00,0x00,0x00,0x00,0x00,0x00,0x00,0x00,0x00,0x00,0x00,
    0x00,0x00,0x00,0x00,0x00,0x00,0x00,0x00,0x00,0x00,0x00,0x00,0x00,0x00,0x00,0x00,
    0x00,0x00,0x00,0x00,0x00,0x00,0x00,0x00,0x00,0x00,0x00,0x00,0x00,0x00,0x00,0x00,
    0x00,0x00,0x00,0x00,0x00,0x00,0x00,0x00,0x00,0x00,0x00,0x00,0x00,0x00,0x00,0x00,
    0x00,0x00,0x00,0x00,0x00,0x00,0x00,0x00,0x00,0x00,0x00,0x00,0x00,0x00,0x00,0x00,
    0x00,0x00,0x00,0x00,0x00,0x00,0x00,0x00,0x00,0x00,0x00,0x00,0x00,0x00,0x00,0x00,
    0x00,0x00,0x00,0x00,0x00,0x00,0x00,0x00,0x00,0x00,0x00,0x00,0x00,0x00,0x00,0x00,
    0x00,0x00,0x00,0x00,0x00,0x00,0x00,0x00,0x00,0x00,0x00,0x00,0x00,0x00,0x00,0x00,
    0x00,0x00,0x00,0x00,0x00,0x00,0x00,0x00,0x00,0x00,0x00,0x00,0x00,0x00,0x00,0x00,
    0x00,0x00,0x00,0x00,0x00,0x00,0x00,0x00,0x00,0x00,0x00,0x00,0x00,0x00,0x00,0x00,
    0x00,0x00,0x00,0x00,0x00,0x00,0x00,0x00,0x00,0x00,0x00,0x00,0x00,0x00,0x00,0x00,
    0x00,0x00,0x00,0x00,0x00,0x00,0x00,0x00,0x00,0x00,0x00,0x00,0x00,0x00,0x00,0x00,
    0x00,0x00,0x00,0x00,0x00,0x00,0x00,0x00,0x00,0x00,0x00,0x00,0x00,0x00,0x00,0x00,
    0x00,0x00,0x00,0x00,0x00,0x00,0x00,0x00,0x00,0x00,0x00,0x00,0x00,0x00,0x00,0x00,
    0x00,0x00,0x00,0x00,0x00,0x00,0x00,0x00,0x00,0x00,0x00,0x00,0x00,0x00,0x00,0x00,
    0x00,0x00,0x00,0x00,0x00,0x00,0x00,0x00,0x00,0x00,0x00,0x00,0x00,0x00,0x00,0x00,
    0x00,0x00,0x00,0x00,0x00,0x00,0x00,0x00,0x00,0x00,0x00,0x00,0x00,0x00,0x00,0x00,
    0x00,0x00,0x00,0x00,0x00,0x00,0x00,0x00,0x00,0x00,0x00,0x00,0x00,0x00,0x00,0x00,
    0x00,0x00,0x00,0x00,0x00,0x00,0x00,0x00,0x00,0x00,0x00,0x00,0x00,0x00,0x00,0x00,
    0x00,0x00,0x00,0x00,0x00,0x00,0x00,0x00,0x00,0x00,0x00,0x00,0x00,0x00,0x00,0x00,
    0x00,0x00,0x00,0x00,0x00,0x00,0x00,0x00,0x00,0x00,0x00,0x00,0x00,0x00,0x00,0x00,
    0x00,0x00,0x00,0x00,0x00,0x00,0x00,0x00,0x00,0x00,0x00,0x00,0x00,0x00,0x00,0x00,
    0x00,0x00,0x00,0x00,0x00,0x00,0x00,0x00,0x00,0x00,0x00,0x00,0x00,0x00,0x00,0x00,
    0x00,0x00,0x00,0x00,0x00,0x00,0x00,0x00,0x00,0x00,0x00,0x00,0x00,0x00,0x00,0x00,
    0x00,0x00,0x00,0x00,0x00,0x00,0x00,0x00,0x00,0x00,0x00,0x00,0x00,0x00,0x00,0x00,
    0x00,0x00,0x00,0x00,0x00,0x00,0x00,0x00,0x00,0x00,0x00,0x00,0x00,0x00,0x00,0x00,
    0x00,0x00,0x00,0x00,0x00,0x00,0x00,0x00,0x00,0x00,0x00,0x00,0x00,0x00,0x00,0x00,
    0x00,0x00,0x00,0x00,0x00,0x00,0x00,0x00,0x00,0x00,0x00,0x00,0x00,0x00,0x00,0x00,
    0x00,0x00,0x00,0x00,0x00,0x00,0x00,0x00,0x00,0x00,0x00,0x00,0x00,0x00,0x00,0x00,
    0x00,0x00,0x00,0x00,0x00,0x00,0x00,0x00,0x00,0x00,0x00,0x00,0x00,0x00,0x00,0x00,
    0x00,0x00,0x00,0x00,0x00,0x00,0x00,0x00,0x00,0x00,0x00,0x00,0x00,0x00,0x00,0x00,
    0x00,0x00,0x00,0x00,0x00,0x00,0x00,0x00,0x00,0x00,0x00,0x00,0x00,0x00,0x00,0x00,
    0x00,0x00,0x00,0x00,0x00,0x00,0x00,0x00,0x00,0x00,0x00,0x00,0x00,0x00,0x00,0x00,
    0x00,0x00,0x00,0x00,0x00,0x00,0x00,0x00,0x00,0x00,0x00,0x00,0x00,0x00,0x00,0x00,
    0x00,0x00,0x00,0x00,0x00,0x00,0x00,0x00,0x00,0x00,0x00,0x00,0x00,0x00,0x00,0x00,
    0x00,0x00,0x00,0x00,0x00,0x00,0x00,0x00,0x00,0x00,0x00,0x00,0x00,0x00,0x00,0x00,
    0x00,0x00,0x00,0x00,0x00,0x00,0x00,0x00,0x00,0x00,0x00,0x00,0x00,0x00,0x00,0x00,
    0x00,0x00,0x00,0x00,0x00,0x00,0x00,0x00,0x00,0x00,0x00,0x00,0x00,0x00,0x00,0x00,
    0x00,0x00,0x00,0x00,0x00,0x00,0x00,0x00,0x00,0x00,0x00,0x00,0x00,0x00,0x00,0x00,
    0x00,0x00,0x00,0x00,0x00,0x00,0x00,0x00,0x00,0x00,0x00,0x00,0x00,0x00,0x00,0x00,
    0x00,0x00,0x00,0x00,0x00,0x00,0x00,0x00,0x00,0x00,0x00,0x00,0x00,0x00,0x00,0x00,
    0x00,0x00,0x00,0x00,0x00,0x00,0x00,0x00,0x00,0x00,0x00,0x00,0x00,0x00,0x00,0x00,
    0x00,0x00,0x00,0x00,0x00,0x00,0x00,0x00,0x00,0x00,0x00,0x00,0x00,0x00,0x00,0x00,
    0x00,0x00,0x00,0x00,0x00,0x00,0x00,0x00,0x00,0x00,0x00,0x00,0x00,0x00,0x00,0x00,
    0x00,0x00,0x00,0x00,0x00,0x00,0x00,0x00,0x00,0x00,0x00,0x00,0x00,0x00,0x00,0x00,
    0x00,0x00,0x00,0x00,0x00,0x00,0x00,0x00,0x00,0x00,0x00,0x00,0x00,0x00,0x00,0x00,
    0x00,0x00,0x00,0x00,0x00,0x00,0x00,0x00,0x00,0x00,0x00,0x00,0x00,0x00,0x00,0x00,
    0x00,0x00,0x00,0x00,0x00,0x00,0x00,0x00,0x00,0x00,0x00,0x00,0x00,0x00,0x00,0x00,
    0x00,0x00,0x00,0x00,0x00,0x00,0x00,0x00,0x00,0x00,0x00,0x00,0x00,0x00,0x00,0x00,
    0x00,0x00,0x00,0x00,0x00,0x00,0x00,0x00,0x00,0x00,0x00,0x00,0x00,0x00,0x00,0x00,
    0x00,0x00,0x00,0x00,0x00,0x00,0x00,0x00,0x00,0x00,0x00,0x00,0x00,0x00,0x00,0x00,
    0x00,0x00,0x00,0x00,0x00,0x00,0x00,0x00,0x00,0x00,0x00,0x00,0x00,0x00,0x00,0x00,
    0x00,0x00,0x00,0x00,0x00,0x00,0x00,0x00,0x00,0x00,0x00,0x00,0x00,0x00,0x00,0x00,
    0x00,0x00,0x00,0x00,0x00,0x00,0x00,0x00,0x00,0x00,0x00,0x00,0x00,0x00,0x00,0x00,
    0x00,0x00,0x00,0x00,0x00,0x00,0x00,0x00,0x00,0x00,0x00,0x00,0x00,0x00,0x00,0x00,
    0x00,0x00,0x00,0x00,0x00,0x00,0x00,0x00,0x00,0x00,0x00,0x00,0x00,0x00,0x00,0x00,
    0x00,0x00,0x00,0x00,0x00,0x00,0x00,0x00,0x00,0x00,0x00,0x00,0x00,0x00,0x00,0x00,
    0x00,0x00,0x00,0x00,0x00,0x00,0x00,0x00,0x00,0x00,0x00,0x00,0x00,0x00,0x00,0x00,
    0x00,0x00,0x00,0x00,0x00,0x00,0x00,0x00,0x00,0x00,0x00,0x00,0x00,0x00,0x00,0x00,
    0x00,0x00,0x00,0x00,0x00,0x00,0x00,0x00,0x00,0x00,0x00,0x00,0x00,0x00,0x00,0x00,
    0x00,0x00,0x00,0x00,0x00,0x00,0x00,0x00,0x00,0x00,0x00,0x00,0x00,0x00,0x00,0x00,
    0x00,0x00,0x00,0x00,0x00,0x00,0x00,0x00,0x00,0x00,0x00,0x00,0x00,0x00,0x00,0x00,
    0x00,0x00,0x00,0x00,0x00,0x00,0x00,0x00,0x00,0x00,0x00,0x00,0x00,0x00,0x00,0x00,
    0x00,0x00,0x00,0x00,0x00,0x00,0x00,0x00,0x00,0x00,0x00,0x00,0x00,0x00,0x00,0x00,
    0x00,0x00,0x00,0x00,0x00,0x00,0x00,0x00,0x00,0x00,0x00,0x00,0x00,0x00,0x00,0x00,
    0x00,0x00,0x00,0x00,0x00,0x00,0x00,0x00,0x00,0x00,0x00,0x00,0x00,0x00,0x00,0x00,
    0x00,0x00,0x00,0x00,0x00,0x00,0x00,0x00,0x00,0x00,0x00,0x00,0x00,0x00,0x00,0x00,
    0x00,0x00,0x00,0x00,0x00,0x00,0x00,0x00,0x00,0x00,0x00,0x00,0x00,0x00,0x00,0x00,
    0x00,0x00,0x00,0x00,0x00,0x00,0x00,0x00,0x00,0x00,0x00,0x00,0x00,0x00,0x00,0x00,
    0x00,0x00,0x00,0x00,0x00,0x00,0x00,0x00,0x00,0x00,0x00,0x00,0x00,0x00,0x00,0x00,
    0x00,0x00,0x00,0x00,0x00,0x00,0x00,0x00,0x00,0x00,0x00,0x00,0x00,0x00,0x00,0x00,
    0x00,0x00,0x00,0x00,0x00,0x00,0x00,0x00,0x00,0x00,0x00,0x00,0x00,0x00,0x00,0x00,
    0x00,0x00,0x00,0x00,0x00,0x00,0x00,0x00,0x00,0x00,0x00,0x00,0x00,0x00,0x00,0x00,
    0x00,0x00,0x00,0x00,0x00,0x00,0x00,0x00,0x00,0x00,0x00,0x00,0x00,0x00,0x00,0x00,
    0x00,0x00,0x00,0x00,0x00,0x00,0x00,0x00,0x00,0x00,0x00,0x00,0x00,0x00,0x00,0x00,
    0x00,0x00,0x00,0x00,0x00,0x00,0x00,0x00,0x00,0x00,0x00,0x00,0x00,0x00,0x00,0x00,
    0x00,0x00,0x00,0x00,0x00,0x00,0x00,0x00,0x00,0x00,0x00,0x00,0x00,0x00,0x00,0x00,
    0x00,0x00,0x00,0x00,0x00,0x00,0x00,0x00,0x00,0x00,0x00,0x00,0x00,0x00,0x00,0x00,
    0x00,0x00,0x00,0x00,0x00,0x00,0x00,0x00,0x00,0x00,0x00,0x00,0x00,0x00,0x00,0x00,
    0x00,0x00,0x00,0x00,0x00,0x00,0x00,0x00,0x00,0x00,0x00,0x00,0x00,0x00,0x00,0x00,
    0x00,0x00,0x00,0x00,0x00,0x00,0x00,0x00,0x00,0x00,0x00,0x00,0x00,0x00,0x00,0x00,
    0x00,0x00,0x00,0x00,0x00,0x00,0x00,0x00,0x00,0x00,0x00,0x00,0x00,0x00,0x00,0x00,
    0x00,0x00,0x00,0x00,0x00,0x00,0x00,0x00,0x00,0x00,0x00,0x00,0x00,0x00,0x00,0x00,
    0x00,0x00,0x00,0x00,0x00,0x00,0x00,0x00,0x00,0x00,0x00,0x00,0x00,0x00,0x00,0x00,
    0x00,0x00,0x00,0x00,0x00,0x00,0x00,0x00,0x00,0x00,0x00,0x00,0x00,0x00,0x00,0x00,
    0x00,0x00,0x00,0x00,0x00,0x00,0x00,0x00,0x00,0x00,0x00,0x00,0x00,0x00,0x00,0x00,
    0x00,0x00,0x00,0x00,0x00,0x00,0x00,0x00,0x00,0x00,0x00,0x00,0x00,0x00,0x00,0x00,
    0x00,0x00,0x00,0x00,0x00,0x00,0x00,0x00,0x00,0x00,0x00,0x00,0x00,0x00,0x00,0x00,
    0x00,0x00,0x00,0x00,0x00,0x00,0x00,0x00,0x00,0x00,0x00,0x00,0x00,0x00,0x00,0x00,
    0x00,0x00,0x00,0x00,0x00,0x00,0x00,0x00,0x00,0x00,0x00,0x00,0x00,0x00,0x00,0x00,
    0x00,0x00,0x00,0x00,0x00,0x00,0x00,0x00,0x00,0x00,0x00,0x00,0x00,0x00,0x00,0x00,
    0x00,0x00,0x00,0x00,0x00,0x00,0x00,0x00,0x00,0x00,0x00,0x00,0x00,0x00,0x00,0x00,
    0x00,0x00,0x00,0x00,0x00,0x00,0x00,0x00,0x00,0x00,0x00,0x00,0x00,0x00,0x00,0x00,
    0x00,0x00,0x00,0x00,0x00,0x00,0x00,0x00,0x00,0x00,0x00,0x00,0x00,0x00,0x00,0x00,
    0x00,0x00,0x00,0x00,0x00,0x00,0x00,0x00,0x00,0x00,0x00,0x00,0x00,0x00,0x00,0x00,
    0x00,0x00,0x00,0x00,0x00,0x00,0x00,0x00,0x00,0x00,0x00,0x00,0x00,0x00,0x00,0x00,
    0x00,0x00,0x00,0x00,0x00,0x00,0x00,0x00,0x00,0x00,0x00,0x00,0x00,0x00,0x00,0x00,
    0x00,0x00,0x00,0x00,0x00,0x00,0x00,0x00,0x00,0x00,0x00,0x00,0x00,0x00,0x00,0x00,
    0x00,0x00,0x00,0x00,0x00,0x00,0x00,0x00,0x00,0x00,0x00,0x00,0x00,0x00,0x00,0x00,
    0x00,0x00,0x00,0x00,0x00,0x00,0x00,0x00,0x00,0x00,0x00,0x00,0x00,0x00,0x00,0x00,
    0x00,0x00,0x00,0x00,0x00,0x00,0x00,0x00,0x00,0x00,0x00,0x00,0x00,0x00,0x00,0x00,
    0x00,0x00,0x00,0x00,0x00,0x00,0x00,0x00,0x00,0x00,0x00,0x00,0x00,0x00,0x00,0x00,
    0x00,0x00,0x00,0x00,0x00,0x00,0x00,0x00,0x00,0x00,0x00,0x00,0x00,0x00,0x00,0x00,
    0x00,0x00,0x00,0x00,0x00,0x00,0x00,0x00,0x00,0x00,0x00,0x00,0x00,0x00,0x00,0x00,
    0x00,0x00,0x00,0x00,0x00,0x00,0x00,0x00,0x00,0x00,0x00,0x00,0x00,0x00,0x00,0x00,
    0x00,0x00,0x00,0x00,0x00,0x00,0x00,0x00,0x00,0x00,0x00,0x00,0x00,0x00,0x00,0x00,
    0x00,0x00,0x00,0x00,0x00,0x00,0x00,0x00,0x00,0x00,0x00,0x00,0x00,0x00,0x00,0x00,
    0x00,0x00,0x00,0x00,0x00,0x00,0x00,0x00,0x00,0x00,0x00,0x00,0x00,0x00,0x00,0x00,
    0x00,0x00,0x00,0x00,0x00,0x00,0x00,0x00,0x00,0x00,0x00,0x00,0x00,0x00,0x00,0x00,
    0x00,0x00,0x00,0x00,0x00,0x00,0x00,0x00,0x00,0x00,0x00,0x00,0x00,0x00,0x00,0x00,
    0x00,0x00,0x00,0x00,0x00,0x00,0x00,0x00,0x00,0x00,0x00,0x00,0x00,0x00,0x00,0x00,
    0x00,0x00,0x00,0x00,0x00,0x00,0x00,0x00,0x00,0x00,0x00,0x00,0x00,0x00,0x00,0x00,
    0x00,0x00,0x00,0x00,0x00,0x00,0x00,0x00,0x00,0x00,0x00,0x00,0x00,0x00,0x00,0x00,
    0x00,0x00,0x00,0x00,0x00,0x00,0x00,0x00,0x00,0x00,0x00,0x00,0x00,0x00,0x00,0x00,
    0x00,0x00,0x00,0x00,0x00,0x00,0x00,0x00,0x00,0x00,0x00,0x00,0x00,0x00,0x00,0x00,
    0x00,0x00,0x00,0x00,0x00,0x00,0x00,0x00,0x00,0x00,0x00,0x00,0x00,0x00,0x00,0x00,
    0x00,0x00,0x00,0x00,0x00,0x00,0x00,0x00,0x00,0x00,0x00,0x00,0x00,0x00,0x00,0x00,
    0x00,0x00,0x00,0x00,0x00,0x00,0x00,0x00,0x00,0x00,0x00,0x00,0x00,0x00,0x00,0x00,
    0x00,0x00,0x00,0x00,0x00,0x00,0x00,0x00,0x00,0x00,0x00,0x00,0x00,0x00,0x00,0x00,
    0x00,0x00,0x00,0x00,0x00,0x00,0x00,0x00,0x00,0x00,0x00,0x00,0x00,0x00,0x00,0x00,
    0x00,0x00,0x00,0x00,0x00,0x00,0x00,0x00,0x00,0x00,0x00,0x00,0x00,0x00,0x00,0x00,
    0x00,0x00,0x00,0x00,0x00,0x00,0x00,0x00,0x00,0x00,0x00,0x00,0x00,0x00,0x00,0x00,
    0x00,0x00,0x00,0x00,0x00,0x00,0x00,0x00,0x00,0x00,0x00,0x00,0x00,0x00,0x00,0x00,
    0x00,0x00,0x00,0x00,0x00,0x00,0x00,0x00,0x00,0x00,0x00,0x00,0x00,0x00,0x00,0x00,
    0x00,0x00,0x00,0x00,0x00,0x00,0x00,0x00,0x00,0x00,0x00,0x00,0x00,0x00,0x00,0x00,
    0x00,0x00,0x00,0x00,0x00,0x00,0x00,0x00,0x00,0x00,0x00,0x00,0x00,0x00,0x00,0x00,
    0x00,0x00,0x00,0x00,0x00,0x00,0x00,0x00,0x00,0x00,0x00,0x00,0x00,0x00,0x00,0x00,
    0x00,0x00,0x00,0x00,0x00,0x00,0x00,0x00,0x00,0x00,0x00,0x00,0x00,0x00,0x00,0x00,
    0x00,0x00,0x00,0x00,0x00,0x00,0x00,0x00,0x00,0x00,0x00,0x00,0x00,0x00,0x00,0x00,
    0x00,0x00,0x00,0x00,0x00,0x00,0x00,0x00,0x00,0x00,0x00,0x00,0x00,0x00,0x00,0x00,
    0x00,0x00,0x00,0x00,0x00,0x00,0x00,0x00,0x00,0x00,0x00,0x00,0x00,0x00,0x00,0x00,
    0x00,0x00,0x00,0x00,0x00,0x00,0x00,0x00,0x00,0x00,0x00,0x00,0x00,0x00,0x00,0x00,
    0x00,0x00,0x00,0x00,0x00,0x00,0x00,0x00,0x00,0x00,0x00,0x00,0x00,0x00,0x00,0x00,
    0x00,0x00,0x00,0x00,0x00,0x00,0x00,0x00,0x00,0x00,0x00,0x00,0x00,0x00,0x00,0x00,
    0x00,0x00,0x00,0x00,0x00,0x00,0x00,0x00,0x00,0x00,0x00,0x00,0x00,0x00,0x00,0x00,
    0x00,0x00,0x00,0x00,0x00,0x00,0x00,0x00,0x00,0x00,0x00,0x00,0x00,0x00,0x00,0x00,
    0x00,0x00,0x00,0x00,0x00,0x00,0x00,0x00,0x00,0x00,0x00,0x00,0x00,0x00,0x00,0x00,
    0x00,0x00,0x00,0x00,0x00,0x00,0x00,0x00,0x00,0x00,0x00,0x00,0x00,0x00,0x00,0x00,
    0x00,0x00,0x00,0x00,0x00,0x00,0x00,0x00,0x00,0x00,0x00,0x00,0x00,0x00,0x00,0x00,
    0x00,0x00,0x00,0x00,0x00,0x00,0x00,0x00,0x00,0x00,0x00,0x00,0x00,0x00,0x00,0x00,
    0x00,0x00,0x00,0x00,0x00,0x00,0x00,0x00,0x00,0x00,0x00,0x00,0x00,0x00,0x00,0x00,
    0x00,0x00,0x00,0x00,0x00,0x00,0x00,0x00,0x00,0x00,0x00,0x00,0x00,0x00,0x00,0x00,
    0x00,0x00,0x00,0x00,0x00,0x00,0x00,0x00,0x00,0x00,0x00,0x00,0x00,0x00,0x00,0x00,
    0x00,0x00,0x00,0x00,0x00,0x00,0x00,0x00,0x00,0x00,0x00,0x00,0x00,0x00,0x00,0x00,
    0x00,0x00,0x00,0x00,0x00,0x00,0x00,0x00,0x00,0x00,0x00,0x00,0x00,0x00,0x00,0x00,
    0x00,0x00,0x00,0x00,0x00,0x00,0x00,0x00,0x00,0x00,0x00,0x00,0x00,0x00,0x00,0x00,
    0x00,0x00,0x00,0x00,0x00,0x00,0x00,0x00,0x00,0x00,0x00,0x00,0x00,0x00,0x00,0x00,
    0x00,0x00,0x00,0x00,0x00,0x00,0x00,0x00,0x00,0x00,0x00,0x00,0x00,0x00,0x00,0x00,
    0x00,0x00,0x00,0x00,0x00,0x00,0x00,0x00,0x00,0x00,0x00,0x00,0x00,0x00,0x00,0x00,
    0x00,0x00,0x00,0x00,0x00,0x00,0x00,0x00,0x00,0x00,0x00,0x00,0x00,0x00,0x00,0x00,
    0x00,0x00,0x00,0x00,0x00,0x00,0x00,0x00,0x00,0x00,0x00,0x00,0x00,0x00,0x00,0x00,
    0x00,0x00,0x00,0x00,0x00,0x00,0x00,0x00,0x00,0x00,0x00,0x00,0x00,0x00,0x00,0x00,
    0x00,0x00,0x00,0x00,0x00,0x00,0x00,0x00,0x00,0x00,0x00,0x00,0x00,0x00,0x00,0x00,
    0x00,0x00,0x00,0x00,0x00,0x00,0x00,0x00,0x00,0x00,0x00,0x00,0x00,0x00,0x00,0x00,
    0x00,0x00,0x00,0x00,0x00,0x00,0x00,0x00,0x00,0x00,0x00,0x00,0x00,0x00,0x00,0x00,
    0x00,0x00,0x00,0x00,0x00,0x00,0x00,0x00,0x00,0x00,0x00,0x00,0x00,0x00,0x00,0x00,
    0x00,0x00,0x00,0x00,0x00,0x00,0x00,0x00,0x00,0x00,0x00,0x00,0x00,0x00,0x00,0x00,
    0x00,0x00,0x00,0x00,0x00,0x00,0x00,0x00,0x00,0x00,0x00,0x00,0x00,0x00,0x00,0x00,
    0x00,0x00,0x00,0x00,0x00,0x00,0x00,0x00,0x00,0x00,0x00,0x00,0x00,0x00,0x00,0x00,
    0x00,0x00,0x00,0x00,0x00,0x00,0x00,0x00,0x00,0x00,0x00,0x00,0x00,0x00,0x00,0x00,
    0x00,0x00,0x00,0x00,0x00,0x00,0x00,0x00,0x00,0x00,0x00,0x00,0x00,0x00,0x00,0x00,
    0x00,0x00,0x00,0x00,0x00,0x00,0x00,0x00,0x00,0x00,0x00,0x00,0x00,0x00,0x00,0x00,
    0x00,0x00,0x00,0x00,0x00,0x00,0x00,0x00,0x00,0x00,0x00,0x00,0x00,0x00,0x00,0x00,
    0x00,0x00,0x00,0x00,0x00,0x00,0x00,0x00,0x00,0x00,0x00,0x00,0x00,0x00,0x00,0x00,
    0x00,0x00,0x00,0x00,0x00,0x00,0x00,0x00,0x00,0x00,0x00,0x00,0x00,0x00,0x00,0x00,
    0x00,0x00,0x00,0x00,0x00,0x00,0x00,0x00,0x00,0x00,0x00,0x00,0x00,0x00,0x00,0x00,
    0x00,0x00,0x00,0x00,0x00,0x00,0x00,0x00,0x00,0x00,0x00,0x00,0x00,0x00,0x00,0x00,
    0x00,0x00,0x00,0x00,0x00,0x00,0x00,0x00,0x00,0x00,0x00,0x00,0x00,0x00,0x00,0x00,
    0x00,0x00,0x00,0x00,0x00,0x00,0x00,0x00,0x00,0x00,0x00,0x00,0x00,0x00,0x00,0x00,
    0x00,0x00,0x00,0x00,0x00,0x00,0x00,0x00,0x00,0x00,0x00,0x00,0x00,0x00,0x00,0x00,
    0x00,0x00,0x00,0x00,0x00,0x00,0x00,0x00,0x00,0x00,0x00,0x00,0x00,0x00,0x00,0x00,
    0x00,0x00,0x00,0x00,0x00,0x00,0x00,0x00,0x00,0x00,0x00,0x00,0x00,0x00,0x00,0x00,
    0x00,0x00,0x00,0x00,0x00,0x00,0x00,0x00,0x00,0x00,0x00,0x00,0x00,0x00,0x00,0x00,
    0x00,0x00,0x00,0x00,0x00,0x00,0x00,0x00,0x00,0x00,0x00,0x00,0x00,0x00,0x00,0x00,
    0x00,0x00,0x00,0x00,0x00,0x00,0x00,0x00,0x00,0x00,0x00,0x00,0x00,0x00,0x00,0x00,
    0x00,0x00,0x00,0x00,0x00,0x00,0x00,0x00,0x00,0x00,0x00,0x00,0x00,0x00,0x00,0x00,
    0x00,0x00,0x00,0x00,0x00,0x00,0x00,0x00,0x00,0x00,0x00,0x00,0x00,0x00,0x00,0x00,
    0x00,0x00,0x00,0x00,0x00,0x00,0x00,0x00,0x00,0x00,0x00,0x00,0x00,0x00,0x00,0x00,
    0x00,0x00,0x00,0x00,0x00,0x00,0x00,0x00,0x00,0x00,0x00,0x00,0x00,0x00,0x00,0x00,
    0x00,0x00,0x00,0x00,0x00,0x00,0x00,0x00,0x00,0x00,0x00,0x00,0x00,0x00,0x00,0x00,
    0x00,0x00,0x00,0x00,0x00,0x00,0x00,0x00,0x00,0x00,0x00,0x00,0x00,0x00,0x00,0x00,
    0x00,0x00,0x00,0x00,0x00,0x00,0x00,0x00,0x00,0x00,0x00,0x00,0x00,0x00,0x00,0x00,
    0x00,0x00,0x00,0x00,0x00,0x00,0x00,0x00,0x00,0x00,0x00,0x00,0x00,0x00,0x00,0x00,
    0x00,0x00,0x00,0x00,0x00,0x00,0x00,0x00,0x00,0x00,0x00,0x00,0x00,0x00,0x00,0x00,
    0x00,0x00,0x00,0x00,0x00,0x00,0x00,0x00,0x00,0x00,0x00,0x00,0x00,0x00,0x00,0x00,
    0x00,0x00,0x00,0x00,0x00,0x00,0x00,0x00,0x00,0x00,0x00,0x00,0x00,0x00,0x00,0x00,
    0x00,0x00,0x00,0x00,0x00,0x00,0x00,0x00,0x00,0x00,0x00,0x00,0x00,0x00,0x00,0x00,
    0x00,0x00,0x00,0x00,0x00,0x00,0x00,0x00,0x00,0x00,0x00,0x00,0x00,0x00,0x00,0x00,
    0x00,0x00,0x00,0x00,0x00,0x00,0x00,0x00,0x00,0x00,0x00,0x00,0x00,0x00,0x00,0x00,
    0x00,0x00,0x00,0x00,0x00,0x00,0x00,0x00,0x00,0x00,0x00,0x00,0x00,0x00,0x00,0x00,
    0x00,0x00,0x00,0x00,0x00,0x00,0x00,0x00,0x00,0x00,0x00,0x00,0x00,0x00,0x00,0x00,
    0x00,0x00,0x00,0x00,0x00,0x00,0x00,0x00,0x00,0x00,0x00,0x00,0x00,0x00,0x00,0x00,
    0x00,0x00,0x00,0x00,0x00,0x00,0x00,0x00,0x00,0x00,0x00,0x00,0x00,0x00,0x00,0x00,
    0x00,0x00,0x00,0x00,0x00,0x00,0x00,0x00,0x00,0x00,0x00,0x00,0x00,0x00,0x00,0x00,
    0x00,0x00,0x00,0x00,0x00,0x00,0x00,0x00,0x00,0x00,0x00,0x00,0x00,0x00,0x00,0x00,
    0x00,0x00,0x00,0x00,0x00,0x00,0x00,0x00,0x00,0x00,0x00,0x00,0x00,0x00,0x00,0x00,
    0x00,0x00,0x00,0x00,0x00,0x00,0x00,0x00,0x00,0x00,0x00,0x00,0x00,0x00,0x00,0x00,
    0x00,0x00,0x00,0x00,0x00,0x00,0x00,0x00,0x00,0x00,0x00,0x00,0x00,0x00,0x00,0x00,
    0x00,0x00,0x00,0x00,0x00,0x00,0x00,0x00,0x00,0x00,0x00,0x00,0x00,0x00,0x00,0x00,
    0x00,0x00,0x00,0x00,0x00,0x00,0x00,0x00,0x00,0x00,0x00,0x00,0x00,0x00,0x00,0x00,
    0x00,0x00,0x00,0x00,0x00,0x00,0x00,0x00,0x00,0x00,0x00,0x00,0x00,0x00,0x00,0x00,
    0x00,0x00,0x00,0x00,0x00,0x00,0x00,0x00,0x00,0x00,0x00,0x00,0x00,0x00,0x00,0x00,
    0x00,0x00,0x00,0x00,0x00,0x00,0x00,0x00,0x00,0x00,0x00,0x00,0x00,0x00,0x00,0x00,
    0x00,0x00,0x00,0x00,0x00,0x00,0x00,0x00,0x00,0x00,0x00,0x00,0x00,0x00,0x00,0x00,
    0x00,0x00,0x00,0x00,0x00,0x00,0x00,0x00,0x00,0x00,0x00,0x00,0x00,0x00,0x00,0x00,
    0x00,0x00,0x00,0x00,0x00,0x00,0x00,0x00,0x00,0x00,0x00,0x00,0x00,0x00,0x00,0x00,
    0x00,0x00,0x00,0x00,0x00,0x00,0x00,0x00,0x00,0x00,0x00,0x00,0x00,0x00,0x00,0x00,
    0x00,0x00,0x00,0x00,0x00,0x00,0x00,0x00,0x00,0x00,0x00,0x00,0x00,0x00,0x00,0x00,
    0x00,0x00,0x00,0x00,0x00,0x00,0x00,0x00,0x00,0x00,0x00,0x00,0x00,0x00,0x00,0x00,
    0x00,0x00,0x00,0x00,0x00,0x00,0x00,0x00,0x00,0x00,0x00,0x00,0x00,0x00,0x00,0x00,
    0x00,0x00,0x00,0x00,0x00,0x00,0x00,0x00,0x00,0x00,0x00,0x00,0x00,0x00,0x00,0x00,
    0x00,0x00,0x00,0x00,0x00,0x00,0x00,0x00,0x00,0x00,0x00,0x00,0x00,0x00,0x00,0x00,
    0x00,0x00,0x00,0x00,0x00,0x00,0x00,0x00,0x00,0x00,0x00,0x00,0x00,0x00,0x00,0x00,
    0x00,0x00,0x00,0x00,0x00,0x00,0x00,0x00,0x00,0x00,0x00,0x00,0x00,0x00,0x00,0x00,
    0x00,0x00,0x00,0x00,0x00,0x00,0x00,0x00,0x00,0x00,0x00,0x00,0x00,0x00,0x00,0x00,
    0x00,0x00,0x00,0x00,0x00,0x00,0x00,0x00,0x00,0x00,0x00,0x00,0x00,0x00,0x00,0x00,
    0x00,0x00,0x00,0x00,0x00,0x00,0x00,0x00,0x00,0x00,0x00,0x00,0x00,0x00,0x00,0x00,
    0x00,0x00,0x00,0x00,0x00,0x00,0x00,0x00,0x00,0x00,0x00,0x00,0x00,0x00,0x00,0x00,
    0x00,0x00,0x00,0x00,0x00,0x00,0x00,0x00,0x00,0x00,0x00,0x00,0x00,0x00,0x00,0x00,
    0x00,0x00,0x00,0x00,0x00,0x00,0x00,0x00,0x00,0x00,0x00,0x00,0x00,0x00,0x00,0x00,
    0x00,0x00,0x00,0x00,0x00,0x00,0x00,0x00,0x00,0x00,0x00,0x00,0x00,0x00,0x00,0x00,
    0x00,0x00,0x00,0x00,0x00,0x00,0x00,0x00,0x00,0x00,0x00,0x00,0x00,0x00,0x00,0x00,
    0x00,0x00,0x00,0x00,0x00,0x00,0x00,0x00,0x00,0x00,0x00,0x00,0x00,0x00,0x00,0x00,
    0x00,0x00,0x00,0x00,0x00,0x00,0x00,0x00,0x00,0x00,0x00,0x00,0x00,0x00,0x00,0x00,
    0x00,0x00,0x00,0x00,0x00,0x00,0x00,0x00,0x00,0x00,0x00,0x00,0x00,0x00,0x00,0x00,
    0x00,0x00,0x00,0x00,0x00,0x00,0x00,0x00,0x00,0x00,0x00,0x00,0x00,0x00,0x00,0x00,
    0x00,0x00,0x00,0x00,0x00,0x00,0x00,0x00,0x00,0x00,0x00,0x00,0x00,0x00,0x00,0x00,
    0x00,0x00,0x00,0x00,0x00,0x00,0x00,0x00,0x00,0x00,0x00,0x00,0x00,0x00,0x00,0x00,
    0x00,0x00,0x00,0x00,0x00,0x00,0x00,0x00,0x00,0x00,0x00,0x00,0x00,0x00,0x00,0x00,
    0x00,0x00,0x00,0x00,0x00,0x00,0x00,0x00,0x00,0x00,0x00,0x00,0x00,0x00,0x00,0x00,
    0x00,0x00,0x00,0x00,0x00,0x00,0x00,0x00,0x00,0x00,0x00,0x00,0x00,0x00,0x00,0x00,
    0x00,0x00,0x00,0x00,0x00,0x00,0x00,0x00,0x00,0x00,0x00,0x00,0x00,0x00,0x00,0x00,
    0x00,0x00,0x00,0x00,0x00,0x00,0x00,0x00,0x00,0x00,0x00,0x00,0x00,0x00,0x00,0x00,
    0x00,0x00,0x00,0x00,0x00,0x00,0x00,0x00,0x00,0x00,0x00,0x00,0x00,0x00,0x00,0x00,
    0x00,0x00,0x00,0x00,0x00,0x00,0x00,0x00,0x00,0x00,0x00,0x00,0x00,0x00,0x00,0x00,
    0x00,0x00,0x00,0x00,0x00,0x00,0x00,0x00,0x00,0x00,0x00,0x00,0x00,0x00,0x00,0x00,
    0x00,0x00,0x00,0x00,0x00,0x00,0x00,0x00,0x00,0x00,0x00,0x00,0x00,0x00,0x00,0x00,
    0x00,0x00,0x00,0x00,0x00,0x00,0x00,0x00,0x00,0x00,0x00,0x00,0x00,0x00,0x00,0x00,
    0x00,0x00,0x00,0x00,0x00,0x00,0x00,0x00,0x00,0x00,0x00,0x00,0x00,0x00,0x00,0x00,
    0x00,0x00,0x00,0x00,0x00,0x00,0x00,0x00,0x00,0x00,0x00,0x00,0x00,0x00,0x00,0x00,
    0x00,0x00,0x00,0x00,0x00,0x00,0x00,0x00,0x00,0x00,0x00,0x00,0x00,0x00,0x00,0x00,
    0x00,0x00,0x00,0x00,0x00,0x00,0x00,0x00,0x00,0x00,0x00,0x00,0x00,0x00,0x00,0x00,
    0x00,0x00,0x00,0x00,0x00,0x00,0x00,0x00,0x00,0x00,0x00,0x00,0x00,0x00,0x00,0x00,
    0x00,0x00,0x00,0x00,0x00,0x00,0x00,0x00,0x00,0x00,0x00,0x00,0x00,0x00,0x00,0x00,
    0x00,0x00,0x00,0x00,0x00,0x00,0x00,0x00,0x00,0x00,0x00,0x00,0x00,0x00,0x00,0x00,
    0x00,0x00,0x00,0x00,0x00,0x00,0x00,0x00,0x00,0x00,0x00,0x00,0x00,0x00,0x00,0x00,
    0x00,0x00,0x00,0x00,0x00,0x00,0x00,0x00,0x00,0x00,0x00,0x00,0x00,0x00,0x00,0x00,
    0x00,0x00,0x00,0x00,0x00,0x00,0x00,0x00,0x00,0x00,0x00,0x00,0x00,0x00,0x00,0x00,
    0x00,0x00,0x00,0x00,0x00,0x00,0x00,0x00,0x00,0x00,0x00,0x00,0x00,0x00,0x00,0x00,
    0x00,0x00,0x00,0x00,0x00,0x00,0x00,0x00,0x00,0x00,0x00,0x00,0x00,0x00,0x00,0x00,
    0x00,0x00,0x00,0x00,0x00,0x00,0x00,0x00,0x00,0x00,0x00,0x00,0x00,0x00,0x00,0x00,
    0x00,0x00,0x00,0x00,0x00,0x00,0x00,0x00,0x00,0x00,0x00,0x00,0x00,0x00,0x00,0x00,
    0x00,0x00,0x00,0x00,0x00,0x00,0x00,0x00,0x00,0x00,0x00,0x00,0x00,0x00,0x00,0x00,
    0x00,0x00,0x00,0x00,0x00,0x00,0x00,0x00,0x00,0x00,0x00,0x00,0x00,0x00,0x00,0x00,
    0x00,0x00,0x00,0x00,0x00,0x00,0x00,0x00,0x00,0x00,0x00,0x00,0x00,0x00,0x00,0x00,
    0x00,0x00,0x00,0x00,0x00,0x00,0x00,0x00,0x00,0x00,0x00,0x00,0x00,0x00,0x00,0x00,
    0x00,0x00,0x00,0x00,0x00,0x00,0x00,0x00,0x00,0x00,0x00,0x00,0x00,0x00,0x00,0x00,
    0x00,0x00,0x00,0x00,0x00,0x00,0x00,0x00,0x00,0x00,0x00,0x00,0x00,0x00,0x00,0x00,
    0x00,0x00,0x00,0x00,0x00,0x00,0x00,0x00,0x00,0x00,0x00,0x00,0x00,0x00,0x00,0x00,
    0x00,0x00,0x00,0x00,0x00,0x00,0x00,0x00,0x00,0x00,0x00,0x00,0x00,0x00,0x00,0x00,
    0x00,0x00,0x00,0x00,0x00,0x00,0x00,0x00,0x00,0x00,0x00,0x00,0x00,0x00,0x00,0x00,
    0x00,0x00,0x00,0x00,0x00,0x00,0x00,0x00,0x00,0x00,0x00,0x00,0x00,0x00,0x00,0x00,
    0x00,0x00,0x00,0x00,0x00,0x00,0x00,0x00,0x00,0x00,0x00,0x00,0x00,0x00,0x00,0x00,
    0x00,0x00,0x00,0x00,0x00,0x00,0x00,0x00,0x00,0x00,0x00,0x00,0x00,0x00,0x00,0x00,
    0x00,0x00,0x00,0x00,0x00,0x00,0x00,0x00,0x00,0x00,0x00,0x00,0x00,0x00,0x00,0x00,
    0x00,0x00,0x00,0x00,0x00,0x00,0x00,0x00,0x00,0x00,0x00,0x00,0x00,0x00,0x00,0x00,
    0x00,0x00,0x00,0x00,0x00,0x00,0x00,0x00,0x00,0x00,0x00,0x00,0x00,0x00,0x00,0x00,
    0x00,0x00,0x00,0x00,0x00,0x00,0x00,0x00,0x00,0x00,0x00,0x00,0x00,0x00,0x00,0x00,
    0x00,0x00,0x00,0x00,0x00,0x00,0x00,0x00,0x00,0x00,0x00,0x00,0x00,0x00,0x00,0x00,
    0x00,0x00,0x00,0x00,0x00,0x00,0x00,0x00,0x00,0x00,0x00,0x00,0x00,0x00,0x00,0x00,
    0x00,0x00,0x00,0x00,0x00,0x00,0x00,0x00,0x00,0x00,0x00,0x00,0x00,0x00,0x00,0x00,
    0x00,0x00,0x00,0x00,0x00,0x00,0x00,0x00,0x00,0x00,0x00,0x00,0x00,0x00,0x00,0x00,
    0x00,0x00,0x00,0x00,0x00,0x00,0x00,0x00,0x00,0x00,0x00,0x00,0x00,0x00,0x00,0x00,
    0x00,0x00,0x00,0x00,0x00,0x00,0x00,0x00,0x00,0x00,0x00,0x00,0x00,0x00,0x00,0x00,
    0x00,0x00,0x00,0x00,0x00,0x00,0x00,0x00,0x00,0x00,0x00,0x00,0x00,0x00,0x00,0x00,
    0x00,0x00,0x00,0x00,0x00,0x00,0x00,0x00,0x00,0x00,0x00,0x00,0x00,0x00,0x00,0x00,
    0x00,0x00,0x00,0x00,0x00,0x00,0x00,0x00,0x00,0x00,0x00,0x00,0x00,0x00,0x00,0x00,
    0x00,0x00,0x00,0x00,0x00,0x00,0x00,0x00,0x00,0x00,0x00,0x00,0x00,0x00,0x00,0x00,
    0x00,0x00,0x00,0x00,0x00,0x00,0x00,0x00,0x00,0x00,0x00,0x00,0x00,0x00,0x00,0x00,
    0x00,0x00,0x00,0x00,0x00,0x00,0x00,0x00,0x00,0x00,0x00,0x00,0x00,0x00,0x00,0x00,
    0x00,0x00,0x00,0x00,0x00,0x00,0x00,0x00,0x00,0x00,0x00,0x00,0x00,0x00,0x00,0x00,
    0x00,0x00,0x00,0x00,0x00,0x00,0x00,0x00,0x00,0x00,0x00,0x00,0x00,0x00,0x00,0x00,
    0x00,0x00,0x00,0x00,0x00,0x00,0x00,0x00,0x00,0x00,0x00,0x00,0x00,0x00,0x00,0x00,
    0x00,0x00,0x00,0x00,0x00,0x00,0x00,0x00,0x00,0x00,0x00,0x00,0x00,0x00,0x00,0x00,
    0x00,0x00,0x00,0x00,0x00,0x00,0x00,0x00,0x00,0x00,0x00,0x00,0x00,0x00,0x00,0x00,
    0x00,0x00,0x00,0x00,0x00,0x00,0x00,0x00,0x00,0x00,0x00,0x00,0x00,0x00,0x00,0x00,
    0x00,0x00,0x00,0x00,0x00,0x00,0x00,0x00,0x00,0x00,0x00,0x00,0x00,0x00,0x00,0x00,
    0x00,0x00,0x00,0x00,0x00,0x00,0x00,0x00,0x00,0x00,0x00,0x00,0x00,0x00,0x00,0x00,
    0x00,0x00,0x00,0x00,0x00,0x00,0x00,0x00,0x00,0x00,0x00,0x00,0x00,0x00,0x00,0x00,
    0x00,0x00,0x00,0x00,0x00,0x00,0x00,0x00,0x00,0x00,0x00,0x00,0x00,0x00,0x00,0x00,
    0x00,0x00,0x00,0x00,0x00,0x00,0x00,0x00,0x00,0x00,0x00,0x00,0x00,0x00,0x00,0x00,
    0x00,0x00,0x00,0x00,0x00,0x00,0x00,0x00,0x00,0x00,0x00,0x00,0x00,0x00,0x00,0x00,
    0x00,0x00,0x00,0x00,0x00,0x00,0x00,0x00,0x00,0x00,0x00,0x00,0x00,0x00,0x00,0x00,
    0x00,0x00,0x00,0x00,0x00,0x00,0x00,0x00,0x00,0x00,0x00,0x00,0x00,0x00,0x00,0x00,
    0x00,0x00,0x00,0x00,0x00,0x00,0x00,0x00,0x00,0x00,0x00,0x00,0x00,0x00,0x00,0x00,
    0x00,0x00,0x00,0x00,0x00,0x00,0x00,0x00,0x00,0x00,0x00,0x00,0x00,0x00,0x00,0x00,
    0x00,0x00,0x00,0x00,0x00,0x00,0x00,0x00,0x00,0x00,0x00,0x00,0x00,0x00,0x00,0x00,
    0x00,0x00,0x00,0x00,0x00,0x00,0x00,0x00,0x00,0x00,0x00,0x00,0x00,0x00,0x00,0x00,
    0x00,0x00,0x00,0x00,0x00,0x00,0x00,0x00,0x00,0x00,0x00,0x00,0x00,0x00,0x00,0x00,
    0x00,0x00,0x00,0x00,0x00,0x00,0x00,0x00,0x00,0x00,0x00,0x00,0x00,0x00,0x00,0x00,
    0x00,0x00,0x00,0x00,0x00,0x00,0x00,0x00,0x00,0x00,0x00,0x00,0x00,0x00,0x00,0x00,
    0x00,0x00,0x00,0x00,0x00,0x00,0x00,0x00,0x00,0x00,0x00,0x00,0x00,0x00,0x00,0x00,
    0x00,0x00,0x00,0x00,0x00,0x00,0x00,0x00,0x00,0x00,0x00,0x00,0x00,0x00,0x00,0x00,
    0x00,0x00,0x00,0x00,0x00,0x00,0x00,0x00,0x00,0x00,0x00,0x00,0x00,0x00,0x00,0x00,
    0x00,0x00,0x00,0x00,0x00,0x00,0x00,0x00,0x00,0x00,0x00,0x00,0x00,0x00,0x00,0x00,
    0x00,0x00,0x00,0x00,0x00,0x00,0x00,0x00,0x00,0x00,0x00,0x00,0x00,0x00,0x00,0x00,
    0x00,0x00,0x00,0x00,0x00,0x00,0x00,0x00,0x00,0x00,0x00,0x00,0x00,0x00,0x00,0x00,
    0x00,0x00,0x00,0x00,0x00,0x00,0x00,0x00,0x00,0x00,0x00,0x00,0x00,0x00,0x00,0x00,
    0x00,0x00,0x00,0x00,0x00,0x00,0x00,0x00,0x00,0x00,0x00,0x00,0x00,0x00,0x00,0x00,
    0x00,0x00,0x00,0x00,0x00,0x00,0x00,0x00,0x00,0x00,0x00,0x00,0x00,0x00,0x00,0x00,
    0x00,0x00,0x00,0x00,0x00,0x00,0x00,0x00,0x00,0x00,0x00,0x00,0x00,0x00,0x00,0x00,
    0x00,0x00,0x00,0x00,0x00,0x00,0x00,0x00,0x00,0x00,0x00,0x00,0x00,0x00,0x00,0x00,
    0x00,0x00,0x00,0x00,0x00,0x00,0x00,0x00,0x00,0x00,0x00,0x00,0x00,0x00,0x00,0x00,
    0x00,0x00,0x00,0x00,0x00,0x00,0x00,0x00,0x00,0x00,0x00,0x00,0x00,0x00,0x00,0x00,
    0x00,0x00,0x00,0x00,0x00,0x00,0x00,0x00,0x00,0x00,0x00,0x00,0x00,0x00,0x00,0x00,
    0x00,0x00,0x00,0x00,0x00,0x00,0x00,0x00,0x00,0x00,0x00,0x00,0x00,0x00,0x00,0x00,
    0x00,0x00,0x00,0x00,0x00,0x00,0x00,0x00,0x00,0x00,0x00,0x00,0x00,0x00,0x00,0x00,
    0x00,0x00,0x00,0x00,0x00,0x00,0x00,0x00,0x00,0x00,0x00,0x00,0x00,0x00,0x00,0x00,
    0x00,0x00,0x00,0x00,0x00,0x00,0x00,0x00,0x00,0x00,0x00,0x00,0x00,0x00,0x00,0x00,
    0x00,0x00,0x00,0x00,0x00,0x00,0x00,0x00,0x00,0x00,0x00,0x00,0x00,0x00,0x00,0x00,
    0x00,0x00,0x00,0x00,0x00,0x00,0x00,0x00,0x00,0x00,0x00,0x00,0x00,0x00,0x00,0x00,
    0x00,0x00,0x00,0x00,0x00,0x00,0x00,0x00,0x00,0x00,0x00,0x00,0x00,0x00,0x00,0x00,
    0x00,0x00,0x00,0x00,0x00,0x00,0x00,0x00,0x00,0x00,0x00,0x00,0x00,0x00,0x00,0x00,
    0x00,0x00,0x00,0x00,0x00,0x00,0x00,0x00,0x00,0x00,0x00,0x00,0x00,0x00,0x00,0x00,
    0x00,0x00,0x00,0x00,0x00,0x00,0x00,0x00,0x00,0x00,0x00,0x00,0x00,0x00,0x00,0x00,
    0x00,0x00,0x00,0x00,0x00,0x00,0x00,0x00,0x00,0x00,0x00,0x00,0x00,0x00,0x00,0x00,
    0x00,0x00,0x00,0x00,0x00,0x00,0x00,0x00,0x00,0x00,0x00,0x00,0x00,0x00,0x00,0x00,
    0x00,0x00,0x00,0x00,0x00,0x00,0x00,0x00,0x00,0x00,0x00,0x00,0x00,0x00,0x00,0x00,
    0x00,0x00,0x00,0x00,0x00,0x00,0x00,0x00,0x00,0x00,0x00,0x00,0x00,0x00,0x00,0x00,
    0x00,0x00,0x00,0x00,0x00,0x00,0x00,0x00,0x00,0x00,0x00,0x00,0x00,0x00,0x00,0x00,
    0x00,0x00,0x00,0x00,0x00,0x00,0x00,0x00,0x00,0x00,0x00,0x00,0x00,0x00,0x00,0x00,
    0x00,0x00,0x00,0x00,0x00,0x00,0x00,0x00,0x00,0x00,0x00,0x00,0x00,0x00,0x00,0x00,
    0x00,0x00,0x00,0x00,0x00,0x00,0x00,0x00,0x00,0x00,0x00,0x00,0x00,0x00,0x00,0x00,
    0x00,0x00,0x00,0x00,0x00,0x00,0x00,0x00,0x00,0x00,0x00,0x00,0x00,0x00,0x00,0x00,
    0x00,0x00,0x00,0x00,0x00,0x00,0x00,0x00,0x00,0x00,0x00,0x00,0x00,0x00,0x00,0x00,
    0x00,0x00,0x00,0x00,0x00,0x00,0x00,0x00,0x00,0x00,0x00,0x00,0x00,0x00,0x00,0x00,
    0x00,0x00,0x00,0x00,0x00,0x00,0x00,0x00,0x00,0x00,0x00,0x00,0x00,0x00,0x00,0x00,
    0x00,0x00,0x00,0x00,0x00,0x00,0x00,0x00,0x00,0x00,0x00,0x00,0x00,0x00,0x00,0x00,
    0x00,0x00,0x00,0x00,0x00,0x00,0x00,0x00,0x00,0x00,0x00,0x00,0x00,0x00,0x00,0x00,
    0x00,0x00,0x00,0x00,0x00,0x00,0x00,0x00,0x00,0x00,0x00,0x00,0x00,0x00,0x00,0x00,
    0x00,0x00,0x00,0x00,0x00,0x00,0x00,0x00,0x00,0x00,0x00,0x00,0x00,0x00,0x00,0x00,
    0x00,0x00,0x00,0x00,0x00,0x00,0x00,0x00,0x00,0x00,0x00,0x00,0x00,0x00,0x00,0x00,
    0x00,0x00,0x00,0x00,0x00,0x00,0x00,0x00,0x00,0x00,0x00,0x00,0x00,0x00,0x00,0x00,
    0x00,0x00,0x00,0x00,0x00,0x00,0x00,0x00,0x00,0x00,0x00,0x00,0x00,0x00,0x00,0x00,
    0x00,0x00,0x00,0x00,0x00,0x00,0x00,0x00,0x00,0x00,0x00,0x00,0x00,0x00,0x00,0x00,
    0x00,0x00,0x00,0x00,0x00,0x00,0x00,0x00,0x00,0x00,0x00,0x00,0x00,0x00,0x00,0x00,
    0x00,0x00,0x00,0x00,0x00,0x00,0x00,0x00,0x00,0x00,0x00,0x00,0x00,0x00,0x00,0x00,
    0x00,0x00,0x00,0x00,0x00,0x00,0x00,0x00,0x00,0x00,0x00,0x00,0x00,0x00,0x00,0x00,
    0x00,0x00,0x00,0x00,0x00,0x00,0x00,0x00,0x00,0x00,0x00,0x00,0x00,0x00,0x00,0x00,
    0x00,0x00,0x00,0x00,0x00,0x00,0x00,0x00,0x00,0x00,0x00,0x00,0x00,0x00,0x00,0x00,
    0x00,0x00,0x00,0x00,0x00,0x00,0x00,0x00,0x00,0x00,0x00,0x00,0x00,0x00,0x00,0x00,
    0x00,0x00,0x00,0x00,0x00,0x00,0x00,0x00,0x00,0x00,0x00,0x00,0x00,0x00,0x00,0x00,
    0x00,0x00,0x00,0x00,0x00,0x00,0x00,0x00,0x00,0x00,0x00,0x00,0x00,0x00,0x00,0x00,
    0x00,0x00,0x00,0x00,0x00,0x00,0x00,0x00,0x00,0x00,0x00,0x00,0x00,0x00,0x00,0x00,
    0x00,0x00,0x00,0x00,0x00,0x00,0x00,0x00,0x00,0x00,0x00,0x00,0x00,0x00,0x00,0x00,
    0x00,0x00,0x00,0x00,0x00,0x00,0x00,0x00,0x00,0x00,0x00,0x00,0x00,0x00,0x00,0x00,
    0x00,0x00,0x00,0x00,0x00,0x00,0x00,0x00,0x00,0x00,0x00,0x00,0x00,0x00,0x00,0x00,
    0x00,0x00,0x00,0x00,0x00,0x00,0x00,0x00,0x00,0x00,0x00,0x00,0x00,0x00,0x00,0x00,
    0x00,0x00,0x00,0x00,0x00,0x00,0x00,0x00,0x00,0x00,0x00,0x00,0x00,0x00,0x00,0x00,
    0x00,0x00,0x00,0x00,0x00,0x00,0x00,0x00,0x00,0x00,0x00,0x00,0x00,0x00,0x00,0x00,
    0x00,0x00,0x00,0x00,0x00,0x00,0x00,0x00,0x00,0x00,0x00,0x00,0x00,0x00,0x00,0x00,
    0x00,0x00,0x00,0x00,0x00,0x00,0x00,0x00,0x00,0x00,0x00,0x00,0x00,0x00,0x00,0x00,
    0x00,0x00,0x00,0x00,0x00,0x00,0x00,0x00,0x00,0x00,0x00,0x00,0x00,0x00,0x00,0x00,
    0x00,0x00,0x00,0x00,0x00,0x00,0x00,0x00,0x00,0x00,0x00,0x00,0x00,0x00,0x00,0x00,
    0x00,0x00,0x00,0x00,0x00,0x00,0x00,0x00,0x00,0x00,0x00,0x00,0x00,0x00,0x00,0x00,
    0x00,0x00,0x00,0x00,0x00,0x00,0x00,0x00,0x00,0x00,0x00,0x00,0x00,0x00,0x00,0x00,
    0x00,0x00,0x00,0x00,0x00,0x00,0x00,0x00,0x00,0x00,0x00,0x00,0x00,0x00,0x00,0x00,
    0x00,0x00,0x00,0x00,0x00,0x00,0x00,0x00,0x00,0x00,0x00,0x00,0x00,0x00,0x00,0x00,
    0x00,0x00,0x00,0x00,0x00,0x00,0x00,0x00,0x00,0x00,0x00,0x00,0x00,0x00,0x00,0x00,
    0x00,0x00,0x00,0x00,0x00,0x00,0x00,0x00,0x00,0x00,0x00,0x00,0x00,0x00,0x00,0x00,
    0x00,0x00,0x00,0x00,0x00,0x00,0x00,0x00,0x00,0x00,0x00,0x00,0x00,0x00,0x00,0x00,
    0x00,0x00,0x00,0x00,0x00,0x00,0x00,0x00,0x00,0x00,0x00,0x00,0x00,0x00,0x00,0x00,
    0x00,0x00,0x00,0x00,0x00,0x00,0x00,0x00,0x00,0x00,0x00,0x00,0x00,0x00,0x00,0x00,
    0x00,0x00,0x00,0x00,0x00,0x00,0x00,0x00,0x00,0x00,0x00,0x00,0x00,0x00,0x00,0x00,
    0x00,0x00,0x00,0x00,0x00,0x00,0x00,0x00,0x00,0x00,0x00,0x00,0x00,0x00,0x00,0x00,
    0x00,0x00,0x00,0x00,0x00,0x00,0x00,0x00,0x00,0x00,0x00,0x00,0x00,0x00,0x00,0x00,
    0x00,0x00,0x00,0x00,0x00,0x00,0x00,0x00,0x00,0x00,0x00,0x00,0x00,0x00,0x00,0x00,
    0x00,0x00,0x00,0x00,0x00,0x00,0x00,0x00,0x00,0x00,0x00,0x00,0x00,0x00,0x00,0x00,
    0x00,0x00,0x00,0x00,0x00,0x00,0x00,0x00,0x00,0x00,0x00,0x00,0x00,0x00,0x00,0x00,
    0x00,0x00,0x00,0x00,0x00,0x00,0x00,0x00,0x00,0x00,0x00,0x00,0x00,0x00,0x00,0x00,
    0x00,0x00,0x00,0x00,0x00,0x00,0x00,0x00,0x00,0x00,0x00,0x00,0x00,0x00,0x00,0x00,
    0x00,0x00,0x00,0x00,0x00,0x00,0x00,0x00,0x00,0x00,0x00,0x00,0x00,0x00,0x00,0x00,
    0x00,0x00,0x00,0x00,0x00,0x00,0x00,0x00,0x00,0x00,0x00,0x00,0x00,0x00,0x00,0x00,
    0x00,0x00,0x00,0x00,0x00,0x00,0x00,0x00,0x00,0x00,0x00,0x00,0x00,0x00,0x00,0x00,
    0x00,0x00,0x00,0x00,0x00,0x00,0x00,0x00,0x00,0x00,0x00,0x00,0x00,0x00,0x00,0x00,
    0x00,0x00,0x00,0x00,0x00,0x00,0x00,0x00,0x00,0x00,0x00,0x00,0x00,0x00,0x00,0x00,
    0x00,0x00,0x00,0x00,0x00,0x00,0x00,0x00,0x00,0x00,0x00,0x00,0x00,0x00,0x00,0x00,
    0x00,0x00,0x00,0x00,0x00,0x00,0x00,0x00,0x00,0x00,0x00,0x00,0x00,0x00,0x00,0x00,
    0x00,0x00,0x00,0x00,0x00,0x00,0x00,0x00,0x00,0x00,0x00,0x00,0x00,0x00,0x00,0x00,
    0x00,0x00,0x00,0x00,0x00,0x00,0x00,0x00,0x00,0x00,0x00,0x00,0x00,0x00,0x00,0x00,
    0x00,0x00,0x00,0x00,0x00,0x00,0x00,0x00,0x00,0x00,0x00,0x00,0x00,0x00,0x00,0x00,
    0x00,0x00,0x00,0x00,0x00,0x00,0x00,0x00,0x00,0x00,0x00,0x00,0x00,0x00,0x00,0x00,
    0x00,0x00,0x00,0x00,0x00,0x00,0x00,0x00,0x00,0x00,0x00,0x00,0x00,0x00,0x00,0x00,
    0x00,0x00,0x00,0x00,0x00,0x00,0x00,0x00,0x00,0x00,0x00,0x00,0x00,0x00,0x00,0x00,
    0x00,0x00,0x00,0x00,0x00,0x00,0x00,0x00,0x00,0x00,0x00,0x00,0x00,0x00,0x00,0x00,
    0x00,0x00,0x00,0x00,0x00,0x00,0x00,0x00,0x00,0x00,0x00,0x00,0x00,0x00,0x00,0x00,
    0x00,0x00,0x00,0x00,0x00,0x00,0x00,0x00,0x00,0x00,0x00,0x00,0x00,0x00,0x00,0x00,
    0x00,0x00,0x00,0x00,0x00,0x00,0x00,0x00,0x00,0x00,0x00,0x00,0x00,0x00,0x00,0x00,
    0x00,0x00,0x00,0x00,0x00,0x00,0x00,0x00,0x00,0x00,0x00,0x00,0x00,0x00,0x00,0x00,
    0x00,0x00,0x00,0x00,0x00,0x00,0x00,0x00,0x00,0x00,0x00,0x00,0x00,0x00,0x00,0x00,
    0x00,0x00,0x00,0x00,0x00,0x00,0x00,0x00,0x00,0x00,0x00,0x00,0x00,0x00,0x00,0x00,
    0x00,0x00,0x00,0x00,0x00,0x00,0x00,0x00,0x00,0x00,0x00,0x00,0x00,0x00,0x00,0x00,
    0x00,0x00,0x00,0x00,0x00,0x00,0x00,0x00,0x00,0x00,0x00,0x00,0x00,0x00,0x00,0x00,
    0x00,0x00,0x00,0x00,0x00,0x00,0x00,0x00,0x00,0x00,0x00,0x00,0x00,0x00,0x00,0x00,
    0x00,0x00,0x00,0x00,0x00,0x00,0x00,0x00,0x00,0x00,0x00,0x00,0x00,0x00,0x00,0x00,
    0x00,0x00,0x00,0x00,0x00,0x00,0x00,0x00,0x00,0x00,0x00,0x00,0x00,0x00,0x00,0x00,
    0x00,0x00,0x00,0x00,0x00,0x00,0x00,0x00,0x00,0x00,0x00,0x00,0x00,0x00,0x00,0x00,
    0x00,0x00,0x00,0x00,0x00,0x00,0x00,0x00,0x00,0x00,0x00,0x00,0x00,0x00,0x00,0x00,
    0x00,0x00,0x00,0x00,0x00,0x00,0x00,0x00,0x00,0x00,0x00,0x00,0x00,0x00,0x00,0x00,
    0x00,0x00,0x00,0x00,0x00,0x00,0x00,0x00,0x00,0x00,0x00,0x00,0x00,0x00,0x00,0x00,
    0x00,0x00,0x00,0x00,0x00,0x00,0x00,0x00,0x00,0x00,0x00,0x00,0x00,0x00,0x00,0x00,
    0x00,0x00,0x00,0x00,0x00,0x00,0x00,0x00,0x00,0x00,0x00,0x00,0x00,0x00,0x00,0x00,
    0x00,0x00,0x00,0x00,0x00,0x00,0x00,0x00,0x00,0x00,0x00,0x00,0x00,0x00,0x00,0x00,
    0x00,0x00,0x00,0x00,0x00,0x00,0x00,0x00,0x00,0x00,0x00,0x00,0x00,0x00,0x00,0x00,
    0x00,0x00,0x00,0x00,0x00,0x00,0x00,0x00,0x00,0x00,0x00,0x00,0x00,0x00,0x00,0x00,
    0x00,0x00,0x00,0x00,0x00,0x00,0x00,0x00,0x00,0x00,0x00,0x00,0x00,0x00,0x00,0x00,
    0x00,0x00,0x00,0x00,0x00,0x00,0x00,0x00,0x00,0x00,0x00,0x00,0x00,0x00,0x00,0x00,
    0x00,0x00,0x00,0x00,0x00,0x00,0x00,0x00,0x00,0x00,0x00,0x00,0x00,0x00,0x00,0x00,
    0x00,0x00,0x00,0x00,0x00,0x00,0x00,0x00,0x00,0x00,0x00,0x00,0x00,0x00,0x00,0x00,
    0x00,0x00,0x00,0x00,0x00,0x00,0x00,0x00,0x00,0x00,0x00,0x00,0x00,0x00,0x00,0x00,
    0x00,0x00,0x00,0x00,0x00,0x00,0x00,0x00,0x00,0x00,0x00,0x00,0x00,0x00,0x00,0x00,
    0x00,0x00,0x00,0x00,0x00,0x00,0x00,0x00,0x00,0x00,0x00,0x00,0x00,0x00,0x00,0x00,
    0x00,0x00,0x00,0x00,0x00,0x00,0x00,0x00,0x00,0x00,0x00,0x00,0x00,0x00,0x00,0x00,
    0x00,0x00,0x00,0x00,0x00,0x00,0x00,0x00,0x00,0x00,0x00,0x00,0x00,0x00,0x00,0x00,
    0x00,0x00,0x00,0x00,0x00,0x00,0x00,0x00,0x00,0x00,0x00,0x00,0x00,0x00,0x00,0x00,
    0x00,0x00,0x00,0x00,0x00,0x00,0x00,0x00,0x00,0x00,0x00,0x00,0x00,0x00,0x00,0x00,
    0x00,0x00,0x00,0x00,0x00,0x00,0x00,0x00,0x00,0x00,0x00,0x00,0x00,0x00,0x00,0x00,
    0x00,0x00,0x00,0x00,0x00,0x00,0x00,0x00,0x00,0x00,0x00,0x00,0x00,0x00,0x00,0x00,
    0x00,0x00,0x00,0x00,0x00,0x00,0x00,0x00,0x00,0x00,0x00,0x00,0x00,0x00,0x00,0x00,
    0x00,0x00,0x00,0x00,0x00,0x00,0x00,0x00,0x00,0x00,0x00,0x00,0x00,0x00,0x00,0x00,
    0x00,0x00,0x00,0x00,0x00,0x00,0x00,0x00,0x00,0x00,0x00,0x00,0x00,0x00,0x00,0x00,
    0x00,0x00,0x00,0x00,0x00,0x00,0x00,0x00,0x00,0x00,0x00,0x00,0x00,0x00,0x00,0x00,
    0x00,0x00,0x00,0x00,0x00,0x00,0x00,0x00,0x00,0x00,0x00,0x00,0x00,0x00,0x00,0x00,
    0x00,0x00,0x00,0x00,0x00,0x00,0x00,0x00,0x00,0x00,0x00,0x00,0x00,0x00,0x00,0x00,
    0x00,0x00,0x00,0x00,0x00,0x00,0x00,0x00,0x00,0x00,0x00,0x00,0x00,0x00,0x00,0x00,
    0x00,0x00,0x00,0x00,0x00,0x00,0x00,0x00,0x00,0x00,0x00,0x00,0x00,0x00,0x00,0x00,
    0x00,0x00,0x00,0x00,0x00,0x00,0x00,0x00,0x00,0x00,0x00,0x00,0x00,0x00,0x00,0x00,
    0x00,0x00,0x00,0x00,0x00,0x00,0x00,0x00,0x00,0x00,0x00,0x00,0x00,0x00,0x00,0x00,
    0x00,0x00,0x00,0x00,0x00,0x00,0x00,0x00,0x00,0x00,0x00,0x00,0x00,0x00,0x00,0x00,
    0x00,0x00,0x00,0x00,0x00,0x00,0x00,0x00,0x00,0x00,0x00,0x00,0x00,0x00,0x00,0x00,
    0x00,0x00,0x00,0x00,0x00,0x00,0x00,0x00,0x00,0x00,0x00,0x00,0x00,0x00,0x00,0x00,
    0x00,0x00,0x00,0x00,0x00,0x00,0x00,0x00,0x00,0x00,0x00,0x00,0x00,0x00,0x00,0x00,
    0x00,0x00,0x00,0x00,0x00,0x00,0x00,0x00,0x00,0x00,0x00,0x00,0x00,0x00,0x00,0x00,
    0x00,0x00,0x00,0x00,0x00,0x00,0x00,0x00,0x00,0x00,0x00,0x00,0x00,0x00,0x00,0x00,
    0x00,0x00,0x00,0x00,0x00,0x00,0x00,0x00,0x00,0x00,0x00,0x00,0x00,0x00,0x00,0x00,
    0x00,0x00,0x00,0x00,0x00,0x00,0x00,0x00,0x00,0x00,0x00,0x00,0x00,0x00,0x00,0x00,
    0x00,0x00,0x00,0x00,0x00,0x00,0x00,0x00,0x00,0x00,0x00,0x00,0x00,0x00,0x00,0x00,
    0x00,0x00,0x00,0x00,0x00,0x00,0x00,0x00,0x00,0x00,0x00,0x00,0x00,0x00,0x00,0x00,
    0x00,0x00,0x00,0x00,0x00,0x00,0x00,0x00,0x00,0x00,0x00,0x00,0x00,0x00,0x00,0x00,
    0x00,0x00,0x00,0x00,0x00,0x00,0x00,0x00,0x00,0x00,0x00,0x00,0x00,0x00,0x00,0x00,
    0x00,0x00,0x00,0x00,0x00,0x00,0x00,0x00,0x00,0x00,0x00,0x00,0x00,0x00,0x00,0x00,
    0x00,0x00,0x00,0x00,0x00,0x00,0x00,0x00,0x00,0x00,0x00,0x00,0x00,0x00,0x00,0x00,
    0x00,0x00,0x00,0x00,0x00,0x00,0x00,0x00,0x00,0x00,0x00,0x00,0x00,0x00,0x00,0x00,
    0x00,0x00,0x00,0x00,0x00,0x00,0x00,0x00,0x00,0x00,0x00,0x00,0x00,0x00,0x00,0x00,
    0x00,0x00,0x00,0x00,0x00,0x00,0x00,0x00,0x00,0x00,0x00,0x00,0x00,0x00,0x00,0x00,
    0x00,0x00,0x00,0x00,0x00,0x00,0x00,0x00,0x00,0x00,0x00,0x00,0x00,0x00,0x00,0x00,
    0x00,0x00,0x00,0x00,0x00,0x00,0x00,0x00,0x00,0x00,0x00,0x00,0x00,0x00,0x00,0x00,
    0x00,0x00,0x00,0x00,0x00,0x00,0x00,0x00,0x00,0x00,0x00,0x00,0x00,0x00,0x00,0x00,
    0x00,0x00,0x00,0x00,0x00,0x00,0x00,0x00,0x00,0x00,0x00,0x00,0x00,0x00,0x00,0x00,
    0x00,0x00,0x00,0x00,0x00,0x00,0x00,0x00,0x00,0x00,0x00,0x00,0x00,0x00,0x00,0x00,
    0x00,0x00,0x00,0x00,0x00,0x00,0x00,0x00,0x00,0x00,0x00,0x00,0x00,0x00,0x00,0x00,
    0x00,0x00,0x00,0x00,0x00,0x00,0x00,0x00,0x00,0x00,0x00,0x00,0x00,0x00,0x00,0x00,
    0x00,0x00,0x00,0x00,0x00,0x00,0x00,0x00,0x00,0x00,0x00,0x00,0x00,0x00,0x00,0x00,
    0x00,0x00,0x00,0x00,0x00,0x00,0x00,0x00,0x00,0x00,0x00,0x00,0x00,0x00,0x00,0x00,
    0x00,0x00,0x00,0x00,0x00,0x00,0x00,0x00,0x00,0x00,0x00,0x00,0x00,0x00,0x00,0x00,
    0x00,0x00,0x00,0x00,0x00,0x00,0x00,0x00,0x00,0x00,0x00,0x00,0x00,0x00,0x00,0x00,
    0x00,0x00,0x00,0x00,0x00,0x00,0x00,0x00,0x00,0x00,0x00,0x00,0x00,0x00,0x00,0x00,
    0x00,0x00,0x00,0x00,0x00,0x00,0x00,0x00,0x00,0x00,0x00,0x00,0x00,0x00,0x00,0x00,
    0x00,0x00,0x00,0x00,0x00,0x00,0x00,0x00,0x00,0x00,0x00,0x00,0x00,0x00,0x00,0x00,
    0x00,0x00,0x00,0x00,0x00,0x00,0x00,0x00,0x00,0x00,0x00,0x00,0x00,0x00,0x00,0x00,
    0x00,0x00,0x00,0x00,0x00,0x00,0x00,0x00,0x00,0x00,0x00,0x00,0x00,0x00,0x00,0x00,
    0x00,0x00,0x00,0x00,0x00,0x00,0x00,0x00,0x00,0x00,0x00,0x00,0x00,0x00,0x00,0x00,
    0x00,0x00,0x00,0x00,0x00,0x00,0x00,0x00,0x00,0x00,0x00,0x00,0x00,0x00,0x00,0x00,
    0x00,0x00,0x00,0x00,0x00,0x00,0x00,0x00,0x00,0x00,0x00,0x00,0x00,0x00,0x00,0x00,
    0x00,0x00,0x00,0x00,0x00,0x00,0x00,0x00,0x00,0x00,0x00,0x00,0x00,0x00,0x00,0x00,
    0x00,0x00,0x00,0x00,0x00,0x00,0x00,0x00,0x00,0x00,0x00,0x00,0x00,0x00,0x00,0x00,
    0x00,0x00,0x00,0x00,0x00,0x00,0x00,0x00,0x00,0x00,0x00,0x00,0x00,0x00,0x00,0x00,
    0x00,0x00,0x00,0x00,0x00,0x00,0x00,0x00,0x00,0x00,0x00,0x00,0x00,0x00,0x00,0x00,
    0x00,0x00,0x00,0x00,0x00,0x00,0x00,0x00,0x00,0x00,0x00,0x00,0x00,0x00,0x00,0x00,
    0x00,0x00,0x00,0x00,0x00,0x00,0x00,0x00,0x00,0x00,0x00,0x00,0x00,0x00,0x00,0x00,
    0x00,0x00,0x00,0x00,0x00,0x00,0x00,0x00,0x00,0x00,0x00,0x00,0x00,0x00,0x00,0x00,
    0x00,0x00,0x00,0x00,0x00,0x00,0x00,0x00,0x00,0x00,0x00,0x00,0x00,0x00,0x00,0x00,
    0x00,0x00,0x00,0x00,0x00,0x00,0x00,0x00,0x00,0x00,0x00,0x00,0x00,0x00,0x00,0x00,
    0x00,0x00,0x00,0x00,0x00,0x00,0x00,0x00,0x00,0x00,0x00,0x00,0x00,0x00,0x00,0x00,
    0x00,0x00,0x00,0x00,0x00,0x00,0x00,0x00,0x00,0x00,0x00,0x00,0x00,0x00,0x00,0x00,
    0x00,0x00,0x00,0x00,0x00,0x00,0x00,0x00,0x00,0x00,0x00,0x00,0x00,0x00,0x00,0x00,
    0x00,0x00,0x00,0x00,0x00,0x00,0x00,0x00,0x00,0x00,0x00,0x00,0x00,0x00,0x00,0x00,
    0x00,0x00,0x00,0x00,0x00,0x00,0x00,0x00,0x00,0x00,0x00,0x00,0x00,0x00,0x00,0x00,
    0x00,0x00,0x00,0x00,0x00,0x00,0x00,0x00,0x00,0x00,0x00,0x00,0x00,0x00,0x00,0x00,
    0x00,0x00,0x00,0x00,0x00,0x00,0x00,0x00,0x00,0x00,0x00,0x00,0x00,0x00,0x00,0x00,
    0x00,0x00,0x00,0x00,0x00,0x00,0x00,0x00,0x00,0x00,0x00,0x00,0x00,0x00,0x00,0x00,
    0x00,0x00,0x00,0x00,0x00,0x00,0x00,0x00,0x00,0x00,0x00,0x00,0x00,0x00,0x00,0x00,
    0x00,0x00,0x00,0x00,0x00,0x00,0x00,0x00,0x00,0x00,0x00,0x00,0x00,0x00,0x00,0x00,
    0x00,0x00,0x00,0x00,0x00,0x00,0x00,0x00,0x00,0x00,0x00,0x00,0x00,0x00,0x00,0x00,
    0x00,0x00,0x00,0x00,0x00,0x00,0x00,0x00,0x00,0x00,0x00,0x00,0x00,0x00,0x00,0x00,
    0x00,0x00,0x00,0x00,0x00,0x00,0x00,0x00,0x00,0x00,0x00,0x00,0x00,0x00,0x00,0x00,
    0x00,0x00,0x00,0x00,0x00,0x00,0x00,0x00,0x00,0x00,0x00,0x00,0x00,0x00,0x00,0x00,
    0x00,0x00,0x00,0x00,0x00,0x00,0x00,0x00,0x00,0x00,0x00,0x00,0x00,0x00,0x00,0x00,
    0x00,0x00,0x00,0x00,0x00,0x00,0x00,0x00,0x00,0x00,0x00,0x00,0x00,0x00,0x00,0x00,
    0x00,0x00,0x00,0x00,0x00,0x00,0x00,0x00,0x00,0x00,0x00,0x00,0x00,0x00,0x00,0x00,
    0x00,0x00,0x00,0x00,0x00,0x00,0x00,0x00,0x00,0x00,0x00,0x00,0x00,0x00,0x00,0x00,
    0x00,0x00,0x00,0x00,0x00,0x00,0x00,0x00,0x00,0x00,0x00,0x00,0x00,0x00,0x00,0x00,
    0x00,0x00,0x00,0x00,0x00,0x00,0x00,0x00,0x00,0x00,0x00,0x00,0x00,0x00,0x00,0x00,
    0x00,0x00,0x00,0x00,0x00,0x00,0x00,0x00,0x00,0x00,0x00,0x00,0x00,0x00,0x00,0x00,
    0x00,0x00,0x00,0x00,0x00,0x00,0x00,0x00,0x00,0x00,0x00,0x00,0x00,0x00,0x00,0x00,
    0x00,0x00,0x00,0x00,0x00,0x00,0x00,0x00,0x00,0x00,0x00,0x00,0x00,0x00,0x00,0x00,
    0x00,0x00,0x00,0x00,0x00,0x00,0x00,0x00,0x00,0x00,0x00,0x00,0x00,0x00,0x00,0x00,
    0x00,0x00,0x00,0x00,0x00,0x00,0x00,0x00,0x00,0x00,0x00,0x00,0x00,0x00,0x00,0x00,
    0x00,0x00,0x00,0x00,0x00,0x00,0x00,0x00,0x00,0x00,0x00,0x00,0x00,0x00,0x00,0x00,
    0x00,0x00,0x00,0x00,0x00,0x00,0x00,0x00,0x00,0x00,0x00,0x00,0x00,0x00,0x00,0x00,
    0x00,0x00,0x00,0x00,0x00,0x00,0x00,0x00,0x00,0x00,0x00,0x00,0x00,0x00,0x00,0x00,
    0x00,0x00,0x00,0x00,0x00,0x00,0x00,0x00,0x00,0x00,0x00,0x00,0x00,0x00,0x00,0x00,
    0x00,0x00,0x00,0x00,0x00,0x00,0x00,0x00,0x00,0x00,0x00,0x00,0x00,0x00,0x00,0x00,
    0x00,0x00,0x00,0x00,0x00,0x00,0x00,0x00,0x00,0x00,0x00,0x00,0x00,0x00,0x00,0x00,
    0x00,0x00,0x00,0x00,0x00,0x00,0x00,0x00,0x00,0x00,0x00,0x00,0x00,0x00,0x00,0x00,
    0x00,0x00,0x00,0x00,0x00,0x00,0x00,0x00,0x00,0x00,0x00,0x00,0x00,0x00,0x00,0x00,
    0x00,0x00,0x00,0x00,0x00,0x00,0x00,0x00,0x00,0x00,0x00,0x00,0x00,0x00,0x00,0x00,
    0x00,0x00,0x00,0x00,0x00,0x00,0x00,0x00,0x00,0x00,0x00,0x00,0x00,0x00,0x00,0x00,
    0x00,0x00,0x00,0x00,0x00,0x00,0x00,0x00,0x00,0x00,0x00,0x00,0x00,0x00,0x00,0x00,
    0x00,0x00,0x00,0x00,0x00,0x00,0x00,0x00,0x00,0x00,0x00,0x00,0x00,0x00,0x00,0x00,
    0x00,0x00,0x00,0x00,0x00,0x00,0x00,0x00,0x00,0x00,0x00,0x00,0x00,0x00,0x00,0x00,
    0x00,0x00,0x00,0x00,0x00,0x00,0x00,0x00,0x00,0x00,0x00,0x00,0x00,0x00,0x00,0x00,
    0x00,0x00,0x00,0x00,0x00,0x00,0x00,0x00,0x00,0x00,0x00,0x00,0x00,0x00,0x00,0x00,
    0x00,0x00,0x00,0x00,0x00,0x00,0x00,0x00,0x00,0x00,0x00,0x00,0x00,0x00,0x00,0x00,
    0x00,0x00,0x00,0x00,0x00,0x00,0x00,0x00,0x00,0x00,0x00,0x00,0x00,0x00,0x00,0x00,
    0x00,0x00,0x00,0x00,0x00,0x00,0x00,0x00,0x00,0x00,0x00,0x00,0x00,0x00,0x00,0x00,
    0x00,0x00,0x00,0x00,0x00,0x00,0x00,0x00,0x00,0x00,0x00,0x00,0x00,0x00,0x00,0x00,
    0x00,0x00,0x00,0x00,0x00,0x00,0x00,0x00,0x00,0x00,0x00,0x00,0x00,0x00,0x00,0x00,
    0x00,0x00,0x00,0x00,0x00,0x00,0x00,0x00,0x00,0x00,0x00,0x00,0x00,0x00,0x00,0x00,
    0x00,0x00,0x00,0x00,0x00,0x00,0x00,0x00,0x00,0x00,0x00,0x00,0x00,0x00,0x00,0x00,
    0x00,0x00,0x00,0x00,0x00,0x00,0x00,0x00,0x00,0x00,0x00,0x00,0x00,0x00,0x00,0x00,
    0x00,0x00,0x00,0x00,0x00,0x00,0x00,0x00,0x00,0x00,0x00,0x00,0x00,0x00,0x00,0x00,
    0x00,0x00,0x00,0x00,0x00,0x00,0x00,0x00,0x00,0x00,0x00,0x00,0x00,0x00,0x00,0x00,
    0x00,0x00,0x00,0x00,0x00,0x00,0x00,0x00,0x00,0x00,0x00,0x00,0x00,0x00,0x00,0x00,
    0x00,0x00,0x00,0x00,0x00,0x00,0x00,0x00,0x00,0x00,0x00,0x00,0x00,0x00,0x00,0x00,
    0x00,0x00,0x00,0x00,0x00,0x00,0x00,0x00,0x00,0x00,0x00,0x00,0x00,0x00,0x00,0x00,
    0x00,0x00,0x00,0x00,0x00,0x00,0x00,0x00,0x00,0x00,0x00,0x00,0x00,0x00,0x00,0x00,
    0x00,0x00,0x00,0x00,0x00,0x00,0x00,0x00,0x00,0x00,0x00,0x00,0x00,0x00,0x00,0x00,
    0x00,0x00,0x00,0x00,0x00,0x00,0x00,0x00,0x00,0x00,0x00,0x00,0x00,0x00,0x00,0x00,
    0x00,0x00,0x00,0x00,0x00,0x00,0x00,0x00,0x00,0x00,0x00,0x00,0x00,0x00,0x00,0x00,
    0x00,0x00,0x00,0x00,0x00,0x00,0x00,0x00,0x00,0x00,0x00,0x00,0x00,0x00,0x00,0x00,
    0x00,0x00,0x00,0x00,0x00,0x00,0x00,0x00,0x00,0x00,0x00,0x00,0x00,0x00,0x00,0x00,
    0x00,0x00,0x00,0x00,0x00,0x00,0x00,0x00,0x00,0x00,0x00,0x00,0x00,0x00,0x00,0x00,
    0x00,0x00,0x00,0x00,0x00,0x00,0x00,0x00,0x00,0x00,0x00,0x00,0x00,0x00,0x00,0x00,
    0x00,0x00,0x00,0x00,0x00,0x00,0x00,0x00,0x00,0x00,0x00,0x00,0x00,0x00,0x00,0x00,
    0x00,0x00,0x00,0x00,0x00,0x00,0x00,0x00,0x00,0x00,0x00,0x00,0x00,0x00,0x00,0x00,
    0x00,0x00,0x00,0x00,0x00,0x00,0x00,0x00,0x00,0x00,0x00,0x00,0x00,0x00,0x00,0x00,
    0x00,0x00,0x00,0x00,0x00,0x00,0x00,0x00,0x00,0x00,0x00,0x00,0x00,0x00,0x00,0x00,
    0x00,0x00,0x00,0x00,0x00,0x00,0x00,0x00,0x00,0x00,0x00,0x00,0x00,0x00,0x00,0x00,
    0x00,0x00,0x00,0x00,0x00,0x00,0x00,0x00,0x00,0x00,0x00,0x00,0x00,0x00,0x00,0x00,
    0x00,0x00,0x00,0x00,0x00,0x00,0x00,0x00,0x00,0x00,0x00,0x00,0x00,0x00,0x00,0x00,
    0x00,0x00,0x00,0x00,0x00,0x00,0x00,0x00,0x00,0x00,0x00,0x00,0x00,0x00,0x00,0x00,
    0x00,0x00,0x00,0x00,0x00,0x00,0x00,0x00,0x00,0x00,0x00,0x00,0x00,0x00,0x00,0x00,
    0x00,0x00,0x00,0x00,0x00,0x00,0x00,0x00,0x00,0x00,0x00,0x00,0x00,0x00,0x00,0x00,
    0x00,0x00,0x00,0x00,0x00,0x00,0x00,0x00,0x00,0x00,0x00,0x00,0x00,0x00,0x00,0x00,
    0x00,0x00,0x00,0x00,0x00,0x00,0x00,0x00,0x00,0x00,0x00,0x00,0x00,0x00,0x00,0x00,
    0x00,0x00,0x00,0x00,0x00,0x00,0x00,0x00,0x00,0x00,0x00,0x00,0x00,0x00,0x00,0x00,
    0x00,0x00,0x00,0x00,0x00,0x00,0x00,0x00,0x00,0x00,0x00,0x00,0x00,0x00,0x00,0x00,
    0x00,0x00,0x00,0x00,0x00,0x00,0x00,0x00,0x00,0x00,0x00,0x00,0x00,0x00,0x00,0x00,
    0x00,0x00,0x00,0x00,0x00,0x00,0x00,0x00,0x00,0x00,0x00,0x00,0x00,0x00,0x00,0x00,
    0x00,0x00,0x00,0x00,0x00,0x00,0x00,0x00,0x00,0x00,0x00,0x00,0x00,0x00,0x00,0x00,
    0x00,0x00,0x00,0x00,0x00,0x00,0x00,0x00,0x00,0x00,0x00,0x00,0x00,0x00,0x00,0x00,
    0x00,0x00,0x00,0x00,0x00,0x00,0x00,0x00,0x00,0x00,0x00,0x00,0x00,0x00,0x00,0x00,
    0x00,0x00,0x00,0x00,0x00,0x00,0x00,0x00,0x00,0x00,0x00,0x00,0x00,0x00,0x00,0x00,
    0x00,0x00,0x00,0x00,0x00,0x00,0x00,0x00,0x00,0x00,0x00,0x00,0x00,0x00,0x00,0x00,
    0x00,0x00,0x00,0x00,0x00,0x00,0x00,0x00,0x00,0x00,0x00,0x00,0x00,0x00,0x00,0x00,
    0x00,0x00,0x00,0x00,0x00,0x00,0x00,0x00,0x00,0x00,0x00,0x00,0x00,0x00,0x00,0x00,
    0x00,0x00,0x00,0x00,0x00,0x00,0x00,0x00,0x00,0x00,0x00,0x00,0x00,0x00,0x00,0x00,
    0x00,0x00,0x00,0x00,0x00,0x00,0x00,0x00,0x00,0x00,0x00,0x00,0x00,0x00,0x00,0x00,
    0x00,0x00,0x00,0x00,0x00,0x00,0x00,0x00,0x00,0x00,0x00,0x00,0x00,0x00,0x00,0x00,
    0x00,0x00,0x00,0x00,0x00,0x00,0x00,0x00,0x00,0x00,0x00,0x00,0x00,0x00,0x00,0x00,
    0x00,0x00,0x00,0x00,0x00,0x00,0x00,0x00,0x00,0x00,0x00,0x00,0x00,0x00,0x00,0x00,
    0x00,0x00,0x00,0x00,0x00,0x00,0x00,0x00,0x00,0x00,0x00,0x00,0x00,0x00,0x00,0x00,
    0x00,0x00,0x00,0x00,0x00,0x00,0x00,0x00,0x00,0x00,0x00,0x00,0x00,0x00,0x00,0x00,
    0x00,0x00,0x00,0x00,0x00,0x00,0x00,0x00,0x00,0x00,0x00,0x00,0x00,0x00,0x00,0x00,
    0x00,0x00,0x00,0x00,0x00,0x00,0x00,0x00,0x00,0x00,0x00,0x00,0x00,0x00,0x00,0x00,
    0x00,0x00,0x00,0x00,0x00,0x00,0x00,0x00,0x00,0x00,0x00,0x00,0x00,0x00,0x00,0x00,
    0x00,0x00,0x00,0x00,0x00,0x00,0x00,0x00,0x00,0x00,0x00,0x00,0x00,0x00,0x00,0x00,
    0x00,0x00,0x00,0x00,0x00,0x00,0x00,0x00,0x00,0x00,0x00,0x00,0x00,0x00,0x00,0x00,
    0x00,0x00,0x00,0x00,0x00,0x00,0x00,0x00,0x00,0x00,0x00,0x00,0x00,0x00,0x00,0x00,
    0x00,0x00,0x00,0x00,0x00,0x00,0x00,0x00,0x00,0x00,0x00,0x00,0x00,0x00,0x00,0x00,
    0x00,0x00,0x00,0x00,0x00,0x00,0x00,0x00,0x00,0x00,0x00,0x00,0x00,0x00,0x00,0x00,
    0x00,0x00,0x00,0x00,0x00,0x00,0x00,0x00,0x00,0x00,0x00,0x00,0x00,0x00,0x00,0x00,
    0x00,0x00,0x00,0x00,0x00,0x00,0x00,0x00,0x00,0x00,0x00,0x00,0x00,0x00,0x00,0x00,
    0x00,0x00,0x00,0x00,0x00,0x00,0x00,0x00,0x00,0x00,0x00,0x00,0x00,0x00,0x00,0x00,
    0x00,0x00,0x00,0x00,0x00,0x00,0x00,0x00,0x00,0x00,0x00,0x00,0x00,0x00,0x00,0x00,
    0x00,0x00,0x00,0x00,0x00,0x00,0x00,0x00,0x00,0x00,0x00,0x00,0x00,0x00,0x00,0x00,
    0x00,0x00,0x00,0x00,0x00,0x00,0x00,0x00,0x00,0x00,0x00,0x00,0x00,0x00,0x00,0x00,
    0x00,0x00,0x00,0x00,0x00,0x00,0x00,0x00,0x00,0x00,0x00,0x00,0x00,0x00,0x00,0x00,
    0x00,0x00,0x00,0x00,0x00,0x00,0x00,0x00,0x00,0x00,0x00,0x00,0x00,0x00,0x00,0x00,
    0x00,0x00,0x00,0x00,0x00,0x00,0x00,0x00,0x00,0x00,0x00,0x00,0x00,0x00,0x00,0x00,
    0x00,0x00,0x00,0x00,0x00,0x00,0x00,0x00,0x00,0x00,0x00,0x00,0x00,0x00,0x00,0x00,
    0x00,0x00,0x00,0x00,0x00,0x00,0x00,0x00,0x00,0x00,0x00,0x00,0x00,0x00,0x00,0x00,
    0x00,0x00,0x00,0x00,0x00,0x00,0x00,0x00,0x00,0x00,0x00,0x00,0x00,0x00,0x00,0x00,
    0x00,0x00,0x00,0x00,0x00,0x00,0x00,0x00,0x00,0x00,0x00,0x00,0x00,0x00,0x00,0x00,
    0x00,0x00,0x00,0x00,0x00,0x00,0x00,0x00,0x00,0x00,0x00,0x00,0x00,0x00,0x00,0x00,
    0x00,0x00,0x00,0x00,0x00,0x00,0x00,0x00,0x00,0x00,0x00,0x00,0x00,0x00,0x00,0x00,
    0x00,0x00,0x00,0x00,0x00,0x00,0x00,0x00,0x00,0x00,0x00,0x00,0x00,0x00,0x00,0x00,
    0x00,0x00,0x00,0x00,0x00,0x00,0x00,0x00,0x00,0x00,0x00,0x00,0x00,0x00,0x00,0x00,
    0x00,0x00,0x00,0x00,0x00,0x00,0x00,0x00,0x00,0x00,0x00,0x00,0x00,0x00,0x00,0x00,
    0x00,0x00,0x00,0x00,0x00,0x00,0x00,0x00,0x00,0x00,0x00,0x00,0x00,0x00,0x00,0x00,
    0x00,0x00,0x00,0x00,0x00,0x00,0x00,0x00,0x00,0x00,0x00,0x00,0x00,0x00,0x00,0x00,
    0x00,0x00,0x00,0x00,0x00,0x00,0x00,0x00,0x00,0x00,0x00,0x00,0x00,0x00,0x00,0x00,
    0x00,0x00,0x00,0x00,0x00,0x00,0x00,0x00,0x00,0x00,0x00,0x00,0x00,0x00,0x00,0x00,
    0x00,0x00,0x00,0x00,0x00,0x00,0x00,0x00,0x00,0x00,0x00,0x00,0x00,0x00,0x00,0x00,
    0x00,0x00,0x00,0x00,0x00,0x00,0x00,0x00,0x00,0x00,0x00,0x00,0x00,0x00,0x00,0x00,
    0x00,0x00,0x00,0x00,0x00,0x00,0x00,0x00,0x00,0x00,0x00,0x00,0x00,0x00,0x00,0x00,
    0x00,0x00,0x00,0x00,0x00,0x00,0x00,0x00,0x00,0x00,0x00,0x00,0x00,0x00,0x00,0x00,
    0x00,0x00,0x00,0x00,0x00,0x00,0x00,0x00,0x00,0x00,0x00,0x00,0x00,0x00,0x00,0x00,
    0x00,0x00,0x00,0x00,0x00,0x00,0x00,0x00,0x00,0x00,0x00,0x00,0x00,0x00,0x00,0x00,
    0x00,0x00,0x00,0x00,0x00,0x00,0x00,0x00,0x00,0x00,0x00,0x00,0x00,0x00,0x00,0x00,
    0x00,0x00,0x00,0x00,0x00,0x00,0x00,0x00,0x00,0x00,0x00,0x00,0x00,0x00,0x00,0x00,
    0x00,0x00,0x00,0x00,0x00,0x00,0x00,0x00,0x00,0x00,0x00,0x00,0x00,0x00,0x00,0x00,
    0x00,0x00,0x00,0x00,0x00,0x00,0x00,0x00,0x00,0x00,0x00,0x00,0x00,0x00,0x00,0x00,
    0x00,0x00,0x00,0x00,0x00,0x00,0x00,0x00,0x00,0x00,0x00,0x00,0x00,0x00,0x00,0x00,
    0x00,0x00,0x00,0x00,0x00,0x00,0x00,0x00,0x00,0x00,0x00,0x00,0x00,0x00,0x00,0x00,
    0x00,0x00,0x00,0x00,0x00,0x00,0x00,0x00,0x00,0x00,0x00,0x00,0x00,0x00,0x00,0x00,
    0x00,0x00,0x00,0x00,0x00,0x00,0x00,0x00,0x00,0x00,0x00,0x00,0x00,0x00,0x00,0x00,
    0x00,0x00,0x00,0x00,0x00,0x00,0x00,0x00,0x00,0x00,0x00,0x00,0x00,0x00,0x00,0x00,
    0x00,0x00,0x00,0x00,0x00,0x00,0x00,0x00,0x00,0x00,0x00,0x00,0x00,0x00,0x00,0x00,
    0x00,0x00,0x00,0x00,0x00,0x00,0x00,0x00,0x00,0x00,0x00,0x00,0x00,0x00,0x00,0x00,
    0x00,0x00,0x00,0x00,0x00,0x00,0x00,0x00,0x00,0x00,0x00,0x00,0x00,0x00,0x00,0x00,
    0x00,0x00,0x00,0x00,0x00,0x00,0x00,0x00,0x00,0x00,0x00,0x00,0x00,0x00,0x00,0x00,
    0x00,0x00,0x00,0x00,0x00,0x00,0x00,0x00,0x00,0x00,0x00,0x00,0x00,0x00,0x00,0x00,
    0x00,0x00,0x00,0x00,0x00,0x00,0x00,0x00,0x00,0x00,0x00,0x00,0x00,0x00,0x00,0x00,
    0x00,0x00,0x00,0x00,0x00,0x00,0x00,0x00,0x00,0x00,0x00,0x00,0x00,0x00,0x00,0x00,
    0x00,0x00,0x00,0x00,0x00,0x00,0x00,0x00,0x00,0x00,0x00,0x00,0x00,0x00,0x00,0x00,
    0x00,0x00,0x00,0x00,0x00,0x00,0x00,0x00,0x00,0x00,0x00,0x00,0x00,0x00,0x00,0x00,
    0x00,0x00,0x00,0x00,0x00,0x00,0x00,0x00,0x00,0x00,0x00,0x00,0x00,0x00,0x00,0x00,
    0x00,0x00,0x00,0x00,0x00,0x00,0x00,0x00,0x00,0x00,0x00,0x00,0x00,0x00,0x00,0x00,
    0x00,0x00,0x00,0x00,0x00,0x00,0x00,0x00,0x00,0x00,0x00,0x00,0x00,0x00,0x00,0x00,
    0x00,0x00,0x00,0x00,0x00,0x00,0x00,0x00,0x00,0x00,0x00,0x00,0x00,0x00,0x00,0x00,
    0x00,0x00,0x00,0x00,0x00,0x00,0x00,0x00,0x00,0x00,0x00,0x00,0x00,0x00,0x00,0x00,
    0x00,0x00,0x00,0x00,0x00,0x00,0x00,0x00,0x00,0x00,0x00,0x00,0x00,0x00,0x00,0x00,
    0x00,0x00,0x00,0x00,0x00,0x00,0x00,0x00,0x00,0x00,0x00,0x00,0x00,0x00,0x00,0x00,
    0x00,0x00,0x00,0x00,0x00,0x00,0x00,0x00,0x00,0x00,0x00,0x00,0x00,0x00,0x00,0x00,
    0x00,0x00,0x00,0x00,0x00,0x00,0x00,0x00,0x00,0x00,0x00,0x00,0x00,0x00,0x00,0x00,
    0x00,0x00,0x00,0x00,0x00,0x00,0x00,0x00,0x00,0x00,0x00,0x00,0x00,0x00,0x00,0x00,
    0x00,0x00,0x00,0x00,0x00,0x00,0x00,0x00,0x00,0x00,0x00,0x00,0x00,0x00,0x00,0x00,
    0x00,0x00,0x00,0x00,0x00,0x00,0x00,0x00,0x00,0x00,0x00,0x00,0x00,0x00,0x00,0x00,
    0x00,0x00,0x00,0x00,0x00,0x00,0x00,0x00,0x00,0x00,0x00,0x00,0x00,0x00,0x00,0x00,
    0x00,0x00,0x00,0x00,0x00,0x00,0x00,0x00,0x00,0x00,0x00,0x00,0x00,0x00,0x00,0x00,
    0x00,0x00,0x00,0x00,0x00,0x00,0x00,0x00,0x00,0x00,0x00,0x00,0x00,0x00,0x00,0x00,
    0x00,0x00,0x00,0x00,0x00,0x00,0x00,0x00,0x00,0x00,0x00,0x00,0x00,0x00,0x00,0x00,
    0x00,0x00,0x00,0x00,0x00,0x00,0x00,0x00,0x00,0x00,0x00,0x00,0x00,0x00,0x00,0x00,
    0x00,0x00,0x00,0x00,0x00,0x00,0x00,0x00,0x00,0x00,0x00,0x00,0x00,0x00,0x00,0x00,
    0x00,0x00,0x00,0x00,0x00,0x00,0x00,0x00,0x00,0x00,0x00,0x00,0x00,0x00,0x00,0x00,
    0x00,0x00,0x00,0x00,0x00,0x00,0x00,0x00,0x00,0x00,0x00,0x00,0x00,0x00,0x00,0x00,
    0x00,0x00,0x00,0x00,0x00,0x00,0x00,0x00,0x00,0x00,0x00,0x00,0x00,0x00,0x00,0x00,
    0x00,0x00,0x00,0x00,0x00,0x00,0x00,0x00,0x00,0x00,0x00,0x00,0x00,0x00,0x00,0x00,
    0x00,0x00,0x00,0x00,0x00,0x00,0x00,0x00,0x00,0x00,0x00,0x00,0x00,0x00,0x00,0x00,
    0x00,0x00,0x00,0x00,0x00,0x00,0x00,0x00,0x00,0x00,0x00,0x00,0x00,0x00,0x00,0x00,
    0x00,0x00,0x00,0x00,0x00,0x00,0x00,0x00,0x00,0x00,0x00,0x00,0x00,0x00,0x00,0x00,
    0x00,0x00,0x00,0x00,0x00,0x00,0x00,0x00,0x00,0x00,0x00,0x00,0x00,0x00,0x00,0x00,
    0x00,0x00,0x00,0x00,0x00,0x00,0x00,0x00,0x00,0x00,0x00,0x00,0x00,0x00,0x00,0x00,
    0x00,0x00,0x00,0x00,0x00,0x00,0x00,0x00,0x00,0x00,0x00,0x00,0x00,0x00,0x00,0x00,
    0x00,0x00,0x00,0x00,0x00,0x00,0x00,0x00,0x00,0x00,0x00,0x00,0x00,0x00,0x00,0x00,
    0x00,0x00,0x00,0x00,0x00,0x00,0x00,0x00,0x00,0x00,0x00,0x00,0x00,0x00,0x00,0x00,
    0x00,0x00,0x00,0x00,0x00,0x00,0x00,0x00,0x00,0x00,0x00,0x00,0x00,0x00,0x00,0x00,
    0x00,0x00,0x00,0x00,0x00,0x00,0x00,0x00,0x00,0x00,0x00,0x00,0x00,0x00,0x00,0x00,
    0x00,0x00,0x00,0x00,0x00,0x00,0x00,0x00,0x00,0x00,0x00,0x00,0x00,0x00,0x00,0x00,
    0x00,0x00,0x00,0x00,0x00,0x00,0x00,0x00,0x00,0x00,0x00,0x00,0x00,0x00,0x00,0x00,
    0x00,0x00,0x00,0x00,0x00,0x00,0x00,0x00,0x00,0x00,0x00,0x00,0x00,0x00,0x00,0x00,
    0x00,0x00,0x00,0x00,0x00,0x00,0x00,0x00,0x00,0x00,0x00,0x00,0x00,0x00,0x00,0x00,
    0x00,0x00,0x00,0x00,0x00,0x00,0x00,0x00,0x00,0x00,0x00,0x00,0x00,0x00,0x00,0x00,
    0x00,0x00,0x00,0x00,0x00,0x00,0x00,0x00,0x00,0x00,0x00,0x00,0x00,0x00,0x00,0x00,
    0x00,0x00,0x00,0x00,0x00,0x00,0x00,0x00,0x00,0x00,0x00,0x00,0x00,0x00,0x00,0x00,
    0x00,0x00,0x00,0x00,0x00,0x00,0x00,0x00,0x00,0x00,0x00,0x00,0x00,0x00,0x00,0x00,
    0x00,0x00,0x00,0x00,0x00,0x00,0x00,0x00,0x00,0x00,0x00,0x00,0x00,0x00,0x00,0x00,
    0x00,0x00,0x00,0x00,0x00,0x00,0x00,0x00,0x00,0x00,0x00,0x00,0x00,0x00,0x00,0x00,
    0x00,0x00,0x00,0x00,0x00,0x00,0x00,0x00,0x00,0x00,0x00,0x00,0x00,0x00,0x00,0x00,
    0x00,0x00,0x00,0x00,0x00,0x00,0x00,0x00,0x00,0x00,0x00,0x00,0x00,0x00,0x00,0x00,
    0x00,0x00,0x00,0x00,0x00,0x00,0x00,0x00,0x00,0x00,0x00,0x00,0x00,0x00,0x00,0x00,
    0x00,0x00,0x00,0x00,0x00,0x00,0x00,0x00,0x00,0x00,0x00,0x00,0x00,0x00,0x00,0x00,
    0x00,0x00,0x00,0x00,0x00,0x00,0x00,0x00,0x00,0x00,0x00,0x00,0x00,0x00,0x00,0x00,
    0x00,0x00,0x00,0x00,0x00,0x00,0x00,0x00,0x00,0x00,0x00,0x00,0x00,0x00,0x00,0x00,
    0x00,0x00,0x00,0x00,0x00,0x00,0x00,0x00,0x00,0x00,0x00,0x00,0x00,0x00,0x00,0x00,
    0x00,0x00,0x00,0x00,0x00,0x00,0x00,0x00,0x00,0x00,0x00,0x00,0x00,0x00,0x00,0x00,
    0x00,0x00,0x00,0x00,0x00,0x00,0x00,0x00,0x00,0x00,0x00,0x00,0x00,0x00,0x00,0x00,
    0x00,0x00,0x00,0x00,0x00,0x00,0x00,0x00,0x00,0x00,0x00,0x00,0x00,0x00,0x00,0x00,
    0x00,0x00,0x00,0x00,0x00,0x00,0x00,0x00,0x00,0x00,0x00,0x00,0x00,0x00,0x00,0x00,
    0x00,0x00,0x00,0x00,0x00,0x00,0x00,0x00,0x00,0x00,0x00,0x00,0x00,0x00,0x00,0x00,
    0x00,0x00,0x00,0x00,0x00,0x00,0x00,0x00,0x00,0x00,0x00,0x00,0x00,0x00,0x00,0x00,
    0x00,0x00,0x00,0x00,0x00,0x00,0x00,0x00,0x00,0x00,0x00,0x00,0x00,0x00,0x00,0x00,
    0x00,0x00,0x00,0x00,0x00,0x00,0x00,0x00,0x00,0x00,0x00,0x00,0x00,0x00,0x00,0x00,
    0x00,0x00,0x00,0x00,0x00,0x00,0x00,0x00,0x00,0x00,0x00,0x00,0x00,0x00,0x00,0x00,
    0x00,0x00,0x00,0x00,0x00,0x00,0x00,0x00,0x00,0x00,0x00,0x00,0x00,0x00,0x00,0x00,
    0x00,0x00,0x00,0x00,0x00,0x00,0x00,0x00,0x00,0x00,0x00,0x00,0x00,0x00,0x00,0x00,
    0x00,0x00,0x00,0x00,0x00,0x00,0x00,0x00,0x00,0x00,0x00,0x00,0x00,0x00,0x00,0x00,
    0x00,0x00,0x00,0x00,0x00,0x00,0x00,0x00,0x00,0x00,0x00,0x00,0x00,0x00,0x00,0x00,
    0x00,0x00,0x00,0x00,0x00,0x00,0x00,0x00,0x00,0x00,0x00,0x00,0x00,0x00,0x00,0x00,
    0x00,0x00,0x00,0x00,0x00,0x00,0x00,0x00,0x00,0x00,0x00,0x00,0x00,0x00,0x00,0x00,
    0x00,0x00,0x00,0x00,0x00,0x00,0x00,0x00,0x00,0x00,0x00,0x00,0x00,0x00,0x00,0x00,
    0x00,0x00,0x00,0x00,0x00,0x00,0x00,0x00,0x00,0x00,0x00,0x00,0x00,0x00,0x00,0x00,
    0x00,0x00,0x00,0x00,0x00,0x00,0x00,0x00,0x00,0x00,0x00,0x00,0x00,0x00,0x00,0x00,
    0x00,0x00,0x00,0x00,0x00,0x00,0x00,0x00,0x00,0x00,0x00,0x00,0x00,0x00,0x00,0x00,
    0x00,0x00,0x00,0x00,0x00,0x00,0x00,0x00,0x00,0x00,0x00,0x00,0x00,0x00,0x00,0x00,
    0x00,0x00,0x00,0x00,0x00,0x00,0x00,0x00,0x00,0x00,0x00,0x00,0x00,0x00,0x00,0x00,
    0x00,0x00,0x00,0x00,0x00,0x00,0x00,0x00,0x00,0x00,0x00,0x00,0x00,0x00,0x00,0x00,
    0x00,0x00,0x00,0x00,0x00,0x00,0x00,0x00,0x00,0x00,0x00,0x00,0x00,0x00,0x00,0x00,
    0x00,0x00,0x00,0x00,0x00,0x00,0x00,0x00,0x00,0x00,0x00,0x00,0x00,0x00,0x00,0x00,
    0x00,0x00,0x00,0x00,0x00,0x00,0x00,0x00,0x00,0x00,0x00,0x00,0x00,0x00,0x00,0x00,
    0x00,0x00,0x00,0x00,0x00,0x00,0x00,0x00,0x00,0x00,0x00,0x00,0x00,0x00,0x00,0x00,
    0x00,0x00,0x00,0x00,0x00,0x00,0x00,0x00,0x00,0x00,0x00,0x00,0x00,0x00,0x00,0x00,
    0x00,0x00,0x00,0x00,0x00,0x00,0x00,0x00,0x00,0x00,0x00,0x00,0x00,0x00,0x00,0x00,
    0x00,0x00,0x00,0x00,0x00,0x00,0x00,0x00,0x00,0x00,0x00,0x00,0x00,0x00,0x00,0x00,
    0x00,0x00,0x00,0x00,0x00,0x00,0x00,0x00,0x00,0x00,0x00,0x00,0x00,0x00,0x00,0x00,
    0x00,0x00,0x00,0x00,0x00,0x00,0x00,0x00,0x00,0x00,0x00,0x00,0x00,0x00,0x00,0x00,
    0x00,0x00,0x00,0x00,0x00,0x00,0x00,0x00,0x00,0x00,0x00,0x00,0x00,0x00,0x00,0x00,
    0x00,0x00,0x00,0x00,0x00,0x00,0x00,0x00,0x00,0x00,0x00,0x00,0x00,0x00,0x00,0x00,
    0x00,0x00,0x00,0x00,0x00,0x00,0x00,0x00,0x00,0x00,0x00,0x00,0x00,0x00,0x00,0x00,
    0x00,0x00,0x00,0x00,0x00,0x00,0x00,0x00,0x00,0x00,0x00,0x00,0x00,0x00,0x00,0x00,
    0x00,0x00,0x00,0x00,0x00,0x00,0x00,0x00,0x00,0x00,0x00,0x00,0x00,0x00,0x00,0x00,
    0x00,0x00,0x00,0x00,0x00,0x00,0x00,0x00,0x00,0x00,0x00,0x00,0x00,0x00,0x00,0x00,
    0x00,0x00,0x00,0x00,0x00,0x00,0x00,0x00,0x00,0x00,0x00,0x00,0x00,0x00,0x00,0x00,
    0x00,0x00,0x00,0x00,0x00,0x00,0x00,0x00,0x00,0x00,0x00,0x00,0x00,0x00,0x00,0x00,
    0x00,0x00,0x00,0x00,0x00,0x00,0x00,0x00,0x00,0x00,0x00,0x00,0x00,0x00,0x00,0x00,
    0x00,0x00,0x00,0x00,0x00,0x00,0x00,0x00,0x00,0x00,0x00,0x00,0x00,0x00,0x00,0x00,
    0x00,0x00,0x00,0x00,0x00,0x00,0x00,0x00,0x00,0x00,0x00,0x00,0x00,0x00,0x00,0x00,
    0x00,0x00,0x00,0x00,0x00,0x00,0x00,0x00,0x00,0x00,0x00,0x00,0x00,0x00,0x00,0x00,
    0x00,0x00,0x00,0x00,0x00,0x00,0x00,0x00,0x00,0x00,0x00,0x00,0x00,0x00,0x00,0x00,
    0x00,0x00,0x00,0x00,0x00,0x00,0x00,0x00,0x00,0x00,0x00,0x00,0x00,0x00,0x00,0x00,
    0x00,0x00,0x00,0x00,0x00,0x00,0x00,0x00,0x00,0x00,0x00,0x00,0x00,0x00,0x00,0x00,
    0x00,0x00,0x00,0x00,0x00,0x00,0x00,0x00,0x00,0x00,0x00,0x00,0x00,0x00,0x00,0x00,
    0x00,0x00,0x00,0x00,0x00,0x00,0x00,0x00,0x00,0x00,0x00,0x00,0x00,0x00,0x00,0x00,
    0x00,0x00,0x00,0x00,0x00,0x00,0x00,0x00,0x00,0x00,0x00,0x00,0x00,0x00,0x00,0x00,
    0x00,0x00,0x00,0x00,0x00,0x00,0x00,0x00,0x00,0x00,0x00,0x00,0x00,0x00,0x00,0x00,
    0x00,0x00,0x00,0x00,0x00,0x00,0x00,0x00,0x00,0x00,0x00,0x00,0x00,0x00,0x00,0x00,
    0x00,0x00,0x00,0x00,0x00,0x00,0x00,0x00,0x00,0x00,0x00,0x00,0x00,0x00,0x00,0x00,
    0x00,0x00,0x00,0x00,0x00,0x00,0x00,0x00,0x00,0x00,0x00,0x00,0x00,0x00,0x00,0x00,
    0x00,0x00,0x00,0x00,0x00,0x00,0x00,0x00,0x00,0x00,0x00,0x00,0x00,0x00,0x00,0x00,
    0x00,0x00,0x00,0x00,0x00,0x00,0x00,0x00,0x00,0x00,0x00,0x00,0x00,0x00,0x00,0x00,
    0x00,0x00,0x00,0x00,0x00,0x00,0x00,0x00,0x00,0x00,0x00,0x00,0x00,0x00,0x00,0x00,
    0x00,0x00,0x00,0x00,0x00,0x00,0x00,0x00,0x00,0x00,0x00,0x00,0x00,0x00,0x00,0x00,
    0x00,0x00,0x00,0x00,0x00,0x00,0x00,0x00,0x00,0x00,0x00,0x00,0x00,0x00,0x00,0x00,
    0x00,0x00,0x00,0x00,0x00,0x00,0x00,0x00,0x00,0x00,0x00,0x00,0x00,0x00,0x00,0x00,
    0x00,0x00,0x00,0x00,0x00,0x00,0x00,0x00,0x00,0x00,0x00,0x00,0x00,0x00,0x00,0x00,
    0x00,0x00,0x00,0x00,0x00,0x00,0x00,0x00,0x00,0x00,0x00,0x00,0x00,0x00,0x00,0x00,
    0x00,0x00,0x00,0x00,0x00,0x00,0x00,0x00,0x00,0x00,0x00,0x00,0x00,0x00,0x00,0x00,
    0x00,0x00,0x00,0x00,0x00,0x00,0x00,0x00,0x00,0x00,0x00,0x00,0x00,0x00,0x00,0x00,
    0x00,0x00,0x00,0x00,0x00,0x00,0x00,0x00,0x00,0x00,0x00,0x00,0x00,0x00,0x00,0x00,
    0x00,0x00,0x00,0x00,0x00,0x00,0x00,0x00,0x00,0x00,0x00,0x00,0x00,0x00,0x00,0x00,
    0x00,0x00,0x00,0x00,0x00,0x00,0x00,0x00,0x00,0x00,0x00,0x00,0x00,0x00,0x00,0x00,
    0x00,0x00,0x00,0x00,0x00,0x00,0x00,0x00,0x00,0x00,0x00,0x00,0x00,0x00,0x00,0x00,
    0x00,0x00,0x00,0x00,0x00,0x00,0x00,0x00,0x00,0x00,0x00,0x00,0x00,0x00,0x00,0x00,
    0x00,0x00,0x00,0x00,0x00,0x00,0x00,0x00,0x00,0x00,0x00,0x00,0x00,0x00,0x00,0x00,
    0x00,0x00,0x00,0x00,0x00,0x00,0x00,0x00,0x00,0x00,0x00,0x00,0x00,0x00,0x00,0x00,
    0x00,0x00,0x00,0x00,0x00,0x00,0x00,0x00,0x00,0x00,0x00,0x00,0x00,0x00,0x00,0x00,
    0x00,0x00,0x00,0x00,0x00,0x00,0x00,0x00,0x00,0x00,0x00,0x00,0x00,0x00,0x00,0x00,
    0x00,0x00,0x00,0x00,0x00,0x00,0x00,0x00,0x00,0x00,0x00,0x00,0x00,0x00,0x00,0x00,
    0x00,0x00,0x00,0x00,0x00,0x00,0x00,0x00,0x00,0x00,0x00,0x00,0x00,0x00,0x00,0x00,
    0x00,0x00,0x00,0x00,0x00,0x00,0x00,0x00,0x00,0x00,0x00,0x00,0x00,0x00,0x00,0x00,
    0x00,0x00,0x00,0x00,0x00,0x00,0x00,0x00,0x00,0x00,0x00,0x00,0x00,0x00,0x00,0x00,
    0x00,0x00,0x00,0x00,0x00,0x00,0x00,0x00,0x00,0x00,0x00,0x00,0x00,0x00,0x00,0x00,
    0x00,0x00,0x00,0x00,0x00,0x00,0x00,0x00,0x00,0x00,0x00,0x00,0x00,0x00,0x00,0x00,
    0x00,0x00,0x00,0x00,0x00,0x00,0x00,0x00,0x00,0x00,0x00,0x00,0x00,0x00,0x00,0x00,
    0x00,0x00,0x00,0x00,0x00,0x00,0x00,0x00,0x00,0x00,0x00,0x00,0x00,0x00,0x00,0x00,
    0x00,0x00,0x00,0x00,0x00,0x00,0x00,0x00,0x00,0x00,0x00,0x00,0x00,0x00,0x00,0x00,
    0x00,0x00,0x00,0x00,0x00,0x00,0x00,0x00,0x00,0x00,0x00,0x00,0x00,0x00,0x00,0x00,
    0x00,0x00,0x00,0x00,0x00,0x00,0x00,0x00,0x00,0x00,0x00,0x00,0x00,0x00,0x00,0x00,
    0x00,0x00,0x00,0x00,0x00,0x00,0x00,0x00,0x00,0x00,0x00,0x00,0x00,0x00,0x00,0x00,
    0x00,0x00,0x00,0x00,0x00,0x00,0x00,0x00,0x00,0x00,0x00,0x00,0x00,0x00,0x00,0x00,
    0x00,0x00,0x00,0x00,0x00,0x00,0x00,0x00,0x00,0x00,0x00,0x00,0x00,0x00,0x00,0x00,
    0x00,0x00,0x00,0x00,0x00,0x00,0x00,0x00,0x00,0x00,0x00,0x00,0x00,0x00,0x00,0x00,
    0x00,0x00,0x00,0x00,0x00,0x00,0x00,0x00,0x00,0x00,0x00,0x00,0x00,0x00,0x00,0x00,
    0x00,0x00,0x00,0x00,0x00,0x00,0x00,0x00,0x00,0x00,0x00,0x00,0x00,0x00,0x00,0x00,
    0x00,0x00,0x00,0x00,0x00,0x00,0x00,0x00,0x00,0x00,0x00,0x00,0x00,0x00,0x00,0x00,
    0x00,0x00,0x00,0x00,0x00,0x00,0x00,0x00,0x00,0x00,0x00,0x00,0x00,0x00,0x00,0x00,
    0x00,0x00,0x00,0x00,0x00,0x00,0x00,0x00,0x00,0x00,0x00,0x00,0x00,0x00,0x00,0x00,
    0x00,0x00,0x00,0x00,0x00,0x00,0x00,0x00,0x00,0x00,0x00,0x00,0x00,0x00,0x00,0x00,
    0x00,0x00,0x00,0x00,0x00,0x00,0x00,0x00,0x00,0x00,0x00,0x00,0x00,0x00,0x00,0x00,
    0x00,0x00,0x00,0x00,0x00,0x00,0x00,0x00,0x00,0x00,0x00,0x00,0x00,0x00,0x00,0x00,
    0x00,0x00,0x00,0x00,0x00,0x00,0x00,0x00,0x00,0x00,0x00,0x00,0x00,0x00,0x00,0x00,
    0x00,0x00,0x00,0x00,0x00,0x00,0x00,0x00,0x00,0x00,0x00,0x00,0x00,0x00,0x00,0x00,
    0x00,0x00,0x00,0x00,0x00,0x00,0x00,0x00,0x00,0x00,0x00,0x00,0x00,0x00,0x00,0x00,
    0x00,0x00,0x00,0x00,0x00,0x00,0x00,0x00,0x00,0x00,0x00,0x00,0x00,0x00,0x00,0x00,
    0x00,0x00,0x00,0x00,0x00,0x00,0x00,0x00,0x00,0x00,0x00,0x00,0x00,0x00,0x00,0x00,
    0x00,0x00,0x00,0x00,0x00,0x00,0x00,0x00,0x00,0x00,0x00,0x00,0x00,0x00,0x00,0x00,
    0x00,0x00,0x00,0x00,0x00,0x00,0x00,0x00,0x00,0x00,0x00,0x00,0x00,0x00,0x00,0x00,
    0x00,0x00,0x00,0x00,0x00,0x00,0x00,0x00,0x00,0x00,0x00,0x00,0x00,0x00,0x00,0x00,
    0x00,0x00,0x00,0x00,0x00,0x00,0x00,0x00,0x00,0x00,0x00,0x00,0x00,0x00,0x00,0x00,
    0x00,0x00,0x00,0x00,0x00,0x00,0x00,0x00,0x00,0x00,0x00,0x00,0x00,0x00,0x00,0x00,
    0x00,0x00,0x00,0x00,0x00,0x00,0x00,0x00,0x00,0x00,0x00,0x00,0x00,0x00,0x00,0x00,
    0x00,0x00,0x00,0x00,0x00,0x00,0x00,0x00,0x00,0x00,0x00,0x00,0x00,0x00,0x00,0x00,
    0x00,0x00,0x00,0x00,0x00,0x00,0x00,0x00,0x00,0x00,0x00,0x00,0x00,0x00,0x00,0x00,
    0x00,0x00,0x00,0x00,0x00,0x00,0x00,0x00,0x00,0x00,0x00,0x00,0x00,0x00,0x00,0x00,
    0x00,0x00,0x00,0x00,0x00,0x00,0x00,0x00,0x00,0x00,0x00,0x00,0x00,0x00,0x00,0x00,
    0x00,0x00,0x00,0x00,0x00,0x00,0x00,0x00,0x00,0x00,0x00,0x00,0x00,0x00,0x00,0x00,
    0x00,0x00,0x00,0x00,0x00,0x00,0x00,0x00,0x00,0x00,0x00,0x00,0x00,0x00,0x00,0x00,
    0x00,0x00,0x00,0x00,0x00,0x00,0x00,0x00,0x00,0x00,0x00,0x00,0x00,0x00,0x00,0x00,
    0x00,0x00,0x00,0x00,0x00,0x00,0x00,0x00,0x00,0x00,0x00,0x00,0x00,0x00,0x00,0x00,
    0x00,0x00,0x00,0x00,0x00,0x00,0x00,0x00,0x00,0x00,0x00,0x00,0x00,0x00,0x00,0x00,
    0x00,0x00,0x00,0x00,0x00,0x00,0x00,0x00,0x00,0x00,0x00,0x00,0x00,0x00,0x00,0x00,
    0x00,0x00,0x00,0x00,0x00,0x00,0x00,0x00,0x00,0x00,0x00,0x00,0x00,0x00,0x00,0x00,
    0x00,0x00,0x00,0x00,0x00,0x00,0x00,0x00,0x00,0x00,0x00,0x00,0x00,0x00,0x00,0x00,
    0x00,0x00,0x00,0x00,0x00,0x00,0x00,0x00,0x00,0x00,0x00,0x00,0x00,0x00,0x00,0x00,
    0x00,0x00,0x00,0x00,0x00,0x00,0x00,0x00,0x00,0x00,0x00,0x00,0x00,0x00,0x00,0x00,
    0x00,0x00,0x00,0x00,0x00,0x00,0x00,0x00,0x00,0x00,0x00,0x00,0x00,0x00,0x00,0x00,
    0x00,0x00,0x00,0x00,0x00,0x00,0x00,0x00,0x00,0x00,0x00,0x00,0x00,0x00,0x00,0x00,
    0x00,0x00,0x00,0x00,0x00,0x00,0x00,0x00,0x00,0x00,0x00,0x00,0x00,0x00,0x00,0x00,
    0x00,0x00,0x00,0x00,0x00,0x00,0x00,0x00,0x00,0x00,0x00,0x00,0x00,0x00,0x00,0x00,
    0x00,0x00,0x00,0x00,0x00,0x00,0x00,0x00,0x00,0x00,0x00,0x00,0x00,0x00,0x00,0x00,
    0x00,0x00,0x00,0x00,0x00,0x00,0x00,0x00,0x00,0x00,0x00,0x00,0x00,0x00,0x00,0x00,
    0x00,0x00,0x00,0x00,0x00,0x00,0x00,0x00,0x00,0x00,0x00,0x00,0x00,0x00,0x00,0x00,
    0x00,0x00,0x00,0x00,0x00,0x00,0x00,0x00,0x00,0x00,0x00,0x00,0x00,0x00,0x00,0x00,
    0x00,0x00,0x00,0x00,0x00,0x00,0x00,0x00,0x00,0x00,0x00,0x00,0x00,0x00,0x00,0x00,
    0x00,0x00,0x00,0x00,0x00,0x00,0x00,0x00,0x00,0x00,0x00,0x00,0x00,0x00,0x00,0x00,
    0x00,0x00,0x00,0x00,0x00,0x00,0x00,0x00,0x00,0x00,0x00,0x00,0x00,0x00,0x00,0x00,
    0x00,0x00,0x00,0x00,0x00,0x00,0x00,0x00,0x00,0x00,0x00,0x00,0x00,0x00,0x00,0x00,
    0x00,0x00,0x00,0x00,0x00,0x00,0x00,0x00,0x00,0x00,0x00,0x00,0x00,0x00,0x00,0x00,
    0x00,0x00,0x00,0x00,0x00,0x00,0x00,0x00,0x00,0x00,0x00,0x00,0x00,0x00,0x00,0x00,
    0x00,0x00,0x00,0x00,0x00,0x00,0x00,0x00,0x00,0x00,0x00,0x00,0x00,0x00,0x00,0x00,
    0x00,0x00,0x00,0x00,0x00,0x00,0x00,0x00,0x00,0x00,0x00,0x00,0x00,0x00,0x00,0x00,
    0x00,0x00,0x00,0x00,0x00,0x00,0x00,0x00,0x00,0x00,0x00,0x00,0x00,0x00,0x00,0x00,
    0x00,0x00,0x00,0x00,0x00,0x00,0x00,0x00,0x00,0x00,0x00,0x00,0x00,0x00,0x00,0x00,
    0x00,0x00,0x00,0x00,0x00,0x00,0x00,0x00,0x00,0x00,0x00,0x00,0x00,0x00,0x00,0x00,
    0x00,0x00,0x00,0x00,0x00,0x00,0x00,0x00,0x00,0x00,0x00,0x00,0x00,0x00,0x00,0x00,
    0x00,0x00,0x00,0x00,0x00,0x00,0x00,0x00,0x00,0x00,0x00,0x00,0x00,0x00,0x00,0x00,
    0x00,0x00,0x00,0x00,0x00,0x00,0x00,0x00,0x00,0x00,0x00,0x00,0x00,0x00,0x00,0x00,
    0x00,0x00,0x00,0x00,0x00,0x00,0x00,0x00,0x00,0x00,0x00,0x00,0x00,0x00,0x00,0x00,
    0x00,0x00,0x00,0x00,0x00,0x00,0x00,0x00,0x00,0x00,0x00,0x00,0x00,0x00,0x00,0x00,
    0x00,0x00,0x00,0x00,0x00,0x00,0x00,0x00,0x00,0x00,0x00,0x00,0x00,0x00,0x00,0x00,
    0x00,0x00,0x00,0x00,0x00,0x00,0x00,0x00,0x00,0x00,0x00,0x00,0x00,0x00,0x00,0x00,
    0x00,0x00,0x00,0x00,0x00,0x00,0x00,0x00,0x00,0x00,0x00,0x00,0x00,0x00,0x00,0x00,
    0x00,0x00,0x00,0x00,0x00,0x00,0x00,0x00,0x00,0x00,0x00,0x00,0x00,0x00,0x00,0x00,
    0x00,0x00,0x00,0x00,0x00,0x00,0x00,0x00,0x00,0x00,0x00,0x00,0x00,0x00,0x00,0x00,
    0x00,0x00,0x00,0x00,0x00,0x00,0x00,0x00,0x00,0x00,0x00,0x00,0x00,0x00,0x00,0x00,
    0x00,0x00,0x00,0x00,0x00,0x00,0x00,0x00,0x00,0x00,0x00,0x00,0x00,0x00,0x00,0x00,
    0x00,0x00,0x00,0x00,0x00,0x00,0x00,0x00,0x00,0x00,0x00,0x00,0x00,0x00,0x00,0x00,
    0x00,0x00,0x00,0x00,0x00,0x00,0x00,0x00,0x00,0x00,0x00,0x00,0x00,0x00,0x00,0x00,
    0x00,0x00,0x00,0x00,0x00,0x00,0x00,0x00,0x00,0x00,0x00,0x00,0x00,0x00,0x00,0x00,
    0x00,0x00,0x00,0x00,0x00,0x00,0x00,0x00,0x00,0x00,0x00,0x00,0x00,0x00,0x00,0x00,
    0x00,0x00,0x00,0x00,0x00,0x00,0x00,0x00,0x00,0x00,0x00,0x00,0x00,0x00,0x00,0x00,
    0x00,0x00,0x00,0x00,0x00,0x00,0x00,0x00,0x00,0x00,0x00,0x00,0x00,0x00,0x00,0x00,
    0x00,0x00,0x00,0x00,0x00,0x00,0x00,0x00,0x00,0x00,0x00,0x00,0x00,0x00,0x00,0x00,
    0x00,0x00,0x00,0x00,0x00,0x00,0x00,0x00,0x00,0x00,0x00,0x00,0x00,0x00,0x00,0x00,
    0x00,0x00,0x00,0x00,0x00,0x00,0x00,0x00,0x00,0x00,0x00,0x00,0x00,0x00,0x00,0x00,
    0x00,0x00,0x00,0x00,0x00,0x00,0x00,0x00,0x00,0x00,0x00,0x00,0x00,0x00,0x00,0x00,
    0x00,0x00,0x00,0x00,0x00,0x00,0x00,0x00,0x00,0x00,0x00,0x00,0x00,0x00,0x00,0x00,
    0x00,0x00,0x00,0x00,0x00,0x00,0x00,0x00,0x00,0x00,0x00,0x00,0x00,0x00,0x00,0x00,
    0x00,0x00,0x00,0x00,0x00,0x00,0x00,0x00,0x00,0x00,0x00,0x00,0x00,0x00,0x00,0x00,
    0x00,0x00,0x00,0x00,0x00,0x00,0x00,0x00,0x00,0x00,0x00,0x00,0x00,0x00,0x00,0x00,
    0x00,0x00,0x00,0x00,0x00,0x00,0x00,0x00,0x00,0x00,0x00,0x00,0x00,0x00,0x00,0x00,
    0x00,0x00,0x00,0x00,0x00,0x00,0x00,0x00,0x00,0x00,0x00,0x00,0x00,0x00,0x00,0x00,
    0x00,0x00,0x00,0x00,0x00,0x00,0x00,0x00,0x00,0x00,0x00,0x00,0x00,0x00,0x00,0x00,
    0x00,0x00,0x00,0x00,0x00,0x00,0x00,0x00,0x00,0x00,0x00,0x00,0x00,0x00,0x00,0x00,
    0x00,0x00,0x00,0x00,0x00,0x00,0x00,0x00,0x00,0x00,0x00,0x00,0x00,0x00,0x00,0x00,
    0x00,0x00,0x00,0x00,0x00,0x00,0x00,0x00,0x00,0x00,0x00,0x00,0x00,0x00,0x00,0x00,
    0x00,0x00,0x00,0x00,0x00,0x00,0x00,0x00,0x00,0x00,0x00,0x00,0x00,0x00,0x00,0x00,
    0x00,0x00,0x00,0x00,0x00,0x00,0x00,0x00,0x00,0x00,0x00,0x00,0x00,0x00,0x00,0x00,
    0x00,0x00,0x00,0x00,0x00,0x00,0x00,0x00,0x00,0x00,0x00,0x00,0x00,0x00,0x00,0x00,
    0x00,0x00,0x00,0x00,0x00,0x00,0x00,0x00,0x00,0x00,0x00,0x00,0x00,0x00,0x00,0x00,
    0x00,0x00,0x00,0x00,0x00,0x00,0x00,0x00,0x00,0x00,0x00,0x00,0x00,0x00,0x00,0x00,
    0x00,0x00,0x00,0x00,0x00,0x00,0x00,0x00,0x00,0x00,0x00,0x00,0x00,0x00,0x00,0x00,
    0x00,0x00,0x00,0x00,0x00,0x00,0x00,0x00,0x00,0x00,0x00,0x00,0x00,0x00,0x00,0x00,
    0x00,0x00,0x00,0x00,0x00,0x00,0x00,0x00,0x00,0x00,0x00,0x00,0x00,0x00,0x00,0x00,
    0x00,0x00,0x00,0x00,0x00,0x00,0x00,0x00,0x00,0x00,0x00,0x00,0x00,0x00,0x00,0x00,
    0x00,0x00,0x00,0x00,0x00,0x00,0x00,0x00,0x00,0x00,0x00,0x00,0x00,0x00,0x00,0x00,
    0x00,0x00,0x00,0x00,0x00,0x00,0x00,0x00,0x00,0x00,0x00,0x00,0x00,0x00,0x00,0x00,
    0x00,0x00,0x00,0x00,0x00,0x00,0x00,0x00,0x00,0x00,0x00,0x00,0x00,0x00,0x00,0x00,
    0x00,0x00,0x00,0x00,0x00,0x00,0x00,0x00,0x00,0x00,0x00,0x00,0x00,0x00,0x00,0x00,
    0x00,0x00,0x00,0x00,0x00,0x00,0x00,0x00,0x00,0x00,0x00,0x00,0x00,0x00,0x00,0x00,
    0x00,0x00,0x00,0x00,0x00,0x00,0x00,0x00,0x00,0x00,0x00,0x00,0x00,0x00,0x00,0x00,
    0x00,0x00,0x00,0x00,0x00,0x00,0x00,0x00,0x00,0x00,0x00,0x00,0x00,0x00,0x00,0x00,
    0x00,0x00,0x00,0x00,0x00,0x00,0x00,0x00,0x00,0x00,0x00,0x00,0x00,0x00,0x00,0x00,
    0x00,0x00,0x00,0x00,0x00,0x00,0x00,0x00,0x00,0x00,0x00,0x00,0x00,0x00,0x00,0x00,
    0x00,0x00,0x00,0x00,0x00,0x00,0x00,0x00,0x00,0x00,0x00,0x00,0x00,0x00,0x00,0x00,
    0x00,0x00,0x00,0x00,0x00,0x00,0x00,0x00,0x00,0x00,0x00,0x00,0x00,0x00,0x00,0x00,
    0x00,0x00,0x00,0x00,0x00,0x00,0x00,0x00,0x00,0x00,0x00,0x00,0x00,0x00,0x00,0x00,
    0x00,0x00,0x00,0x00,0x00,0x00,0x00,0x00,0x00,0x00,0x00,0x00,0x00,0x00,0x00,0x00,
    0x00,0x00,0x00,0x00,0x00,0x00,0x00,0x00,0x00,0x00,0x00,0x00,0x00,0x00,0x00,0x00,
    0x00,0x00,0x00,0x00,0x00,0x00,0x00,0x00,0x00,0x00,0x00,0x00,0x00,0x00,0x00,0x00,
    0x00,0x00,0x00,0x00,0x00,0x00,0x00,0x00,0x00,0x00,0x00,0x00,0x00,0x00,0x00,0x00,
    0x00,0x00,0x00,0x00,0x00,0x00,0x00,0x00,0x00,0x00,0x00,0x00,0x00,0x00,0x00,0x00,
    0x00,0x00,0x00,0x00,0x00,0x00,0x00,0x00,0x00,0x00,0x00,0x00,0x00,0x00,0x00,0x00,
    0x00,0x00,0x00,0x00,0x00,0x00,0x00,0x00,0x00,0x00,0x00,0x00,0x00,0x00,0x00,0x00,
    0x00,0x00,0x00,0x00,0x00,0x00,0x00,0x00,0x00,0x00,0x00,0x00,0x00,0x00,0x00,0x00,
    0x00,0x00,0x00,0x00,0x00,0x00,0x00,0x00,0x00,0x00,0x00,0x00,0x00,0x00,0x00,0x00,
    0x00,0x00,0x00,0x00,0x00,0x00,0x00,0x00,0x00,0x00,0x00,0x00,0x00,0x00,0x00,0x00,
    0x00,0x00,0x00,0x00,0x00,0x00,0x00,0x00,0x00,0x00,0x00,0x00,0x00,0x00,0x00,0x00,
    0x00,0x00,0x00,0x00,0x00,0x00,0x00,0x00,0x00,0x00,0x00,0x00,0x00,0x00,0x00,0x00,
    0x00,0x00,0x00,0x00,0x00,0x00,0x00,0x00,0x00,0x00,0x00,0x00,0x00,0x00,0x00,0x00,
    0x00,0x00,0x00,0x00,0x00,0x00,0x00,0x00,0x00,0x00,0x00,0x00,0x00,0x00,0x00,0x00,
    0x00,0x00,0x00,0x00,0x00,0x00,0x00,0x00,0x00,0x00,0x00,0x00,0x00,0x00,0x00,0x00,
    0x00,0x00,0x00,0x00,0x00,0x00,0x00,0x00,0x00,0x00,0x00,0x00,0x00,0x00,0x00,0x00,
    0x00,0x00,0x00,0x00,0x00,0x00,0x00,0x00,0x00,0x00,0x00,0x00,0x00,0x00,0x00,0x00,
    0x00,0x00,0x00,0x00,0x00,0x00,0x00,0x00,0x00,0x00,0x00,0x00,0x00,0x00,0x00,0x00,
    0x00,0x00,0x00,0x00,0x00,0x00,0x00,0x00,0x00,0x00,0x00,0x00,0x00,0x00,0x00,0x00,
    0x00,0x00,0x00,0x00,0x00,0x00,0x00,0x00,0x00,0x00,0x00,0x00,0x00,0x00,0x00,0x00,
    0x00,0x00,0x00,0x00,0x00,0x00,0x00,0x00,0x00,0x00,0x00,0x00,0x00,0x00,0x00,0x00,
    0x00,0x00,0x00,0x00,0x00,0x00,0x00,0x00,0x00,0x00,0x00,0x00,0x00,0x00,0x00,0x00,
    0x00,0x00,0x00,0x00,0x00,0x00,0x00,0x00,0x00,0x00,0x00,0x00,0x00,0x00,0x00,0x00,
    0x00,0x00,0x00,0x00,0x00,0x00,0x00,0x00,0x00,0x00,0x00,0x00,0x00,0x00,0x00,0x00,
    0x00,0x00,0x00,0x00,0x00,0x00,0x00,0x00,0x00,0x00,0x00,0x00,0x00,0x00,0x00,0x00,
    0x00,0x00,0x00,0x00,0x00,0x00,0x00,0x00,0x00,0x00,0x00,0x00,0x00,0x00,0x00,0x00,
    0x00,0x00,0x00,0x00,0x00,0x00,0x00,0x00,0x00,0x00,0x00,0x00,0x00,0x00,0x00,0x00,
    0x00,0x00,0x00,0x00,0x00,0x00,0x00,0x00,0x00,0x00,0x00,0x00,0x00,0x00,0x00,0x00,
    0x00,0x00,0x00,0x00,0x00,0x00,0x00,0x00,0x00,0x00,0x00,0x00,0x00,0x00,0x00,0x00,
    0x00,0x00,0x00,0x00,0x00,0x00,0x00,0x00,0x00,0x00,0x00,0x00,0x00,0x00,0x00,0x00,
    0x00,0x00,0x00,0x00,0x00,0x00,0x00,0x00,0x00,0x00,0x00,0x00,0x00,0x00,0x00,0x00,
    0x00,0x00,0x00,0x00,0x00,0x00,0x00,0x00,0x00,0x00,0x00,0x00,0x00,0x00,0x00,0x00,
    0x00,0x00,0x00,0x00,0x00,0x00,0x00,0x00,0x00,0x00,0x00,0x00,0x00,0x00,0x00,0x00,
    0x00,0x00,0x00,0x00,0x00,0x00,0x00,0x00,0x00,0x00,0x00,0x00,0x00,0x00,0x00,0x00,
    0x00,0x00,0x00,0x00,0x00,0x00,0x00,0x00,0x00,0x00,0x00,0x00,0x00,0x00,0x00,0x00,
    0x00,0x00,0x00,0x00,0x00,0x00,0x00,0x00,0x00,0x00,0x00,0x00,0x00,0x00,0x00,0x00,
    0x00,0x00,0x00,0x00,0x00,0x00,0x00,0x00,0x00,0x00,0x00,0x00,0x00,0x00,0x00,0x00,
    0x00,0x00,0x00,0x00,0x00,0x00,0x00,0x00,0x00,0x00,0x00,0x00,0x00,0x00,0x00,0x00,
    0x00,0x00,0x00,0x00,0x00,0x00,0x00,0x00,0x00,0x00,0x00,0x00,0x00,0x00,0x00,0x00,
    0x00,0x00,0x00,0x00,0x00,0x00,0x00,0x00,0x00,0x00,0x00,0x00,0x00,0x00,0x00,0x00,
    0x00,0x00,0x00,0x00,0x00,0x00,0x00,0x00,0x00,0x00,0x00,0x00,0x00,0x00,0x00,0x00,
    0x00,0x00,0x00,0x00,0x00,0x00,0x00,0x00,0x00,0x00,0x00,0x00,0x00,0x00,0x00,0x00,
    0x00,0x00,0x00,0x00,0x00,0x00,0x00,0x00,0x00,0x00,0x00,0x00,0x00,0x00,0x00,0x00,
    0x00,0x00,0x00,0x00,0x00,0x00,0x00,0x00,0x00,0x00,0x00,0x00,0x00,0x00,0x00,0x00,
    0x00,0x00,0x00,0x00,0x00,0x00,0x00,0x00,0x00,0x00,0x00,0x00,0x00,0x00,0x00,0x00,
    0x00,0x00,0x00,0x00,0x00,0x00,0x00,0x00,0x00,0x00,0x00,0x00,0x00,0x00,0x00,0x00,
    0x00,0x00,0x00,0x00,0x00,0x00,0x00,0x00,0x00,0x00,0x00,0x00,0x00,0x00,0x00,0x00,
    0x00,0x00,0x00,0x00,0x00,0x00,0x00,0x00,0x00,0x00,0x00,0x00,0x00,0x00,0x00,0x00,
    0x00,0x00,0x00,0x00,0x00,0x00,0x00,0x00,0x00,0x00,0x00,0x00,0x00,0x00,0x00,0x00,
    0x00,0x00,0x00,0x00,0x00,0x00,0x00,0x00,0x00,0x00,0x00,0x00,0x00,0x00,0x00,0x00,
    0x00,0x00,0x00,0x00,0x00,0x00,0x00,0x00,0x00,0x00,0x00,0x00,0x00,0x00,0x00,0x00,
    0x00,0x00,0x00,0x00,0x00,0x00,0x00,0x00,0x00,0x00,0x00,0x00,0x00,0x00,0x00,0x00,
    0x00,0x00,0x00,0x00,0x00,0x00,0x00,0x00,0x00,0x00,0x00,0x00,0x00,0x00,0x00,0x00,
    0x00,0x00,0x00,0x00,0x00,0x00,0x00,0x00,0x00,0x00,0x00,0x00,0x00,0x00,0x00,0x00,
    0x00,0x00,0x00,0x00,0x00,0x00,0x00,0x00,0x00,0x00,0x00,0x00,0x00,0x00,0x00,0x00,
    0x00,0x00,0x00,0x00,0x00,0x00,0x00,0x00,0x00,0x00,0x00,0x00,0x00,0x00,0x00,0x00,
    0x00,0x00,0x00,0x00,0x00,0x00,0x00,0x00,0x00,0x00,0x00,0x00,0x00,0x00,0x00,0x00,
    0x00,0x00,0x00,0x00,0x00,0x00,0x00,0x00,0x00,0x00,0x00,0x00,0x00,0x00,0x00,0x00,
    0x00,0x00,0x00,0x00,0x00,0x00,0x00,0x00,0x00,0x00,0x00,0x00,0x00,0x00,0x00,0x00,
    0x00,0x00,0x00,0x00,0x00,0x00,0x00,0x00,0x00,0x00,0x00,0x00,0x00,0x00,0x00,0x00,
    0x00,0x00,0x00,0x00,0x00,0x00,0x00,0x00,0x00,0x00,0x00,0x00,0x00,0x00,0x00,0x00,
    0x00,0x00,0x00,0x00,0x00,0x00,0x00,0x00,0x00,0x00,0x00,0x00,0x00,0x00,0x00,0x00,
    0x00,0x00,0x00,0x00,0x00,0x00,0x00,0x00,0x00,0x00,0x00,0x00,0x00,0x00,0x00,0x00,
    0x00,0x00,0x00,0x00,0x00,0x00,0x00,0x00,0x00,0x00,0x00,0x00,0x00,0x00,0x00,0x00,
    0x00,0x00,0x00,0x00,0x00,0x00,0x00,0x00,0x00,0x00,0x00,0x00,0x00,0x00,0x00,0x00,
    0x00,0x00,0x00,0x00,0x00,0x00,0x00,0x00,0x00,0x00,0x00,0x00,0x00,0x00,0x00,0x00,
    0x00,0x00,0x00,0x00,0x00,0x00,0x00,0x00,0x00,0x00,0x00,0x00,0x00,0x00,0x00,0x00,
    0x00,0x00,0x00,0x00,0x00,0x00,0x00,0x00,0x00,0x00,0x00,0x00,0x00,0x00,0x00,0x00,
    0x00,0x00,0x00,0x00,0x00,0x00,0x00,0x00,0x00,0x00,0x00,0x00,0x00,0x00,0x00,0x00,
    0x00,0x00,0x00,0x00,0x00,0x00,0x00,0x00,0x00,0x00,0x00,0x00,0x00,0x00,0x00,0x00,
    0x00,0x00,0x00,0x00,0x00,0x00,0x00,0x00,0x00,0x00,0x00,0x00,0x00,0x00,0x00,0x00,
    0x00,0x00,0x00,0x00,0x00,0x00,0x00,0x00,0x00,0x00,0x00,0x00,0x00,0x00,0x00,0x00,
    0x00,0x00,0x00,0x00,0x00,0x00,0x00,0x00,0x00,0x00,0x00,0x00,0x00,0x00,0x00,0x00,
    0x00,0x00,0x00,0x00,0x00,0x00,0x00,0x00,0x00,0x00,0x00,0x00,0x00,0x00,0x00,0x00,
    0x00,0x00,0x00,0x00,0x00,0x00,0x00,0x00,0x00,0x00,0x00,0x00,0x00,0x00,0x00,0x00,
    0x00,0x00,0x00,0x00,0x00,0x00,0x00,0x00,0x00,0x00,0x00,0x00,0x00,0x00,0x00,0x00,
    0x00,0x00,0x00,0x00,0x00,0x00,0x00,0x00,0x00,0x00,0x00,0x00,0x00,0x00,0x00,0x00,
    0x00,0x00,0x00,0x00,0x00,0x00,0x00,0x00,0x00,0x00,0x00,0x00,0x00,0x00,0x00,0x00,
    0x00,0x00,0x00,0x00,0x00,0x00,0x00,0x00,0x00,0x00,0x00,0x00,0x00,0x00,0x00,0x00,
    0x00,0x00,0x00,0x00,0x00,0x00,0x00,0x00,0x00,0x00,0x00,0x00,0x00,0x00,0x00,0x00,
    0x00,0x00,0x00,0x00,0x00,0x00,0x00,0x00,0x00,0x00,0x00,0x00,0x00,0x00,0x00,0x00,
    0x00,0x00,0x00,0x00,0x00,0x00,0x00,0x00,0x00,0x00,0x00,0x00,0x00,0x00,0x00,0x00,
    0x00,0x00,0x00,0x00,0x00,0x00,0x00,0x00,0x00,0x00,0x00,0x00,0x00,0x00,0x00,0x00,
    0x00,0x00,0x00,0x00,0x00,0x00,0x00,0x00,0x00,0x00,0x00,0x00,0x00,0x00,0x00,0x00,
    0x00,0x00,0x00,0x00,0x00,0x00,0x00,0x00,0x00,0x00,0x00,0x00,0x00,0x00,0x00,0x00,
    0x00,0x00,0x00,0x00,0x00,0x00,0x00,0x00,0x00,0x00,0x00,0x00,0x00,0x00,0x00,0x00,
    0x00,0x00,0x00,0x00,0x00,0x00,0x00,0x00,0x00,0x00,0x00,0x00,0x00,0x00,0x00,0x00,
    0x00,0x00,0x00,0x00,0x00,0x00,0x00,0x00,0x00,0x00,0x00,0x00,0x00,0x00,0x00,0x00,
    0x00,0x00,0x00,0x00,0x00,0x00,0x00,0x00,0x00,0x00,0x00,0x00,0x00,0x00,0x00,0x00,
    0x00,0x00,0x00,0x00,0x00,0x00,0x00,0x00,0x00,0x00,0x00,0x00,0x00,0x00,0x00,0x00,
    0x00,0x00,0x00,0x00,0x00,0x00,0x00,0x00,0x00,0x00,0x00,0x00,0x00,0x00,0x00,0x00,
    0x00,0x00,0x00,0x00,0x00,0x00,0x00,0x00,0x00,0x00,0x00,0x00,0x00,0x00,0x00,0x00,
    0x00,0x00,0x00,0x00,0x00,0x00,0x00,0x00,0x00,0x00,0x00,0x00,0x00,0x00,0x00,0x00,
    0x00,0x00,0x00,0x00,0x00,0x00,0x00,0x00,0x00,0x00,0x00,0x00,0x00,0x00,0x00,0x00,
    0x00,0x00,0x00,0x00,0x00,0x00,0x00,0x00,0x00,0x00,0x00,0x00,0x00,0x00,0x00,0x00,
    0x00,0x00,0x00,0x00,0x00,0x00,0x00,0x00,0x00,0x00,0x00,0x00,0x00,0x00,0x00,0x00,
    0x00,0x00,0x00,0x00,0x00,0x00,0x00,0x00,0x00,0x00,0x00,0x00,0x00,0x00,0x00,0x00,
    0x00,0x00,0x00,0x00,0x00,0x00,0x00,0x00,0x00,0x00,0x00,0x00,0x00,0x00,0x00,0x00,
    0x00,0x00,0x00,0x00,0x00,0x00,0x00,0x00,0x00,0x00,0x00,0x00,0x00,0x00,0x00,0x00,
    0x00,0x00,0x00,0x00,0x00,0x00,0x00,0x00,0x00,0x00,0x00,0x00,0x00,0x00,0x00,0x00,
    0x00,0x00,0x00,0x00,0x00,0x00,0x00,0x00,0x00,0x00,0x00,0x00,0x00,0x00,0x00,0x00,
    0x00,0x00,0x00,0x00,0x00,0x00,0x00,0x00,0x00,0x00,0x00,0x00,0x00,0x00,0x00,0x00,
    0x00,0x00,0x00,0x00,0x00,0x00,0x00,0x00,0x00,0x00,0x00,0x00,0x00,0x00,0x00,0x00,
    0x00,0x00,0x00,0x00,0x00,0x00,0x00,0x00,0x00,0x00,0x00,0x00,0x00,0x00,0x00,0x00,
    0x00,0x00,0x00,0x00,0x00,0x00,0x00,0x00,0x00,0x00,0x00,0x00,0x00,0x00,0x00,0x00,
    0x00,0x00,0x00,0x00,0x00,0x00,0x00,0x00,0x00,0x00,0x00,0x00,0x00,0x00,0x00,0x00,
    0x00,0x00,0x00,0x00,0x00,0x00,0x00,0x00,0x00,0x00,0x00,0x00,0x00,0x00,0x00,0x00,
    0x00,0x00,0x00,0x00,0x00,0x00,0x00,0x00,0x00,0x00,0x00,0x00,0x00,0x00,0x00,0x00,
    0x00,0x00,0x00,0x00,0x00,0x00,0x00,0x00,0x00,0x00,0x00,0x00,0x00,0x00,0x00,0x00,
    0x00,0x00,0x00,0x00,0x00,0x00,0x00,0x00,0x00,0x00,0x00,0x00,0x00,0x00,0x00,0x00,
    0x00,0x00,0x00,0x00,0x00,0x00,0x00,0x00,0x00,0x00,0x00,0x00,0x00,0x00,0x00,0x00,
    0x00,0x00,0x00,0x00,0x00,0x00,0x00,0x00,0x00,0x00,0x00,0x00,0x00,0x00,0x00,0x00,
    0x00,0x00,0x00,0x00,0x00,0x00,0x00,0x00,0x00,0x00,0x00,0x00,0x00,0x00,0x00,0x00,
    0x00,0x00,0x00,0x00,0x00,0x00,0x00,0x00,0x00,0x00,0x00,0x00,0x00,0x00,0x00,0x00,
    0x00,0x00,0x00,0x00,0x00,0x00,0x00,0x00,0x00,0x00,0x00,0x00,0x00,0x00,0x00,0x00,
    0x00,0x00,0x00,0x00,0x00,0x00,0x00,0x00,0x00,0x00,0x00,0x00,0x00,0x00,0x00,0x00,
    0x00,0x00,0x00,0x00,0x00,0x00,0x00,0x00,0x00,0x00,0x00,0x00,0x00,0x00,0x00,0x00,
    0x00,0x00,0x00,0x00,0x00,0x00,0x00,0x00,0x00,0x00,0x00,0x00,0x00,0x00,0x00,0x00,
    0x00,0x00,0x00,0x00,0x00,0x00,0x00,0x00,0x00,0x00,0x00,0x00,0x00,0x00,0x00,0x00,
    0x00,0x00,0x00,0x00,0x00,0x00,0x00,0x00,0x00,0x00,0x00,0x00,0x00,0x00,0x00,0x00,
    0x00,0x00,0x00,0x00,0x00,0x00,0x00,0x00,0x00,0x00,0x00,0x00,0x00,0x00,0x00,0x00,
    0x00,0x00,0x00,0x00,0x00,0x00,0x00,0x00,0x00,0x00,0x00,0x00,0x00,0x00,0x00,0x00,
    0x00,0x00,0x00,0x00,0x00,0x00,0x00,0x00,0x00,0x00,0x00,0x00,0x00,0x00,0x00,0x00,
    0x00,0x00,0x00,0x00,0x00,0x00,0x00,0x00,0x00,0x00,0x00,0x00,0x00,0x00,0x00,0x00,
    0x00,0x00,0x00,0x00,0x00,0x00,0x00,0x00,0x00,0x00,0x00,0x00,0x00,0x00,0x00,0x00,
    0x00,0x00,0x00,0x00,0x00,0x00,0x00,0x00,0x00,0x00,0x00,0x00,0x00,0x00,0x00,0x00,
    0x00,0x00,0x00,0x00,0x00,0x00,0x00,0x00,0x00,0x00,0x00,0x00,0x00,0x00,0x00,0x00,
    0x00,0x00,0x00,0x00,0x00,0x00,0x00,0x00,0x00,0x00,0x00,0x00,0x00,0x00,0x00,0x00,
    0x00,0x00,0x00,0x00,0x00,0x00,0x00,0x00,0x00,0x00,0x00,0x00,0x00,0x00,0x00,0x00,
    0x00,0x00,0x00,0x00,0x00,0x00,0x00,0x00,0x00,0x00,0x00,0x00,0x00,0x00,0x00,0x00,
    0x00,0x00,0x00,0x00,0x00,0x00,0x00,0x00,0x00,0x00,0x00,0x00,0x00,0x00,0x00,0x00,
    0x00,0x00,0x00,0x00,0x00,0x00,0x00,0x00,0x00,0x00,0x00,0x00,0x00,0x00,0x00,0x00,
    0x00,0x00,0x00,0x00,0x00,0x00,0x00,0x00,0x00,0x00,0x00,0x00,0x00,0x00,0x00,0x00,
    0x00,0x00,0x00,0x00,0x00,0x00,0x00,0x00,0x00,0x00,0x00,0x00,0x00,0x00,0x00,0x00,
    0x00,0x00,0x00,0x00,0x00,0x00,0x00,0x00,0x00,0x00,0x00,0x00,0x00,0x00,0x00,0x00,
    0x00,0x00,0x00,0x00,0x00,0x00,0x00,0x00,0x00,0x00,0x00,0x00,0x00,0x00,0x00,0x00,
    0x00,0x00,0x00,0x00,0x00,0x00,0x00,0x00,0x00,0x00,0x00,0x00,0x00,0x00,0x00,0x00,
    0x00,0x00,0x00,0x00,0x00,0x00,0x00,0x00,0x00,0x00,0x00,0x00,0x00,0x00,0x00,0x00,
    0x00,0x00,0x00,0x00,0x00,0x00,0x00,0x00,0x00,0x00,0x00,0x00,0x00,0x00,0x00,0x00,
    0x00,0x00,0x00,0x00,0x00,0x00,0x00,0x00,0x00,0x00,0x00,0x00,0x00,0x00,0x00,0x00,
    0x00,0x00,0x00,0x00,0x00,0x00,0x00,0x00,0x00,0x00,0x00,0x00,0x00,0x00,0x00,0x00,
    0x00,0x00,0x00,0x00,0x00,0x00,0x00,0x00,0x00,0x00,0x00,0x00,0x00,0x00,0x00,0x00,
    0x00,0x00,0x00,0x00,0x00,0x00,0x00,0x00,0x00,0x00,0x00,0x00,0x00,0x00,0x00,0x00,
    0x00,0x00,0x00,0x00,0x00,0x00,0x00,0x00,0x00,0x00,0x00,0x00,0x00,0x00,0x00,0x00,
    0x00,0x00,0x00,0x00,0x00,0x00,0x00,0x00,0x00,0x00,0x00,0x00,0x00,0x00,0x00,0x00,
    0x00,0x00,0x00,0x00,0x00,0x00,0x00,0x00,0x00,0x00,0x00,0x00,0x00,0x00,0x00,0x00,
    0x00,0x00,0x00,0x00,0x00,0x00,0x00,0x00,0x00,0x00,0x00,0x00,0x00,0x00,0x00,0x00,
    0x00,0x00,0x00,0x00,0x00,0x00,0x00,0x00,0x00,0x00,0x00,0x00,0x00,0x00,0x00,0x00,
    0x00,0x00,0x00,0x00,0x00,0x00,0x00,0x00,0x00,0x00,0x00,0x00,0x00,0x00,0x00,0x00,
    0x00,0x00,0x00,0x00,0x00,0x00,0x00,0x00,0x00,0x00,0x00,0x00,0x00,0x00,0x00,0x00,
    0x00,0x00,0x00,0x00,0x00,0x00,0x00,0x00,0x00,0x00,0x00,0x00,0x00,0x00,0x00,0x00,
    0x00,0x00,0x00,0x00,0x00,0x00,0x00,0x00,0x00,0x00,0x00,0x00,0x00,0x00,0x00,0x00,
    0x00,0x00,0x00,0x00,0x00,0x00,0x00,0x00,0x00,0x00,0x00,0x00,0x00,0x00,0x00,0x00,
    0x00,0x00,0x00,0x00,0x00,0x00,0x00,0x00,0x00,0x00,0x00,0x00,0x00,0x00,0x00,0x00,
    0x00,0x00,0x00,0x00,0x00,0x00,0x00,0x00,0x00,0x00,0x00,0x00,0x00,0x00,0x00,0x00,
    0x00,0x00,0x00,0x00,0x00,0x00,0x00,0x00,0x00,0x00,0x00,0x00,0x00,0x00,0x00,0x00,
    0x00,0x00,0x00,0x00,0x00,0x00,0x00,0x00,0x00,0x00,0x00,0x00,0x00,0x00,0x00,0x00,
    0x00,0x00,0x00,0x00,0x00,0x00,0x00,0x00,0x00,0x00,0x00,0x00,0x00,0x00,0x00,0x00,
    0x00,0x00,0x00,0x00,0x00,0x00,0x00,0x00,0x00,0x00,0x00,0x00,0x00,0x00,0x00,0x00,
    0x00,0x00,0x00,0x00,0x00,0x00,0x00,0x00,0x00,0x00,0x00,0x00,0x00,0x00,0x00,0x00,
    0x00,0x00,0x00,0x00,0x00,0x00,0x00,0x00,0x00,0x00,0x00,0x00,0x00,0x00,0x00,0x00,
    0x00,0x00,0x00,0x00,0x00,0x00,0x00,0x00,0x00,0x00,0x00,0x00,0x00,0x00,0x00,0x00,
    0x00,0x00,0x00,0x00,0x00,0x00,0x00,0x00,0x00,0x00,0x00,0x00,0x00,0x00,0x00,0x00,
    0x00,0x00,0x00,0x00,0x00,0x00,0x00,0x00,0x00,0x00,0x00,0x00,0x00,0x00,0x00,0x00,
    0x00,0x00,0x00,0x00,0x00,0x00,0x00,0x00,0x00,0x00,0x00,0x00,0x00,0x00,0x00,0x00,
    0x00,0x00,0x00,0x00,0x00,0x00,0x00,0x00,0x00,0x00,0x00,0x00,0x00,0x00,0x00,0x00,
    0x00,0x00,0x00,0x00,0x00,0x00,0x00,0x00,0x00,0x00,0x00,0x00,0x00,0x00,0x00,0x00,
    0x00,0x00,0x00,0x00,0x00,0x00,0x00,0x00,0x00,0x00,0x00,0x00,0x00,0x00,0x00,0x00,
    0x00,0x00,0x00,0x00,0x00,0x00,0x00,0x00,0x00,0x00,0x00,0x00,0x00,0x00,0x00,0x00,
    0x00,0x00,0x00,0x00,0x00,0x00,0x00,0x00,0x00,0x00,0x00,0x00,0x00,0x00,0x00,0x00,
    0x00,0x00,0x00,0x00,0x00,0x00,0x00,0x00,0x00,0x00,0x00,0x00,0x00,0x00,0x00,0x00,
    0x00,0x00,0x00,0x00,0x00,0x00,0x00,0x00,0x00,0x00,0x00,0x00,0x00,0x00,0x00,0x00,
    0x00,0x00,0x00,0x00,0x00,0x00,0x00,0x00,0x00,0x00,0x00,0x00,0x00,0x00,0x00,0x00,
    0x00,0x00,0x00,0x00,0x00,0x00,0x00,0x00,0x00,0x00,0x00,0x00,0x00,0x00,0x00,0x00,
    0x00,0x00,0x00,0x00,0x00,0x00,0x00,0x00,0x00,0x00,0x00,0x00,0x00,0x00,0x00,0x00,
    0x00,0x00,0x00,0x00,0x00,0x00,0x00,0x00,0x00,0x00,0x00,0x00,0x00,0x00,0x00,0x00,
    0x00,0x00,0x00,0x00,0x00,0x00,0x00,0x00,0x00,0x00,0x00,0x00,0x00,0x00,0x00,0x00,
    0x00,0x00,0x00,0x00,0x00,0x00,0x00,0x00,0x00,0x00,0x00,0x00,0x00,0x00,0x00,0x00,
    0x00,0x00,0x00,0x00,0x00,0x00,0x00,0x00,0x00,0x00,0x00,0x00,0x00,0x00,0x00,0x00,
    0x00,0x00,0x00,0x00,0x00,0x00,0x00,0x00,0x00,0x00,0x00,0x00,0x00,0x00,0x00,0x00,
    0x00,0x00,0x00,0x00,0x00,0x00,0x00,0x00,0x00,0x00,0x00,0x00,0x00,0x00,0x00,0x00,
    0x00,0x00,0x00,0x00,0x00,0x00,0x00,0x00,0x00,0x00,0x00,0x00,0x00,0x00,0x00,0x00,
    0x00,0x00,0x00,0x00,0x00,0x00,0x00,0x00,0x00,0x00,0x00,0x00,0x00,0x00,0x00,0x00,
    0x00,0x00,0x00,0x00,0x00,0x00,0x00,0x00,0x00,0x00,0x00,0x00,0x00,0x00,0x00,0x00,
    0x00,0x00,0x00,0x00,0x00,0x00,0x00,0x00,0x00,0x00,0x00,0x00,0x00,0x00,0x00,0x00,
    0x00,0x00,0x00,0x00,0x00,0x00,0x00,0x00,0x00,0x00,0x00,0x00,0x00,0x00,0x00,0x00,
    0x00,0x00,0x00,0x00,0x00,0x00,0x00,0x00,0x00,0x00,0x00,0x00,0x00,0x00,0x00,0x00,
    0x00,0x00,0x00,0x00,0x00,0x00,0x00,0x00,0x00,0x00,0x00,0x00,0x00,0x00,0x00,0x00,
    0x00,0x00,0x00,0x00,0x00,0x00,0x00,0x00,0x00,0x00,0x00,0x00,0x00,0x00,0x00,0x00,
    0x00,0x00,0x00,0x00,0x00,0x00,0x00,0x00,0x00,0x00,0x00,0x00,0x00,0x00,0x00,0x00,
    0x00,0x00,0x00,0x00,0x00,0x00,0x00,0x00,0x00,0x00,0x00,0x00,0x00,0x00,0x00,0x00,
    0x00,0x00,0x00,0x00,0x00,0x00,0x00,0x00,0x00,0x00,0x00,0x00,0x00,0x00,0x00,0x00,
    0x00,0x00,0x00,0x00,0x00,0x00,0x00,0x00,0x00,0x00,0x00,0x00,0x00,0x00,0x00,0x00,
    0x00,0x00,0x00,0x00,0x00,0x00,0x00,0x00,0x00,0x00,0x00,0x00,0x00,0x00,0x00,0x00,
    0x00,0x00,0x00,0x00,0x00,0x00,0x00,0x00,0x00,0x00,0x00,0x00,0x00,0x00,0x00,0x00,
    0x00,0x00,0x00,0x00,0x00,0x00,0x00,0x00,0x00,0x00,0x00,0x00,0x00,0x00,0x00,0x00,
    0x00,0x00,0x00,0x00,0x00,0x00,0x00,0x00,0x00,0x00,0x00,0x00,0x00,0x00,0x00,0x00,
    0x00,0x00,0x00,0x00,0x00,0x00,0x00,0x00,0x00,0x00,0x00,0x00,0x00,0x00,0x00,0x00,
    0x00,0x00,0x00,0x00,0x00,0x00,0x00,0x00,0x00,0x00,0x00,0x00,0x00,0x00,0x00,0x00,
    0x00,0x00,0x00,0x00,0x00,0x00,0x00,0x00,0x00,0x00,0x00,0x00,0x00,0x00,0x00,0x00,
    0x00,0x00,0x00,0x00,0x00,0x00,0x00,0x00,0x00,0x00,0x00,0x00,0x00,0x00,0x00,0x00,
    0x00,0x00,0x00,0x00,0x00,0x00,0x00,0x00,0x00,0x00,0x00,0x00,0x00,0x00,0x00,0x00,
    0x00,0x00,0x00,0x00,0x00,0x00,0x00,0x00,0x00,0x00,0x00,0x00,0x00,0x00,0x00,0x00,
    0x00,0x00,0x00,0x00,0x00,0x00,0x00,0x00,0x00,0x00,0x00,0x00,0x00,0x00,0x00,0x00,
    0x00,0x00,0x00,0x00,0x00,0x00,0x00,0x00,0x00,0x00,0x00,0x00,0x00,0x00,0x00,0x00,
    0x00,0x00,0x00,0x00,0x00,0x00,0x00,0x00,0x00,0x00,0x00,0x00,0x00,0x00,0x00,0x00,
    0x00,0x00,0x00,0x00,0x00,0x00,0x00,0x00,0x00,0x00,0x00,0x00,0x00,0x00,0x00,0x00,
    0x00,0x00,0x00,0x00,0x00,0x00,0x00,0x00,0x00,0x00,0x00,0x00,0x00,0x00,0x00,0x00,
    0x00,0x00,0x00,0x00,0x00,0x00,0x00,0x00,0x00,0x00,0x00,0x00,0x00,0x00,0x00,0x00,
    0x00,0x00,0x00,0x00,0x00,0x00,0x00,0x00,0x00,0x00,0x00,0x00,0x00,0x00,0x00,0x00,
    0x00,0x00,0x00,0x00,0x00,0x00,0x00,0x00,0x00,0x00,0x00,0x00,0x00,0x00,0x00,0x00,
    0x00,0x00,0x00,0x00,0x00,0x00,0x00,0x00,0x00,0x00,0x00,0x00,0x00,0x00,0x00,0x00,
    0x00,0x00,0x00,0x00,0x00,0x00,0x00,0x00,0x00,0x00,0x00,0x00,0x00,0x00,0x00,0x00,
    0x00,0x00,0x00,0x00,0x00,0x00,0x00,0x00,0x00,0x00,0x00,0x00,0x00,0x00,0x00,0x00,
    0x00,0x00,0x00,0x00,0x00,0x00,0x00,0x00,0x00,0x00,0x00,0x00,0x00,0x00,0x00,0x00,
    0x00,0x00,0x00,0x00,0x00,0x00,0x00,0x00,0x00,0x00,0x00,0x00,0x00,0x00,0x00,0x00,
    0x00,0x00,0x00,0x00,0x00,0x00,0x00,0x00,0x00,0x00,0x00,0x00,0x00,0x00,0x00,0x00,
    0x00,0x00,0x00,0x00,0x00,0x00,0x00,0x00,0x00,0x00,0x00,0x00,0x00,0x00,0x00,0x00,
    0x00,0x00,0x00,0x00,0x00,0x00,0x00,0x00,0x00,0x00,0x00,0x00,0x00,0x00,0x00,0x00,
    0x00,0x00,0x00,0x00,0x00,0x00,0x00,0x00,0x00,0x00,0x00,0x00,0x00,0x00,0x00,0x00,
    0x00,0x00,0x00,0x00,0x00,0x00,0x00,0x00,0x00,0x00,0x00,0x00,0x00,0x00,0x00,0x00,
    0x00,0x00,0x00,0x00,0x00,0x00,0x00,0x00,0x00,0x00,0x00,0x00,0x00,0x00,0x00,0x00,
    0x00,0x00,0x00,0x00,0x00,0x00,0x00,0x00,0x00,0x00,0x00,0x00,0x00,0x00,0x00,0x00,
    0x00,0x00,0x00,0x00,0x00,0x00,0x00,0x00,0x00,0x00,0x00,0x00,0x00,0x00,0x00,0x00,
    0x00,0x00,0x00,0x00,0x00,0x00,0x00,0x00,0x00,0x00,0x00,0x00,0x00,0x00,0x00,0x00,
    0x00,0x00,0x00,0x00,0x00,0x00,0x00,0x00,0x00,0x00,0x00,0x00,0x00,0x00,0x00,0x00,
    0x00,0x00,0x00,0x00,0x00,0x00,0x00,0x00,0x00,0x00,0x00,0x00,0x00,0x00,0x00,0x00,
    0x00,0x00,0x00,0x00,0x00,0x00,0x00,0x00,0x00,0x00,0x00,0x00,0x00,0x00,0x00,0x00,
    0x00,0x00,0x00,0x00,0x00,0x00,0x00,0x00,0x00,0x00,0x00,0x00,0x00,0x00,0x00,0x00,
    0x00,0x00,0x00,0x00,0x00,0x00,0x00,0x00,0x00,0x00,0x00,0x00,0x00,0x00,0x00,0x00,
    0x00,0x00,0x00,0x00,0x00,0x00,0x00,0x00,0x00,0x00,0x00,0x00,0x00,0x00,0x00,0x00,
    0x00,0x00,0x00,0x00,0x00,0x00,0x00,0x00,0x00,0x00,0x00,0x00,0x00,0x00,0x00,0x00,
    0x00,0x00,0x00,0x00,0x00,0x00,0x00,0x00,0x00,0x00,0x00,0x00,0x00,0x00,0x00,0x00,
    0x00,0x00,0x00,0x00,0x00,0x00,0x00,0x00,0x00,0x00,0x00,0x00,0x00,0x00,0x00,0x00,
    0x00,0x00,0x00,0x00,0x00,0x00,0x00,0x00,0x00,0x00,0x00,0x00,0x00,0x00,0x00,0x00,
    0x00,0x00,0x00,0x00,0x00,0x00,0x00,0x00,0x00,0x00,0x00,0x00,0x00,0x00,0x00,0x00,
    0x00,0x00,0x00,0x00,0x00,0x00,0x00,0x00,0x00,0x00,0x00,0x00,0x00,0x00,0x00,0x00,
    0x00,0x00,0x00,0x00,0x00,0x00,0x00,0x00,0x00,0x00,0x00,0x00,0x00,0x00,0x00,0x00,
    0x00,0x00,0x00,0x00,0x00,0x00,0x00,0x00,0x00,0x00,0x00,0x00,0x00,0x00,0x00,0x00,
    0x00,0x00,0x00,0x00,0x00,0x00,0x00,0x00,0x00,0x00,0x00,0x00,0x00,0x00,0x00,0x00,
    0x00,0x00,0x00,0x00,0x00,0x00,0x00,0x00,0x00,0x00,0x00,0x00,0x00,0x00,0x00,0x00,
    0x00,0x00,0x00,0x00,0x00,0x00,0x00,0x00,0x00,0x00,0x00,0x00,0x00,0x00,0x00,0x00,
    0x00,0x00,0x00,0x00,0x00,0x00,0x00,0x00,0x00,0x00,0x00,0x00,0x00,0x00,0x00,0x00,
    0x00,0x00,0x00,0x00,0x00,0x00,0x00,0x00,0x00,0x00,0x00,0x00,0x00,0x00,0x00,0x00,
    0x00,0x00,0x00,0x00,0x00,0x00,0x00,0x00,0x00,0x00,0x00,0x00,0x00,0x00,0x00,0x00,
    0x00,0x00,0x00,0x00,0x00,0x00,0x00,0x00,0x00,0x00,0x00,0x00,0x00,0x00,0x00,0x00,
    0x00,0x00,0x00,0x00,0x00,0x00,0x00,0x00,0x00,0x00,0x00,0x00,0x00,0x00,0x00,0x00,
    0x00,0x00,0x00,0x00,0x00,0x00,0x00,0x00,0x00,0x00,0x00,0x00,0x00,0x00,0x00,0x00,
    0x00,0x00,0x00,0x00,0x00,0x00,0x00,0x00,0x00,0x00,0x00,0x00,0x00,0x00,0x00,0x00,
    0x00,0x00,0x00,0x00,0x00,0x00,0x00,0x00,0x00,0x00,0x00,0x00,0x00,0x00,0x00,0x00,
    0x00,0x00,0x00,0x00,0x00,0x00,0x00,0x00,0x00,0x00,0x00,0x00,0x00,0x00,0x00,0x00,
    0x00,0x00,0x00,0x00,0x00,0x00,0x00,0x00,0x00,0x00,0x00,0x00,0x00,0x00,0x00,0x00,
    0x00,0x00,0x00,0x00,0x00,0x00,0x00,0x00,0x00,0x00,0x00,0x00,0x00,0x00,0x00,0x00,
    0x00,0x00,0x00,0x00,0x00,0x00,0x00,0x00,0x00,0x00,0x00,0x00,0x00,0x00,0x00,0x00,
    0x00,0x00,0x00,0x00,0x00,0x00,0x00,0x00,0x00,0x00,0x00,0x00,0x00,0x00,0x00,0x00,
    0x00,0x00,0x00,0x00,0x00,0x00,0x00,0x00,0x00,0x00,0x00,0x00,0x00,0x00,0x00,0x00,
    0x00,0x00,0x00,0x00,0x00,0x00,0x00,0x00,0x00,0x00,0x00,0x00,0x00,0x00,0x00,0x00,
    0x00,0x00,0x00,0x00,0x00,0x00,0x00,0x00,0x00,0x00,0x00,0x00,0x00,0x00,0x00,0x00,
    0x00,0x00,0x00,0x00,0x00,0x00,0x00,0x00,0x00,0x00,0x00,0x00,0x00,0x00,0x00,0x00,
    0x00,0x00,0x00,0x00,0x00,0x00,0x00,0x00,0x00,0x00,0x00,0x00,0x00,0x00,0x00,0x00,
    0x00,0x00,0x00,0x00,0x00,0x00,0x00,0x00,0x00,0x00,0x00,0x00,0x00,0x00,0x00,0x00,
    0x00,0x00,0x00,0x00,0x00,0x00,0x00,0x00,0x00,0x00,0x00,0x00,0x00,0x00,0x00,0x00,
    0x00,0x00,0x00,0x00,0x00,0x00,0x00,0x00,0x00,0x00,0x00,0x00,0x00,0x00,0x00,0x00,
    0x00,0x00,0x00,0x00,0x00,0x00,0x00,0x00,0x00,0x00,0x00,0x00,0x00,0x00,0x00,0x00,
    0x00,0x00,0x00,0x00,0x00,0x00,0x00,0x00,0x00,0x00,0x00,0x00,0x00,0x00,0x00,0x00,
    0x00,0x00,0x00,0x00,0x00,0x00,0x00,0x00,0x00,0x00,0x00,0x00,0x00,0x00,0x00,0x00,
    0x00,0x00,0x00,0x00,0x00,0x00,0x00,0x00,0x00,0x00,0x00,0x00,0x00,0x00,0x00,0x00,
    0x00,0x00,0x00,0x00,0x00,0x00,0x00,0x00,0x00,0x00,0x00,0x00,0x00,0x00,0x00,0x00,
    0x00,0x00,0x00,0x00,0x00,0x00,0x00,0x00,0x00,0x00,0x00,0x00,0x00,0x00,0x00,0x00,
    0x00,0x00,0x00,0x00,0x00,0x00,0x00,0x00,0x00,0x00,0x00,0x00,0x00,0x00,0x00,0x00,
    0x00,0x00,0x00,0x00,0x00,0x00,0x00,0x00,0x00,0x00,0x00,0x00,0x00,0x00,0x00,0x00,
    0x00,0x00,0x00,0x00,0x00,0x00,0x00,0x00,0x00,0x00,0x00,0x00,0x00,0x00,0x00,0x00,
    0x00,0x00,0x00,0x00,0x00,0x00,0x00,0x00,0x00,0x00,0x00,0x00,0x00,0x00,0x00,0x00,
    0x00,0x00,0x00,0x00,0x00,0x00,0x00,0x00,0x00,0x00,0x00,0x00,0x00,0x00,0x00,0x00,
    0x00,0x00,0x00,0x00,0x00,0x00,0x00,0x00,0x00,0x00,0x00,0x00,0x00,0x00,0x00,0x00,
    0x00,0x00,0x00,0x00,0x00,0x00,0x00,0x00,0x00,0x00,0x00,0x00,0x00,0x00,0x00,0x00,
    0x00,0x00,0x00,0x00,0x00,0x00,0x00,0x00,0x00,0x00,0x00,0x00,0x00,0x00,0x00,0x00,
    0x00,0x00,0x00,0x00,0x00,0x00,0x00,0x00,0x00,0x00,0x00,0x00,0x00,0x00,0x00,0x00,
    0x00,0x00,0x00,0x00,0x00,0x00,0x00,0x00,0x00,0x00,0x00,0x00,0x00,0x00,0x00,0x00,
    0x00,0x00,0x00,0x00,0x00,0x00,0x00,0x00,0x00,0x00,0x00,0x00,0x00,0x00,0x00,0x00,
    0x00,0x00,0x00,0x00,0x00,0x00,0x00,0x00,0x00,0x00,0x00,0x00,0x00,0x00,0x00,0x00,
    0x00,0x00,0x00,0x00,0x00,0x00,0x00,0x00,0x00,0x00,0x00,0x00,0x00,0x00,0x00,0x00,
    0x00,0x00,0x00,0x00,0x00,0x00,0x00,0x00,0x00,0x00,0x00,0x00,0x00,0x00,0x00,0x00,
    0x00,0x00,0x00,0x00,0x00,0x00,0x00,0x00,0x00,0x00,0x00,0x00,0x00,0x00,0x00,0x00,
    0x00,0x00,0x00,0x00,0x00,0x00,0x00,0x00,0x00,0x00,0x00,0x00,0x00,0x00,0x00,0x00,
    0x00,0x00,0x00,0x00,0x00,0x00,0x00,0x00,0x00,0x00,0x00,0x00,0x00,0x00,0x00,0x00,
    0x00,0x00,0x00,0x00,0x00,0x00,0x00,0x00,0x00,0x00,0x00,0x00,0x00,0x00,0x00,0x00,
    0x00,0x00,0x00,0x00,0x00,0x00,0x00,0x00,0x00,0x00,0x00,0x00,0x00,0x00,0x00,0x00,
    0x00,0x00,0x00,0x00,0x00,0x00,0x00,0x00,0x00,0x00,0x00,0x00,0x00,0x00,0x00,0x00,
    0x00,0x00,0x00,0x00,0x00,0x00,0x00,0x00,0x00,0x00,0x00,0x00,0x00,0x00,0x00,0x00,
    0x00,0x00,0x00,0x00,0x00,0x00,0x00,0x00,0x00,0x00,0x00,0x00,0x00,0x00,0x00,0x00,
    0x00,0x00,0x00,0x00,0x00,0x00,0x00,0x00,0x00,0x00,0x00,0x00,0x00,0x00,0x00,0x00,
    0x00,0x00,0x00,0x00,0x00,0x00,0x00,0x00,0x00,0x00,0x00,0x00,0x00,0x00,0x00,0x00,
    0x00,0x00,0x00,0x00,0x00,0x00,0x00,0x00,0x00,0x00,0x00,0x00,0x00,0x00,0x00,0x00,
    0x00,0x00,0x00,0x00,0x00,0x00,0x00,0x00,0x00,0x00,0x00,0x00,0x00,0x00,0x00,0x00,
    0x00,0x00,0x00,0x00,0x00,0x00,0x00,0x00,0x00,0x00,0x00,0x00,0x00,0x00,0x00,0x00,
    0x00,0x00,0x00,0x00,0x00,0x00,0x00,0x00,0x00,0x00,0x00,0x00,0x00,0x00,0x00,0x00,
    0x00,0x00,0x00,0x00,0x00,0x00,0x00,0x00,0x00,0x00,0x00,0x00,0x00,0x00,0x00,0x00,
    0x00,0x00,0x00,0x00,0x00,0x00,0x00,0x00,0x00,0x00,0x00,0x00,0x00,0x00,0x00,0x00,
    0x00,0x00,0x00,0x00,0x00,0x00,0x00,0x00,0x00,0x00,0x00,0x00,0x00,0x00,0x00,0x00,
    0x00,0x00,0x00,0x00,0x00,0x00,0x00,0x00,0x00,0x00,0x00,0x00,0x00,0x00,0x00,0x00,
    0x00,0x00,0x00,0x00,0x00,0x00,0x00,0x00,0x00,0x00,0x00,0x00,0x00,0x00,0x00,0x00,
    0x00,0x00,0x00,0x00,0x00,0x00,0x00,0x00,0x00,0x00,0x00,0x00,0x00,0x00,0x00,0x00,
    0x00,0x00,0x00,0x00,0x00,0x00,0x00,0x00,0x00,0x00,0x00,0x00,0x00,0x00,0x00,0x00,
    0x00,0x00,0x00,0x00,0x00,0x00,0x00,0x00,0x00,0x00,0x00,0x00,0x00,0x00,0x00,0x00,
    0x00,0x00,0x00,0x00,0x00,0x00,0x00,0x00,0x00,0x00,0x00,0x00,0x00,0x00,0x00,0x00,
    0x00,0x00,0x00,0x00,0x00,0x00,0x00,0x00,0x00,0x00,0x00,0x00,0x00,0x00,0x00,0x00,
    0x00,0x00,0x00,0x00,0x00,0x00,0x00,0x00,0x00,0x00,0x00,0x00,0x00,0x00,0x00,0x00,
    0x00,0x00,0x00,0x00,0x00,0x00,0x00,0x00,0x00,0x00,0x00,0x00,0x00,0x00,0x00,0x00,
    0x00,0x00,0x00,0x00,0x00,0x00,0x00,0x00,0x00,0x00,0x00,0x00,0x00,0x00,0x00,0x00,
    0x00,0x00,0x00,0x00,0x00,0x00,0x00,0x00,0x00,0x00,0x00,0x00,0x00,0x00,0x00,0x00,
    0x00,0x00,0x00,0x00,0x00,0x00,0x00,0x00,0x00,0x00,0x00,0x00,0x00,0x00,0x00,0x00,
    0x00,0x00,0x00,0x00,0x00,0x00,0x00,0x00,0x00,0x00,0x00,0x00,0x00,0x00,0x00,0x00,
    0x00,0x00,0x00,0x00,0x00,0x00,0x00,0x00,0x00,0x00,0x00,0x00,0x00,0x00,0x00,0x00,
    0x00,0x00,0x00,0x00,0x00,0x00,0x00,0x00,0x00,0x00,0x00,0x00,0x00,0x00,0x00,0x00,
    0x00,0x00,0x00,0x00,0x00,0x00,0x00,0x00,0x00,0x00,0x00,0x00,0x00,0x00,0x00,0x00,
    0x00,0x00,0x00,0x00,0x00,0x00,0x00,0x00,0x00,0x00,0x00,0x00,0x00,0x00,0x00,0x00,
    0x00,0x00,0x00,0x00,0x00,0x00,0x00,0x00,0x00,0x00,0x00,0x00,0x00,0x00,0x00,0x00,
    0x00,0x00,0x00,0x00,0x00,0x00,0x00,0x00,0x00,0x00,0x00,0x00,0x00,0x00,0x00,0x00,
    0x00,0x00,0x00,0x00,0x00,0x00,0x00,0x00,0x00,0x00,0x00,0x00,0x00,0x00,0x00,0x00,
    0x00,0x00,0x00,0x00,0x00,0x00,0x00,0x00,0x00,0x00,0x00,0x00,0x00,0x00,0x00,0x00,
    0x00,0x00,0x00,0x00,0x00,0x00,0x00,0x00,0x00,0x00,0x00,0x00,0x00,0x00,0x00,0x00,
    0x00,0x00,0x00,0x00,0x00,0x00,0x00,0x00,0x00,0x00,0x00,0x00,0x00,0x00,0x00,0x00,
    0x00,0x00,0x00,0x00,0x00,0x00,0x00,0x00,0x00,0x00,0x00,0x00,0x00,0x00,0x00,0x00,
    0x00,0x00,0x00,0x00,0x00,0x00,0x00,0x00,0x00,0x00,0x00,0x00,0x00,0x00,0x00,0x00,
    0x00,0x00,0x00,0x00,0x00,0x00,0x00,0x00,0x00,0x00,0x00,0x00,0x00,0x00,0x00,0x00,
    0x00,0x00,0x00,0x00,0x00,0x00,0x00,0x00,0x00,0x00,0x00,0x00,0x00,0x00,0x00,0x00,
    0x00,0x00,0x00,0x00,0x00,0x00,0x00,0x00,0x00,0x00,0x00,0x00,0x00,0x00,0x00,0x00,
    0x00,0x00,0x00,0x00,0x00,0x00,0x00,0x00,0x00,0x00,0x00,0x00,0x00,0x00,0x00,0x00,
    0x00,0x00,0x00,0x00,0x00,0x00,0x00,0x00,0x00,0x00,0x00,0x00,0x00,0x00,0x00,0x00,
    0x00,0x00,0x00,0x00,0x00,0x00,0x00,0x00,0x00,0x00,0x00,0x00,0x00,0x00,0x00,0x00,
    0x00,0x00,0x00,0x00,0x00,0x00,0x00,0x00,0x00,0x00,0x00,0x00,0x00,0x00,0x00,0x00,
    0x00,0x00,0x00,0x00,0x00,0x00,0x00,0x00,0x00,0x00,0x00,0x00,0x00,0x00,0x00,0x00,
    0x00,0x00,0x00,0x00,0x00,0x00,0x00,0x00,0x00,0x00,0x00,0x00,0x00,0x00,0x00,0x00,
    0x00,0x00,0x00,0x00,0x00,0x00,0x00,0x00,0x00,0x00,0x00,0x00,0x00,0x00,0x00,0x00,
    0x00,0x00,0x00,0x00,0x00,0x00,0x00,0x00,0x00,0x00,0x00,0x00,0x00,0x00,0x00,0x00,
    0x00,0x00,0x00,0x00,0x00,0x00,0x00,0x00,0x00,0x00,0x00,0x00,0x00,0x00,0x00,0x00,
    0x00,0x00,0x00,0x00,0x00,0x00,0x00,0x00,0x00,0x00,0x00,0x00,0x00,0x00,0x00,0x00,
    0x00,0x00,0x00,0x00,0x00,0x00,0x00,0x00,0x00,0x00,0x00,0x00,0x00,0x00,0x00,0x00,
    0x00,0x00,0x00,0x00,0x00,0x00,0x00,0x00,0x00,0x00,0x00,0x00,0x00,0x00,0x00,0x00,
    0x00,0x00,0x00,0x00,0x00,0x00,0x00,0x00,0x00,0x00,0x00,0x00,0x00,0x00,0x00,0x00,
    0x00,0x00,0x00,0x00,0x00,0x00,0x00,0x00,0x00,0x00,0x00,0x00,0x00,0x00,0x00,0x00,
    0x00,0x00,0x00,0x00,0x00,0x00,0x00,0x00,0x00,0x00,0x00,0x00,0x00,0x00,0x00,0x00,
    0x00,0x00,0x00,0x00,0x00,0x00,0x00,0x00,0x00,0x00,0x00,0x00,0x00,0x00,0x00,0x00,
    0x00,0x00,0x00,0x00,0x00,0x00,0x00,0x00,0x00,0x00,0x00,0x00,0x00,0x00,0x00,0x00,
    0x00,0x00,0x00,0x00,0x00,0x00,0x00,0x00,0x00,0x00,0x00,0x00,0x00,0x00,0x00,0x00,
    0x00,0x00,0x00,0x00,0x00,0x00,0x00,0x00,0x00,0x00,0x00,0x00,0x00,0x00,0x00,0x00,
    0x00,0x00,0x00,0x00,0x00,0x00,0x00,0x00,0x00,0x00,0x00,0x00,0x00,0x00,0x00,0x00,
    0x00,0x00,0x00,0x00,0x00,0x00,0x00,0x00,0x00,0x00,0x00,0x00,0x00,0x00,0x00,0x00,
    0x00,0x00,0x00,0x00,0x00,0x00,0x00,0x00,0x00,0x00,0x00,0x00,0x00,0x00,0x00,0x00,
    0x00,0x00,0x00,0x00,0x00,0x00,0x00,0x00,0x00,0x00,0x00,0x00,0x00,0x00,0x00,0x00,
    0x00,0x00,0x00,0x00,0x00,0x00,0x00,0x00,0x00,0x00,0x00,0x00,0x00,0x00,0x00,0x00,
    0x00,0x00,0x00,0x00,0x00,0x00,0x00,0x00,0x00,0x00,0x00,0x00,0x00,0x00,0x00,0x00,
    0x00,0x00,0x00,0x00,0x00,0x00,0x00,0x00,0x00,0x00,0x00,0x00,0x00,0x00,0x00,0x00,
    0x00,0x00,0x00,0x00,0x00,0x00,0x00,0x00,0x00,0x00,0x00,0x00,0x00,0x00,0x00,0x00,
    0x00,0x00,0x00,0x00,0x00,0x00,0x00,0x00,0x00,0x00,0x00,0x00,0x00,0x00,0x00,0x00,
    0x00,0x00,0x00,0x00,0x00,0x00,0x00,0x00,0x00,0x00,0x00,0x00,0x00,0x00,0x00,0x00,
    0x00,0x00,0x00,0x00,0x00,0x00,0x00,0x00,0x00,0x00,0x00,0x00,0x00,0x00,0x00,0x00,
    0x00,0x00,0x00,0x00,0x00,0x00,0x00,0x00,0x00,0x00,0x00,0x00,0x00,0x00,0x00,0x00,
    0x00,0x00,0x00,0x00,0x00,0x00,0x00,0x00,0x00,0x00,0x00,0x00,0x00,0x00,0x00,0x00,
    0x00,0x00,0x00,0x00,0x00,0x00,0x00,0x00,0x00,0x00,0x00,0x00,0x00,0x00,0x00,0x00,
    0x00,0x00,0x00,0x00,0x00,0x00,0x00,0x00,0x00,0x00,0x00,0x00,0x00,0x00,0x00,0x00,
    0x00,0x00,0x00,0x00,0x00,0x00,0x00,0x00,0x00,0x00,0x00,0x00,0x00,0x00,0x00,0x00,
    0x00,0x00,0x00,0x00,0x00,0x00,0x00,0x00,0x00,0x00,0x00,0x00,0x00,0x00,0x00,0x00,
    0x00,0x00,0x00,0x00,0x00,0x00,0x00,0x00,0x00,0x00,0x00,0x00,0x00,0x00,0x00,0x00,
    0x00,0x00,0x00,0x00,0x00,0x00,0x00,0x00,0x00,0x00,0x00,0x00,0x00,0x00,0x00,0x00,
    0x00,0x00,0x00,0x00,0x00,0x00,0x00,0x00,0x00,0x00,0x00,0x00,0x00,0x00,0x00,0x00,
    0x00,0x00,0x00,0x00,0x00,0x00,0x00,0x00,0x00,0x00,0x00,0x00,0x00,0x00,0x00,0x00,
    0x00,0x00,0x00,0x00,0x00,0x00,0x00,0x00,0x00,0x00,0x00,0x00,0x00,0x00,0x00,0x00,
    0x00,0x00,0x00,0x00,0x00,0x00,0x00,0x00,0x00,0x00,0x00,0x00,0x00,0x00,0x00,0x00,
    0x00,0x00,0x00,0x00,0x00,0x00,0x00,0x00,0x00,0x00,0x00,0x00,0x00,0x00,0x00,0x00,
    0x00,0x00,0x00,0x00,0x00,0x00,0x00,0x00,0x00,0x00,0x00,0x00,0x00,0x00,0x00,0x00,
    0x00,0x00,0x00,0x00,0x00,0x00,0x00,0x00,0x00,0x00,0x00,0x00,0x00,0x00,0x00,0x00,
    0x00,0x00,0x00,0x00,0x00,0x00,0x00,0x00,0x00,0x00,0x00,0x00,0x00,0x00,0x00,0x00,
    0x00,0x00,0x00,0x00,0x00,0x00,0x00,0x00,0x00,0x00,0x00,0x00,0x00,0x00,0x00,0x00,
    0x00,0x00,0x00,0x00,0x00,0x00,0x00,0x00,0x00,0x00,0x00,0x00,0x00,0x00,0x00,0x00,
    0x00,0x00,0x00,0x00,0x00,0x00,0x00,0x00,0x00,0x00,0x00,0x00,0x00,0x00,0x00,0x00,
    0x00,0x00,0x00,0x00,0x00,0x00,0x00,0x00,0x00,0x00,0x00,0x00,0x00,0x00,0x00,0x00,
    0x00,0x00,0x00,0x00,0x00,0x00,0x00,0x00,0x00,0x00,0x00,0x00,0x00,0x00,0x00,0x00,
    0x00,0x00,0x00,0x00,0x00,0x00,0x00,0x00,0x00,0x00,0x00,0x00,0x00,0x00,0x00,0x00,
    0x00,0x00,0x00,0x00,0x00,0x00,0x00,0x00,0x00,0x00,0x00,0x00,0x00,0x00,0x00,0x00,
    0x00,0x00,0x00,0x00,0x00,0x00,0x00,0x00,0x00,0x00,0x00,0x00,0x00,0x00,0x00,0x00,
    0x00,0x00,0x00,0x00,0x00,0x00,0x00,0x00,0x00,0x00,0x00,0x00,0x00,0x00,0x00,0x00,
    0x00,0x00,0x00,0x00,0x00,0x00,0x00,0x00,0x00,0x00,0x00,0x00,0x00,0x00,0x00,0x00,
    0x00,0x00,0x00,0x00,0x00,0x00,0x00,0x00,0x00,0x00,0x00,0x00,0x00,0x00,0x00,0x00,
    0x00,0x00,0x00,0x00,0x00,0x00,0x00,0x00,0x00,0x00,0x00,0x00,0x00,0x00,0x00,0x00,
    0x00,0x00,0x00,0x00,0x00,0x00,0x00,0x00,0x00,0x00,0x00,0x00,0x00,0x00,0x00,0x00,
    0x00,0x00,0x00,0x00,0x00,0x00,0x00,0x00,0x00,0x00,0x00,0x00,0x00,0x00,0x00,0x00,
    0x00,0x00,0x00,0x00,0x00,0x00,0x00,0x00,0x00,0x00,0x00,0x00,0x00,0x00,0x00,0x00,
    0x00,0x00,0x00,0x00,0x00,0x00,0x00,0x00,0x00,0x00,0x00,0x00,0x00,0x00,0x00,0x00,
    0x00,0x00,0x00,0x00,0x00,0x00,0x00,0x00,0x00,0x00,0x00,0x00,0x00,0x00,0x00,0x00,
    0x00,0x00,0x00,0x00,0x00,0x00,0x00,0x00,0x00,0x00,0x00,0x00,0x00,0x00,0x00,0x00,
    0x00,0x00,0x00,0x00,0x00,0x00,0x00,0x00,0x00,0x00,0x00,0x00,0x00,0x00,0x00,0x00,
    0x00,0x00,0x00,0x00,0x00,0x00,0x00,0x00,0x00,0x00,0x00,0x00,0x00,0x00,0x00,0x00,
    0x00,0x00,0x00,0x00,0x00,0x00,0x00,0x00,0x00,0x00,0x00,0x00,0x00,0x00,0x00,0x00,
    0x00,0x00,0x00,0x00,0x00,0x00,0x00,0x00,0x00,0x00,0x00,0x00,0x00,0x00,0x00,0x00,
    0x00,0x00,0x00,0x00,0x00,0x00,0x00,0x00,0x00,0x00,0x00,0x00,0x00,0x00,0x00,0x00,
    0x00,0x00,0x00,0x00,0x00,0x00,0x00,0x00,0x00,0x00,0x00,0x00,0x00,0x00,0x00,0x00,
    0x00,0x00,0x00,0x00,0x00,0x00,0x00,0x00,0x00,0x00,0x00,0x00,0x00,0x00,0x00,0x00,
    0x00,0x00,0x00,0x00,0x00,0x00,0x00,0x00,0x00,0x00,0x00,0x00,0x00,0x00,0x00,0x00,
    0x00,0x00,0x00,0x00,0x00,0x00,0x00,0x00,0x00,0x00,0x00,0x00,0x00,0x00,0x00,0x00,
    0x00,0x00,0x00,0x00,0x00,0x00,0x00,0x00,0x00,0x00,0x00,0x00,0x00,0x00,0x00,0x00,
    0x00,0x00,0x00,0x00,0x00,0x00,0x00,0x00,0x00,0x00,0x00,0x00,0x00,0x00,0x00,0x00,
    0x00,0x00,0x00,0x00,0x00,0x00,0x00,0x00,0x00,0x00,0x00,0x00,0x00,0x00,0x00,0x00,
    0x00,0x00,0x00,0x00,0x00,0x00,0x00,0x00,0x00,0x00,0x00,0x00,0x00,0x00,0x00,0x00,
    0x00,0x00,0x00,0x00,0x00,0x00,0x00,0x00,0x00,0x00,0x00,0x00,0x00,0x00,0x00,0x00,
    0x00,0x00,0x00,0x00,0x00,0x00,0x00,0x00,0x00,0x00,0x00,0x00,0x00,0x00,0x00,0x00,
    0x00,0x00,0x00,0x00,0x00,0x00,0x00,0x00,0x00,0x00,0x00,0x00,0x00,0x00,0x00,0x00,
    0x00,0x00,0x00,0x00,0x00,0x00,0x00,0x00,0x00,0x00,0x00,0x00,0x00,0x00,0x00,0x00,
    0x00,0x00,0x00,0x00,0x00,0x00,0x00,0x00,0x00,0x00,0x00,0x00,0x00,0x00,0x00,0x00,
    0x00,0x00,0x00,0x00,0x00,0x00,0x00,0x00,0x00,0x00,0x00,0x00,0x00,0x00,0x00,0x00,
    0x00,0x00,0x00,0x00,0x00,0x00,0x00,0x00,0x00,0x00,0x00,0x00,0x00,0x00,0x00,0x00,
    0x00,0x00,0x00,0x00,0x00,0x00,0x00,0x00,0x00,0x00,0x00,0x00,0x00,0x00,0x00,0x00,
    0x00,0x00,0x00,0x00,0x00,0x00,0x00,0x00,0x00,0x00,0x00,0x00,0x00,0x00,0x00,0x00,
    0x00,0x00,0x00,0x00,0x00,0x00,0x00,0x00,0x00,0x00,0x00,0x00,0x00,0x00,0x00,0x00,
    0x00,0x00,0x00,0x00,0x00,0x00,0x00,0x00,0x00,0x00,0x00,0x00,0x00,0x00,0x00,0x00,
    0x00,0x00,0x00,0x00,0x00,0x00,0x00,0x00,0x00,0x00,0x00,0x00,0x00,0x00,0x00,0x00,
    0x00,0x00,0x00,0x00,0x00,0x00,0x00,0x00,0x00,0x00,0x00,0x00,0x00,0x00,0x00,0x00,
    0x00,0x00,0x00,0x00,0x00,0x00,0x00,0x00,0x00,0x00,0x00,0x00,0x00,0x00,0x00,0x00,
    0x00,0x00,0x00,0x00,0x00,0x00,0x00,0x00,0x00,0x00,0x00,0x00,0x00,0x00,0x00,0x00,
    0x00,0x00,0x00,0x00,0x00,0x00,0x00,0x00,0x00,0x00,0x00,0x00,0x00,0x00,0x00,0x00,
    0x00,0x00,0x00,0x00,0x00,0x00,0x00,0x00,0x00,0x00,0x00,0x00,0x00,0x00,0x00,0x00,
    0x00,0x00,0x00,0x00,0x00,0x00,0x00,0x00,0x00,0x00,0x00,0x00,0x00,0x00,0x00,0x00,
    0x00,0x00,0x00,0x00,0x00,0x00,0x00,0x00,0x00,0x00,0x00,0x00,0x00,0x00,0x00,0x00,
    0x00,0x00,0x00,0x00,0x00,0x00,0x00,0x00,0x00,0x00,0x00,0x00,0x00,0x00,0x00,0x00,
    0x00,0x00,0x00,0x00,0x00,0x00,0x00,0x00,0x00,0x00,0x00,0x00,0x00,0x00,0x00,0x00,
    0x00,0x00,0x00,0x00,0x00,0x00,0x00,0x00,0x00,0x00,0x00,0x00,0x00,0x00,0x00,0x00,
    0x00,0x00,0x00,0x00,0x00,0x00,0x00,0x00,0x00,0x00,0x00,0x00,0x00,0x00,0x00,0x00,
    0x00,0x00,0x00,0x00,0x00,0x00,0x00,0x00,0x00,0x00,0x00,0x00,0x00,0x00,0x00,0x00,
    0x00,0x00,0x00,0x00,0x00,0x00,0x00,0x00,0x00,0x00,0x00,0x00,0x00,0x00,0x00,0x00,
    0x00,0x00,0x00,0x00,0x00,0x00,0x00,0x00,0x00,0x00,0x00,0x00,0x00,0x00,0x00,0x00,
    0x00,0x00,0x00,0x00,0x00,0x00,0x00,0x00,0x00,0x00,0x00,0x00,0x00,0x00,0x00,0x00,
    0x00,0x00,0x00,0x00,0x00,0x00,0x00,0x00,0x00,0x00,0x00,0x00,0x00,0x00,0x00,0x00,
    0x00,0x00,0x00,0x00,0x00,0x00,0x00,0x00,0x00,0x00,0x00,0x00,0x00,0x00,0x00,0x00,
    0x00,0x00,0x00,0x00,0x00,0x00,0x00,0x00,0x00,0x00,0x00,0x00,0x00,0x00,0x00,0x00,
    0x00,0x00,0x00,0x00,0x00,0x00,0x00,0x00,0x00,0x00,0x00,0x00,0x00,0x00,0x00,0x00,
    0x00,0x00,0x00,0x00,0x00,0x00,0x00,0x00,0x00,0x00,0x00,0x00,0x00,0x00,0x00,0x00,
    0x00,0x00,0x00,0x00,0x00,0x00,0x00,0x00,0x00,0x00,0x00,0x00,0x00,0x00,0x00,0x00,
    0x00,0x00,0x00,0x00,0x00,0x00,0x00,0x00,0x00,0x00,0x00,0x00,0x00,0x00,0x00,0x00,
    0x00,0x00,0x00,0x00,0x00,0x00,0x00,0x00,0x00,0x00,0x00,0x00,0x00,0x00,0x00,0x00,
    0x00,0x00,0x00,0x00,0x00,0x00,0x00,0x00,0x00,0x00,0x00,0x00,0x00,0x00,0x00,0x00,
    0x00,0x00,0x00,0x00,0x00,0x00,0x00,0x00,0x00,0x00,0x00,0x00,0x00,0x00,0x00,0x00,
    0x00,0x00,0x00,0x00,0x00,0x00,0x00,0x00,0x00,0x00,0x00,0x00,0x00,0x00,0x00,0x00,
    0x00,0x00,0x00,0x00,0x00,0x00,0x00,0x00,0x00,0x00,0x00,0x00,0x00,0x00,0x00,0x00,
    0x00,0x00,0x00,0x00,0x00,0x00,0x00,0x00,0x00,0x00,0x00,0x00,0x00,0x00,0x00,0x00,
    0x00,0x00,0x00,0x00,0x00,0x00,0x00,0x00,0x00,0x00,0x00,0x00,0x00,0x00,0x00,0x00,
    0x00,0x00,0x00,0x00,0x00,0x00,0x00,0x00,0x00,0x00,0x00,0x00,0x00,0x00,0x00,0x00,
    0x00,0x00,0x00,0x00,0x00,0x00,0x00,0x00,0x00,0x00,0x00,0x00,0x00,0x00,0x00,0x00,
    0x00,0x00,0x00,0x00,0x00,0x00,0x00,0x00,0x00,0x00,0x00,0x00,0x00,0x00,0x00,0x00,
    0x00,0x00,0x00,0x00,0x00,0x00,0x00,0x00,0x00,0x00,0x00,0x00,0x00,0x00,0x00,0x00,
    0x00,0x00,0x00,0x00,0x00,0x00,0x00,0x00,0x00,0x00,0x00,0x00,0x00,0x00,0x00,0x00,
    0x00,0x00,0x00,0x00,0x00,0x00,0x00,0x00,0x00,0x00,0x00,0x00,0x00,0x00,0x00,0x00,
    0x00,0x00,0x00,0x00,0x00,0x00,0x00,0x00,0x00,0x00,0x00,0x00,0x00,0x00,0x00,0x00,
    0x00,0x00,0x00,0x00,0x00,0x00,0x00,0x00,0x00,0x00,0x00,0x00,0x00,0x00,0x00,0x00,
    0x00,0x00,0x00,0x00,0x00,0x00,0x00,0x00,0x00,0x00,0x00,0x00,0x00,0x00,0x00,0x00,
    0x00,0x00,0x00,0x00,0x00,0x00,0x00,0x00,0x00,0x00,0x00,0x00,0x00,0x00,0x00,0x00,
    0x00,0x00,0x00,0x00,0x00,0x00,0x00,0x00,0x00,0x00,0x00,0x00,0x00,0x00,0x00,0x00,
    0x00,0x00,0x00,0x00,0x00,0x00,0x00,0x00,0x00,0x00,0x00,0x00,0x00,0x00,0x00,0x00,
    0x00,0x00,0x00,0x00,0x00,0x00,0x00,0x00,0x00,0x00,0x00,0x00,0x00,0x00,0x00,0x00,
    0x00,0x00,0x00,0x00,0x00,0x00,0x00,0x00,0x00,0x00,0x00,0x00,0x00,0x00,0x00,0x00,
    0x00,0x00,0x00,0x00,0x00,0x00,0x00,0x00,0x00,0x00,0x00,0x00,0x00,0x00,0x00,0x00,
    0x00,0x00,0x00,0x00,0x00,0x00,0x00,0x00,0x00,0x00,0x00,0x00,0x00,0x00,0x00,0x00,
    0x00,0x00,0x00,0x00,0x00,0x00,0x00,0x00,0x00,0x00,0x00,0x00,0x00,0x00,0x00,0x00,
    0x00,0x00,0x00,0x00,0x00,0x00,0x00,0x00,0x00,0x00,0x00,0x00,0x00,0x00,0x00,0x00,
    0x00,0x00,0x00,0x00,0x00,0x00,0x00,0x00,0x00,0x00,0x00,0x00,0x00,0x00,0x00,0x00,
    0x00,0x00,0x00,0x00,0x00,0x00,0x00,0x00,0x00,0x00,0x00,0x00,0x00,0x00,0x00,0x00,
    0x00,0x00,0x00,0x00,0x00,0x00,0x00,0x00,0x00,0x00,0x00,0x00,0x00,0x00,0x00,0x00,
    0x00,0x00,0x00,0x00,0x00,0x00,0x00,0x00,0x00,0x00,0x00,0x00,0x00,0x00,0x00,0x00,
    0x00,0x00,0x00,0x00,0x00,0x00,0x00,0x00,0x00,0x00,0x00,0x00,0x00,0x00,0x00,0x00,
    0x00,0x00,0x00,0x00,0x00,0x00,0x00,0x00,0x00,0x00,0x00,0x00,0x00,0x00,0x00,0x00,
    0x00,0x00,0x00,0x00,0x00,0x00,0x00,0x00,0x00,0x00,0x00,0x00,0x00,0x00,0x00,0x00,
    0x00,0x00,0x00,0x00,0x00,0x00,0x00,0x00,0x00,0x00,0x00,0x00,0x00,0x00,0x00,0x00,
    0x00,0x00,0x00,0x00,0x00,0x00,0x00,0x00,0x00,0x00,0x00,0x00,0x00,0x00,0x00,0x00,
    0x00,0x00,0x00,0x00,0x00,0x00,0x00,0x00,0x00,0x00,0x00,0x00,0x00,0x00,0x00,0x00,
    0x00,0x00,0x00,0x00,0x00,0x00,0x00,0x00,0x00,0x00,0x00,0x00,0x00,0x00,0x00,0x00,
    0x00,0x00,0x00,0x00,0x00,0x00,0x00,0x00,0x00,0x00,0x00,0x00,0x00,0x00,0x00,0x00,
    0x00,0x00,0x00,0x00,0x00,0x00,0x00,0x00,0x00,0x00,0x00,0x00,0x00,0x00,0x00,0x00,
    0x00,0x00,0x00,0x00,0x00,0x00,0x00,0x00,0x00,0x00,0x00,0x00,0x00,0x00,0x00,0x00,
    0x00,0x00,0x00,0x00,0x00,0x00,0x00,0x00,0x00,0x00,0x00,0x00,0x00,0x00,0x00,0x00,
    0x00,0x00,0x00,0x00,0x00,0x00,0x00,0x00,0x00,0x00,0x00,0x00,0x00,0x00,0x00,0x00,
    0x00,0x00,0x00,0x00,0x00,0x00,0x00,0x00,0x00,0x00,0x00,0x00,0x00,0x00,0x00,0x00,
    0x00,0x00,0x00,0x00,0x00,0x00,0x00,0x00,0x00,0x00,0x00,0x00,0x00,0x00,0x00,0x00,
    0x00,0x00,0x00,0x00,0x00,0x00,0x00,0x00,0x00,0x00,0x00,0x00,0x00,0x00,0x00,0x00,
    0x00,0x00,0x00,0x00,0x00,0x00,0x00,0x00,0x00,0x00,0x00,0x00,0x00,0x00,0x00,0x00,
    0x00,0x00,0x00,0x00,0x00,0x00,0x00,0x00,0x00,0x00,0x00,0x00,0x00,0x00,0x00,0x00,
    0x00,0x00,0x00,0x00,0x00,0x00,0x00,0x00,0x00,0x00,0x00,0x00,0x00,0x00,0x00,0x00,
    0x00,0x00,0x00,0x00,0x00,0x00,0x00,0x00,0x00,0x00,0x00,0x00,0x00,0x00,0x00,0x00,
    0x00,0x00,0x00,0x00,0x00,0x00,0x00,0x00,0x00,0x00,0x00,0x00,0x00,0x00,0x00,0x00,
    0x00,0x00,0x00,0x00,0x00,0x00,0x00,0x00,0x00,0x00,0x00,0x00,0x00,0x00,0x00,0x00,
    0x00,0x00,0x00,0x00,0x00,0x00,0x00,0x00,0x00,0x00,0x00,0x00,0x00,0x00,0x00,0x00,
    0x00,0x00,0x00,0x00,0x00,0x00,0x00,0x00,0x00,0x00,0x00,0x00,0x00,0x00,0x00,0x00,
    0x00,0x00,0x00,0x00,0x00,0x00,0x00,0x00,0x00,0x00,0x00,0x00,0x00,0x00,0x00,0x00,
    0x00,0x00,0x00,0x00,0x00,0x00,0x00,0x00,0x00,0x00,0x00,0x00,0x00,0x00,0x00,0x00,
    0x00,0x00,0x00,0x00,0x00,0x00,0x00,0x00,0x00,0x00,0x00,0x00,0x00,0x00,0x00,0x00,
    0x00,0x00,0x00,0x00,0x00,0x00,0x00,0x00,0x00,0x00,0x00,0x00,0x00,0x00,0x00,0x00,
    0x00,0x00,0x00,0x00,0x00,0x00,0x00,0x00,0x00,0x00,0x00,0x00,0x00,0x00,0x00,0x00,
    0x00,0x00,0x00,0x00,0x00,0x00,0x00,0x00,0x00,0x00,0x00,0x00,0x00,0x00,0x00,0x00,
    0x00,0x00,0x00,0x00,0x00,0x00,0x00,0x00,0x00,0x00,0x00,0x00,0x00,0x00,0x00,0x00,
    0x00,0x00,0x00,0x00,0x00,0x00,0x00,0x00,0x00,0x00,0x00,0x00,0x00,0x00,0x00,0x00,
    0x00,0x00,0x00,0x00,0x00,0x00,0x00,0x00,0x00,0x00,0x00,0x00,0x00,0x00,0x00,0x00,
    0x00,0x00,0x00,0x00,0x00,0x00,0x00,0x00,0x00,0x00,0x00,0x00,0x00,0x00,0x00,0x00,
    0x00,0x00,0x00,0x00,0x00,0x00,0x00,0x00,0x00,0x00,0x00,0x00,0x00,0x00,0x00,0x00,
    0x00,0x00,0x00,0x00,0x00,0x00,0x00,0x00,0x00,0x00,0x00,0x00,0x00,0x00,0x00,0x00,
    0x00,0x00,0x00,0x00,0x00,0x00,0x00,0x00,0x00,0x00,0x00,0x00,0x00,0x00,0x00,0x00,
    0x00,0x00,0x00,0x00,0x00,0x00,0x00,0x00,0x00,0x00,0x00,0x00,0x00,0x00,0x00,0x00,
    0x00,0x00,0x00,0x00,0x00,0x00,0x00,0x00,0x00,0x00,0x00,0x00,0x00,0x00,0x00,0x00,
    0x00,0x00,0x00,0x00,0x00,0x00,0x00,0x00,0x00,0x00,0x00,0x00,0x00,0x00,0x00,0x00,
    0x00,0x00,0x00,0x00,0x00,0x00,0x00,0x00,0x00,0x00,0x00,0x00,0x00,0x00,0x00,0x00,
    0x00,0x00,0x00,0x00,0x00,0x00,0x00,0x00,0x00,0x00,0x00,0x00,0x00,0x00,0x00,0x00,
    0x00,0x00,0x00,0x00,0x00,0x00,0x00,0x00,0x00,0x00,0x00,0x00,0x00,0x00,0x00,0x00,
    0x00,0x00,0x00,0x00,0x00,0x00,0x00,0x00,0x00,0x00,0x00,0x00,0x00,0x00,0x00,0x00,
    0x00,0x00,0x00,0x00,0x00,0x00,0x00,0x00,0x00,0x00,0x00,0x00,0x00,0x00,0x00,0x00,
    0x00,0x00,0x00,0x00,0x00,0x00,0x00,0x00,0x00,0x00,0x00,0x00,0x00,0x00,0x00,0x00,
    0x00,0x00,0x00,0x00,0x00,0x00,0x00,0x00,0x00,0x00,0x00,0x00,0x00,0x00,0x00,0x00,
    0x00,0x00,0x00,0x00,0x00,0x00,0x00,0x00,0x00,0x00,0x00,0x00,0x00,0x00,0x00,0x00,
    0x00,0x00,0x00,0x00,0x00,0x00,0x00,0x00,0x00,0x00,0x00,0x00,0x00,0x00,0x00,0x00,
    0x00,0x00,0x00,0x00,0x00,0x00,0x00,0x00,0x00,0x00,0x00,0x00,0x00,0x00,0x00,0x00,
    0x00,0x00,0x00,0x00,0x00,0x00,0x00,0x00,0x00,0x00,0x00,0x00,0x00,0x00,0x00,0x00,
    0x00,0x00,0x00,0x00,0x00,0x00,0x00,0x00,0x00,0x00,0x00,0x00,0x00,0x00,0x00,0x00,
    0x00,0x00,0x00,0x00,0x00,0x00,0x00,0x00,0x00,0x00,0x00,0x00,0x00,0x00,0x00,0x00,
    0x00,0x00,0x00,0x00,0x00,0x00,0x00,0x00,0x00,0x00,0x00,0x00,0x00,0x00,0x00,0x00,
    0x00,0x00,0x00,0x00,0x00,0x00,0x00,0x00,0x00,0x00,0x00,0x00,0x00,0x00,0x00,0x00,
    0x00,0x00,0x00,0x00,0x00,0x00,0x00,0x00,0x00,0x00,0x00,0x00,0x00,0x00,0x00,0x00,
    0x00,0x00,0x00,0x00,0x00,0x00,0x00,0x00,0x00,0x00,0x00,0x00,0x00,0x00,0x00,0x00,
    0x00,0x00,0x00,0x00,0x00,0x00,0x00,0x00,0x00,0x00,0x00,0x00,0x00,0x00,0x00,0x00,
    0x00,0x00,0x00,0x00,0x00,0x00,0x00,0x00,0x00,0x00,0x00,0x00,0x00,0x00,0x00,0x00,
    0x00,0x00,0x00,0x00,0x00,0x00,0x00,0x00,0x00,0x00,0x00,0x00,0x00,0x00,0x00,0x00,
    0x00,0x00,0x00,0x00,0x00,0x00,0x00,0x00,0x00,0x00,0x00,0x00,0x00,0x00,0x00,0x00,
    0x00,0x00,0x00,0x00,0x00,0x00,0x00,0x00,0x00,0x00,0x00,0x00,0x00,0x00,0x00,0x00,
    0x00,0x00,0x00,0x00,0x00,0x00,0x00,0x00,0x00,0x00,0x00,0x00,0x00,0x00,0x00,0x00,
    0x00,0x00,0x00,0x00,0x00,0x00,0x00,0x00,0x00,0x00,0x00,0x00,0x00,0x00,0x00,0x00,
    0x00,0x00,0x00,0x00,0x00,0x00,0x00,0x00,0x00,0x00,0x00,0x00,0x00,0x00,0x00,0x00,
    0x00,0x00,0x00,0x00,0x00,0x00,0x00,0x00,0x00,0x00,0x00,0x00,0x00,0x00,0x00,0x00,
    0x00,0x00,0x00,0x00,0x00,0x00,0x00,0x00,0x00,0x00,0x00,0x00,0x00,0x00,0x00,0x00,
    0x00,0x00,0x00,0x00,0x00,0x00,0x00,0x00,0x00,0x00,0x00,0x00,0x00,0x00,0x00,0x00,
    0x00,0x00,0x00,0x00,0x00,0x00,0x00,0x00,0x00,0x00,0x00,0x00,0x00,0x00,0x00,0x00,
    0x00,0x00,0x00,0x00,0x00,0x00,0x00,0x00,0x00,0x00,0x00,0x00,0x00,0x00,0x00,0x00,
    0x00,0x00,0x00,0x00,0x00,0x00,0x00,0x00,0x00,0x00,0x00,0x00,0x00,0x00,0x00,0x00,
    0x00,0x00,0x00,0x00,0x00,0x00,0x00,0x00,0x00,0x00,0x00,0x00,0x00,0x00,0x00,0x00,
    0x00,0x00,0x00,0x00,0x00,0x00,0x00,0x00,0x00,0x00,0x00,0x00,0x00,0x00,0x00,0x00,
    0x00,0x00,0x00,0x00,0x00,0x00,0x00,0x00,0x00,0x00,0x00,0x00,0x00,0x00,0x00,0x00,
    0x00,0x00,0x00,0x00,0x00,0x00,0x00,0x00,0x00,0x00,0x00,0x00,0x00,0x00,0x00,0x00,
    0x00,0x00,0x00,0x00,0x00,0x00,0x00,0x00,0x00,0x00,0x00,0x00,0x00,0x00,0x00,0x00,
    0x00,0x00,0x00,0x00,0x00,0x00,0x00,0x00,0x00,0x00,0x00,0x00,0x00,0x00,0x00,0x00,
    0x00,0x00,0x00,0x00,0x00,0x00,0x00,0x00,0x00,0x00,0x00,0x00,0x00,0x00,0x00,0x00,
    0x00,0x00,0x00,0x00,0x00,0x00,0x00,0x00,0x00,0x00,0x00,0x00,0x00,0x00,0x00,0x00,
    0x00,0x00,0x00,0x00,0x00,0x00,0x00,0x00,0x00,0x00,0x00,0x00,0x00,0x00,0x00,0x00,
    0x00,0x00,0x00,0x00,0x00,0x00,0x00,0x00,0x00,0x00,0x00,0x00,0x00,0x00,0x00,0x00,
    0x00,0x00,0x00,0x00,0x00,0x00,0x00,0x00,0x00,0x00,0x00,0x00,0x00,0x00,0x00,0x00,
    0x00,0x00,0x00,0x00,0x00,0x00,0x00,0x00,0x00,0x00,0x00,0x00,0x00,0x00,0x00,0x00,
    0x00,0x00,0x00,0x00,0x00,0x00,0x00,0x00,0x00,0x00,0x00,0x00,0x00,0x00,0x00,0x00,
    0x00,0x00,0x00,0x00,0x00,0x00,0x00,0x00,0x00,0x00,0x00,0x00,0x00,0x00,0x00,0x00,
    0x00,0x00,0x00,0x00,0x00,0x00,0x00,0x00,0x00,0x00,0x00,0x00,0x00,0x00,0x00,0x00,
    0x00,0x00,0x00,0x00,0x00,0x00,0x00,0x00,0x00,0x00,0x00,0x00,0x00,0x00,0x00,0x00,
    0x00,0x00,0x00,0x00,0x00,0x00,0x00,0x00,0x00,0x00,0x00,0x00,0x00,0x00,0x00,0x00,
    0x00,0x00,0x00,0x00,0x00,0x00,0x00,0x00,0x00,0x00,0x00,0x00,0x00,0x00,0x00,0x00,
    0x00,0x00,0x00,0x00,0x00,0x00,0x00,0x00,0x00,0x00,0x00,0x00,0x00,0x00,0x00,0x00,
    0x00,0x00,0x00,0x00,0x00,0x00,0x00,0x00,0x00,0x00,0x00,0x00,0x00,0x00,0x00,0x00,
    0x00,0x00,0x00,0x00,0x00,0x00,0x00,0x00,0x00,0x00,0x00,0x00,0x00,0x00,0x00,0x00,
    0x00,0x00,0x00,0x00,0x00,0x00,0x00,0x00,0x00,0x00,0x00,0x00,0x00,0x00,0x00,0x00,
    0x00,0x00,0x00,0x00,0x00,0x00,0x00,0x00,0x00,0x00,0x00,0x00,0x00,0x00,0x00,0x00,
    0x00,0x00,0x00,0x00,0x00,0x00,0x00,0x00,0x00,0x00,0x00,0x00,0x00,0x00,0x00,0x00,
    0x00,0x00,0x00,0x00,0x00,0x00,0x00,0x00,0x00,0x00,0x00,0x00,0x00,0x00,0x00,0x00,
    0x00,0x00,0x00,0x00,0x00,0x00,0x00,0x00,0x00,0x00,0x00,0x00,0x00,0x00,0x00,0x00,
    0x00,0x00,0x00,0x00,0x00,0x00,0x00,0x00,0x00,0x00,0x00,0x00,0x00,0x00,0x00,0x00,
    0x00,0x00,0x00,0x00,0x00,0x00,0x00,0x00,0x00,0x00,0x00,0x00,0x00,0x00,0x00,0x00,
    0x00,0x00,0x00,0x00,0x00,0x00,0x00,0x00,0x00,0x00,0x00,0x00,0x00,0x00,0x00,0x00,
    0x00,0x00,0x00,0x00,0x00,0x00,0x00,0x00,0x00,0x00,0x00,0x00,0x00,0x00,0x00,0x00,
    0x00,0x00,0x00,0x00,0x00,0x00,0x00,0x00,0x00,0x00,0x00,0x00,0x00,0x00,0x00,0x00,
    0x00,0x00,0x00,0x00,0x00,0x00,0x00,0x00,0x00,0x00,0x00,0x00,0x00,0x00,0x00,0x00,
    0x00,0x00,0x00,0x00,0x00,0x00,0x00,0x00,0x00,0x00,0x00,0x00,0x00,0x00,0x00,0x00,
    0x00,0x00,0x00,0x00,0x00,0x00,0x00,0x00,0x00,0x00,0x00,0x00,0x00,0x00,0x00,0x00,
    0x00,0x00,0x00,0x00,0x00,0x00,0x00,0x00,0x00,0x00,0x00,0x00,0x00,0x00,0x00,0x00,
    0x00,0x00,0x00,0x00,0x00,0x00,0x00,0x00,0x00,0x00,0x00,0x00,0x00,0x00,0x00,0x00,
    0x00,0x00,0x00,0x00,0x00,0x00,0x00,0x00,0x00,0x00,0x00,0x00,0x00,0x00,0x00,0x00,
    0x00,0x00,0x00,0x00,0x00,0x00,0x00,0x00,0x00,0x00,0x00,0x00,0x00,0x00,0x00,0x00,
    0x00,0x00,0x00,0x00,0x00,0x00,0x00,0x00,0x00,0x00,0x00,0x00,0x00,0x00,0x00,0x00,
    0x00,0x00,0x00,0x00,0x00,0x00,0x00,0x00,0x00,0x00,0x00,0x00,0x00,0x00,0x00,0x00,
    0x00,0x00,0x00,0x00,0x00,0x00,0x00,0x00,0x00,0x00,0x00,0x00,0x00,0x00,0x00,0x00,
    0x00,0x00,0x00,0x00,0x00,0x00,0x00,0x00,0x00,0x00,0x00,0x00,0x00,0x00,0x00,0x00,
    0x00,0x00,0x00,0x00,0x00,0x00,0x00,0x00,0x00,0x00,0x00,0x00,0x00,0x00,0x00,0x00,
    0x00,0x00,0x00,0x00,0x00,0x00,0x00,0x00,0x00,0x00,0x00,0x00,0x00,0x00,0x00,0x00,
    0x00,0x00,0x00,0x00,0x00,0x00,0x00,0x00,0x00,0x00,0x00,0x00,0x00,0x00,0x00,0x00,
    0x00,0x00,0x00,0x00,0x00,0x00,0x00,0x00,0x00,0x00,0x00,0x00,0x00,0x00,0x00,0x00,
    0x00,0x00,0x00,0x00,0x00,0x00,0x00,0x00,0x00,0x00,0x00,0x00,0x00,0x00,0x00,0x00,
    0x00,0x00,0x00,0x00,0x00,0x00,0x00,0x00,0x00,0x00,0x00,0x00,0x00,0x00,0x00,0x00,
    0x00,0x00,0x00,0x00,0x00,0x00,0x00,0x00,0x00,0x00,0x00,0x00,0x00,0x00,0x00,0x00,
    0x00,0x00,0x00,0x00,0x00,0x00,0x00,0x00,0x00,0x00,0x00,0x00,0x00,0x00,0x00,0x00,
    0x00,0x00,0x00,0x00,0x00,0x00,0x00,0x00,0x00,0x00,0x00,0x00,0x00,0x00,0x00,0x00,
    0x00,0x00,0x00,0x00,0x00,0x00,0x00,0x00,0x00,0x00,0x00,0x00,0x00,0x00,0x00,0x00,
    0x00,0x00,0x00,0x00,0x00,0x00,0x00,0x00,0x00,0x00,0x00,0x00,0x00,0x00,0x00,0x00,
    0x00,0x00,0x00,0x00,0x00,0x00,0x00,0x00,0x00,0x00,0x00,0x00,0x00,0x00,0x00,0x00,
    0x00,0x00,0x00,0x00,0x00,0x00,0x00,0x00,0x00,0x00,0x00,0x00,0x00,0x00,0x00,0x00,
    0x00,0x00,0x00,0x00,0x00,0x00,0x00,0x00,0x00,0x00,0x00,0x00,0x00,0x00,0x00,0x00,
    0x00,0x00,0x00,0x00,0x00,0x00,0x00,0x00,0x00,0x00,0x00,0x00,0x00,0x00,0x00,0x00,
    0x00,0x00,0x00,0x00,0x00,0x00,0x00,0x00,0x00,0x00,0x00,0x00,0x00,0x00,0x00,0x00,
    0x00,0x00,0x00,0x00,0x00,0x00,0x00,0x00,0x00,0x00,0x00,0x00,0x00,0x00,0x00,0x00,
    0x00,0x00,0x00,0x00,0x00,0x00,0x00,0x00,0x00,0x00,0x00,0x00,0x00,0x00,0x00,0x00,
    0x00,0x00,0x00,0x00,0x00,0x00,0x00,0x00,0x00,0x00,0x00,0x00,0x00,0x00,0x00,0x00,
    0x00,0x00,0x00,0x00,0x00,0x00,0x00,0x00,0x00,0x00,0x00,0x00,0x00,0x00,0x00,0x00,
    0x00,0x00,0x00,0x00,0x00,0x00,0x00,0x00,0x00,0x00,0x00,0x00,0x00,0x00,0x00,0x00,
    0x00,0x00,0x00,0x00,0x00,0x00,0x00,0x00,0x00,0x00,0x00,0x00,0x00,0x00,0x00,0x00,
    0x00,0x00,0x00,0x00,0x00,0x00,0x00,0x00,0x00,0x00,0x00,0x00,0x00,0x00,0x00,0x00,
    0x00,0x00,0x00,0x00,0x00,0x00,0x00,0x00,0x00,0x00,0x00,0x00,0x00,0x00,0x00,0x00,
    0x00,0x00,0x00,0x00,0x00,0x00,0x00,0x00,0x00,0x00,0x00,0x00,0x00,0x00,0x00,0x00,
    0x00,0x00,0x00,0x00,0x00,0x00,0x00,0x00,0x00,0x00,0x00,0x00,0x00,0x00,0x00,0x00,
    0x00,0x00,0x00,0x00,0x00,0x00,0x00,0x00,0x00,0x00,0x00,0x00,0x00,0x00,0x00,0x00,
    0x00,0x00,0x00,0x00,0x00,0x00,0x00,0x00,0x00,0x00,0x00,0x00,0x00,0x00,0x00,0x00,
    0x00,0x00,0x00,0x00,0x00,0x00,0x00,0x00,0x00,0x00,0x00,0x00,0x00,0x00,0x00,0x00,
    0x00,0x00,0x00,0x00,0x00,0x00,0x00,0x00,0x00,0x00,0x00,0x00,0x00,0x00,0x00,0x00,
    0x00,0x00,0x00,0x00,0x00,0x00,0x00,0x00,0x00,0x00,0x00,0x00,0x00,0x00,0x00,0x00,
    0x00,0x00,0x00,0x00,0x00,0x00,0x00,0x00,0x00,0x00,0x00,0x00,0x00,0x00,0x00,0x00,
    0x00,0x00,0x00,0x00,0x00,0x00,0x00,0x00,0x00,0x00,0x00,0x00,0x00,0x00,0x00,0x00,
    0x00,0x00,0x00,0x00,0x00,0x00,0x00,0x00,0x00,0x00,0x00,0x00,0x00,0x00,0x00,0x00,
    0x00,0x00,0x00,0x00,0x00,0x00,0x00,0x00,0x00,0x00,0x00,0x00,0x00,0x00,0x00,0x00,
    0x00,0x00,0x00,0x00,0x00,0x00,0x00,0x00,0x00,0x00,0x00,0x00,0x00,0x00,0x00,0x00,
    0x00,0x00,0x00,0x00,0x00,0x00,0x00,0x00,0x00,0x00,0x00,0x00,0x00,0x00,0x00,0x00,
    0x00,0x00,0x00,0x00,0x00,0x00,0x00,0x00,0x00,0x00,0x00,0x00,0x00,0x00,0x00,0x00,
    0x00,0x00,0x00,0x00,0x00,0x00,0x00,0x00,0x00,0x00,0x00,0x00,0x00,0x00,0x00,0x00,
    0x00,0x00,0x00,0x00,0x00,0x00,0x00,0x00,0x00,0x00,0x00,0x00,0x00,0x00,0x00,0x00,
    0x00,0x00,0x00,0x00,0x00,0x00,0x00,0x00,0x00,0x00,0x00,0x00,0x00,0x00,0x00,0x00,
    0x00,0x00,0x00,0x00,0x00,0x00,0x00,0x00,0x00,0x00,0x00,0x00,0x00,0x00,0x00,0x00,
    0x00,0x00,0x00,0x00,0x00,0x00,0x00,0x00,0x00,0x00,0x00,0x00,0x00,0x00,0x00,0x00,
    0x00,0x00,0x00,0x00,0x00,0x00,0x00,0x00,0x00,0x00,0x00,0x00,0x00,0x00,0x00,0x00,
    0x00,0x00,0x00,0x00,0x00,0x00,0x00,0x00,0x00,0x00,0x00,0x00,0x00,0x00,0x00,0x00,
    0x00,0x00,0x00,0x00,0x00,0x00,0x00,0x00,0x00,0x00,0x00,0x00,0x00,0x00,0x00,0x00,
    0x00,0x00,0x00,0x00,0x00,0x00,0x00,0x00,0x00,0x00,0x00,0x00,0x00,0x00,0x00,0x00,
    0x00,0x00,0x00,0x00,0x00,0x00,0x00,0x00,0x00,0x00,0x00,0x00,0x00,0x00,0x00,0x00,
    0x00,0x00,0x00,0x00,0x00,0x00,0x00,0x00,0x00,0x00,0x00,0x00,0x00,0x00,0x00,0x00,
    0x00,0x00,0x00,0x00,0x00,0x00,0x00,0x00,0x00,0x00,0x00,0x00,0x00,0x00,0x00,0x00,
    0x00,0x00,0x00,0x00,0x00,0x00,0x00,0x00,0x00,0x00,0x00,0x00,0x00,0x00,0x00,0x00,
    0x00,0x00,0x00,0x00,0x00,0x00,0x00,0x00,0x00,0x00,0x00,0x00,0x00,0x00,0x00,0x00,
    0x00,0x00,0x00,0x00,0x00,0x00,0x00,0x00,0x00,0x00,0x00,0x00,0x00,0x00,0x00,0x00,
    0x00,0x00,0x00,0x00,0x00,0x00,0x00,0x00,0x00,0x00,0x00,0x00,0x00,0x00,0x00,0x00,
    0x00,0x00,0x00,0x00,0x00,0x00,0x00,0x00,0x00,0x00,0x00,0x00,0x00,0x00,0x00,0x00,
    0x00,0x00,0x00,0x00,0x00,0x00,0x00,0x00,0x00,0x00,0x00,0x00,0x00,0x00,0x00,0x00,
    0x00,0x00,0x00,0x00,0x00,0x00,0x00,0x00,0x00,0x00,0x00,0x00,0x00,0x00,0x00,0x00,
    0x00,0x00,0x00,0x00,0x00,0x00,0x00,0x00,0x00,0x00,0x00,0x00,0x00,0x00,0x00,0x00,
    0x00,0x00,0x00,0x00,0x00,0x00,0x00,0x00,0x00,0x00,0x00,0x00,0x00,0x00,0x00,0x00,
    0x00,0x00,0x00,0x00,0x00,0x00,0x00,0x00,0x00,0x00,0x00,0x00,0x00,0x00,0x00,0x00,
    0x00,0x00,0x00,0x00,0x00,0x00,0x00,0x00,0x00,0x00,0x00,0x00,0x00,0x00,0x00,0x00,
    0x00,0x00,0x00,0x00,0x00,0x00,0x00,0x00,0x00,0x00,0x00,0x00,0x00,0x00,0x00,0x00,
    0x00,0x00,0x00,0x00,0x00,0x00,0x00,0x00,0x00,0x00,0x00,0x00,0x00,0x00,0x00,0x00,
    0x00,0x00,0x00,0x00,0x00,0x00,0x00,0x00,0x00,0x00,0x00,0x00,0x00,0x00,0x00,0x00,
    0x00,0x00,0x00,0x00,0x00,0x00,0x00,0x00,0x00,0x00,0x00,0x00,0x00,0x00,0x00,0x00,
    0x00,0x00,0x00,0x00,0x00,0x00,0x00,0x00,0x00,0x00,0x00,0x00,0x00,0x00,0x00,0x00,
    0x00,0x00,0x00,0x00,0x00,0x00,0x00,0x00,0x00,0x00,0x00,0x00,0x00,0x00,0x00,0x00,
    0x00,0x00,0x00,0x00,0x00,0x00,0x00,0x00,0x00,0x00,0x00,0x00,0x00,0x00,0x00,0x00,
    0x00,0x00,0x00,0x00,0x00,0x00,0x00,0x00,0x00,0x00,0x00,0x00,0x00,0x00,0x00,0x00,
    0x00,0x00,0x00,0x00,0x00,0x00,0x00,0x00,0x00,0x00,0x00,0x00,0x00,0x00,0x00,0x00,
    0x00,0x00,0x00,0x00,0x00,0x00,0x00,0x00,0x00,0x00,0x00,0x00,0x00,0x00,0x00,0x00,
    0x00,0x00,0x00,0x00,0x00,0x00,0x00,0x00,0x00,0x00,0x00,0x00,0x00,0x00,0x00,0x00,
    0x00,0x00,0x00,0x00,0x00,0x00,0x00,0x00,0x00,0x00,0x00,0x00,0x00,0x00,0x00,0x00,
    0x00,0x00,0x00,0x00,0x00,0x00,0x00,0x00,0x00,0x00,0x00,0x00,0x00,0x00,0x00,0x00,
    0x00,0x00,0x00,0x00,0x00,0x00,0x00,0x00,0x00,0x00,0x00,0x00,0x00,0x00,0x00,0x00,
    0x00,0x00,0x00,0x00,0x00,0x00,0x00,0x00,0x00,0x00,0x00,0x00,0x00,0x00,0x00,0x00,
    0x00,0x00,0x00,0x00,0x00,0x00,0x00,0x00,0x00,0x00,0x00,0x00,0x00,0x00,0x00,0x00,
    0x00,0x00,0x00,0x00,0x00,0x00,0x00,0x00,0x00,0x00,0x00,0x00,0x00,0x00,0x00,0x00,
    0x00,0x00,0x00,0x00,0x00,0x00,0x00,0x00,0x00,0x00,0x00,0x00,0x00,0x00,0x00,0x00,
    0x00,0x00,0x00,0x00,0x00,0x00,0x00,0x00,0x00,0x00,0x00,0x00,0x00,0x00,0x00,0x00,
    0x00,0x00,0x00,0x00,0x00,0x00,0x00,0x00,0x00,0x00,0x00,0x00,0x00,0x00,0x00,0x00,
    0x00,0x00,0x00,0x00,0x00,0x00,0x00,0x00,0x00,0x00,0x00,0x00,0x00,0x00,0x00,0x00,
    0x00,0x00,0x00,0x00,0x00,0x00,0x00,0x00,0x00,0x00,0x00,0x00,0x00,0x00,0x00,0x00,
    0x00,0x00,0x00,0x00,0x00,0x00,0x00,0x00,0x00,0x00,0x00,0x00,0x00,0x00,0x00,0x00,
    0x00,0x00,0x00,0x00,0x00,0x00,0x00,0x00,0x00,0x00,0x00,0x00,0x00,0x00,0x00,0x00,
    0x00,0x00,0x00,0x00,0x00,0x00,0x00,0x00,0x00,0x00,0x00,0x00,0x00,0x00,0x00,0x00,
    0x00,0x00,0x00,0x00,0x00,0x00,0x00,0x00,0x00,0x00,0x00,0x00,0x00,0x00,0x00,0x00,
    0x00,0x00,0x00,0x00,0x00,0x00,0x00,0x00,0x00,0x00,0x00,0x00,0x00,0x00,0x00,0x00,
    0x00,0x00,0x00,0x00,0x00,0x00,0x00,0x00,0x00,0x00,0x00,0x00,0x00,0x00,0x00,0x00,
    0x00,0x00,0x00,0x00,0x00,0x00,0x00,0x00,0x00,0x00,0x00,0x00,0x00,0x00,0x00,0x00,
    0x00,0x00,0x00,0x00,0x00,0x00,0x00,0x00,0x00,0x00,0x00,0x00,0x00,0x00,0x00,0x00,
    0x00,0x00,0x00,0x00,0x00,0x00,0x00,0x00,0x00,0x00,0x00,0x00,0x00,0x00,0x00,0x00,
    0x00,0x00,0x00,0x00,0x00,0x00,0x00,0x00,0x00,0x00,0x00,0x00,0x00,0x00,0x00,0x00,
    0x00,0x00,0x00,0x00,0x00,0x00,0x00,0x00,0x00,0x00,0x00,0x00,0x00,0x00,0x00,0x00,
    0x00,0x00,0x00,0x00,0x00,0x00,0x00,0x00,0x00,0x00,0x00,0x00,0x00,0x00,0x00,0x00,
    0x00,0x00,0x00,0x00,0x00,0x00,0x00,0x00,0x00,0x00,0x00,0x00,0x00,0x00,0x00,0x00,
    0x00,0x00,0x00,0x00,0x00,0x00,0x00,0x00,0x00,0x00,0x00,0x00,0x00,0x00,0x00,0x00,
    0x00,0x00,0x00,0x00,0x00,0x00,0x00,0x00,0x00,0x00,0x00,0x00,0x00,0x00,0x00,0x00,
    0x00,0x00,0x00,0x00,0x00,0x00,0x00,0x00,0x00,0x00,0x00,0x00,0x00,0x00,0x00,0x00,
    0x00,0x00,0x00,0x00,0x00,0x00,0x00,0x00,0x00,0x00,0x00,0x00,0x00,0x00,0x00,0x00,
    0x00,0x00,0x00,0x00,0x00,0x00,0x00,0x00,0x00,0x00,0x00,0x00,0x00,0x00,0x00,0x00,
    0x00,0x00,0x00,0x00,0x00,0x00,0x00,0x00,0x00,0x00,0x00,0x00,0x00,0x00,0x00,0x00,
    0x00,0x00,0x00,0x00,0x00,0x00,0x00,0x00,0x00,0x00,0x00,0x00,0x00,0x00,0x00,0x00,
    0x00,0x00,0x00,0x00,0x00,0x00,0x00,0x00,0x00,0x00,0x00,0x00,0x00,0x00,0x00,0x00,
    0x00,0x00,0x00,0x00,0x00,0x00,0x00,0x00,0x00,0x00,0x00,0x00,0x00,0x00,0x00,0x00,
    0x00,0x00,0x00,0x00,0x00,0x00,0x00,0x00,0x00,0x00,0x00,0x00,0x00,0x00,0x00,0x00,
    0x00,0x00,0x00,0x00,0x00,0x00,0x00,0x00,0x00,0x00,0x00,0x00,0x00,0x00,0x00,0x00,
    0x00,0x00,0x00,0x00,0x00,0x00,0x00,0x00,0x00,0x00,0x00,0x00,0x00,0x00,0x00,0x00,
    0x00,0x00,0x00,0x00,0x00,0x00,0x00,0x00,0x00,0x00,0x00,0x00,0x00,0x00,0x00,0x00,
    0x00,0x00,0x00,0x00,0x00,0x00,0x00,0x00,0x00,0x00,0x00,0x00,0x00,0x00,0x00,0x00,
    0x00,0x00,0x00,0x00,0x00,0x00,0x00,0x00,0x00,0x00,0x00,0x00,0x00,0x00,0x00,0x00,
    0x00,0x00,0x00,0x00,0x00,0x00,0x00,0x00,0x00,0x00,0x00,0x00,0x00,0x00,0x00,0x00,
    0x00,0x00,0x00,0x00,0x00,0x00,0x00,0x00,0x00,0x00,0x00,0x00,0x00,0x00,0x00,0x00,
    0x00,0x00,0x00,0x00,0x00,0x00,0x00,0x00,0x00,0x00,0x00,0x00,0x00,0x00,0x00,0x00,
    0x00,0x00,0x00,0x00,0x00,0x00,0x00,0x00,0x00,0x00,0x00,0x00,0x00,0x00,0x00,0x00,
    0x00,0x00,0x00,0x00,0x00,0x00,0x00,0x00,0x00,0x00,0x00,0x00,0x00,0x00,0x00,0x00,
    0x00,0x00,0x00,0x00,0x00,0x00,0x00,0x00,0x00,0x00,0x00,0x00,0x00,0x00,0x00,0x00,
    0x00,0x00,0x00,0x00,0x00,0x00,0x00,0x00,0x00,0x00,0x00,0x00,0x00,0x00,0x00,0x00,
    0x00,0x00,0x00,0x00,0x00,0x00,0x00,0x00,0x00,0x00,0x00,0x00,0x00,0x00,0x00,0x00,
    0x00,0x00,0x00,0x00,0x00,0x00,0x00,0x00,0x00,0x00,0x00,0x00,0x00,0x00,0x00,0x00,
    0x00,0x00,0x00,0x00,0x00,0x00,0x00,0x00,0x00,0x00,0x00,0x00,0x00,0x00,0x00,0x00,
    0x00,0x00,0x00,0x00,0x00,0x00,0x00,0x00,0x00,0x00,0x00,0x00,0x00,0x00,0x00,0x00,
    0x00,0x00,0x00,0x00,0x00,0x00,0x00,0x00,0x00,0x00,0x00,0x00,0x00,0x00,0x00,0x00,
    0x00,0x00,0x00,0x00,0x00,0x00,0x00,0x00,0x00,0x00,0x00,0x00,0x00,0x00,0x00,0x00,
    0x00,0x00,0x00,0x00,0x00,0x00,0x00,0x00,0x00,0x00,0x00,0x00,0x00,0x00,0x00,0x00,
    0x00,0x00,0x00,0x00,0x00,0x00,0x00,0x00,0x00,0x00,0x00,0x00,0x00,0x00,0x00,0x00,
    0x00,0x00,0x00,0x00,0x00,0x00,0x00,0x00,0x00,0x00,0x00,0x00,0x00,0x00,0x00,0x00,
    0x00,0x00,0x00,0x00,0x00,0x00,0x00,0x00,0x00,0x00,0x00,0x00,0x00,0x00,0x00,0x00,
    0x00,0x00,0x00,0x00,0x00,0x00,0x00,0x00,0x00,0x00,0x00,0x00,0x00,0x00,0x00,0x00,
    0x00,0x00,0x00,0x00,0x00,0x00,0x00,0x00,0x00,0x00,0x00,0x00,0x00,0x00,0x00,0x00,
    0x00,0x00,0x00,0x00,0x00,0x00,0x00,0x00,0x00,0x00,0x00,0x00,0x00,0x00,0x00,0x00,
    0x00,0x00,0x00,0x00,0x00,0x00,0x00,0x00,0x00,0x00,0x00,0x00,0x00,0x00,0x00,0x00,
    0x00,0x00,0x00,0x00,0x00,0x00,0x00,0x00,0x00,0x00,0x00,0x00,0x00,0x00,0x00,0x00,
    0x00,0x00,0x00,0x00,0x00,0x00,0x00,0x00,0x00,0x00,0x00,0x00,0x00,0x00,0x00,0x00,
    0x00,0x00,0x00,0x00,0x00,0x00,0x00,0x00,0x00,0x00,0x00,0x00,0x00,0x00,0x00,0x00,
    0x00,0x00,0x00,0x00,0x00,0x00,0x00,0x00,0x00,0x00,0x00,0x00,0x00,0x00,0x00,0x00,
    0x00,0x00,0x00,0x00,0x00,0x00,0x00,0x00,0x00,0x00,0x00,0x00,0x00,0x00,0x00,0x00,
    0x00,0x00,0x00,0x00,0x00,0x00,0x00,0x00,0x00,0x00,0x00,0x00,0x00,0x00,0x00,0x00,
    0x00,0x00,0x00,0x00,0x00,0x00,0x00,0x00,0x00,0x00,0x00,0x00,0x00,0x00,0x00,0x00,
    0x00,0x00,0x00,0x00,0x00,0x00,0x00,0x00,0x00,0x00,0x00,0x00,0x00,0x00,0x00,0x00,
    0x00,0x00,0x00,0x00,0x00,0x00,0x00,0x00,0x00,0x00,0x00,0x00,0x00,0x00,0x00,0x00,
    0x00,0x00,0x00,0x00,0x00,0x00,0x00,0x00,0x00,0x00,0x00,0x00,0x00,0x00,0x00,0x00,
    0x00,0x00,0x00,0x00,0x00,0x00,0x00,0x00,0x00,0x00,0x00,0x00,0x00,0x00,0x00,0x00,
    0x00,0x00,0x00,0x00,0x00,0x00,0x00,0x00,0x00,0x00,0x00,0x00,0x00,0x00,0x00,0x00,
    0x00,0x00,0x00,0x00,0x00,0x00,0x00,0x00,0x00,0x00,0x00,0x00,0x00,0x00,0x00,0x00,
    0x00,0x00,0x00,0x00,0x00,0x00,0x00,0x00,0x00,0x00,0x00,0x00,0x00,0x00,0x00,0x00,
    0x00,0x00,0x00,0x00,0x00,0x00,0x00,0x00,0x00,0x00,0x00,0x00,0x00,0x00,0x00,0x00,
    0x00,0x00,0x00,0x00,0x00,0x00,0x00,0x00,0x00,0x00,0x00,0x00,0x00,0x00,0x00,0x00,
    0x00,0x00,0x00,0x00,0x00,0x00,0x00,0x00,0x00,0x00,0x00,0x00,0x00,0x00,0x00,0x00,
    0x00,0x00,0x00,0x00,0x00,0x00,0x00,0x00,0x00,0x00,0x00,0x00,0x00,0x00,0x00,0x00,
    0x00,0x00,0x00,0x00,0x00,0x00,0x00,0x00,0x00,0x00,0x00,0x00,0x00,0x00,0x00,0x00,
    0x00,0x00,0x00,0x00,0x00,0x00,0x00,0x00,0x00,0x00,0x00,0x00,0x00,0x00,0x00,0x00,
    0x00,0x00,0x00,0x00,0x00,0x00,0x00,0x00,0x00,0x00,0x00,0x00,0x00,0x00,0x00,0x00,
    0x00,0x00,0x00,0x00,0x00,0x00,0x00,0x00,0x00,0x00,0x00,0x00,0x00,0x00,0x00,0x00,
    0x00,0x00,0x00,0x00,0x00,0x00,0x00,0x00,0x00,0x00,0x00,0x00,0x00,0x00,0x00,0x00,
    0x00,0x00,0x00,0x00,0x00,0x00,0x00,0x00,0x00,0x00,0x00,0x00,0x00,0x00,0x00,0x00,
    0x00,0x00,0x00,0x00,0x00,0x00,0x00,0x00,0x00,0x00,0x00,0x00,0x00,0x00,0x00,0x00,
    0x00,0x00,0x00,0x00,0x00,0x00,0x00,0x00,0x00,0x00,0x00,0x00,0x00,0x00,0x00,0x00,
    0x00,0x00,0x00,0x00,0x00,0x00,0x00,0x00,0x00,0x00,0x00,0x00,0x00,0x00,0x00,0x00,
    0x00,0x00,0x00,0x00,0x00,0x00,0x00,0x00,0x00,0x00,0x00,0x00,0x00,0x00,0x00,0x00,
    0x00,0x00,0x00,0x00,0x00,0x00,0x00,0x00,0x00,0x00,0x00,0x00,0x00,0x00,0x00,0x00,
    0x00,0x00,0x00,0x00,0x00,0x00,0x00,0x00,0x00,0x00,0x00,0x00,0x00,0x00,0x00,0x00,
    0x00,0x00,0x00,0x00,0x00,0x00,0x00,0x00,0x00,0x00,0x00,0x00,0x00,0x00,0x00,0x00,
    0x00,0x00,0x00,0x00,0x00,0x00,0x00,0x00,0x00,0x00,0x00,0x00,0x00,0x00,0x00,0x00,
    0x00,0x00,0x00,0x00,0x00,0x00,0x00,0x00,0x00,0x00,0x00,0x00,0x00,0x00,0x00,0x00,
    0x00,0x00,0x00,0x00,0x00,0x00,0x00,0x00,0x00,0x00,0x00,0x00,0x00,0x00,0x00,0x00,
    0x00,0x00,0x00,0x00,0x00,0x00,0x00,0x00,0x00,0x00,0x00,0x00,0x00,0x00,0x00,0x00,
    0x00,0x00,0x00,0x00,0x00,0x00,0x00,0x00,0x00,0x00,0x00,0x00,0x00,0x00,0x00,0x00,
    0x00,0x00,0x00,0x00,0x00,0x00,0x00,0x00,0x00,0x00,0x00,0x00,0x00,0x00,0x00,0x00,
    0x00,0x00,0x00,0x00,0x00,0x00,0x00,0x00,0x00,0x00,0x00,0x00,0x00,0x00,0x00,0x00,
    0x00,0x00,0x00,0x00,0x00,0x00,0x00,0x00,0x00,0x00,0x00,0x00,0x00,0x00,0x00,0x00,
    0x00,0x00,0x00,0x00,0x00,0x00,0x00,0x00,0x00,0x00,0x00,0x00,0x00,0x00,0x00,0x00,
    0x00,0x00,0x00,0x00,0x00,0x00,0x00,0x00,0x00,0x00,0x00,0x00,0x00,0x00,0x00,0x00,
    0x00,0x00,0x00,0x00,0x00,0x00,0x00,0x00,0x00,0x00,0x00,0x00,0x00,0x00,0x00,0x00,
    0x00,0x00,0x00,0x00,0x00,0x00,0x00,0x00,0x00,0x00,0x00,0x00,0x00,0x00,0x00,0x00,
    0x00,0x00,0x00,0x00,0x00,0x00,0x00,0x00,0x00,0x00,0x00,0x00,0x00,0x00,0x00,0x00,
    0x00,0x00,0x00,0x00,0x00,0x00,0x00,0x00,0x00,0x00,0x00,0x00,0x00,0x00,0x00,0x00,
    0x00,0x00,0x00,0x00,0x00,0x00,0x00,0x00,0x00,0x00,0x00,0x00,0x00,0x00,0x00,0x00,
    0x00,0x00,0x00,0x00,0x00,0x00,0x00,0x00,0x00,0x00,0x00,0x00,0x00,0x00,0x00,0x00,
    0x00,0x00,0x00,0x00,0x00,0x00,0x00,0x00,0x00,0x00,0x00,0x00,0x00,0x00,0x00,0x00,
    0x00,0x00,0x00,0x00,0x00,0x00,0x00,0x00,0x00,0x00,0x00,0x00,0x00,0x00,0x00,0x00,
    0x00,0x00,0x00,0x00,0x00,0x00,0x00,0x00,0x00,0x00,0x00,0x00,0x00,0x00,0x00,0x00,
    0x00,0x00,0x00,0x00,0x00,0x00,0x00,0x00,0x00,0x00,0x00,0x00,0x00,0x00,0x00,0x00,
    0x00,0x00,0x00,0x00,0x00,0x00,0x00,0x00,0x00,0x00,0x00,0x00,0x00,0x00,0x00,0x00,
    0x00,0x00,0x00,0x00,0x00,0x00,0x00,0x00,0x00,0x00,0x00,0x00,0x00,0x00,0x00,0x00,
    0x00,0x00,0x00,0x00,0x00,0x00,0x00,0x00,0x00,0x00,0x00,0x00,0x00,0x00,0x00,0x00,
    0x00,0x00,0x00,0x00,0x00,0x00,0x00,0x00,0x00,0x00,0x00,0x00,0x00,0x00,0x00,0x00,
    0x00,0x00,0x00,0x00,0x00,0x00,0x00,0x00,0x00,0x00,0x00,0x00,0x00,0x00,0x00,0x00,
    0x00,0x00,0x00,0x00,0x00,0x00,0x00,0x00,0x00,0x00,0x00,0x00,0x00,0x00,0x00,0x00,
    0x00,0x00,0x00,0x00,0x00,0x00,0x00,0x00,0x00,0x00,0x00,0x00,0x00,0x00,0x00,0x00,
    0x00,0x00,0x00,0x00,0x00,0x00,0x00,0x00,0x00,0x00,0x00,0x00,0x00,0x00,0x00,0x00,
    0x00,0x00,0x00,0x00,0x00,0x00,0x00,0x00,0x00,0x00,0x00,0x00,0x00,0x00,0x00,0x00,
    0x00,0x00,0x00,0x00,0x00,0x00,0x00,0x00,0x00,0x00,0x00,0x00,0x00,0x00,0x00,0x00,
    0x00,0x00,0x00,0x00,0x00,0x00,0x00,0x00,0x00,0x00,0x00,0x00,0x00,0x00,0x00,0x00,
    0x00,0x00,0x00,0x00,0x00,0x00,0x00,0x00,0x00,0x00,0x00,0x00,0x00,0x00,0x00,0x00,
    0x00,0x00,0x00,0x00,0x00,0x00,0x00,0x00,0x00,0x00,0x00,0x00,0x00,0x00,0x00,0x00,
    0x00,0x00,0x00,0x00,0x00,0x00,0x00,0x00,0x00,0x00,0x00,0x00,0x00,0x00,0x00,0x00,
    0x00,0x00,0x00,0x00,0x00,0x00,0x00,0x00,0x00,0x00,0x00,0x00,0x00,0x00,0x00,0x00,
    0x00,0x00,0x00,0x00,0x00,0x00,0x00,0x00,0x00,0x00,0x00,0x00,0x00,0x00,0x00,0x00,
    0x00,0x00,0x00,0x00,0x00,0x00,0x00,0x00,0x00,0x00,0x00,0x00,0x00,0x00,0x00,0x00,
    0x00,0x00,0x00,0x00,0x00,0x00,0x00,0x00,0x00,0x00,0x00,0x00,0x00,0x00,0x00,0x00,
    0x00,0x00,0x00,0x00,0x00,0x00,0x00,0x00,0x00,0x00,0x00,0x00,0x00,0x00,0x00,0x00,
    0x00,0x00,0x00,0x00,0x00,0x00,0x00,0x00,0x00,0x00,0x00,0x00,0x00,0x00,0x00,0x00,
    0x00,0x00,0x00,0x00,0x00,0x00,0x00,0x00,0x00,0x00,0x00,0x00,0x00,0x00,0x00,0x00,
    0x00,0x00,0x00,0x00,0x00,0x00,0x00,0x00,0x00,0x00,0x00,0x00,0x00,0x00,0x00,0x00,
    0x00,0x00,0x00,0x00,0x00,0x00,0x00,0x00,0x00,0x00,0x00,0x00,0x00,0x00,0x00,0x00,
    0x00,0x00,0x00,0x00,0x00,0x00,0x00,0x00,0x00,0x00,0x00,0x00,0x00,0x00,0x00,0x00,
    0x00,0x00,0x00,0x00,0x00,0x00,0x00,0x00,0x00,0x00,0x00,0x00,0x00,0x00,0x00,0x00,
    0x00,0x00,0x00,0x00,0x00,0x00,0x00,0x00,0x00,0x00,0x00,0x00,0x00,0x00,0x00,0x00,
    0x00,0x00,0x00,0x00,0x00,0x00,0x00,0x00,0x00,0x00,0x00,0x00,0x00,0x00,0x00,0x00,
    0x00,0x00,0x00,0x00,0x00,0x00,0x00,0x00,0x00,0x00,0x00,0x00,0x00,0x00,0x00,0x00,
    0x00,0x00,0x00,0x00,0x00,0x00,0x00,0x00,0x00,0x00,0x00,0x00,0x00,0x00,0x00,0x00,
    0x00,0x00,0x00,0x00,0x00,0x00,0x00,0x00,0x00,0x00,0x00,0x00,0x00,0x00,0x00,0x00,
    0x00,0x00,0x00,0x00,0x00,0x00,0x00,0x00,0x00,0x00,0x00,0x00,0x00,0x00,0x00,0x00,
    0x00,0x00,0x00,0x00,0x00,0x00,0x00,0x00,0x00,0x00,0x00,0x00,0x00,0x00,0x00,0x00,
    0x00,0x00,0x00,0x00,0x00,0x00,0x00,0x00,0x00,0x00,0x00,0x00,0x00,0x00,0x00,0x00,
    0x00,0x00,0x00,0x00,0x00,0x00,0x00,0x00,0x00,0x00,0x00,0x00,0x00,0x00,0x00,0x00,
    0x00,0x00,0x00,0x00,0x00,0x00,0x00,0x00,0x00,0x00,0x00,0x00,0x00,0x00,0x00,0x00,
    0x00,0x00,0x00,0x00,0x00,0x00,0x00,0x00,0x00,0x00,0x00,0x00,0x00,0x00,0x00,0x00,
    0x00,0x00,0x00,0x00,0x00,0x00,0x00,0x00,0x00,0x00,0x00,0x00,0x00,0x00,0x00,0x00,
    0x00,0x00,0x00,0x00,0x00,0x00,0x00,0x00,0x00,0x00,0x00,0x00,0x00,0x00,0x00,0x00,
    0x00,0x00,0x00,0x00,0x00,0x00,0x00,0x00,0x00,0x00,0x00,0x00,0x00,0x00,0x00,0x00,
    0x00,0x00,0x00,0x00,0x00,0x00,0x00,0x00,0x00,0x00,0x00,0x00,0x00,0x00,0x00,0x00,
    0x00,0x00,0x00,0x00,0x00,0x00,0x00,0x00,0x00,0x00,0x00,0x00,0x00,0x00,0x00,0x00,
    0x00,0x00,0x00,0x00,0x00,0x00,0x00,0x00,0x00,0x00,0x00,0x00,0x00,0x00,0x00,0x00,
    0x00,0x00,0x00,0x00,0x00,0x00,0x00,0x00,0x00,0x00,0x00,0x00,0x00,0x00,0x00,0x00,
    0x00,0x00,0x00,0x00,0x00,0x00,0x00,0x00,0x00,0x00,0x00,0x00,0x00,0x00,0x00,0x00,
    0x00,0x00,0x00,0x00,0x00,0x00,0x00,0x00,0x00,0x00,0x00,0x00,0x00,0x00,0x00,0x00,
    0x00,0x00,0x00,0x00,0x00,0x00,0x00,0x00,0x00,0x00,0x00,0x00,0x00,0x00,0x00,0x00,
    0x00,0x00,0x00,0x00,0x00,0x00,0x00,0x00,0x00,0x00,0x00,0x00,0x00,0x00,0x00,0x00,
    0x00,0x00,0x00,0x00,0x00,0x00,0x00,0x00,0x00,0x00,0x00,0x00,0x00,0x00,0x00,0x00,
    0x00,0x00,0x00,0x00,0x00,0x00,0x00,0x00,0x00,0x00,0x00,0x00,0x00,0x00,0x00,0x00,
    0x00,0x00,0x00,0x00,0x00,0x00,0x00,0x00,0x00,0x00,0x00,0x00,0x00,0x00,0x00,0x00,
    0x00,0x00,0x00,0x00,0x00,0x00,0x00,0x00,0x00,0x00,0x00,0x00,0x00,0x00,0x00,0x00,
    0x00,0x00,0x00,0x00,0x00,0x00,0x00,0x00,0x00,0x00,0x00,0x00,0x00,0x00,0x00,0x00,
    0x00,0x00,0x00,0x00,0x00,0x00,0x00,0x00,0x00,0x00,0x00,0x00,0x00,0x00,0x00,0x00,
    0x00,0x00,0x00,0x00,0x00,0x00,0x00,0x00,0x00,0x00,0x00,0x00,0x00,0x00,0x00,0x00,
    0x00,0x00,0x00,0x00,0x00,0x00,0x00,0x00,0x00,0x00,0x00,0x00,0x00,0x00,0x00,0x00,
    0x00,0x00,0x00,0x00,0x00,0x00,0x00,0x00,0x00,0x00,0x00,0x00,0x00,0x00,0x00,0x00,
    0x00,0x00,0x00,0x00,0x00,0x00,0x00,0x00,0x00,0x00,0x00,0x00,0x00,0x00,0x00,0x00,
    0x00,0x00,0x00,0x00,0x00,0x00,0x00,0x00,0x00,0x00,0x00,0x00,0x00,0x00,0x00,0x00,
    0x00,0x00,0x00,0x00,0x00,0x00,0x00,0x00,0x00,0x00,0x00,0x00,0x00,0x00,0x00,0x00,
    0x00,0x00,0x00,0x00,0x00,0x00,0x00,0x00,0x00,0x00,0x00,0x00,0x00,0x00,0x00,0x00,
    0x00,0x00,0x00,0x00,0x00,0x00,0x00,0x00,0x00,0x00,0x00,0x00,0x00,0x00,0x00,0x00,
    0x00,0x00,0x00,0x00,0x00,0x00,0x00,0x00,0x00,0x00,0x00,0x00,0x00,0x00,0x00,0x00,
    0x00,0x00,0x00,0x00,0x00,0x00,0x00,0x00,0x00,0x00,0x00,0x00,0x00,0x00,0x00,0x00,
    0x00,0x00,0x00,0x00,0x00,0x00,0x00,0x00,0x00,0x00,0x00,0x00,0x00,0x00,0x00,0x00,
    0x00,0x00,0x00,0x00,0x00,0x00,0x00,0x00,0x00,0x00,0x00,0x00,0x00,0x00,0x00,0x00,
    0x00,0x00,0x00,0x00,0x00,0x00,0x00,0x00,0x00,0x00,0x00,0x00,0x00,0x00,0x00,0x00,
    0x00,0x00,0x00,0x00,0x00,0x00,0x00,0x00,0x00,0x00,0x00,0x00,0x00,0x00,0x00,0x00,
    0x00,0x00,0x00,0x00,0x00,0x00,0x00,0x00,0x00,0x00,0x00,0x00,0x00,0x00,0x00,0x00,
    0x00,0x00,0x00,0x00,0x00,0x00,0x00,0x00,0x00,0x00,0x00,0x00,0x00,0x00,0x00,0x00,
    0x00,0x00,0x00,0x00,0x00,0x00,0x00,0x00,0x00,0x00,0x00,0x00,0x00,0x00,0x00,0x00,
    0x00,0x00,0x00,0x00,0x00,0x00,0x00,0x00,0x00,0x00,0x00,0x00,0x00,0x00,0x00,0x00,
    0x00,0x00,0x00,0x00,0x00,0x00,0x00,0x00,0x00,0x00,0x00,0x00,0x00,0x00,0x00,0x00,
    0x00,0x00,0x00,0x00,0x00,0x00,0x00,0x00,0x00,0x00,0x00,0x00,0x00,0x00,0x00,0x00,
    0x00,0x00,0x00,0x00,0x00,0x00,0x00,0x00,0x00,0x00,0x00,0x00,0x00,0x00,0x00,0x00,
    0x00,0x00,0x00,0x00,0x00,0x00,0x00,0x00,0x00,0x00,0x00,0x00,0x00,0x00,0x00,0x00,
    0x00,0x00,0x00,0x00,0x00,0x00,0x00,0x00,0x00,0x00,0x00,0x00,0x00,0x00,0x00,0x00,
    0x00,0x00,0x00,0x00,0x00,0x00,0x00,0x00,0x00,0x00,0x00,0x00,0x00,0x00,0x00,0x00,
    0x00,0x00,0x00,0x00,0x00,0x00,0x00,0x00,0x00,0x00,0x00,0x00,0x00,0x00,0x00,0x00,
    0x00,0x00,0x00,0x00,0x00,0x00,0x00,0x00,0x00,0x00,0x00,0x00,0x00,0x00,0x00,0x00,
    0x00,0x00,0x00,0x00,0x00,0x00,0x00,0x00,0x00,0x00,0x00,0x00,0x00,0x00,0x00,0x00,
    0x00,0x00,0x00,0x00,0x00,0x00,0x00,0x00,0x00,0x00,0x00,0x00,0x00,0x00,0x00,0x00,
    0x00,0x00,0x00,0x00,0x00,0x00,0x00,0x00,0x00,0x00,0x00,0x00,0x00,0x00,0x00,0x00,
    0x00,0x00,0x00,0x00,0x00,0x00,0x00,0x00,0x00,0x00,0x00,0x00,0x00,0x00,0x00,0x00,
    0x00,0x00,0x00,0x00,0x00,0x00,0x00,0x00,0x00,0x00,0x00,0x00,0x00,0x00,0x00,0x00,
    0x00,0x00,0x00,0x00,0x00,0x00,0x00,0x00,0x00,0x00,0x00,0x00,0x00,0x00,0x00,0x00,
    0x00,0x00,0x00,0x00,0x00,0x00,0x00,0x00,0x00,0x00,0x00,0x00,0x00,0x00,0x00,0x00,
    0x00,0x00,0x00,0x00,0x00,0x00,0x00,0x00,0x00,0x00,0x00,0x00,0x00,0x00,0x00,0x00,
    0x00,0x00,0x00,0x00,0x00,0x00,0x00,0x00,0x00,0x00,0x00,0x00,0x00,0x00,0x00,0x00,
    0x00,0x00,0x00,0x00,0x00,0x00,0x00,0x00,0x00,0x00,0x00,0x00,0x00,0x00,0x00,0x00,
    0x00,0x00,0x00,0x00,0x00,0x00,0x00,0x00,0x00,0x00,0x00,0x00,0x00,0x00,0x00,0x00,
    0x00,0x00,0x00,0x00,0x00,0x00,0x00,0x00,0x00,0x00,0x00,0x00,0x00,0x00,0x00,0x00,
    0x00,0x00,0x00,0x00,0x00,0x00,0x00,0x00,0x00,0x00,0x00,0x00,0x00,0x00,0x00,0x00,
    0x00,0x00,0x00,0x00,0x00,0x00,0x00,0x00,0x00,0x00,0x00,0x00,0x00,0x00,0x00,0x00,
    0x00,0x00,0x00,0x00,0x00,0x00,0x00,0x00,0x00,0x00,0x00,0x00,0x00,0x00,0x00,0x00,
    0x00,0x00,0x00,0x00,0x00,0x00,0x00,0x00,0x00,0x00,0x00,0x00,0x00,0x00,0x00,0x00,
    0x00,0x00,0x00,0x00,0x00,0x00,0x00,0x00,0x00,0x00,0x00,0x00,0x00,0x00,0x00,0x00,
    0x00,0x00,0x00,0x00,0x00,0x00,0x00,0x00,0x00,0x00,0x00,0x00,0x00,0x00,0x00,0x00,
    0x00,0x00,0x00,0x00,0x00,0x00,0x00,0x00,0x00,0x00,0x00,0x00,0x00,0x00,0x00,0x00,
    0x00,0x00,0x00,0x00,0x00,0x00,0x00,0x00,0x00,0x00,0x00,0x00,0x00,0x00,0x00,0x00,
    0x00,0x00,0x00,0x00,0x00,0x00,0x00,0x00,0x00,0x00,0x00,0x00,0x00,0x00,0x00,0x00,
    0x00,0x00,0x00,0x00,0x00,0x00,0x00,0x00,0x00,0x00,0x00,0x00,0x00,0x00,0x00,0x00,
    0x00,0x00,0x00,0x00,0x00,0x00,0x00,0x00,0x00,0x00,0x00,0x00,0x00,0x00,0x00,0x00,
    0x00,0x00,0x00,0x00,0x00,0x00,0x00,0x00,0x00,0x00,0x00,0x00,0x00,0x00,0x00,0x00,
    0x00,0x00,0x00,0x00,0x00,0x00,0x00,0x00,0x00,0x00,0x00,0x00,0x00,0x00,0x00,0x00,
    0x00,0x00,0x00,0x00,0x00,0x00,0x00,0x00,0x00,0x00,0x00,0x00,0x00,0x00,0x00,0x00,
    0x00,0x00,0x00,0x00,0x00,0x00,0x00,0x00,0x00,0x00,0x00,0x00,0x00,0x00,0x00,0x00,
    0x00,0x00,0x00,0x00,0x00,0x00,0x00,0x00,0x00,0x00,0x00,0x00,0x00,0x00,0x00,0x00,
    0x00,0x00,0x00,0x00,0x00,0x00,0x00,0x00,0x00,0x00,0x00,0x00,0x00,0x00,0x00,0x00,
    0x00,0x00,0x00,0x00,0x00,0x00,0x00,0x00,0x00,0x00,0x00,0x00,0x00,0x00,0x00,0x00,
    0x00,0x00,0x00,0x00,0x00,0x00,0x00,0x00,0x00,0x00,0x00,0x00,0x00,0x00,0x00,0x00,
    0x00,0x00,0x00,0x00,0x00,0x00,0x00,0x00,0x00,0x00,0x00,0x00,0x00,0x00,0x00,0x00,
    0x00,0x00,0x00,0x00,0x00,0x00,0x00,0x00,0x00,0x00,0x00,0x00,0x00,0x00,0x00,0x00,
    0x00,0x00,0x00,0x00,0x00,0x00,0x00,0x00,0x00,0x00,0x00,0x00,0x00,0x00,0x00,0x00,
    0x00,0x00,0x00,0x00,0x00,0x00,0x00,0x00,0x00,0x00,0x00,0x00,0x00,0x00,0x00,0x00,
    0x00,0x00,0x00,0x00,0x00,0x00,0x00,0x00,0x00,0x00,0x00,0x00,0x00,0x00,0x00,0x00,
    0x00,0x00,0x00,0x00,0x00,0x00,0x00,0x00,0x00,0x00,0x00,0x00,0x00,0x00,0x00,0x00,
    0x00,0x00,0x00,0x00,0x00,0x00,0x00,0x00,0x00,0x00,0x00,0x00,0x00,0x00,0x00,0x00,
    0x00,0x00,0x00,0x00,0x00,0x00,0x00,0x00,0x00,0x00,0x00,0x00,0x00,0x00,0x00,0x00,
    0x00,0x00,0x00,0x00,0x00,0x00,0x00,0x00,0x00,0x00,0x00,0x00,0x00,0x00,0x00,0x00,
    0x00,0x00,0x00,0x00,0x00,0x00,0x00,0x00,0x00,0x00,0x00,0x00,0x00,0x00,0x00,0x00,
    0x00,0x00,0x00,0x00,0x00,0x00,0x00,0x00,0x00,0x00,0x00,0x00,0x00,0x00,0x00,0x00,
    0x00,0x00,0x00,0x00,0x00,0x00,0x00,0x00,0x00,0x00,0x00,0x00,0x00,0x00,0x00,0x00,
    0x00,0x00,0x00,0x00,0x00,0x00,0x00,0x00,0x00,0x00,0x00,0x00,0x00,0x00,0x00,0x00,
    0x00,0x00,0x00,0x00,0x00,0x00,0x00,0x00,0x00,0x00,0x00,0x00,0x00,0x00,0x00,0x00,
    0x00,0x00,0x00,0x00,0x00,0x00,0x00,0x00,0x00,0x00,0x00,0x00,0x00,0x00,0x00,0x00,
    0x00,0x00,0x00,0x00,0x00,0x00,0x00,0x00,0x00,0x00,0x00,0x00,0x00,0x00,0x00,0x00,
    0x00,0x00,0x00,0x00,0x00,0x00,0x00,0x00,0x00,0x00,0x00,0x00,0x00,0x00,0x00,0x00,
    0x00,0x00,0x00,0x00,0x00,0x00,0x00,0x00,0x00,0x00,0x00,0x00,0x00,0x00,0x00,0x00,
    0x00,0x00,0x00,0x00,0x00,0x00,0x00,0x00,0x00,0x00,0x00,0x00,0x00,0x00,0x00,0x00,
    0x00,0x00,0x00,0x00,0x00,0x00,0x00,0x00,0x00,0x00,0x00,0x00,0x00,0x00,0x00,0x00,
    0x00,0x00,0x00,0x00,0x00,0x00,0x00,0x00,0x00,0x00,0x00,0x00,0x00,0x00,0x00,0x00,
    0x00,0x00,0x00,0x00,0x00,0x00,0x00,0x00,0x00,0x00,0x00,0x00,0x00,0x00,0x00,0x00,
    0x00,0x00,0x00,0x00,0x00,0x00,0x00,0x00,0x00,0x00,0x00,0x00,0x00,0x00,0x00,0x00,
    0x00,0x00,0x00,0x00,0x00,0x00,0x00,0x00,0x00,0x00,0x00,0x00,0x00,0x00,0x00,0x00,
    0x00,0x00,0x00,0x00,0x00,0x00,0x00,0x00,0x00,0x00,0x00,0x00,0x00,0x00,0x00,0x00,
    0x00,0x00,0x00,0x00,0x00,0x00,0x00,0x00,0x00,0x00,0x00,0x00,0x00,0x00,0x00,0x00,
    0x00,0x00,0x00,0x00,0x00,0x00,0x00,0x00,0x00,0x00,0x00,0x00,0x00,0x00,0x00,0x00,
    0x00,0x00,0x00,0x00,0x00,0x00,0x00,0x00,0x00,0x00,0x00,0x00,0x00,0x00,0x00,0x00,
    0x00,0x00,0x00,0x00,0x00,0x00,0x00,0x00,0x00,0x00,0x00,0x00,0x00,0x00,0x00,0x00,
    0x00,0x00,0x00,0x00,0x00,0x00,0x00,0x00,0x00,0x00,0x00,0x00,0x00,0x00,0x00,0x00,
    0x00,0x00,0x00,0x00,0x00,0x00,0x00,0x00,0x00,0x00,0x00,0x00,0x00,0x00,0x00,0x00,
    0x00,0x00,0x00,0x00,0x00,0x00,0x00,0x00,0x00,0x00,0x00,0x00,0x00,0x00,0x00,0x00,
    0x00,0x00,0x00,0x00,0x00,0x00,0x00,0x00,0x00,0x00,0x00,0x00,0x00,0x00,0x00,0x00,
    0x00,0x00,0x00,0x00,0x00,0x00,0x00,0x00,0x00,0x00,0x00,0x00,0x00,0x00,0x00,0x00,
    0x00,0x00,0x00,0x00,0x00,0x00,0x00,0x00,0x00,0x00,0x00,0x00,0x00,0x00,0x00,0x00,
    0x00,0x00,0x00,0x00,0x00,0x00,0x00,0x00,0x00,0x00,0x00,0x00,0x00,0x00,0x00,0x00,
    0x00,0x00,0x00,0x00,0x00,0x00,0x00,0x00,0x00,0x00,0x00,0x00,0x00,0x00,0x00,0x00,
    0x00,0x00,0x00,0x00,0x00,0x00,0x00,0x00,0x00,0x00,0x00,0x00,0x00,0x00,0x00,0x00,
    0x00,0x00,0x00,0x00,0x00,0x00,0x00,0x00,0x00,0x00,0x00,0x00,0x00,0x00,0x00,0x00,
    0x00,0x00,0x00,0x00,0x00,0x00,0x00,0x00,0x00,0x00,0x00,0x00,0x00,0x00,0x00,0x00,
    0x00,0x00,0x00,0x00,0x00,0x00,0x00,0x00,0x00,0x00,0x00,0x00,0x00,0x00,0x00,0x00,
    0x00,0x00,0x00,0x00,0x00,0x00,0x00,0x00,0x00,0x00,0x00,0x00,0x00,0x00,0x00,0x00,
    0x00,0x00,0x00,0x00,0x00,0x00,0x00,0x00,0x00,0x00,0x00,0x00,0x00,0x00,0x00,0x00,
    0x00,0x00,0x00,0x00,0x00,0x00,0x00,0x00,0x00,0x00,0x00,0x00,0x00,0x00,0x00,0x00,
    0x00,0x00,0x00,0x00,0x00,0x00,0x00,0x00,0x00,0x00,0x00,0x00,0x00,0x00,0x00,0x00,
    0x00,0x00,0x00,0x00,0x00,0x00,0x00,0x00,0x00,0x00,0x00,0x00,0x00,0x00,0x00,0x00,
    0x00,0x00,0x00,0x00,0x00,0x00,0x00,0x00,0x00,0x00,0x00,0x00,0x00,0x00,0x00,0x00,
    0x00,0x00,0x00,0x00,0x00,0x00,0x00,0x00,0x00,0x00,0x00,0x00,0x00,0x00,0x00,0x00,
    0x00,0x00,0x00,0x00,0x00,0x00,0x00,0x00,0x00,0x00,0x00,0x00,0x00,0x00,0x00,0x00,
    0x00,0x00,0x00,0x00,0x00,0x00,0x00,0x00,0x00,0x00,0x00,0x00,0x00,0x00,0x00,0x00,
    0x00,0x00,0x00,0x00,0x00,0x00,0x00,0x00,0x00,0x00,0x00,0x00,0x00,0x00,0x00,0x00,
    0x00,0x00,0x00,0x00,0x00,0x00,0x00,0x00,0x00,0x00,0x00,0x00,0x00,0x00,0x00,0x00,
    0x00,0x00,0x00,0x00,0x00,0x00,0x00,0x00,0x00,0x00,0x00,0x00,0x00,0x00,0x00,0x00,
    0x00,0x00,0x00,0x00,0x00,0x00,0x00,0x00,0x00,0x00,0x00,0x00,0x00,0x00,0x00,0x00,
    0x00,0x00,0x00,0x00,0x00,0x00,0x00,0x00,0x00,0x00,0x00,0x00,0x00,0x00,0x00,0x00,
    0x00,0x00,0x00,0x00,0x00,0x00,0x00,0x00,0x00,0x00,0x00,0x00,0x00,0x00,0x00,0x00,
    0x00,0x00,0x00,0x00,0x00,0x00,0x00,0x00,0x00,0x00,0x00,0x00,0x00,0x00,0x00,0x00,
    0x00,0x00,0x00,0x00,0x00,0x00,0x00,0x00,0x00,0x00,0x00,0x00,0x00,0x00,0x00,0x00,
    0x00,0x00,0x00,0x00,0x00,0x00,0x00,0x00,0x00,0x00,0x00,0x00,0x00,0x00,0x00,0x00,
    0x00,0x00,0x00,0x00,0x00,0x00,0x00,0x00,0x00,0x00,0x00,0x00,0x00,0x00,0x00,0x00,
    0x00,0x00,0x00,0x00,0x00,0x00,0x00,0x00,0x00,0x00,0x00,0x00,0x00,0x00,0x00,0x00,
    0x00,0x00,0x00,0x00,0x00,0x00,0x00,0x00,0x00,0x00,0x00,0x00,0x00,0x00,0x00,0x00,
    0x00,0x00,0x00,0x00,0x00,0x00,0x00,0x00,0x00,0x00,0x00,0x00,0x00,0x00,0x00,0x00,
    0x00,0x00,0x00,0x00,0x00,0x00,0x00,0x00,0x00,0x00,0x00,0x00,0x00,0x00,0x00,0x00,
    0x00,0x00,0x00,0x00,0x00,0x00,0x00,0x00,0x00,0x00,0x00,0x00,0x00,0x00,0x00,0x00,
    0x00,0x00,0x00,0x00,0x00,0x00,0x00,0x00,0x00,0x00,0x00,0x00,0x00,0x00,0x00,0x00,
    0x00,0x00,0x00,0x00,0x00,0x00,0x00,0x00,0x00,0x00,0x00,0x00,0x00,0x00,0x00,0x00,
    0x00,0x00,0x00,0x00,0x00,0x00,0x00,0x00,0x00,0x00,0x00,0x00,0x00,0x00,0x00,0x00,
    0x00,0x00,0x00,0x00,0x00,0x00,0x00,0x00,0x00,0x00,0x00,0x00,0x00,0x00,0x00,0x00,
    0x00,0x00,0x00,0x00,0x00,0x00,0x00,0x00,0x00,0x00,0x00,0x00,0x00,0x00,0x00,0x00,
    0x00,0x00,0x00,0x00,0x00,0x00,0x00,0x00,0x00,0x00,0x00,0x00,0x00,0x00,0x00,0x00,
    0x00,0x00,0x00,0x00,0x00,0x00,0x00,0x00,0x00,0x00,0x00,0x00,0x00,0x00,0x00,0x00,
    0x00,0x00,0x00,0x00,0x00,0x00,0x00,0x00,0x00,0x00,0x00,0x00,0x00,0x00,0x00,0x00,
    0x00,0x00,0x00,0x00,0x00,0x00,0x00,0x00,0x00,0x00,0x00,0x00,0x00,0x00,0x00,0x00,
    0x00,0x00,0x00,0x00,0x00,0x00,0x00,0x00,0x00,0x00,0x00,0x00,0x00,0x00,0x00,0x00,
    0x00,0x00,0x00,0x00,0x00,0x00,0x00,0x00,0x00,0x00,0x00,0x00,0x00,0x00,0x00,0x00,
    0x00,0x00,0x00,0x00,0x00,0x00,0x00,0x00,0x00,0x00,0x00,0x00,0x00,0x00,0x00,0x00,
    0x00,0x00,0x00,0x00,0x00,0x00,0x00,0x00,0x00,0x00,0x00,0x00,0x00,0x00,0x00,0x00,
    0x00,0x00,0x00,0x00,0x00,0x00,0x00,0x00,0x00,0x00,0x00,0x00,0x00,0x00,0x00,0x00,
    0x00,0x00,0x00,0x00,0x00,0x00,0x00,0x00,0x00,0x00,0x00,0x00,0x00,0x00,0x00,0x00,
    0x00,0x00,0x00,0x00,0x00,0x00,0x00,0x00,0x00,0x00,0x00,0x00,0x00,0x00,0x00,0x00,
    0x00,0x00,0x00,0x00,0x00,0x00,0x00,0x00,0x00,0x00,0x00,0x00,0x00,0x00,0x00,0x00,
    0x00,0x00,0x00,0x00,0x00,0x00,0x00,0x00,0x00,0x00,0x00,0x00,0x00,0x00,0x00,0x00,
    0x00,0x00,0x00,0x00,0x00,0x00,0x00,0x00,0x00,0x00,0x00,0x00,0x00,0x00,0x00,0x00,
    0x00,0x00,0x00,0x00,0x00,0x00,0x00,0x00,0x00,0x00,0x00,0x00,0x00,0x00,0x00,0x00,
    0x00,0x00,0x00,0x00,0x00,0x00,0x00,0x00,0x00,0x00,0x00,0x00,0x00,0x00,0x00,0x00,
    0x00,0x00,0x00,0x00,0x00,0x00,0x00,0x00,0x00,0x00,0x00,0x00,0x00,0x00,0x00,0x00,
    0x00,0x00,0x00,0x00,0x00,0x00,0x00,0x00,0x00,0x00,0x00,0x00,0x00,0x00,0x00,0x00,
    0x00,0x00,0x00,0x00,0x00,0x00,0x00,0x00,0x00,0x00,0x00,0x00,0x00,0x00,0x00,0x00,
    0x00,0x00,0x00,0x00,0x00,0x00,0x00,0x00,0x00,0x00,0x00,0x00,0x00,0x00,0x00,0x00,
    0x00,0x00,0x00,0x00,0x00,0x00,0x00,0x00,0x00,0x00,0x00,0x00,0x00,0x00,0x00,0x00,
    0x00,0x00,0x00,0x00,0x00,0x00,0x00,0x00,0x00,0x00,0x00,0x00,0x00,0x00,0x00,0x00,
    0x00,0x00,0x00,0x00,0x00,0x00,0x00,0x00,0x00,0x00,0x00,0x00,0x00,0x00,0x00,0x00,
    0x00,0x00,0x00,0x00,0x00,0x00,0x00,0x00,0x00,0x00,0x00,0x00,0x00,0x00,0x00,0x00,
    0x00,0x00,0x00,0x00,0x00,0x00,0x00,0x00,0x00,0x00,0x00,0x00,0x00,0x00,0x00,0x00,
    0x00,0x00,0x00,0x00,0x00,0x00,0x00,0x00,0x00,0x00,0x00,0x00,0x00,0x00,0x00,0x00,
    0x00,0x00,0x00,0x00,0x00,0x00,0x00,0x00,0x00,0x00,0x00,0x00,0x00,0x00,0x00,0x00,
    0x00,0x00,0x00,0x00,0x00,0x00,0x00,0x00,0x00,0x00,0x00,0x00,0x00,0x00,0x00,0x00,
    0x00,0x00,0x00,0x00,0x00,0x00,0x00,0x00,0x00,0x00,0x00,0x00,0x00,0x00,0x00,0x00,
    0x00,0x00,0x00,0x00,0x00,0x00,0x00,0x00,0x00,0x00,0x00,0x00,0x00,0x00,0x00,0x00,
    0x00,0x00,0x00,0x00,0x00,0x00,0x00,0x00,0x00,0x00,0x00,0x00,0x00,0x00,0x00,0x00,
    0x00,0x00,0x00,0x00,0x00,0x00,0x00,0x00,0x00,0x00,0x00,0x00,0x00,0x00,0x00,0x00,
    0x00,0x00,0x00,0x00,0x00,0x00,0x00,0x00,0x00,0x00,0x00,0x00,0x00,0x00,0x00,0x00,
    0x00,0x00,0x00,0x00,0x00,0x00,0x00,0x00,0x00,0x00,0x00,0x00,0x00,0x00,0x00,0x00,
    0x00,0x00,0x00,0x00,0x00,0x00,0x00,0x00,0x00,0x00,0x00,0x00,0x00,0x00,0x00,0x00,
    0x00,0x00,0x00,0x00,0x00,0x00,0x00,0x00,0x00,0x00,0x00,0x00,0x00,0x00,0x00,0x00,
    0x00,0x00,0x00,0x00,0x00,0x00,0x00,0x00,0x00,0x00,0x00,0x00,0x00,0x00,0x00,0x00,
    0x00,0x00,0x00,0x00,0x00,0x00,0x00,0x00,0x00,0x00,0x00,0x00,0x00,0x00,0x00,0x00,
    0x00,0x00,0x00,0x00,0x00,0x00,0x00,0x00,0x00,0x00,0x00,0x00,0x00,0x00,0x00,0x00,
    0x00,0x00,0x00,0x00,0x00,0x00,0x00,0x00,0x00,0x00,0x00,0x00,0x00,0x00,0x00,0x00,
    0x00,0x00,0x00,0x00,0x00,0x00,0x00,0x00,0x00,0x00,0x00,0x00,0x00,0x00,0x00,0x00,
    0x00,0x00,0x00,0x00,0x00,0x00,0x00,0x00,0x00,0x00,0x00,0x00,0x00,0x00,0x00,0x00,
    0x00,0x00,0x00,0x00,0x00,0x00,0x00,0x00,0x00,0x00,0x00,0x00,0x00,0x00,0x00,0x00,
    0x00,0x00,0x00,0x00,0x00,0x00,0x00,0x00,0x00,0x00,0x00,0x00,0x00,0x00,0x00,0x00,
    0x00,0x00,0x00,0x00,0x00,0x00,0x00,0x00,0x00,0x00,0x00,0x00,0x00,0x00,0x00,0x00,
    0x00,0x00,0x00,0x00,0x00,0x00,0x00,0x00,0x00,0x00,0x00,0x00,0x00,0x00,0x00,0x00,
    0x00,0x00,0x00,0x00,0x00,0x00,0x00,0x00,0x00,0x00,0x00,0x00,0x00,0x00,0x00,0x00,
    0x00,0x00,0x00,0x00,0x00,0x00,0x00,0x00,0x00,0x00,0x00,0x00,0x00,0x00,0x00,0x00,
    0x00,0x00,0x00,0x00,0x00,0x00,0x00,0x00,0x00,0x00,0x00,0x00,0x00,0x00,0x00,0x00,
    0x00,0x00,0x00,0x00,0x00,0x00,0x00,0x00,0x00,0x00,0x00,0x00,0x00,0x00,0x00,0x00,
    0x00,0x00,0x00,0x00,0x00,0x00,0x00,0x00,0x00,0x00,0x00,0x00,0x00,0x00,0x00,0x00,
    0x00,0x00,0x00,0x00,0x00,0x00,0x00,0x00,0x00,0x00,0x00,0x00,0x00,0x00,0x00,0x00,
    0x00,0x00,0x00,0x00,0x00,0x00,0x00,0x00,0x00,0x00,0x00,0x00,0x00,0x00,0x00,0x00,
    0x00,0x00,0x00,0x00,0x00,0x00,0x00,0x00,0x00,0x00,0x00,0x00,0x00,0x00,0x00,0x00,
    0x00,0x00,0x00,0x00,0x00,0x00,0x00,0x00,0x00,0x00,0x00,0x00,0x00,0x00,0x00,0x00,
    0x00,0x00,0x00,0x00,0x00,0x00,0x00,0x00,0x00,0x00,0x00,0x00,0x00,0x00,0x00,0x00,
    0x00,0x00,0x00,0x00,0x00,0x00,0x00,0x00,0x00,0x00,0x00,0x00,0x00,0x00,0x00,0x00,
    0x00,0x00,0x00,0x00,0x00,0x00,0x00,0x00,0x00,0x00,0x00,0x00,0x00,0x00,0x00,0x00,
    0x00,0x00,0x00,0x00,0x00,0x00,0x00,0x00,0x00,0x00,0x00,0x00,0x00,0x00,0x00,0x00,
    0x00,0x00,0x00,0x00,0x00,0x00,0x00,0x00,0x00,0x00,0x00,0x00,0x00,0x00,0x00,0x00,
    0x00,0x00,0x00,0x00,0x00,0x00,0x00,0x00,0x00,0x00,0x00,0x00,0x00,0x00,0x00,0x00,
    0x00,0x00,0x00,0x00,0x00,0x00,0x00,0x00,0x00,0x00,0x00,0x00,0x00,0x00,0x00,0x00,
    0x00,0x00,0x00,0x00,0x00,0x00,0x00,0x00,0x00,0x00,0x00,0x00,0x00,0x00,0x00,0x00,
    0x00,0x00,0x00,0x00,0x00,0x00,0x00,0x00,0x00,0x00,0x00,0x00,0x00,0x00,0x00,0x00,
    0x00,0x00,0x00,0x00,0x00,0x00,0x00,0x00,0x00,0x00,0x00,0x00,0x00,0x00,0x00,0x00,
    0x00,0x00,0x00,0x00,0x00,0x00,0x00,0x00,0x00,0x00,0x00,0x00,0x00,0x00,0x00,0x00,
    0x00,0x00,0x00,0x00,0x00,0x00,0x00,0x00,0x00,0x00,0x00,0x00,0x00,0x00,0x00,0x00,
    0x00,0x00,0x00,0x00,0x00,0x00,0x00,0x00,0x00,0x00,0x00,0x00,0x00,0x00,0x00,0x00,
    0x00,0x00,0x00,0x00,0x00,0x00,0x00,0x00,0x00,0x00,0x00,0x00,0x00,0x00,0x00,0x00,
    0x00,0x00,0x00,0x00,0x00,0x00,0x00,0x00,0x00,0x00,0x00,0x00,0x00,0x00,0x00,0x00,
    0x00,0x00,0x00,0x00,0x00,0x00,0x00,0x00,0x00,0x00,0x00,0x00,0x00,0x00,0x00,0x00,
    0x00,0x00,0x00,0x00,0x00,0x00,0x00,0x00,0x00,0x00,0x00,0x00,0x00,0x00,0x00,0x00,
    0x00,0x00,0x00,0x00,0x00,0x00,0x00,0x00,0x00,0x00,0x00,0x00,0x00,0x00,0x00,0x00,
    0x00,0x00,0x00,0x00,0x00,0x00,0x00,0x00,0x00,0x00,0x00,0x00,0x00,0x00,0x00,0x00,
    0x00,0x00,0x00,0x00,0x00,0x00,0x00,0x00,0x00,0x00,0x00,0x00,0x00,0x00,0x00,0x00,
    0x00,0x00,0x00,0x00,0x00,0x00,0x00,0x00,0x00,0x00,0x00,0x00,0x00,0x00,0x00,0x00,
    0x00,0x00,0x00,0x00,0x00,0x00,0x00,0x00,0x00,0x00,0x00,0x00,0x00,0x00,0x00,0x00,
    0x00,0x00,0x00,0x00,0x00,0x00,0x00,0x00,0x00,0x00,0x00,0x00,0x00,0x00,0x00,0x00,
    0x00,0x00,0x00,0x00,0x00,0x00,0x00,0x00,0x00,0x00,0x00,0x00,0x00,0x00,0x00,0x00,
    0x00,0x00,0x00,0x00,0x00,0x00,0x00,0x00,0x00,0x00,0x00,0x00,0x00,0x00,0x00,0x00,
    0x00,0x00,0x00,0x00,0x00,0x00,0x00,0x00,0x00,0x00,0x00,0x00,0x00,0x00,0x00,0x00,
    0x00,0x00,0x00,0x00,0x00,0x00,0x00,0x00,0x00,0x00,0x00,0x00,0x00,0x00,0x00,0x00,
    0x00,0x00,0x00,0x00,0x00,0x00,0x00,0x00,0x00,0x00,0x00,0x00,0x00,0x00,0x00,0x00,
    0x00,0x00,0x00,0x00,0x00,0x00,0x00,0x00,0x00,0x00,0x00,0x00,0x00,0x00,0x00,0x00,
    0x00,0x00,0x00,0x00,0x00,0x00,0x00,0x00,0x00,0x00,0x00,0x00,0x00,0x00,0x00,0x00,
    0x00,0x00,0x00,0x00,0x00,0x00,0x00,0x00,0x00,0x00,0x00,0x00,0x00,0x00,0x00,0x00,
    0x00,0x00,0x00,0x00,0x00,0x00,0x00,0x00,0x00,0x00,0x00,0x00,0x00,0x00,0x00,0x00,
    0x00,0x00,0x00,0x00,0x00,0x00,0x00,0x00,0x00,0x00,0x00,0x00,0x00,0x00,0x00,0x00,
    0x00,0x00,0x00,0x00,0x00,0x00,0x00,0x00,0x00,0x00,0x00,0x00,0x00,0x00,0x00,0x00,
    0x00,0x00,0x00,0x00,0x00,0x00,0x00,0x00,0x00,0x00,0x00,0x00,0x00,0x00,0x00,0x00,
    0x00,0x00,0x00,0x00,0x00,0x00,0x00,0x00,0x00,0x00,0x00,0x00,0x00,0x00,0x00,0x00,
    0x00,0x00,0x00,0x00,0x00,0x00,0x00,0x00,0x00,0x00,0x00,0x00,0x00,0x00,0x00,0x00,
    0x00,0x00,0x00,0x00,0x00,0x00,0x00,0x00,0x00,0x00,0x00,0x00,0x00,0x00,0x00,0x00,
    0x00,0x00,0x00,0x00,0x00,0x00,0x00,0x00,0x00,0x00,0x00,0x00,0x00,0x00,0x00,0x00,
    0x00,0x00,0x00,0x00,0x00,0x00,0x00,0x00,0x00,0x00,0x00,0x00,0x00,0x00,0x00,0x00,
    0x00,0x00,0x00,0x00,0x00,0x00,0x00,0x00,0x00,0x00,0x00,0x00,0x00,0x00,0x00,0x00,
    0x00,0x00,0x00,0x00,0x00,0x00,0x00,0x00,0x00,0x00,0x00,0x00,0x00,0x00,0x00,0x00,
    0x00,0x00,0x00,0x00,0x00,0x00,0x00,0x00,0x00,0x00,0x00,0x00,0x00,0x00,0x00,0x00,
    0x00,0x00,0x00,0x00,0x00,0x00,0x00,0x00,0x00,0x00,0x00,0x00,0x00,0x00,0x00,0x00,
    0x00,0x00,0x00,0x00,0x00,0x00,0x00,0x00,0x00,0x00,0x00,0x00,0x00,0x00,0x00,0x00,
    0x00,0x00,0x00,0x00,0x00,0x00,0x00,0x00,0x00,0x00,0x00,0x00,0x00,0x00,0x00,0x00,
    0x00,0x00,0x00,0x00,0x00,0x00,0x00,0x00,0x00,0x00,0x00,0x00,0x00,0x00,0x00,0x00,
    0x00,0x00,0x00,0x00,0x00,0x00,0x00,0x00,0x00,0x00,0x00,0x00,0x00,0x00,0x00,0x00,
    0x00,0x00,0x00,0x00,0x00,0x00,0x00,0x00,0x00,0x00,0x00,0x00,0x00,0x00,0x00,0x00,
    0x00,0x00,0x00,0x00,0x00,0x00,0x00,0x00,0x00,0x00,0x00,0x00,0x00,0x00,0x00,0x00,
    0x00,0x00,0x00,0x00,0x00,0x00,0x00,0x00,0x00,0x00,0x00,0x00,0x00,0x00,0x00,0x00,
    0x00,0x00,0x00,0x00,0x00,0x00,0x00,0x00,0x00,0x00,0x00,0x00,0x00,0x00,0x00,0x00,
    0x00,0x00,0x00,0x00,0x00,0x00,0x00,0x00,0x00,0x00,0x00,0x00,0x00,0x00,0x00,0x00,
    0x00,0x00,0x00,0x00,0x00,0x00,0x00,0x00,0x00,0x00,0x00,0x00,0x00,0x00,0x00,0x00,
    0x00,0x00,0x00,0x00,0x00,0x00,0x00,0x00,0x00,0x00,0x00,0x00,0x00,0x00,0x00,0x00,
    0x00,0x00,0x00,0x00,0x00,0x00,0x00,0x00,0x00,0x00,0x00,0x00,0x00,0x00,0x00,0x00,
    0x00,0x00,0x00,0x00,0x00,0x00,0x00,0x00,0x00,0x00,0x00,0x00,0x00,0x00,0x00,0x00,
    0x00,0x00,0x00,0x00,0x00,0x00,0x00,0x00,0x00,0x00,0x00,0x00,0x00,0x00,0x00,0x00,
    0x00,0x00,0x00,0x00,0x00,0x00,0x00,0x00,0x00,0x00,0x00,0x00,0x00,0x00,0x00,0x00,
    0x00,0x00,0x00,0x00,0x00,0x00,0x00,0x00,0x00,0x00,0x00,0x00,0x00,0x00,0x00,0x00,
    0x00,0x00,0x00,0x00,0x00,0x00,0x00,0x00,0x00,0x00,0x00,0x00,0x00,0x00,0x00,0x00,
    0x00,0x00,0x00,0x00,0x00,0x00,0x00,0x00,0x00,0x00,0x00,0x00,0x00,0x00,0x00,0x00,
    0x00,0x00,0x00,0x00,0x00,0x00,0x00,0x00,0x00,0x00,0x00,0x00,0x00,0x00,0x00,0x00,
    0x00,0x00,0x00,0x00,0x00,0x00,0x00,0x00,0x00,0x00,0x00,0x00,0x00,0x00,0x00,0x00,
    0x00,0x00,0x00,0x00,0x00,0x00,0x00,0x00,0x00,0x00,0x00,0x00,0x00,0x00,0x00,0x00,
    0x00,0x00,0x00,0x00,0x00,0x00,0x00,0x00,0x00,0x00,0x00,0x00,0x00,0x00,0x00,0x00,
    0x00,0x00,0x00,0x00,0x00,0x00,0x00,0x00,0x00,0x00,0x00,0x00,0x00,0x00,0x00,0x00,
    0x00,0x00,0x00,0x00,0x00,0x00,0x00,0x00,0x00,0x00,0x00,0x00,0x00,0x00,0x00,0x00,
    0x00,0x00,0x00,0x00,0x00,0x00,0x00,0x00,0x00,0x00,0x00,0x00,0x00,0x00,0x00,0x00,
    0x00,0x00,0x00,0x00,0x00,0x00,0x00,0x00,0x00,0x00,0x00,0x00,0x00,0x00,0x00,0x00,
    0x00,0x00,0x00,0x00,0x00,0x00,0x00,0x00,0x00,0x00,0x00,0x00,0x00,0x00,0x00,0x00,
    0x00,0x00,0x00,0x00,0x00,0x00,0x00,0x00,0x00,0x00,0x00,0x00,0x00,0x00,0x00,0x00,
    0x00,0x00,0x00,0x00,0x00,0x00,0x00,0x00,0x00,0x00,0x00,0x00,0x00,0x00,0x00,0x00,
    0x00,0x00,0x00,0x00,0x00,0x00,0x00,0x00,0x00,0x00,0x00,0x00,0x00,0x00,0x00,0x00,
    0x00,0x00,0x00,0x00,0x00,0x00,0x00,0x00,0x00,0x00,0x00,0x00,0x00,0x00,0x00,0x00,
    0x00,0x00,0x00,0x00,0x00,0x00,0x00,0x00,0x00,0x00,0x00,0x00,0x00,0x00,0x00,0x00,
    0x00,0x00,0x00,0x00,0x00,0x00,0x00,0x00,0x00,0x00,0x00,0x00,0x00,0x00,0x00,0x00,
    0x00,0x00,0x00,0x00,0x00,0x00,0x00,0x00,0x00,0x00,0x00,0x00,0x00,0x00,0x00,0x00,
    0x00,0x00,0x00,0x00,0x00,0x00,0x00,0x00,0x00,0x00,0x00,0x00,0x00,0x00,0x00,0x00,
    0x00,0x00,0x00,0x00,0x00,0x00,0x00,0x00,0x00,0x00,0x00,0x00,0x00,0x00,0x00,0x00,
    0x00,0x00,0x00,0x00,0x00,0x00,0x00,0x00,0x00,0x00,0x00,0x00,0x00,0x00,0x00,0x00,
    0x00,0x00,0x00,0x00,0x00,0x00,0x00,0x00,0x00,0x00,0x00,0x00,0x00,0x00,0x00,0x00,
    0x00,0x00,0x00,0x00,0x00,0x00,0x00,0x00,0x00,0x00,0x00,0x00,0x00,0x00,0x00,0x00,
    0x00,0x00,0x00,0x00,0x00,0x00,0x00,0x00,0x00,0x00,0x00,0x00,0x00,0x00,0x00,0x00,
    0x00,0x00,0x00,0x00,0x00,0x00,0x00,0x00,0x00,0x00,0x00,0x00,0x00,0x00,0x00,0x00,
    0x00,0x00,0x00,0x00,0x00,0x00,0x00,0x00,0x00,0x00,0x00,0x00,0x00,0x00,0x00,0x00,
    0x00,0x00,0x00,0x00,0x00,0x00,0x00,0x00,0x00,0x00,0x00,0x00,0x00,0x00,0x00,0x00,
    0x00,0x00,0x00,0x00,0x00,0x00,0x00,0x00,0x00,0x00,0x00,0x00,0x00,0x00,0x00,0x00,
    0x00,0x00,0x00,0x00,0x00,0x00,0x00,0x00,0x00,0x00,0x00,0x00,0x00,0x00,0x00,0x00,
    0x00,0x00,0x00,0x00,0x00,0x00,0x00,0x00,0x00,0x00,0x00,0x00,0x00,0x00,0x00,0x00,
    0x00,0x00,0x00,0x00,0x00,0x00,0x00,0x00,0x00,0x00,0x00,0x00,0x00,0x00,0x00,0x00,
    0x00,0x00,0x00,0x00,0x00,0x00,0x00,0x00,0x00,0x00,0x00,0x00,0x00,0x00,0x00,0x00,
    0x00,0x00,0x00,0x00,0x00,0x00,0x00,0x00,0x00,0x00,0x00,0x00,0x00,0x00,0x00,0x00,
    0x00,0x00,0x00,0x00,0x00,0x00,0x00,0x00,0x00,0x00,0x00,0x00,0x00,0x00,0x00,0x00,
    0x00,0x00,0x00,0x00,0x00,0x00,0x00,0x00,0x00,0x00,0x00,0x00,0x00,0x00,0x00,0x00,
    0x00,0x00,0x00,0x00,0x00,0x00,0x00,0x00,0x00,0x00,0x00,0x00,0x00,0x00,0x00,0x00,
    0x00,0x00,0x00,0x00,0x00,0x00,0x00,0x00,0x00,0x00,0x00,0x00,0x00,0x00,0x00,0x00,
    0x00,0x00,0x00,0x00,0x00,0x00,0x00,0x00,0x00,0x00,0x00,0x00,0x00,0x00,0x00,0x00,
    0x00,0x00,0x00,0x00,0x00,0x00,0x00,0x00,0x00,0x00,0x00,0x00,0x00,0x00,0x00,0x00,
    0x00,0x00,0x00,0x00,0x00,0x00,0x00,0x00,0x00,0x00,0x00,0x00,0x00,0x00,0x00,0x00,
    0x00,0x00,0x00,0x00,0x00,0x00,0x00,0x00,0x00,0x00,0x00,0x00,0x00,0x00,0x00,0x00,
    0x00,0x00,0x00,0x00,0x00,0x00,0x00,0x00,0x00,0x00,0x00,0x00,0x00,0x00,0x00,0x00,
    0x00,0x00,0x00,0x00,0x00,0x00,0x00,0x00,0x00,0x00,0x00,0x00,0x00,0x00,0x00,0x00,
    0x00,0x00,0x00,0x00,0x00,0x00,0x00,0x00,0x00,0x00,0x00,0x00,0x00,0x00,0x00,0x00,
    0x00,0x00,0x00,0x00,0x00,0x00,0x00,0x00,0x00,0x00,0x00,0x00,0x00,0x00,0x00,0x00,
    0x00,0x00,0x00,0x00,0x00,0x00,0x00,0x00,0x00,0x00,0x00,0x00,0x00,0x00,0x00,0x00,
    0x00,0x00,0x00,0x00,0x00,0x00,0x00,0x00,0x00,0x00,0x00,0x00,0x00,0x00,0x00,0x00,
    0x00,0x00,0x00,0x00,0x00,0x00,0x00,0x00,0x00,0x00,0x00,0x00,0x00,0x00,0x00,0x00,
    0x00,0x00,0x00,0x00,0x00,0x00,0x00,0x00,0x00,0x00,0x00,0x00,0x00,0x00,0x00,0x00,
    0x00,0x00,0x00,0x00,0x00,0x00,0x00,0x00,0x00,0x00,0x00,0x00,0x00,0x00,0x00,0x00,
    0x00,0x00,0x00,0x00,0x00,0x00,0x00,0x00,0x00,0x00,0x00,0x00,0x00,0x00,0x00,0x00,
    0x00,0x00,0x00,0x00,0x00,0x00,0x00,0x00,0x00,0x00,0x00,0x00,0x00,0x00,0x00,0x00,
    0x00,0x00,0x00,0x00,0x00,0x00,0x00,0x00,0x00,0x00,0x00,0x00,0x00,0x00,0x00,0x00,
    0x00,0x00,0x00,0x00,0x00,0x00,0x00,0x00,0x00,0x00,0x00,0x00,0x00,0x00,0x00,0x00,
    0x00,0x00,0x00,0x00,0x00,0x00,0x00,0x00,0x00,0x00,0x00,0x00,0x00,0x00,0x00,0x00,
    0x00,0x00,0x00,0x00,0x00,0x00,0x00,0x00,0x00,0x00,0x00,0x00,0x00,0x00,0x00,0x00,
    0x00,0x00,0x00,0x00,0x00,0x00,0x00,0x00,0x00,0x00,0x00,0x00,0x00,0x00,0x00,0x00,
    0x00,0x00,0x00,0x00,0x00,0x00,0x00,0x00,0x00,0x00,0x00,0x00,0x00,0x00,0x00,0x00,
    0x00,0x00,0x00,0x00,0x00,0x00,0x00,0x00,0x00,0x00,0x00,0x00,0x00,0x00,0x00,0x00,
    0x00,0x00,0x00,0x00,0x00,0x00,0x00,0x00,0x00,0x00,0x00,0x00,0x00,0x00,0x00,0x00,
    0x00,0x00,0x00,0x00,0x00,0x00,0x00,0x00,0x00,0x00,0x00,0x00,0x00,0x00,0x00,0x00,
    0x00,0x00,0x00,0x00,0x00,0x00,0x00,0x00,0x00,0x00,0x00,0x00,0x00,0x00,0x00,0x00,
    0x00,0x00,0x00,0x00,0x00,0x00,0x00,0x00,0x00,0x00,0x00,0x00,0x00,0x00,0x00,0x00,
    0x00,0x00,0x00,0x00,0x00,0x00,0x00,0x00,0x00,0x00,0x00,0x00,0x00,0x00,0x00,0x00,
    0x00,0x00,0x00,0x00,0x00,0x00,0x00,0x00,0x00,0x00,0x00,0x00,0x00,0x00,0x00,0x00,
    0x00,0x00,0x00,0x00,0x00,0x00,0x00,0x00,0x00,0x00,0x00,0x00,0x00,0x00,0x00,0x00,
    0x00,0x00,0x00,0x00,0x00,0x00,0x00,0x00,0x00,0x00,0x00,0x00,0x00,0x00,0x00,0x00,
    0x00,0x00,0x00,0x00,0x00,0x00,0x00,0x00,0x00,0x00,0x00,0x00,0x00,0x00,0x00,0x00,
    0x00,0x00,0x00,0x00,0x00,0x00,0x00,0x00,0x00,0x00,0x00,0x00,0x00,0x00,0x00,0x00,
    0x00,0x00,0x00,0x00,0x00,0x00,0x00,0x00,0x00,0x00,0x00,0x00,0x00,0x00,0x00,0x00,
    0x00,0x00,0x00,0x00,0x00,0x00,0x00,0x00,0x00,0x00,0x00,0x00,0x00,0x00,0x00,0x00,
    0x00,0x00,0x00,0x00,0x00,0x00,0x00,0x00,0x00,0x00,0x00,0x00,0x00,0x00,0x00,0x00,
    0x00,0x00,0x00,0x00,0x00,0x00,0x00,0x00,0x00,0x00,0x00,0x00,0x00,0x00,0x00,0x00,
    0x00,0x00,0x00,0x00,0x00,0x00,0x00,0x00,0x00,0x00,0x00,0x00,0x00,0x00,0x00,0x00,
    0x00,0x00,0x00,0x00,0x00,0x00,0x00,0x00,0x00,0x00,0x00,0x00,0x00,0x00,0x00,0x00,
    0x00,0x00,0x00,0x00,0x00,0x00,0x00,0x00,0x00,0x00,0x00,0x00,0x00,0x00,0x00,0x00,
    0x00,0x00,0x00,0x00,0x00,0x00,0x00,0x00,0x00,0x00,0x00,0x00,0x00,0x00,0x00,0x00,
    0x00,0x00,0x00,0x00,0x00,0x00,0x00,0x00,0x00,0x00,0x00,0x00,0x00,0x00,0x00,0x00,
    0x00,0x00,0x00,0x00,0x00,0x00,0x00,0x00,0x00,0x00,0x00,0x00,0x00,0x00,0x00,0x00,
    0x00,0x00,0x00,0x00,0x00,0x00,0x00,0x00,0x00,0x00,0x00,0x00,0x00,0x00,0x00,0x00,
    0x00,0x00,0x00,0x00,0x00,0x00,0x00,0x00,0x00,0x00,0x00,0x00,0x00,0x00,0x00,0x00,
    0x00,0x00,0x00,0x00,0x00,0x00,0x00,0x00,0x00,0x00,0x00,0x00,0x00,0x00,0x00,0x00,
    0x00,0x00,0x00,0x00,0x00,0x00,0x00,0x00,0x00,0x00,0x00,0x00,0x00,0x00,0x00,0x00,
    0x00,0x00,0x00,0x00,0x00,0x00,0x00,0x00,0x00,0x00,0x00,0x00,0x00,0x00,0x00,0x00,
    0x00,0x00,0x00,0x00,0x00,0x00,0x00,0x00,0x00,0x00,0x00,0x00,0x00,0x00,0x00,0x00,
    0x00,0x00,0x00,0x00,0x00,0x00,0x00,0x00,0x00,0x00,0x00,0x00,0x00,0x00,0x00,0x00,
    0x00,0x00,0x00,0x00,0x00,0x00,0x00,0x00,0x00,0x00,0x00,0x00,0x00,0x00,0x00,0x00,
    0x00,0x00,0x00,0x00,0x00,0x00,0x00,0x00,0x00,0x00,0x00,0x00,0x00,0x00,0x00,0x00,
    0x00,0x00,0x00,0x00,0x00,0x00,0x00,0x00,0x00,0x00,0x00,0x00,0x00,0x00,0x00,0x00,
    0x00,0x00,0x00,0x00,0x00,0x00,0x00,0x00,0x00,0x00,0x00,0x00,0x00,0x00,0x00,0x00,
    0x00,0x00,0x00,0x00,0x00,0x00,0x00,0x00,0x00,0x00,0x00,0x00,0x00,0x00,0x00,0x00,
    0x00,0x00,0x00,0x00,0x00,0x00,0x00,0x00,0x00,0x00,0x00,0x00,0x00,0x00,0x00,0x00,
    0x00,0x00,0x00,0x00,0x00,0x00,0x00,0x00,0x00,0x00,0x00,0x00,0x00,0x00,0x00,0x00,
    0x00,0x00,0x00,0x00,0x00,0x00,0x00,0x00,0x00,0x00,0x00,0x00,0x00,0x00,0x00,0x00,
    0x00,0x00,0x00,0x00,0x00,0x00,0x00,0x00,0x00,0x00,0x00,0x00,0x00,0x00,0x00,0x00,
    0x00,0x00,0x00,0x00,0x00,0x00,0x00,0x00,0x00,0x00,0x00,0x00,0x00,0x00,0x00,0x00,
    0x00,0x00,0x00,0x00,0x00,0x00,0x00,0x00,0x00,0x00,0x00,0x00,0x00,0x00,0x00,0x00,
    0x00,0x00,0x00,0x00,0x00,0x00,0x00,0x00,0x00,0x00,0x00,0x00,0x00,0x00,0x00,0x00,
    0x00,0x00,0x00,0x00,0x00,0x00,0x00,0x00,0x00,0x00,0x00,0x00,0x00,0x00,0x00,0x00,
    0x00,0x00,0x00,0x00,0x00,0x00,0x00,0x00,0x00,0x00,0x00,0x00,0x00,0x00,0x00,0x00,
    0x00,0x00,0x00,0x00,0x00,0x00,0x00,0x00,0x00,0x00,0x00,0x00,0x00,0x00,0x00,0x00,
    0x00,0x00,0x00,0x00,0x00,0x00,0x00,0x00,0x00,0x00,0x00,0x00,0x00,0x00,0x00,0x00,
    0x00,0x00,0x00,0x00,0x00,0x00,0x00,0x00,0x00,0x00,0x00,0x00,0x00,0x00,0x00,0x00,
    0x00,0x00,0x00,0x00,0x00,0x00,0x00,0x00,0x00,0x00,0x00,0x00,0x00,0x00,0x00,0x00,
    0x00,0x00,0x00,0x00,0x00,0x00,0x00,0x00,0x00,0x00,0x00,0x00,0x00,0x00,0x00,0x00,
    0x00,0x00,0x00,0x00,0x00,0x00,0x00,0x00,0x00,0x00,0x00,0x00,0x00,0x00,0x00,0x00,
    0x00,0x00,0x00,0x00,0x00,0x00,0x00,0x00,0x00,0x00,0x00,0x00,0x00,0x00,0x00,0x00,
    0x00,0x00,0x00,0x00,0x00,0x00,0x00,0x00,0x00,0x00,0x00,0x00,0x00,0x00,0x00,0x00,
    0x00,0x00,0x00,0x00,0x00,0x00,0x00,0x00,0x00,0x00,0x00,0x00,0x00,0x00,0x00,0x00,
    0x00,0x00,0x00,0x00,0x00,0x00,0x00,0x00,0x00,0x00,0x00,0x00,0x00,0x00,0x00,0x00,
    0x00,0x00,0x00,0x00,0x00,0x00,0x00,0x00,0x00,0x00,0x00,0x00,0x00,0x00,0x00,0x00,
    0x00,0x00,0x00,0x00,0x00,0x00,0x00,0x00,0x00,0x00,0x00,0x00,0x00,0x00,0x00,0x00,
    0x00,0x00,0x00,0x00,0x00,0x00,0x00,0x00,0x00,0x00,0x00,0x00,0x00,0x00,0x00,0x00,
    0x00,0x00,0x00,0x00,0x00,0x00,0x00,0x00,0x00,0x00,0x00,0x00,0x00,0x00,0x00,0x00,
    0x00,0x00,0x00,0x00,0x00,0x00,0x00,0x00,0x00,0x00,0x00,0x00,0x00,0x00,0x00,0x00,
    0x00,0x00,0x00,0x00,0x00,0x00,0x00,0x00,0x00,0x00,0x00,0x00,0x00,0x00,0x00,0x00,
    0x00,0x00,0x00,0x00,0x00,0x00,0x00,0x00,0x00,0x00,0x00,0x00,0x00,0x00,0x00,0x00,
    0x00,0x00,0x00,0x00,0x00,0x00,0x00,0x00,0x00,0x00,0x00,0x00,0x00,0x00,0x00,0x00,
    0x00,0x00,0x00,0x00,0x00,0x00,0x00,0x00,0x00,0x00,0x00,0x00,0x00,0x00,0x00,0x00,
    0x00,0x00,0x00,0x00,0x00,0x00,0x00,0x00,0x00,0x00,0x00,0x00,0x00,0x00,0x00,0x00,
    0x00,0x00,0x00,0x00,0x00,0x00,0x00,0x00,0x00,0x00,0x00,0x00,0x00,0x00,0x00,0x00,
    0x00,0x00,0x00,0x00,0x00,0x00,0x00,0x00,0x00,0x00,0x00,0x00,0x00,0x00,0x00,0x00,
    0x00,0x00,0x00,0x00,0x00,0x00,0x00,0x00,0x00,0x00,0x00,0x00,0x00,0x00,0x00,0x00,
    0x00,0x00,0x00,0x00,0x00,0x00,0x00,0x00,0x00,0x00,0x00,0x00,0x00,0x00,0x00,0x00,
    0x00,0x00,0x00,0x00,0x00,0x00,0x00,0x00,0x00,0x00,0x00,0x00,0x00,0x00,0x00,0x00,
    0x00,0x00,0x00,0x00,0x00,0x00,0x00,0x00,0x00,0x00,0x00,0x00,0x00,0x00,0x00,0x00,
    0x00,0x00,0x00,0x00,0x00,0x00,0x00,0x00,0x00,0x00,0x00,0x00,0x00,0x00,0x00,0x00,
    0x00,0x00,0x00,0x00,0x00,0x00,0x00,0x00,0x00,0x00,0x00,0x00,0x00,0x00,0x00,0x00,
    0x00,0x00,0x00,0x00,0x00,0x00,0x00,0x00,0x00,0x00,0x00,0x00,0x00,0x00,0x00,0x00,
    0x00,0x00,0x00,0x00,0x00,0x00,0x00,0x00,0x00,0x00,0x00,0x00,0x00,0x00,0x00,0x00,
    0x00,0x00,0x00,0x00,0x00,0x00,0x00,0x00,0x00,0x00,0x00,0x00,0x00,0x00,0x00,0x00,
    0x00,0x00,0x00,0x00,0x00,0x00,0x00,0x00,0x00,0x00,0x00,0x00,0x00,0x00,0x00,0x00,
    0x00,0x00,0x00,0x00,0x00,0x00,0x00,0x00,0x00,0x00,0x00,0x00,0x00,0x00,0x00,0x00,
    0x00,0x00,0x00,0x00,0x00,0x00,0x00,0x00,0x00,0x00,0x00,0x00,0x00,0x00,0x00,0x00,
    0x00,0x00,0x00,0x00,0x00,0x00,0x00,0x00,0x00,0x00,0x00,0x00,0x00,0x00,0x00,0x00,
    0x00,0x00,0x00,0x00,0x00,0x00,0x00,0x00,0x00,0x00,0x00,0x00,0x00,0x00,0x00,0x00,
    0x00,0x00,0x00,0x00,0x00,0x00,0x00,0x00,0x00,0x00,0x00,0x00,0x00,0x00,0x00,0x00,
    0x00,0x00,0x00,0x00,0x00,0x00,0x00,0x00,0x00,0x00,0x00,0x00,0x00,0x00,0x00,0x00,
    0x00,0x00,0x00,0x00,0x00,0x00,0x00,0x00,0x00,0x00,0x00,0x00,0x00,0x00,0x00,0x00,
    0x00,0x00,0x00,0x00,0x00,0x00,0x00,0x00,0x00,0x00,0x00,0x00,0x00,0x00,0x00,0x00,
    0x00,0x00,0x00,0x00,0x00,0x00,0x00,0x00,0x00,0x00,0x00,0x00,0x00,0x00,0x00,0x00,
    0x00,0x00,0x00,0x00,0x00,0x00,0x00,0x00,0x00,0x00,0x00,0x00,0x00,0x00,0x00,0x00,
    0x00,0x00,0x00,0x00,0x00,0x00,0x00,0x00,0x00,0x00,0x00,0x00,0x00,0x00,0x00,0x00,
    0x00,0x00,0x00,0x00,0x00,0x00,0x00,0x00,0x00,0x00,0x00,0x00,0x00,0x00,0x00,0x00,
    0x00,0x00,0x00,0x00,0x00,0x00,0x00,0x00,0x00,0x00,0x00,0x00,0x00,0x00,0x00,0x00,
    0x00,0x00,0x00,0x00,0x00,0x00,0x00,0x00,0x00,0x00,0x00,0x00,0x00,0x00,0x00,0x00,
    0x00,0x00,0x00,0x00,0x00,0x00,0x00,0x00,0x00,0x00,0x00,0x00,0x00,0x00,0x00,0x00,
    0x00,0x00,0x00,0x00,0x00,0x00,0x00,0x00,0x00,0x00,0x00,0x00,0x00,0x00,0x00,0x00,
    0x00,0x00,0x00,0x00,0x00,0x00,0x00,0x00,0x00,0x00,0x00,0x00,0x00,0x00,0x00,0x00,
    0x00,0x00,0x00,0x00,0x00,0x00,0x00,0x00,0x00,0x00,0x00,0x00,0x00,0x00,0x00,0x00,
    0x00,0x00,0x00,0x00,0x00,0x00,0x00,0x00,0x00,0x00,0x00,0x00,0x00,0x00,0x00,0x00,
    0x00,0x00,0x00,0x00,0x00,0x00,0x00,0x00,0x00,0x00,0x00,0x00,0x00,0x00,0x00,0x00,
    0x00,0x00,0x00,0x00,0x00,0x00,0x00,0x00,0x00,0x00,0x00,0x00,0x00,0x00,0x00,0x00,
    0x00,0x00,0x00,0x00,0x00,0x00,0x00,0x00,0x00,0x00,0x00,0x00,0x00,0x00,0x00,0x00,
    0x00,0x00,0x00,0x00,0x00,0x00,0x00,0x00,0x00,0x00,0x00,0x00,0x00,0x00,0x00,0x00,
    0x00,0x00,0x00,0x00,0x00,0x00,0x00,0x00,0x00,0x00,0x00,0x00,0x00,0x00,0x00,0x00,
    0x00,0x00,0x00,0x00,0x00,0x00,0x00,0x00,0x00,0x00,0x00,0x00,0x00,0x00,0x00,0x00,
    0x00,0x00,0x00,0x00,0x00,0x00,0x00,0x00,0x00,0x00,0x00,0x00,0x00,0x00,0x00,0x00,
    0x00,0x00,0x00,0x00,0x00,0x00,0x00,0x00,0x00,0x00,0x00,0x00,0x00,0x00,0x00,0x00,
    0x00,0x00,0x00,0x00,0x00,0x00,0x00,0x00,0x00,0x00,0x00,0x00,0x00,0x00,0x00,0x00,
    0x00,0x00,0x00,0x00,0x00,0x00,0x00,0x00,0x00,0x00,0x00,0x00,0x00,0x00,0x00,0x00,
    0x00,0x00,0x00,0x00,0x00,0x00,0x00,0x00,0x00,0x00,0x00,0x00,0x00,0x00,0x00,0x00,
    0x00,0x00,0x00,0x00,0x00,0x00,0x00,0x00,0x00,0x00,0x00,0x00,0x00,0x00,0x00,0x00,
    0x00,0x00,0x00,0x00,0x00,0x00,0x00,0x00,0x00,0x00,0x00,0x00,0x00,0x00,0x00,0x00,
    0x00,0x00,0x00,0x00,0x00,0x00,0x00,0x00,0x00,0x00,0x00,0x00,0x00,0x00,0x00,0x00,
    0x00,0x00,0x00,0x00,0x00,0x00,0x00,0x00,0x00,0x00,0x00,0x00,0x00,0x00,0x00,0x00,
    0x00,0x00,0x00,0x00,0x00,0x00,0x00,0x00,0x00,0x00,0x00,0x00,0x00,0x00,0x00,0x00,
    0x00,0x00,0x00,0x00,0x00,0x00,0x00,0x00,0x00,0x00,0x00,0x00,0x00,0x00,0x00,0x00,
    0x00,0x00,0x00,0x00,0x00,0x00,0x00,0x00,0x00,0x00,0x00,0x00,0x00,0x00,0x00,0x00,
    0x00,0x00,0x00,0x00,0x00,0x00,0x00,0x00,0x00,0x00,0x00,0x00,0x00,0x00,0x00,0x00,
    0x00,0x00,0x00,0x00,0x00,0x00,0x00,0x00,0x00,0x00,0x00,0x00,0x00,0x00,0x00,0x00,
    0x00,0x00,0x00,0x00,0x00,0x00,0x00,0x00,0x00,0x00,0x00,0x00,0x00,0x00,0x00,0x00,
    0x00,0x00,0x00,0x00,0x00,0x00,0x00,0x00,0x00,0x00,0x00,0x00,0x00,0x00,0x00,0x00,
    0x00,0x00,0x00,0x00,0x00,0x00,0x00,0x00,0x00,0x00,0x00,0x00,0x00,0x00,0x00,0x00,
    0x00,0x00,0x00,0x00,0x00,0x00,0x00,0x00,0x00,0x00,0x00,0x00,0x00,0x00,0x00,0x00,
    0x00,0x00,0x00,0x00,0x00,0x00,0x00,0x00,0x00,0x00,0x00,0x00,0x00,0x00,0x00,0x00,
    0x00,0x00,0x00,0x00,0x00,0x00,0x00,0x00,0x00,0x00,0x00,0x00,0x00,0x00,0x00,0x00,
    0x00,0x00,0x00,0x00,0x00,0x00,0x00,0x00,0x00,0x00,0x00,0x00,0x00,0x00,0x00,0x00,
    0x00,0x00,0x00,0x00,0x00,0x00,0x00,0x00,0x00,0x00,0x00,0x00,0x00,0x00,0x00,0x00,
    0x00,0x00,0x00,0x00,0x00,0x00,0x00,0x00,0x00,0x00,0x00,0x00,0x00,0x00,0x00,0x00,
    0x00,0x00,0x00,0x00,0x00,0x00,0x00,0x00,0x00,0x00,0x00,0x00,0x00,0x00,0x00,0x00,
    0x00,0x00,0x00,0x00,0x00,0x00,0x00,0x00,0x00,0x00,0x00,0x00,0x00,0x00,0x00,0x00,
    0x00,0x00,0x00,0x00,0x00,0x00,0x00,0x00,0x00,0x00,0x00,0x00,0x00,0x00,0x00,0x00,
    0x00,0x00,0x00,0x00,0x00,0x00,0x00,0x00,0x00,0x00,0x00,0x00,0x00,0x00,0x00,0x00,
    0x00,0x00,0x00,0x00,0x00,0x00,0x00,0x00,0x00,0x00,0x00,0x00,0x00,0x00,0x00,0x00,
    0x00,0x00,0x00,0x00,0x00,0x00,0x00,0x00,0x00,0x00,0x00,0x00,0x00,0x00,0x00,0x00,
    0x00,0x00,0x00,0x00,0x00,0x00,0x00,0x00,0x00,0x00,0x00,0x00,0x00,0x00,0x00,0x00,
    0x00,0x00,0x00,0x00,0x00,0x00,0x00,0x00,0x00,0x00,0x00,0x00,0x00,0x00,0x00,0x00,
    0x00,0x00,0x00,0x00,0x00,0x00,0x00,0x00,0x00,0x00,0x00,0x00,0x00,0x00,0x00,0x00,
    0x00,0x00,0x00,0x00,0x00,0x00,0x00,0x00,0x00,0x00,0x00,0x00,0x00,0x00,0x00,0x00,
    0x00,0x00,0x00,0x00,0x00,0x00,0x00,0x00,0x00,0x00,0x00,0x00,0x00,0x00,0x00,0x00,
    0x00,0x00,0x00,0x00,0x00,0x00,0x00,0x00,0x00,0x00,0x00,0x00,0x00,0x00,0x00,0x00,
    0x00,0x00,0x00,0x00,0x00,0x00,0x00,0x00,0x00,0x00,0x00,0x00,0x00,0x00,0x00,0x00,
    0x00,0x00,0x00,0x00,0x00,0x00,0x00,0x00,0x00,0x00,0x00,0x00,0x00,0x00,0x00,0x00,
    0x00,0x00,0x00,0x00,0x00,0x00,0x00,0x00,0x00,0x00,0x00,0x00,0x00,0x00,0x00,0x00,
    0x00,0x00,0x00,0x00,0x00,0x00,0x00,0x00,0x00,0x00,0x00,0x00,0x00,0x00,0x00,0x00,
    0x00,0x00,0x00,0x00,0x00,0x00,0x00,0x00,0x00,0x00,0x00,0x00,0x00,0x00,0x00,0x00,
    0x00,0x00,0x00,0x00,0x00,0x00,0x00,0x00,0x00,0x00,0x00,0x00,0x00,0x00,0x00,0x00,
    0x00,0x00,0x00,0x00,0x00,0x00,0x00,0x00,0x00,0x00,0x00,0x00,0x00,0x00,0x00,0x00,
    0x00,0x00,0x00,0x00,0x00,0x00,0x00,0x00,0x00,0x00,0x00,0x00,0x00,0x00,0x00,0x00,
    0x00,0x00,0x00,0x00,0x00,0x00,0x00,0x00,0x00,0x00,0x00,0x00,0x00,0x00,0x00,0x00,
    0x00,0x00,0x00,0x00,0x00,0x00,0x00,0x00,0x00,0x00,0x00,0x00,0x00,0x00,0x00,0x00,
    0x00,0x00,0x00,0x00,0x00,0x00,0x00,0x00,0x00,0x00,0x00,0x00,0x00,0x00,0x00,0x00,
    0x00,0x00,0x00,0x00,0x00,0x00,0x00,0x00,0x00,0x00,0x00,0x00,0x00,0x00,0x00,0x00,
    0x00,0x00,0x00,0x00,0x00,0x00,0x00,0x00,0x00,0x00,0x00,0x00,0x00,0x00,0x00,0x00,
    0x00,0x00,0x00,0x00,0x00,0x00,0x00,0x00,0x00,0x00,0x00,0x00,0x00,0x00,0x00,0x00,
    0x00,0x00,0x00,0x00,0x00,0x00,0x00,0x00,0x00,0x00,0x00,0x00,0x00,0x00,0x00,0x00,
    0x00,0x00,0x00,0x00,0x00,0x00,0x00,0x00,0x00,0x00,0x00,0x00,0x00,0x00,0x00,0x00,
    0x00,0x00,0x00,0x00,0x00,0x00,0x00,0x00,0x00,0x00,0x00,0x00,0x00,0x00,0x00,0x00,
    0x00,0x00,0x00,0x00,0x00,0x00,0x00,0x00,0x00,0x00,0x00,0x00,0x00,0x00,0x00,0x00,
    0x00,0x00,0x00,0x00,0x00,0x00,0x00,0x00,0x00,0x00,0x00,0x00,0x00,0x00,0x00,0x00,
    0x00,0x00,0x00,0x00,0x00,0x00,0x00,0x00,0x00,0x00,0x00,0x00,0x00,0x00,0x00,0x00,
    0x00,0x00,0x00,0x00,0x00,0x00,0x00,0x00,0x00,0x00,0x00,0x00,0x00,0x00,0x00,0x00,
    0x00,0x00,0x00,0x00,0x00,0x00,0x00,0x00,0x00,0x00,0x00,0x00,0x00,0x00,0x00,0x00,
    0x00,0x00,0x00,0x00,0x00,0x00,0x00,0x00,0x00,0x00,0x00,0x00,0x00,0x00,0x00,0x00,
    0x00,0x00,0x00,0x00,0x00,0x00,0x00,0x00,0x00,0x00,0x00,0x00,0x00,0x00,0x00,0x00,
    0x00,0x00,0x00,0x00,0x00,0x00,0x00,0x00,0x00,0x00,0x00,0x00,0x00,0x00,0x00,0x00,
    0x00,0x00,0x00,0x00,0x00,0x00,0x00,0x00,0x00,0x00,0x00,0x00,0x00,0x00,0x00,0x00,
    0x00,0x00,0x00,0x00,0x00,0x00,0x00,0x00,0x00,0x00,0x00,0x00,0x00,0x00,0x00,0x00,
    0x00,0x00,0x00,0x00,0x00,0x00,0x00,0x00,0x00,0x00,0x00,0x00,0x00,0x00,0x00,0x00,
    0x00,0x00,0x00,0x00,0x00,0x00,0x00,0x00,0x00,0x00,0x00,0x00,0x00,0x00,0x00,0x00,
    0x00,0x00,0x00,0x00,0x00,0x00,0x00,0x00,0x00,0x00,0x00,0x00,0x00,0x00,0x00,0x00,
    0x00,0x00,0x00,0x00,0x00,0x00,0x00,0x00,0x00,0x00,0x00,0x00,0x00,0x00,0x00,0x00,
    0x00,0x00,0x00,0x00,0x00,0x00,0x00,0x00,0x00,0x00,0x00,0x00,0x00,0x00,0x00,0x00,
    0x00,0x00,0x00,0x00,0x00,0x00,0x00,0x00,0x00,0x00,0x00,0x00,0x00,0x00,0x00,0x00,
    0x00,0x00,0x00,0x00,0x00,0x00,0x00,0x00,0x00,0x00,0x00,0x00,0x00,0x00,0x00,0x00,
    0x00,0x00,0x00,0x00,0x00,0x00,0x00,0x00,0x00,0x00,0x00,0x00,0x00,0x00,0x00,0x00,
    0x00,0x00,0x00,0x00,0x00,0x00,0x00,0x00,0x00,0x00,0x00,0x00,0x00,0x00,0x00,0x00,
    0x00,0x00,0x00,0x00,0x00,0x00,0x00,0x00,0x00,0x00,0x00,0x00,0x00,0x00,0x00,0x00,
    0x00,0x00,0x00,0x00,0x00,0x00,0x00,0x00,0x00,0x00,0x00,0x00,0x00,0x00,0x00,0x00,
    0x00,0x00,0x00,0x00,0x00,0x00,0x00,0x00,0x00,0x00,0x00,0x00,0x00,0x00,0x00,0x00,
    0x00,0x00,0x00,0x00,0x00,0x00,0x00,0x00,0x00,0x00,0x00,0x00,0x00,0x00,0x00,0x00,
    0x00,0x00,0x00,0x00,0x00,0x00,0x00,0x00,0x00,0x00,0x00,0x00,0x00,0x00,0x00,0x00,
    0x00,0x00,0x00,0x00,0x00,0x00,0x00,0x00,0x00,0x00,0x00,0x00,0x00,0x00,0x00,0x00,
    0x00,0x00,0x00,0x00,0x00,0x00,0x00,0x00,0x00,0x00,0x00,0x00,0x00,0x00,0x00,0x00,
    0x00,0x00,0x00,0x00,0x00,0x00,0x00,0x00,0x00,0x00,0x00,0x00,0x00,0x00,0x00,0x00,
    0x00,0x00,0x00,0x00,0x00,0x00,0x00,0x00,0x00,0x00,0x00,0x00,0x00,0x00,0x00,0x00,
    0x00,0x00,0x00,0x00,0x00,0x00,0x00,0x00,0x00,0x00,0x00,0x00,0x00,0x00,0x00,0x00,
    0x00,0x00,0x00,0x00,0x00,0x00,0x00,0x00,0x00,0x00,0x00,0x00,0x00,0x00,0x00,0x00,
    0x00,0x00,0x00,0x00,0x00,0x00,0x00,0x00,0x00,0x00,0x00,0x00,0x00,0x00,0x00,0x00,
    0x00,0x00,0x00,0x00,0x00,0x00,0x00,0x00,0x00,0x00,0x00,0x00,0x00,0x00,0x00,0x00,
    0x00,0x00,0x00,0x00,0x00,0x00,0x00,0x00,0x00,0x00,0x00,0x00,0x00,0x00,0x00,0x00,
    0x00,0x00,0x00,0x00,0x00,0x00,0x00,0x00,0x00,0x00,0x00,0x00,0x00,0x00,0x00,0x00,
    0x00,0x00,0x00,0x00,0x00,0x00,0x00,0x00,0x00,0x00,0x00,0x00,0x00,0x00,0x00,0x00,
    0x00,0x00,0x00,0x00,0x00,0x00,0x00,0x00,0x00,0x00,0x00,0x00,0x00,0x00,0x00,0x00,
    0x00,0x00,0x00,0x00,0x00,0x00,0x00,0x00,0x00,0x00,0x00,0x00,0x00,0x00,0x00,0x00,
    0x00,0x00,0x00,0x00,0x00,0x00,0x00,0x00,0x00,0x00,0x00,0x00,0x00,0x00,0x00,0x00,
    0x00,0x00,0x00,0x00,0x00,0x00,0x00,0x00,0x00,0x00,0x00,0x00,0x00,0x00,0x00,0x00,
    0x00,0x00,0x00,0x00,0x00,0x00,0x00,0x00,0x00,0x00,0x00,0x00,0x00,0x00,0x00,0x00,
    0x00,0x00,0x00,0x00,0x00,0x00,0x00,0x00,0x00,0x00,0x00,0x00,0x00,0x00,0x00,0x00,
    0x00,0x00,0x00,0x00,0x00,0x00,0x00,0x00,0x00,0x00,0x00,0x00,0x00,0x00,0x00,0x00,
    0x00,0x00,0x00,0x00,0x00,0x00,0x00,0x00,0x00,0x00,0x00,0x00,0x00,0x00,0x00,0x00,
    0x00,0x00,0x00,0x00,0x00,0x00,0x00,0x00,0x00,0x00,0x00,0x00,0x00,0x00,0x00,0x00,
    0x00,0x00,0x00,0x00,0x00,0x00,0x00,0x00,0x00,0x00,0x00,0x00,0x00,0x00,0x00,0x00,
    0x00,0x00,0x00,0x00,0x00,0x00,0x00,0x00,0x00,0x00,0x00,0x00,0x00,0x00,0x00,0x00,
    0x00,0x00,0x00,0x00,0x00,0x00,0x00,0x00,0x00,0x00,0x00,0x00,0x00,0x00,0x00,0x00,
    0x00,0x00,0x00,0x00,0x00,0x00,0x00,0x00,0x00,0x00,0x00,0x00,0x00,0x00,0x00,0x00,
    0x00,0x00,0x00,0x00,0x00,0x00,0x00,0x00,0x00,0x00,0x00,0x00,0x00,0x00,0x00,0x00,
    0x00,0x00,0x00,0x00,0x00,0x00,0x00,0x00,0x00,0x00,0x00,0x00,0x00,0x00,0x00,0x00,
    0x00,0x00,0x00,0x00,0x00,0x00,0x00,0x00,0x00,0x00,0x00,0x00,0x00,0x00,0x00,0x00,
    0x00,0x00,0x00,0x00,0x00,0x00,0x00,0x00,0x00,0x00,0x00,0x00,0x00,0x00,0x00,0x00,
    0x00,0x00,0x00,0x00,0x00,0x00,0x00,0x00,0x00,0x00,0x00,0x00,0x00,0x00,0x00,0x00,
    0x00,0x00,0x00,0x00,0x00,0x00,0x00,0x00,0x00,0x00,0x00,0x00,0x00,0x00,0x00,0x00,
    0x00,0x00,0x00,0x00,0x00,0x00,0x00,0x00,0x00,0x00,0x00,0x00,0x00,0x00,0x00,0x00,
    0x00,0x00,0x00,0x00,0x00,0x00,0x00,0x00,0x00,0x00,0x00,0x00,0x00,0x00,0x00,0x00,
    0x00,0x00,0x00,0x00,0x00,0x00,0x00,0x00,0x00,0x00,0x00,0x00,0x00,0x00,0x00,0x00,
    0x00,0x00,0x00,0x00,0x00,0x00,0x00,0x00,0x00,0x00,0x00,0x00,0x00,0x00,0x00,0x00,
    0x00,0x00,0x00,0x00,0x00,0x00,0x00,0x00,0x00,0x00,0x00,0x00,0x00,0x00,0x00,0x00,
    0x00,0x00,0x00,0x00,0x00,0x00,0x00,0x00,0x00,0x00,0x00,0x00,0x00,0x00,0x00,0x00,
    0x00,0x00,0x00,0x00,0x00,0x00,0x00,0x00,0x00,0x00,0x00,0x00,0x00,0x00,0x00,0x00,
    0x00,0x00,0x00,0x00,0x00,0x00,0x00,0x00,0x00,0x00,0x00,0x00,0x00,0x00,0x00,0x00,
    0x00,0x00,0x00,0x00,0x00,0x00,0x00,0x00,0x00,0x00,0x00,0x00,0x00,0x00,0x00,0x00,
    0x00,0x00,0x00,0x00,0x00,0x00,0x00,0x00,0x00,0x00,0x00,0x00,0x00,0x00,0x00,0x00,
    0x00,0x00,0x00,0x00,0x00,0x00,0x00,0x00,0x00,0x00,0x00,0x00,0x00,0x00,0x00,0x00,
    0x00,0x00,0x00,0x00,0x00,0x00,0x00,0x00,0x00,0x00,0x00,0x00,0x00,0x00,0x00,0x00,
    0x00,0x00,0x00,0x00,0x00,0x00,0x00,0x00,0x00,0x00,0x00,0x00,0x00,0x00,0x00,0x00,
    0x00,0x00,0x00,0x00,0x00,0x00,0x00,0x00,0x00,0x00,0x00,0x00,0x00,0x00,0x00,0x00,
    0x00,0x00,0x00,0x00,0x00,0x00,0x00,0x00,0x00,0x00,0x00,0x00,0x00,0x00,0x00,0x00,
    0x00,0x00,0x00,0x00,0x00,0x00,0x00,0x00,0x00,0x00,0x00,0x00,0x00,0x00,0x00,0x00,
    0x00,0x00,0x00,0x00,0x00,0x00,0x00,0x00,0x00,0x00,0x00,0x00,0x00,0x00,0x00,0x00,
    0x00,0x00,0x00,0x00,0x00,0x00,0x00,0x00,0x00,0x00,0x00,0x00,0x00,0x00,0x00,0x00,
    0x00,0x00,0x00,0x00,0x00,0x00,0x00,0x00,0x00,0x00,0x00,0x00,0x00,0x00,0x00,0x00,
    0x00,0x00,0x00,0x00,0x00,0x00,0x00,0x00,0x00,0x00,0x00,0x00,0x00,0x00,0x00,0x00,
    0x00,0x00,0x00,0x00,0x00,0x00,0x00,0x00,0x00,0x00,0x00,0x00,0x00,0x00,0x00,0x00,
    0x00,0x00,0x00,0x00,0x00,0x00,0x00,0x00,0x00,0x00,0x00,0x00,0x00,0x00,0x00,0x00,
    0x00,0x00,0x00,0x00,0x00,0x00,0x00,0x00,0x00,0x00,0x00,0x00,0x00,0x00,0x00,0x00,
    0x00,0x00,0x00,0x00,0x00,0x00,0x00,0x00,0x00,0x00,0x00,0x00,0x00,0x00,0x00,0x00,
    0x00,0x00,0x00,0x00,0x00,0x00,0x00,0x00,0x00,0x00,0x00,0x00,0x00,0x00,0x00,0x00,
    0x00,0x00,0x00,0x00,0x00,0x00,0x00,0x00,0x00,0x00,0x00,0x00,0x00,0x00,0x00,0x00,
    0x00,0x00,0x00,0x00,0x00,0x00,0x00,0x00,0x00,0x00,0x00,0x00,0x00,0x00,0x00,0x00,
    0x00,0x00,0x00,0x00,0x00,0x00,0x00,0x00,0x00,0x00,0x00,0x00,0x00,0x00,0x00,0x00,
    0x00,0x00,0x00,0x00,0x00,0x00,0x00,0x00,0x00,0x00,0x00,0x00,0x00,0x00,0x00,0x00,
    0x00,0x00,0x00,0x00,0x00,0x00,0x00,0x00,0x00,0x00,0x00,0x00,0x00,0x00,0x00,0x00,
    0x00,0x00,0x00,0x00,0x00,0x00,0x00,0x00,0x00,0x00,0x00,0x00,0x00,0x00,0x00,0x00,
    0x00,0x00,0x00,0x00,0x00,0x00,0x00,0x00,0x00,0x00,0x00,0x00,0x00,0x00,0x00,0x00,
    0x00,0x00,0x00,0x00,0x00,0x00,0x00,0x00,0x00,0x00,0x00,0x00,0x00,0x00,0x00,0x00,
    0x00,0x00,0x00,0x00,0x00,0x00,0x00,0x00,0x00,0x00,0x00,0x00,0x00,0x00,0x00,0x00,
    0x00,0x00,0x00,0x00,0x00,0x00,0x00,0x00,0x00,0x00,0x00,0x00,0x00,0x00,0x00,0x00,
    0x00,0x00,0x00,0x00,0x00,0x00,0x00,0x00,0x00,0x00,0x00,0x00,0x00,0x00,0x00,0x00,
    0x00,0x00,0x00,0x00,0x00,0x00,0x00,0x00,0x00,0x00,0x00,0x00,0x00,0x00,0x00,0x00,
    0x00,0x00,0x00,0x00,0x00,0x00,0x00,0x00,0x00,0x00,0x00,0x00,0x00,0x00,0x00,0x00,
    0x00,0x00,0x00,0x00,0x00,0x00,0x00,0x00,0x00,0x00,0x00,0x00,0x00,0x00,0x00,0x00,
    0x00,0x00,0x00,0x00,0x00,0x00,0x00,0x00,0x00,0x00,0x00,0x00,0x00,0x00,0x00,0x00,
    0x00,0x00,0x00,0x00,0x00,0x00,0x00,0x00,0x00,0x00,0x00,0x00,0x00,0x00,0x00,0x00,
    0x00,0x00,0x00,0x00,0x00,0x00,0x00,0x00,0x00,0x00,0x00,0x00,0x00,0x00,0x00,0x00,
    0x00,0x00,0x00,0x00,0x00,0x00,0x00,0x00,0x00,0x00,0x00,0x00,0x00,0x00,0x00,0x00,
    0x00,0x00,0x00,0x00,0x00,0x00,0x00,0x00,0x00,0x00,0x00,0x00,0x00,0x00,0x00,0x00,
    0x00,0x00,0x00,0x00,0x00,0x00,0x00,0x00,0x00,0x00,0x00,0x00,0x00,0x00,0x00,0x00,
    0x00,0x00,0x00,0x00,0x00,0x00,0x00,0x00,0x00,0x00,0x00,0x00,0x00,0x00,0x00,0x00,
    0x00,0x00,0x00,0x00,0x00,0x00,0x00,0x00,0x00,0x00,0x00,0x00,0x00,0x00,0x00,0x00,
    0x00,0x00,0x00,0x00,0x00,0x00,0x00,0x00,0x00,0x00,0x00,0x00,0x00,0x00,0x00,0x00,
    0x00,0x00,0x00,0x00,0x00,0x00,0x00,0x00,0x00,0x00,0x00,0x00,0x00,0x00,0x00,0x00,
    0x00,0x00,0x00,0x00,0x00,0x00,0x00,0x00,0x00,0x00,0x00,0x00,0x00,0x00,0x00,0x00,
    0x00,0x00,0x00,0x00,0x00,0x00,0x00,0x00,0x00,0x00,0x00,0x00,0x00,0x00,0x00,0x00,
    0x00,0x00,0x00,0x00,0x00,0x00,0x00,0x00,0x00,0x00,0x00,0x00,0x00,0x00,0x00,0x00,
    0x00,0x00,0x00,0x00,0x00,0x00,0x00,0x00,0x00,0x00,0x00,0x00,0x00,0x00,0x00,0x00,
    0x00,0x00,0x00,0x00,0x00,0x00,0x00,0x00,0x00,0x00,0x00,0x00,0x00,0x00,0x00,0x00,
    0x00,0x00,0x00,0x00,0x00,0x00,0x00,0x00,0x00,0x00,0x00,0x00,0x00,0x00,0x00,0x00,
    0x00,0x00,0x00,0x00,0x00,0x00,0x00,0x00,0x00,0x00,0x00,0x00,0x00,0x00,0x00,0x00,
    0x00,0x00,0x00,0x00,0x00,0x00,0x00,0x00,0x00,0x00,0x00,0x00,0x00,0x00,0x00,0x00,
    0x00,0x00,0x00,0x00,0x00,0x00,0x00,0x00,0x00,0x00,0x00,0x00,0x00,0x00,0x00,0x00,
    0x00,0x00,0x00,0x00,0x00,0x00,0x00,0x00,0x00,0x00,0x00,0x00,0x00,0x00,0x00,0x00,
    0x00,0x00,0x00,0x00,0x00,0x00,0x00,0x00,0x00,0x00,0x00,0x00,0x00,0x00,0x00,0x00,
    0x00,0x00,0x00,0x00,0x00,0x00,0x00,0x00,0x00,0x00,0x00,0x00,0x00,0x00,0x00,0x00,
    0x00,0x00,0x00,0x00,0x00,0x00,0x00,0x00,0x00,0x00,0x00,0x00,0x00,0x00,0x00,0x00,
    0x00,0x00,0x00,0x00,0x00,0x00,0x00,0x00,0x00,0x00,0x00,0x00,0x00,0x00,0x00,0x00,
    0x00,0x00,0x00,0x00,0x00,0x00,0x00,0x00,0x00,0x00,0x00,0x00,0x00,0x00,0x00,0x00,
    0x00,0x00,0x00,0x00,0x00,0x00,0x00,0x00,0x00,0x00,0x00,0x00,0x00,0x00,0x00,0x00,
    0x00,0x00,0x00,0x00,0x00,0x00,0x00,0x00,0x00,0x00,0x00,0x00,0x00,0x00,0x00,0x00,
    0x00,0x00,0x00,0x00,0x00,0x00,0x00,0x00,0x00,0x00,0x00,0x00,0x00,0x00,0x00,0x00,
    0x00,0x00,0x00,0x00,0x00,0x00,0x00,0x00,0x00,0x00,0x00,0x00,0x00,0x00,0x00,0x00,
    0x00,0x00,0x00,0x00,0x00,0x00,0x00,0x00,0x00,0x00,0x00,0x00,0x00,0x00,0x00,0x00,
    0x00,0x00,0x00,0x00,0x00,0x00,0x00,0x00,0x00,0x00,0x00,0x00,0x00,0x00,0x00,0x00,
    0x00,0x00,0x00,0x00,0x00,0x00,0x00,0x00,0x00,0x00,0x00,0x00,0x00,0x00,0x00,0x00,
    0x00,0x00,0x00,0x00,0x00,0x00,0x00,0x00,0x00,0x00,0x00,0x00,0x00,0x00,0x00,0x00,
    0x00,0x00,0x00,0x00,0x00,0x00,0x00,0x00,0x00,0x00,0x00,0x00,0x00,0x00,0x00,0x00,
    0x00,0x00,0x00,0x00,0x00,0x00,0x00,0x00,0x00,0x00,0x00,0x00,0x00,0x00,0x00,0x00,
    0x00,0x00,0x00,0x00,0x00,0x00,0x00,0x00,0x00,0x00,0x00,0x00,0x00,0x00,0x00,0x00,
    0x00,0x00,0x00,0x00,0x00,0x00,0x00,0x00,0x00,0x00,0x00,0x00,0x00,0x00,0x00,0x00,
    0x00,0x00,0x00,0x00,0x00,0x00,0x00,0x00,0x00,0x00,0x00,0x00,0x00,0x00,0x00,0x00,
    0x00,0x00,0x00,0x00,0x00,0x00,0x00,0x00,0x00,0x00,0x00,0x00,0x00,0x00,0x00,0x00,
    0x00,0x00,0x00,0x00,0x00,0x00,0x00,0x00,0x00,0x00,0x00,0x00,0x00,0x00,0x00,0x00,
    0x00,0x00,0x00,0x00,0x00,0x00,0x00,0x00,0x00,0x00,0x00,0x00,0x00,0x00,0x00,0x00,
    0x00,0x00,0x00,0x00,0x00,0x00,0x00,0x00,0x00,0x00,0x00,0x00,0x00,0x00,0x00,0x00,
    0x00,0x00,0x00,0x00,0x00,0x00,0x00,0x00,0x00,0x00,0x00,0x00,0x00,0x00,0x00,0x00,
    0x00,0x00,0x00,0x00,0x00,0x00,0x00,0x00,0x00,0x00,0x00,0x00,0x00,0x00,0x00,0x00,
    0x00,0x00,0x00,0x00,0x00,0x00,0x00,0x00,0x00,0x00,0x00,0x00,0x00,0x00,0x00,0x00,
    0x00,0x00,0x00,0x00,0x00,0x00,0x00,0x00,0x00,0x00,0x00,0x00,0x00,0x00,0x00,0x00,
    0x00,0x00,0x00,0x00,0x00,0x00,0x00,0x00,0x00,0x00,0x00,0x00,0x00,0x00,0x00,0x00,
    0x00,0x00,0x00,0x00,0x00,0x00,0x00,0x00,0x00,0x00,0x00,0x00,0x00,0x00,0x00,0x00,
    0x00,0x00,0x00,0x00,0x00,0x00,0x00,0x00,0x00,0x00,0x00,0x00,0x00,0x00,0x00,0x00,
    0x00,0x00,0x00,0x00,0x00,0x00,0x00,0x00,0x00,0x00,0x00,0x00,0x00,0x00,0x00,0x00,
    0x00,0x00,0x00,0x00,0x00,0x00,0x00,0x00,0x00,0x00,0x00,0x00,0x00,0x00,0x00,0x00,
    0x00,0x00,0x00,0x00,0x00,0x00,0x00,0x00,0x00,0x00,0x00,0x00,0x00,0x00,0x00,0x00,
    0x00,0x00,0x00,0x00,0x00,0x00,0x00,0x00,0x00,0x00,0x00,0x00,0x00,0x00,0x00,0x00,
    0x00,0x00,0x00,0x00,0x00,0x00,0x00,0x00,0x00,0x00,0x00,0x00,0x00,0x00,0x00,0x00,
    0x00,0x00,0x00,0x00,0x00,0x00,0x00,0x00,0x00,0x00,0x00,0x00,0x00,0x00,0x00,0x00,
    0x00,0x00,0x00,0x00,0x00,0x00,0x00,0x00,0x00,0x00,0x00,0x00,0x00,0x00,0x00,0x00,
    0x00,0x00,0x00,0x00,0x00,0x00,0x00,0x00,0x00,0x00,0x00,0x00,0x00,0x00,0x00,0x00,
    0x00,0x00,0x00,0x00,0x00,0x00,0x00,0x00,0x00,0x00,0x00,0x00,0x00,0x00,0x00,0x00,
    0x00,0x00,0x00,0x00,0x00,0x00,0x00,0x00,0x00,0x00,0x00,0x00,0x00,0x00,0x00,0x00,
    0x00,0x00,0x00,0x00,0x00,0x00,0x00,0x00,0x00,0x00,0x00,0x00,0x00,0x00,0x00,0x00,
    0x00,0x00,0x00,0x00,0x00,0x00,0x00,0x00,0x00,0x00,0x00,0x00,0x00,0x00,0x00,0x00,
    0x00,0x00,0x00,0x00,0x00,0x00,0x00,0x00,0x00,0x00,0x00,0x00,0x00,0x00,0x00,0x00,
    0x00,0x00,0x00,0x00,0x00,0x00,0x00,0x00,0x00,0x00,0x00,0x00,0x00,0x00,0x00,0x00,
    0x00,0x00,0x00,0x00,0x00,0x00,0x00,0x00,0x00,0x00,0x00,0x00,0x00,0x00,0x00,0x00,
    0x00,0x00,0x00,0x00,0x00,0x00,0x00,0x00,0x00,0x00,0x00,0x00,0x00,0x00,0x00,0x00,
    0x00,0x00,0x00,0x00,0x00,0x00,0x00,0x00,0x00,0x00,0x00,0x00,0x00,0x00,0x00,0x00,
    0x00,0x00,0x00,0x00,0x00,0x00,0x00,0x00,0x00,0x00,0x00,0x00,0x00,0x00,0x00,0x00,
    0x00,0x00,0x00,0x00,0x00,0x00,0x00,0x00,0x00,0x00,0x00,0x00,0x00,0x00,0x00,0x00,
    0x00,0x00,0x00,0x00,0x00,0x00,0x00,0x00,0x00,0x00,0x00,0x00,0x00,0x00,0x00,0x00,
    0x00,0x00,0x00,0x00,0x00,0x00,0x00,0x00,0x00,0x00,0x00,0x00,0x00,0x00,0x00,0x00,
    0x00,0x00,0x00,0x00,0x00,0x00,0x00,0x00,0x00,0x00,0x00,0x00,0x00,0x00,0x00,0x00,
    0x00,0x00,0x00,0x00,0x00,0x00,0x00,0x00,0x00,0x00,0x00,0x00,0x00,0x00,0x00,0x00,
    0x00,0x00,0x00,0x00,0x00,0x00,0x00,0x00,0x00,0x00,0x00,0x00,0x00,0x00,0x00,0x00,
    0x00,0x00,0x00,0x00,0x00,0x00,0x00,0x00,0x00,0x00,0x00,0x00,0x00,0x00,0x00,0x00,
    0x00,0x00,0x00,0x00,0x00,0x00,0x00,0x00,0x00,0x00,0x00,0x00,0x00,0x00,0x00,0x00,
    0x00,0x00,0x00,0x00,0x00,0x00,0x00,0x00,0x00,0x00,0x00,0x00,0x00,0x00,0x00,0x00,
    0x00,0x00,0x00,0x00,0x00,0x00,0x00,0x00,0x00,0x00,0x00,0x00,0x00,0x00,0x00,0x00,
    0x00,0x00,0x00,0x00,0x00,0x00,0x00,0x00,0x00,0x00,0x00,0x00,0x00,0x00,0x00,0x00,
    0x00,0x00,0x00,0x00,0x00,0x00,0x00,0x00,0x00,0x00,0x00,0x00,0x00,0x00,0x00,0x00,
    0x00,0x00,0x00,0x00,0x00,0x00,0x00,0x00,0x00,0x00,0x00,0x00,0x00,0x00,0x00,0x00,
    0x00,0x00,0x00,0x00,0x00,0x00,0x00,0x00,0x00,0x00,0x00,0x00,0x00,0x00,0x00,0x00,
    0x00,0x00,0x00,0x00,0x00,0x00,0x00,0x00,0x00,0x00,0x00,0x00,0x00,0x00,0x00,0x00,
    0x00,0x00,0x00,0x00,0x00,0x00,0x00,0x00,0x00,0x00,0x00,0x00,0x00,0x00,0x00,0x00,
    0x00,0x00,0x00,0x00,0x00,0x00,0x00,0x00,0x00,0x00,0x00,0x00,0x00,0x00,0x00,0x00,
    0x00,0x00,0x00,0x00,0x00,0x00,0x00,0x00,0x00,0x00,0x00,0x00,0x00,0x00,0x00,0x00,
    0x00,0x00,0x00,0x00,0x00,0x00,0x00,0x00,0x00,0x00,0x00,0x00,0x00,0x00,0x00,0x00,
    0x00,0x00,0x00,0x00,0x00,0x00,0x00,0x00,0x00,0x00,0x00,0x00,0x00,0x00,0x00,0x00,
    0x00,0x00,0x00,0x00,0x00,0x00,0x00,0x00,0x00,0x00,0x00,0x00,0x00,0x00,0x00,0x00,
    0x00,0x00,0x00,0x00,0x00,0x00,0x00,0x00,0x00,0x00,0x00,0x00,0x00,0x00,0x00,0x00,
    0x00,0x00,0x00,0x00,0x00,0x00,0x00,0x00,0x00,0x00,0x00,0x00,0x00,0x00,0x00,0x00,
    0x00,0x00,0x00,0x00,0x00,0x00,0x00,0x00,0x00,0x00,0x00,0x00,0x00,0x00,0x00,0x00,
    0x00,0x00,0x00,0x00,0x00,0x00,0x00,0x00,0x00,0x00,0x00,0x00,0x00,0x00,0x00,0x00,
    0x00,0x00,0x00,0x00,0x00,0x00,0x00,0x00,0x00,0x00,0x00,0x00,0x00,0x00,0x00,0x00,
    0x00,0x00,0x00,0x00,0x00,0x00,0x00,0x00,0x00,0x00,0x00,0x00,0x00,0x00,0x00,0x00,
    0x00,0x00,0x00,0x00,0x00,0x00,0x00,0x00,0x00,0x00,0x00,0x00,0x00,0x00,0x00,0x00,
    0x00,0x00,0x00,0x00,0x00,0x00,0x00,0x00,0x00,0x00,0x00,0x00,0x00,0x00,0x00,0x00,
    0x00,0x00,0x00,0x00,0x00,0x00,0x00,0x00,0x00,0x00,0x00,0x00,0x00,0x00,0x00,0x00,
    0x00,0x00,0x00,0x00,0x00,0x00,0x00,0x00,0x00,0x00,0x00,0x00,0x00,0x00,0x00,0x00,
    0x00,0x00,0x00,0x00,0x00,0x00,0x00,0x00,0x00,0x00,0x00,0x00,0x00,0x00,0x00,0x00,
    0x00,0x00,0x00,0x00,0x00,0x00,0x00,0x00,0x00,0x00,0x00,0x00,0x00,0x00,0x00,0x00,
    0x00,0x00,0x00,0x00,0x00,0x00,0x00,0x00,0x00,0x00,0x00,0x00,0x00,0x00,0x00,0x00,
    0x00,0x00,0x00,0x00,0x00,0x00,0x00,0x00,0x00,0x00,0x00,0x00,0x00,0x00,0x00,0x00,
    0x00,0x00,0x00,0x00,0x00,0x00,0x00,0x00,0x00,0x00,0x00,0x00,0x00,0x00,0x00,0x00,
    0x00,0x00,0x00,0x00,0x00,0x00,0x00,0x00,0x00,0x00,0x00,0x00,0x00,0x00,0x00,0x00,
    0x00,0x00,0x00,0x00,0x00,0x00,0x00,0x00,0x00,0x00,0x00,0x00,0x00,0x00,0x00,0x00,
    0x00,0x00,0x00,0x00,0x00,0x00,0x00,0x00,0x00,0x00,0x00,0x00,0x00,0x00,0x00,0x00,
    0x00,0x00,0x00,0x00,0x00,0x00,0x00,0x00,0x00,0x00,0x00,0x00,0x00,0x00,0x00,0x00,
    0x00,0x00,0x00,0x00,0x00,0x00,0x00,0x00,0x00,0x00,0x00,0x00,0x00,0x00,0x00,0x00,
    0x00,0x00,0x00,0x00,0x00,0x00,0x00,0x00,0x00,0x00,0x00,0x00,0x00,0x00,0x00,0x00,
    0x00,0x00,0x00,0x00,0x00,0x00,0x00,0x00,0x00,0x00,0x00,0x00,0x00,0x00,0x00,0x00,
    0x00,0x00,0x00,0x00,0x00,0x00,0x00,0x00,0x00,0x00,0x00,0x00,0x00,0x00,0x00,0x00,
    0x00,0x00,0x00,0x00,0x00,0x00,0x00,0x00,0x00,0x00,0x00,0x00,0x00,0x00,0x00,0x00,
    0x00,0x00,0x00,0x00,0x00,0x00,0x00,0x00,0x00,0x00,0x00,0x00,0x00,0x00,0x00,0x00,
    0x00,0x00,0x00,0x00,0x00,0x00,0x00,0x00,0x00,0x00,0x00,0x00,0x00,0x00,0x00,0x00,
    0x00,0x00,0x00,0x00,0x00,0x00,0x00,0x00,0x00,0x00,0x00,0x00,0x00,0x00,0x00,0x00,
    0x00,0x00,0x00,0x00,0x00,0x00,0x00,0x00,0x00,0x00,0x00,0x00,0x00,0x00,0x00,0x00,
    0x00,0x00,0x00,0x00,0x00,0x00,0x00,0x00,0x00,0x00,0x00,0x00,0x00,0x00,0x00,0x00,
    0x00,0x00,0x00,0x00,0x00,0x00,0x00,0x00,0x00,0x00,0x00,0x00,0x00,0x00,0x00,0x00,
    0x00,0x00,0x00,0x00,0x00,0x00,0x00,0x00,0x00,0x00,0x00,0x00,0x00,0x00,0x00,0x00,
    0x00,0x00,0x00,0x00,0x00,0x00,0x00,0x00,0x00,0x00,0x00,0x00,0x00,0x00,0x00,0x00,
    0x00,0x00,0x00,0x00,0x00,0x00,0x00,0x00,0x00,0x00,0x00,0x00,0x00,0x00,0x00,0x00,
    0x00,0x00,0x00,0x00,0x00,0x00,0x00,0x00,0x00,0x00,0x00,0x00,0x00,0x00,0x00,0x00,
    0x00,0x00,0x00,0x00,0x00,0x00,0x00,0x00,0x00,0x00,0x00,0x00,0x00,0x00,0x00,0x00,
    0x00,0x00,0x00,0x00,0x00,0x00,0x00,0x00,0x00,0x00,0x00,0x00,0x00,0x00,0x00,0x00,
    0x00,0x00,0x00,0x00,0x00,0x00,0x00,0x00,0x00,0x00,0x00,0x00,0x00,0x00,0x00,0x00,
    0x00,0x00,0x00,0x00,0x00,0x00,0x00,0x00,0x00,0x00,0x00,0x00,0x00,0x00,0x00,0x00,
    0x00,0x00,0x00,0x00,0x00,0x00,0x00,0x00,0x00,0x00,0x00,0x00,0x00,0x00,0x00,0x00,
    0x00,0x00,0x00,0x00,0x00,0x00,0x00,0x00,0x00,0x00,0x00,0x00,0x00,0x00,0x00,0x00,
    0x00,0x00,0x00,0x00,0x00,0x00,0x00,0x00,0x00,0x00,0x00,0x00,0x00,0x00,0x00,0x00,
    0x00,0x00,0x00,0x00,0x00,0x00,0x00,0x00,0x00,0x00,0x00,0x00,0x00,0x00,0x00,0x00,
    0x00,0x00,0x00,0x00,0x00,0x00,0x00,0x00,0x00,0x00,0x00,0x00,0x00,0x00,0x00,0x00,
    0x00,0x00,0x00,0x00,0x00,0x00,0x00,0x00,0x00,0x00,0x00,0x00,0x00,0x00,0x00,0x00,
    0x00,0x00,0x00,0x00,0x00,0x00,0x00,0x00,0x00,0x00,0x00,0x00,0x00,0x00,0x00,0x00,
    0x00,0x00,0x00,0x00,0x00,0x00,0x00,0x00,0x00,0x00,0x00,0x00,0x00,0x00,0x00,0x00,
    0x00,0x00,0x00,0x00,0x00,0x00,0x00,0x00,0x00,0x00,0x00,0x00,0x00,0x00,0x00,0x00,
    0x00,0x00,0x00,0x00,0x00,0x00,0x00,0x00,0x00,0x00,0x00,0x00,0x00,0x00,0x00,0x00,
    0x00,0x00,0x00,0x00,0x00,0x00,0x00,0x00,0x00,0x00,0x00,0x00,0x00,0x00,0x00,0x00,
    0x00,0x00,0x00,0x00,0x00,0x00,0x00,0x00,0x00,0x00,0x00,0x00,0x00,0x00,0x00,0x00,
    0x00,0x00,0x00,0x00,0x00,0x00,0x00,0x00,0x00,0x00,0x00,0x00,0x00,0x00,0x00,0x00,
    0x00,0x00,0x00,0x00,0x00,0x00,0x00,0x00,0x00,0x00,0x00,0x00,0x00,0x00,0x00,0x00,
    0x00,0x00,0x00,0x00,0x00,0x00,0x00,0x00,0x00,0x00,0x00,0x00,0x00,0x00,0x00,0x00,
    0x00,0x00,0x00,0x00,0x00,0x00,0x00,0x00,0x00,0x00,0x00,0x00,0x00,0x00,0x00,0x00,
    0x00,0x00,0x00,0x00,0x00,0x00,0x00,0x00,0x00,0x00,0x00,0x00,0x00,0x00,0x00,0x00,
    0x00,0x00,0x00,0x00,0x00,0x00,0x00,0x00,0x00,0x00,0x00,0x00,0x00,0x00,0x00,0x00,
    0x00,0x00,0x00,0x00,0x00,0x00,0x00,0x00,0x00,0x00,0x00,0x00,0x00,0x00,0x00,0x00,
    0x00,0x00,0x00,0x00,0x00,0x00,0x00,0x00,0x00,0x00,0x00,0x00,0x00,0x00,0x00,0x00,
    0x00,0x00,0x00,0x00,0x00,0x00,0x00,0x00,0x00,0x00,0x00,0x00,0x00,0x00,0x00,0x00,
    0x00,0x00,0x00,0x00,0x00,0x00,0x00,0x00,0x00,0x00,0x00,0x00,0x00,0x00,0x00,0x00,
    0x00,0x00,0x00,0x00,0x00,0x00,0x00,0x00,0x00,0x00,0x00,0x00,0x00,0x00,0x00,0x00,
    0x00,0x00,0x00,0x00,0x00,0x00,0x00,0x00,0x00,0x00,0x00,0x00,0x00,0x00,0x00,0x00,
    0x00,0x00,0x00,0x00,0x00,0x00,0x00,0x00,0x00,0x00,0x00,0x00,0x00,0x00,0x00,0x00,
    0x00,0x00,0x00,0x00,0x00,0x00,0x00,0x00,0x00,0x00,0x00,0x00,0x00,0x00,0x00,0x00,
    0x00,0x00,0x00,0x00,0x00,0x00,0x00,0x00,0x00,0x00,0x00,0x00,0x00,0x00,0x00,0x00,
    0x00,0x00,0x00,0x00,0x00,0x00,0x00,0x00,0x00,0x00,0x00,0x00,0x00,0x00,0x00,0x00,
    0x00,0x00,0x00,0x00,0x00,0x00,0x00,0x00,0x00,0x00,0x00,0x00,0x00,0x00,0x00,0x00,
    0x00,0x00,0x00,0x00,0x00,0x00,0x00,0x00,0x00,0x00,0x00,0x00,0x00,0x00,0x00,0x00,
    0x00,0x00,0x00,0x00,0x00,0x00,0x00,0x00,0x00,0x00,0x00,0x00,0x00,0x00,0x00,0x00,
    0x00,0x00,0x00,0x00,0x00,0x00,0x00,0x00,0x00,0x00,0x00,0x00,0x00,0x00,0x00,0x00,
    0x00,0x00,0x00,0x00,0x00,0x00,0x00,0x00,0x00,0x00,0x00,0x00,0x00,0x00,0x00,0x00,
    0x00,0x00,0x00,0x00,0x00,0x00,0x00,0x00,0x00,0x00,0x00,0x00,0x00,0x00,0x00,0x00,
    0x00,0x00,0x00,0x00,0x00,0x00,0x00,0x00,0x00,0x00,0x00,0x00,0x00,0x00,0x00,0x00,
    0x00,0x00,0x00,0x00,0x00,0x00,0x00,0x00,0x00,0x00,0x00,0x00,0x00,0x00,0x00,0x00,
    0x00,0x00,0x00,0x00,0x00,0x00,0x00,0x00,0x00,0x00,0x00,0x00,0x00,0x00,0x00,0x00,
    0x00,0x00,0x00,0x00,0x00,0x00,0x00,0x00,0x00,0x00,0x00,0x00,0x00,0x00,0x00,0x00,
    0x00,0x00,0x00,0x00,0x00,0x00,0x00,0x00,0x00,0x00,0x00,0x00,0x00,0x00,0x00,0x00,
    0x00,0x00,0x00,0x00,0x00,0x00,0x00,0x00,0x00,0x00,0x00,0x00,0x00,0x00,0x00,0x00,
    0x00,0x00,0x00,0x00,0x00,0x00,0x00,0x00,0x00,0x00,0x00,0x00,0x00,0x00,0x00,0x00,
    0x00,0x00,0x00,0x00,0x00,0x00,0x00,0x00,0x00,0x00,0x00,0x00,0x00,0x00,0x00,0x00,
    0x00,0x00,0x00,0x00,0x00,0x00,0x00,0x00,0x00,0x00,0x00,0x00,0x00,0x00,0x00,0x00,
    0x00,0x00,0x00,0x00,0x00,0x00,0x00,0x00,0x00,0x00,0x00,0x00,0x00,0x00,0x00,0x00,
    0x00,0x00,0x00,0x00,0x00,0x00,0x00,0x00,0x00,0x00,0x00,0x00,0x00,0x00,0x00,0x00,
    0x00,0x00,0x00,0x00,0x00,0x00,0x00,0x00,0x00,0x00,0x00,0x00,0x00,0x00,0x00,0x00,
    0x00,0x00,0x00,0x00,0x00,0x00,0x00,0x00,0x00,0x00,0x00,0x00,0x00,0x00,0x00,0x00,
    0x00,0x00,0x00,0x00,0x00,0x00,0x00,0x00,0x00,0x00,0x00,0x00,0x00,0x00,0x00,0x00,
    0x00,0x00,0x00,0x00,0x00,0x00,0x00,0x00,0x00,0x00,0x00,0x00,0x00,0x00,0x00,0x00,
    0x00,0x00,0x00,0x00,0x00,0x00,0x00,0x00,0x00,0x00,0x00,0x00,0x00,0x00,0x00,0x00,
    0x00,0x00,0x00,0x00,0x00,0x00,0x00,0x00,0x00,0x00,0x00,0x00,0x00,0x00,0x00,0x00,
    0x00,0x00,0x00,0x00,0x00,0x00,0x00,0x00,0x00,0x00,0x00,0x00,0x00,0x00,0x00,0x00,
    0x00,0x00,0x00,0x00,0x00,0x00,0x00,0x00,0x00,0x00,0x00,0x00,0x00,0x00,0x00,0x00,
    0x00,0x00,0x00,0x00,0x00,0x00,0x00,0x00,0x00,0x00,0x00,0x00,0x00,0x00,0x00,0x00,
    0x00,0x00,0x00,0x00,0x00,0x00,0x00,0x00,0x00,0x00,0x00,0x00,0x00,0x00,0x00,0x00,
    0x00,0x00,0x00,0x00,0x00,0x00,0x00,0x00,0x00,0x00,0x00,0x00,0x00,0x00,0x00,0x00,
    0x00,0x00,0x00,0x00,0x00,0x00,0x00,0x00,0x00,0x00,0x00,0x00,0x00,0x00,0x00,0x00,
    0x00,0x00,0x00,0x00,0x00,0x00,0x00,0x00,0x00,0x00,0x00,0x00,0x00,0x00,0x00,0x00,
    0x00,0x00,0x00,0x00,0x00,0x00,0x00,0x00,0x00,0x00,0x00,0x00,0x00,0x00,0x00,0x00,
    0x00,0x00,0x00,0x00,0x00,0x00,0x00,0x00,0x00,0x00,0x00,0x00,0x00,0x00,0x00,0x00,
    0x00,0x00,0x00,0x00,0x00,0x00,0x00,0x00,0x00,0x00,0x00,0x00,0x00,0x00,0x00,0x00,
    0x00,0x00,0x00,0x00,0x00,0x00,0x00,0x00,0x00,0x00,0x00,0x00,0x00,0x00,0x00,0x00,
    0x00,0x00,0x00,0x00,0x00,0x00,0x00,0x00,0x00,0x00,0x00,0x00,0x00,0x00,0x00,0x00,
    0x00,0x00,0x00,0x00,0x00,0x00,0x00,0x00,0x00,0x00,0x00,0x00,0x00,0x00,0x00,0x00,
    0x00,0x00,0x00,0x00,0x00,0x00,0x00,0x00,0x00,0x00,0x00,0x00,0x00,0x00,0x00,0x00,
    0x00,0x00,0x00,0x00,0x00,0x00,0x00,0x00,0x00,0x00,0x00,0x00,0x00,0x00,0x00,0x00,
    0x00,0x00,0x00,0x00,0x00,0x00,0x00,0x00,0x00,0x00,0x00,0x00,0x00,0x00,0x00,0x00,
    0x00,0x00,0x00,0x00,0x00,0x00,0x00,0x00,0x00,0x00,0x00,0x00,0x00,0x00,0x00,0x00,
    0x00,0x00,0x00,0x00,0x00,0x00,0x00,0x00,0x00,0x00,0x00,0x00,0x00,0x00,0x00,0x00,
    0x00,0x00,0x00,0x00,0x00,0x00,0x00,0x00,0x00,0x00,0x00,0x00,0x00,0x00,0x00,0x00,
    0x00,0x00,0x00,0x00,0x00,0x00,0x00,0x00,0x00,0x00,0x00,0x00,0x00,0x00,0x00,0x00,
    0x00,0x00,0x00,0x00,0x00,0x00,0x00,0x00,0x00,0x00,0x00,0x00,0x00,0x00,0x00,0x00,
    0x00,0x00,0x00,0x00,0x00,0x00,0x00,0x00,0x00,0x00,0x00,0x00,0x00,0x00,0x00,0x00,
    0x00,0x00,0x00,0x00,0x00,0x00,0x00,0x00,0x00,0x00,0x00,0x00,0x00,0x00,0x00,0x00,
    0x00,0x00,0x00,0x00,0x00,0x00,0x00,0x00,0x00,0x00,0x00,0x00,0x00,0x00,0x00,0x00,
    0x00,0x00,0x00,0x00,0x00,0x00,0x00,0x00,0x00,0x00,0x00,0x00,0x00,0x00,0x00,0x00,
    0x00,0x00,0x00,0x00,0x00,0x00,0x00,0x00,0x00,0x00,0x00,0x00,0x00,0x00,0x00,0x00,
    0x00,0x00,0x00,0x00,0x00,0x00,0x00,0x00,0x00,0x00,0x00,0x00,0x00,0x00,0x00,0x00,
    0x00,0x00,0x00,0x00,0x00,0x00,0x00,0x00,0x00,0x00,0x00,0x00,0x00,0x00,0x00,0x00,
    0x00,0x00,0x00,0x00,0x00,0x00,0x00,0x00,0x00,0x00,0x00,0x00,0x00,0x00,0x00,0x00,
    0x00,0x00,0x00,0x00,0x00,0x00,0x00,0x00,0x00,0x00,0x00,0x00,0x00,0x00,0x00,0x00,
    0x00,0x00,0x00,0x00,0x00,0x00,0x00,0x00,0x00,0x00,0x00,0x00,0x00,0x00,0x00,0x00,
    0x00,0x00,0x00,0x00,0x00,0x00,0x00,0x00,0x00,0x00,0x00,0x00,0x00,0x00,0x00,0x00,
    0x00,0x00,0x00,0x00,0x00,0x00,0x00,0x00,0x00,0x00,0x00,0x00,0x00,0x00,0x00,0x00,
    0x00,0x00,0x00,0x00,0x00,0x00,0x00,0x00,0x00,0x00,0x00,0x00,0x00,0x00,0x00,0x00,
    0x00,0x00,0x00,0x00,0x00,0x00,0x00,0x00,0x00,0x00,0x00,0x00,0x00,0x00,0x00,0x00,
    0x00,0x00,0x00,0x00,0x00,0x00,0x00,0x00,0x00,0x00,0x00,0x00,0x00,0x00,0x00,0x00,
    0x00,0x00,0x00,0x00,0x00,0x00,0x00,0x00,0x00,0x00,0x00,0x00,0x00,0x00,0x00,0x00,
    0x00,0x00,0x00,0x00,0x00,0x00,0x00,0x00,0x00,0x00,0x00,0x00,0x00,0x00,0x00,0x00,
    0x00,0x00,0x00,0x00,0x00,0x00,0x00,0x00,0x00,0x00,0x00,0x00,0x00,0x00,0x00,0x00,
    0x00,0x00,0x00,0x00,0x00,0x00,0x00,0x00,0x00,0x00,0x00,0x00,0x00,0x00,0x00,0x00,
    0x00,0x00,0x00,0x00,0x00,0x00,0x00,0x00,0x00,0x00,0x00,0x00,0x00,0x00,0x00,0x00,
    0x00,0x00,0x00,0x00,0x00,0x00,0x00,0x00,0x00,0x00,0x00,0x00,0x00,0x00,0x00,0x00,
    0x00,0x00,0x00,0x00,0x00,0x00,0x00,0x00,0x00,0x00,0x00,0x00,0x00,0x00,0x00,0x00,
    0x00,0x00,0x00,0x00,0x00,0x00,0x00,0x00,0x00,0x00,0x00,0x00,0x00,0x00,0x00,0x00,
    0x00,0x00,0x00,0x00,0x00,0x00,0x00,0x00,0x00,0x00,0x00,0x00,0x00,0x00,0x00,0x00,
    0x00,0x00,0x00,0x00,0x00,0x00,0x00,0x00,0x00,0x00,0x00,0x00,0x00,0x00,0x00,0x00,
    0x00,0x00,0x00,0x00,0x00,0x00,0x00,0x00,0x00,0x00,0x00,0x00,0x00,0x00,0x00,0x00,
    0x00,0x00,0x00,0x00,0x00,0x00,0x00,0x00,0x00,0x00,0x00,0x00,0x00,0x00,0x00,0x00,
    0x00,0x00,0x00,0x00,0x00,0x00,0x00,0x00,0x00,0x00,0x00,0x00,0x00,0x00,0x00,0x00,
    0x00,0x00,0x00,0x00,0x00,0x00,0x00,0x00,0x00,0x00,0x00,0x00,0x00,0x00,0x00,0x00,
    0x00,0x00,0x00,0x00,0x00,0x00,0x00,0x00,0x00,0x00,0x00,0x00,0x00,0x00,0x00,0x00,
    0x00,0x00,0x00,0x00,0x00,0x00,0x00,0x00,0x00,0x00,0x00,0x00,0x00,0x00,0x00,0x00,
    0x00,0x00,0x00,0x00,0x00,0x00,0x00,0x00,0x00,0x00,0x00,0x00,0x00,0x00,0x00,0x00,
    0x00,0x00,0x00,0x00,0x00,0x00,0x00,0x00,0x00,0x00,0x00,0x00,0x00,0x00,0x00,0x00,
    0x00,0x00,0x00,0x00,0x00,0x00,0x00,0x00,0x00,0x00,0x00,0x00,0x00,0x00,0x00,0x00,
    0x00,0x00,0x00,0x00,0x00,0x00,0x00,0x00,0x00,0x00,0x00,0x00,0x00,0x00,0x00,0x00,
    0x00,0x00,0x00,0x00,0x00,0x00,0x00,0x00,0x00,0x00,0x00,0x00,0x00,0x00,0x00,0x00,
    0x00,0x00,0x00,0x00,0x00,0x00,0x00,0x00,0x00,0x00,0x00,0x00,0x00,0x00,0x00,0x00,
    0x00,0x00,0x00,0x00,0x00,0x00,0x00,0x00,0x00,0x00,0x00,0x00,0x00,0x00,0x00,0x00,
    0x00,0x00,0x00,0x00,0x00,0x00,0x00,0x00,0x00,0x00,0x00,0x00,0x00,0x00,0x00,0x00,
    0x00,0x00,0x00,0x00,0x00,0x00,0x00,0x00,0x00,0x00,0x00,0x00,0x00,0x00,0x00,0x00,
    0x00,0x00,0x00,0x00,0x00,0x00,0x00,0x00,0x00,0x00,0x00,0x00,0x00,0x00,0x00,0x00,
    0x00,0x00,0x00,0x00,0x00,0x00,0x00,0x00,0x00,0x00,0x00,0x00,0x00,0x00,0x00,0x00,
    0x00,0x00,0x00,0x00,0x00,0x00,0x00,0x00,0x00,0x00,0x00,0x00,0x00,0x00,0x00,0x00,
    0x00,0x00,0x00,0x00,0x00,0x00,0x00,0x00,0x00,0x00,0x00,0x00,0x00,0x00,0x00,0x00,
    0x00,0x00,0x00,0x00,0x00,0x00,0x00,0x00,0x00,0x00,0x00,0x00,0x00,0x00,0x00,0x00,
    0x00,0x00,0x00,0x00,0x00,0x00,0x00,0x00,0x00,0x00,0x00,0x00,0x00,0x00,0x00,0x00,
    0x00,0x00,0x00,0x00,0x00,0x00,0x00,0x00,0x00,0x00,0x00,0x00,0x00,0x00,0x00,0x00,
    0x00,0x00,0x00,0x00,0x00,0x00,0x00,0x00,0x00,0x00,0x00,0x00,0x00,0x00,0x00,0x00,
    0x00,0x00,0x00,0x00,0x00,0x00,0x00,0x00,0x00,0x00,0x00,0x00,0x00,0x00,0x00,0x00,
    0x00,0x00,0x00,0x00,0x00,0x00,0x00,0x00,0x00,0x00,0x00,0x00,0x00,0x00,0x00,0x00,
    0x00,0x00,0x00,0x00,0x00,0x00,0x00,0x00,0x00,0x00,0x00,0x00,0x00,0x00,0x00,0x00,
    0x00,0x00,0x00,0x00,0x00,0x00,0x00,0x00,0x00,0x00,0x00,0x00,0x00,0x00,0x00,0x00,
    0x00,0x00,0x00,0x00,0x00,0x00,0x00,0x00,0x00,0x00,0x00,0x00,0x00,0x00,0x00,0x00,
    0x00,0x00,0x00,0x00,0x00,0x00,0x00,0x00,0x00,0x00,0x00,0x00,0x00,0x00,0x00,0x00,
    0x00,0x00,0x00,0x00,0x00,0x00,0x00,0x00,0x00,0x00,0x00,0x00,0x00,0x00,0x00,0x00,
    0x00,0x00,0x00,0x00,0x00,0x00,0x00,0x00,0x00,0x00,0x00,0x00,0x00,0x00,0x00,0x00,
    0x00,0x00,0x00,0x00,0x00,0x00,0x00,0x00,0x00,0x00,0x00,0x00,0x00,0x00,0x00,0x00,
    0x00,0x00,0x00,0x00,0x00,0x00,0x00,0x00,0x00,0x00,0x00,0x00,0x00,0x00,0x00,0x00,
    0x00,0x00,0x00,0x00,0x00,0x00,0x00,0x00,0x00,0x00,0x00,0x00,0x00,0x00,0x00,0x00,
    0x00,0x00,0x00,0x00,0x00,0x00,0x00,0x00,0x00,0x00,0x00,0x00,0x00,0x00,0x00,0x00,
    0x00,0x00,0x00,0x00,0x00,0x00,0x00,0x00,0x00,0x00,0x00,0x00,0x00,0x00,0x00,0x00,
    0x00,0x00,0x00,0x00,0x00,0x00,0x00,0x00,0x00,0x00,0x00,0x00,0x00,0x00,0x00,0x00,
    0x00,0x00,0x00,0x00,0x00,0x00,0x00,0x00,0x00,0x00,0x00,0x00,0x00,0x00,0x00,0x00,
    0x00,0x00,0x00,0x00,0x00,0x00,0x00,0x00,0x00,0x00,0x00,0x00,0x00,0x00,0x00,0x00,
    0x00,0x00,0x00,0x00,0x00,0x00,0x00,0x00,0x00,0x00,0x00,0x00,0x00,0x00,0x00,0x00,
    0x00,0x00,0x00,0x00,0x00,0x00,0x00,0x00,0x00,0x00,0x00,0x00,0x00,0x00,0x00,0x00,
    0x00,0x00,0x00,0x00,0x00,0x00,0x00,0x00,0x00,0x00,0x00,0x00,0x00,0x00,0x00,0x00,
    0x00,0x00,0x00,0x00,0x00,0x00,0x00,0x00,0x00,0x00,0x00,0x00,0x00,0x00,0x00,0x00,
    0x00,0x00,0x00,0x00,0x00,0x00,0x00,0x00,0x00,0x00,0x00,0x00,0x00,0x00,0x00,0x00,
    0x00,0x00,0x00,0x00,0x00,0x00,0x00,0x00,0x00,0x00,0x00,0x00,0x00,0x00,0x00,0x00,
    0x00,0x00,0x00,0x00,0x00,0x00,0x00,0x00,0x00,0x00,0x00,0x00,0x00,0x00,0x00,0x00,
    0x00,0x00,0x00,0x00,0x00,0x00,0x00,0x00,0x00,0x00,0x00,0x00,0x00,0x00,0x00,0x00,
    0x00,0x00,0x00,0x00,0x00,0x00,0x00,0x00,0x00,0x00,0x00,0x00,0x00,0x00,0x00,0x00,
    0x00,0x00,0x00,0x00,0x00,0x00,0x00,0x00,0x00,0x00,0x00,0x00,0x00,0x00,0x00,0x00,
    0x00,0x00,0x00,0x00,0x00,0x00,0x00,0x00,0x00,0x00,0x00,0x00,0x00,0x00,0x00,0x00,
    0x00,0x00,0x00,0x00,0x00,0x00,0x00,0x00,0x00,0x00,0x00,0x00,0x00,0x00,0x00,0x00,
    0x00,0x00,0x00,0x00,0x00,0x00,0x00,0x00,0x00,0x00,0x00,0x00,0x00,0x00,0x00,0x00,
    0x00,0x00,0x00,0x00,0x00,0x00,0x00,0x00,0x00,0x00,0x00,0x00,0x00,0x00,0x00,0x00,
    0x00,0x00,0x00,0x00,0x00,0x00,0x00,0x00,0x00,0x00,0x00,0x00,0x00,0x00,0x00,0x00,
    0x00,0x00,0x00,0x00,0x00,0x00,0x00,0x00,0x00,0x00,0x00,0x00,0x00,0x00,0x00,0x00,
    0x00,0x00,0x00,0x00,0x00,0x00,0x00,0x00,0x00,0x00,0x00,0x00,0x00,0x00,0x00,0x00,
    0x00,0x00,0x00,0x00,0x00,0x00,0x00,0x00,0x00,0x00,0x00,0x00,0x00,0x00,0x00,0x00,
    0x00,0x00,0x00,0x00,0x00,0x00,0x00,0x00,0x00,0x00,0x00,0x00,0x00,0x00,0x00,0x00,
    0x00,0x00,0x00,0x00,0x00,0x00,0x00,0x00,0x00,0x00,0x00,0x00,0x00,0x00,0x00,0x00,
    0x00,0x00,0x00,0x00,0x00,0x00,0x00,0x00,0x00,0x00,0x00,0x00,0x00,0x00,0x00,0x00,
    0x00,0x00,0x00,0x00,0x00,0x00,0x00,0x00,0x00,0x00,0x00,0x00,0x00,0x00,0x00,0x00,
    0x00,0x00,0x00,0x00,0x00,0x00,0x00,0x00,0x00,0x00,0x00,0x00,0x00,0x00,0x00,0x00,
    0x00,0x00,0x00,0x00,0x00,0x00,0x00,0x00,0x00,0x00,0x00,0x00,0x00,0x00,0x00,0x00,
    0x00,0x00,0x00,0x00,0x00,0x00,0x00,0x00,0x00,0x00,0x00,0x00,0x00,0x00,0x00,0x00,
    0x00,0x00,0x00,0x00,0x00,0x00,0x00,0x00,0x00,0x00,0x00,0x00,0x00,0x00,0x00,0x00,
    0x00,0x00,0x00,0x00,0x00,0x00,0x00,0x00,0x00,0x00,0x00,0x00,0x00,0x00,0x00,0x00,
    0x00,0x00,0x00,0x00,0x00,0x00,0x00,0x00,0x00,0x00,0x00,0x00,0x00,0x00,0x00,0x00,
    0x00,0x00,0x00,0x00,0x00,0x00,0x00,0x00,0x00,0x00,0x00,0x00,0x00,0x00,0x00,0x00,
    0x00,0x00,0x00,0x00,0x00,0x00,0x00,0x00,0x00,0x00,0x00,0x00,0x00,0x00,0x00,0x00,
    0x00,0x00,0x00,0x00,0x00,0x00,0x00,0x00,0x00,0x00,0x00,0x00,0x00,0x00,0x00,0x00,
    0x00,0x00,0x00,0x00,0x00,0x00,0x00,0x00,0x00,0x00,0x00,0x00,0x00,0x00,0x00,0x00,
    0x00,0x00,0x00,0x00,0x00,0x00,0x00,0x00,0x00,0x00,0x00,0x00,0x00,0x00,0x00,0x00,
    0x00,0x00,0x00,0x00,0x00,0x00,0x00,0x00,0x00,0x00,0x00,0x00,0x00,0x00,0x00,0x00,
    0x00,0x00,0x00,0x00,0x00,0x00,0x00,0x00,0x00,0x00,0x00,0x00,0x00,0x00,0x00,0x00,
    0x00,0x00,0x00,0x00,0x00,0x00,0x00,0x00,0x00,0x00,0x00,0x00,0x00,0x00,0x00,0x00,
    0x00,0x00,0x00,0x00,0x00,0x00,0x00,0x00,0x00,0x00,0x00,0x00,0x00,0x00,0x00,0x00,
    0x00,0x00,0x00,0x00,0x00,0x00,0x00,0x00,0x00,0x00,0x00,0x00,0x00,0x00,0x00,0x00,
    0x00,0x00,0x00,0x00,0x00,0x00,0x00,0x00,0x00,0x00,0x00,0x00,0x00,0x00,0x00,0x00,
    0x00,0x00,0x00,0x00,0x00,0x00,0x00,0x00,0x00,0x00,0x00,0x00,0x00,0x00,0x00,0x00,
    0x00,0x00,0x00,0x00,0x00,0x00,0x00,0x00,0x00,0x00,0x00,0x00,0x00,0x00,0x00,0x00,
    0x00,0x00,0x00,0x00,0x00,0x00,0x00,0x00,0x00,0x00,0x00,0x00,0x00,0x00,0x00,0x00,
    0x00,0x00,0x00,0x00,0x00,0x00,0x00,0x00,0x00,0x00,0x00,0x00,0x00,0x00,0x00,0x00,
    0x00,0x00,0x00,0x00,0x00,0x00,0x00,0x00,0x00,0x00,0x00,0x00,0x00,0x00,0x00,0x00,
    0x00,0x00,0x00,0x00,0x00,0x00,0x00,0x00,0x00,0x00,0x00,0x00,0x00,0x00,0x00,0x00,
    0x00,0x00,0x00,0x00,0x00,0x00,0x00,0x00,0x00,0x00,0x00,0x00,0x00,0x00,0x00,0x00,
    0x00,0x00,0x00,0x00,0x00,0x00,0x00,0x00,0x00,0x00,0x00,0x00,0x00,0x00,0x00,0x00,
    0x00,0x00,0x00,0x00,0x00,0x00,0x00,0x00,0x00,0x00,0x00,0x00,0x00,0x00,0x00,0x00,
    0x00,0x00,0x00,0x00,0x00,0x00,0x00,0x00,0x00,0x00,0x00,0x00,0x00,0x00,0x00,0x00,
    0x00,0x00,0x00,0x00,0x00,0x00,0x00,0x00,0x00,0x00,0x00,0x00,0x00,0x00,0x00,0x00,
    0x00,0x00,0x00,0x00,0x00,0x00,0x00,0x00,0x00,0x00,0x00,0x00,0x00,0x00,0x00,0x00,
    0x00,0x00,0x00,0x00,0x00,0x00,0x00,0x00,0x00,0x00,0x00,0x00,0x00,0x00,0x00,0x00,
    0x00,0x00,0x00,0x00,0x00,0x00,0x00,0x00,0x00,0x00,0x00,0x00,0x00,0x00,0x00,0x00,
    0x00,0x00,0x00,0x00,0x00,0x00,0x00,0x00,0x00,0x00,0x00,0x00,0x00,0x00,0x00,0x00,
    0x00,0x00,0x00,0x00,0x00,0x00,0x00,0x00,0x00,0x00,0x00,0x00,0x00,0x00,0x00,0x00,
    0x00,0x00,0x00,0x00,0x00,0x00,0x00,0x00,0x00,0x00,0x00,0x00,0x00,0x00,0x00,0x00,
    0x00,0x00,0x00,0x00,0x00,0x00,0x00,0x00,0x00,0x00,0x00,0x00,0x00,0x00,0x00,0x00,
    0x00,0x00,0x00,0x00,0x00,0x00,0x00,0x00,0x00,0x00,0x00,0x00,0x00,0x00,0x00,0x00,
    0x00,0x00,0x00,0x00,0x00,0x00,0x00,0x00,0x00,0x00,0x00,0x00,0x00,0x00,0x00,0x00,
    0x00,0x00,0x00,0x00,0x00,0x00,0x00,0x00,0x00,0x00,0x00,0x00,0x00,0x00,0x00,0x00,
    0x00,0x00,0x00,0x00,0x00,0x00,0x00,0x00,0x00,0x00,0x00,0x00,0x00,0x00,0x00,0x00,
    0x00,0x00,0x00,0x00,0x00,0x00,0x00,0x00,0x00,0x00,0x00,0x00,0x00,0x00,0x00,0x00,
    0x00,0x00,0x00,0x00,0x00,0x00,0x00,0x00,0x00,0x00,0x00,0x00,0x00,0x00,0x00,0x00,
    0x00,0x00,0x00,0x00,0x00,0x00,0x00,0x00,0x00,0x00,0x00,0x00,0x00,0x00,0x00,0x00,
    0x00,0x00,0x00,0x00,0x00,0x00,0x00,0x00,0x00,0x00,0x00,0x00,0x00,0x00,0x00,0x00,
    0x00,0x00,0x00,0x00,0x00,0x00,0x00,0x00,0x00,0x00,0x00,0x00,0x00,0x00,0x00,0x00,
    0x00,0x00,0x00,0x00,0x00,0x00,0x00,0x00,0x00,0x00,0x00,0x00,0x00,0x00,0x00,0x00,
    0x00,0x00,0x00,0x00,0x00,0x00,0x00,0x00,0x00,0x00,0x00,0x00,0x00,0x00,0x00,0x00,
    0x00,0x00,0x00,0x00,0x00,0x00,0x00,0x00,0x00,0x00,0x00,0x00,0x00,0x00,0x00,0x00,
    0x00,0x00,0x00,0x00,0x00,0x00,0x00,0x00,0x00,0x00,0x00,0x00,0x00,0x00,0x00,0x00,
    0x00,0x00,0x00,0x00,0x00,0x00,0x00,0x00,0x00,0x00,0x00,0x00,0x00,0x00,0x00,0x00,
    0x00,0x00,0x00,0x00,0x00,0x00,0x00,0x00,0x00,0x00,0x00,0x00,0x00,0x00,0x00,0x00,
    0x00,0x00,0x00,0x00,0x00,0x00,0x00,0x00,0x00,0x00,0x00,0x00,0x00,0x00,0x00,0x00,
    0x00,0x00,0x00,0x00,0x00,0x00,0x00,0x00,0x00,0x00,0x00,0x00,0x00,0x00,0x00,0x00,
    0x00,0x00,0x00,0x00,0x00,0x00,0x00,0x00,0x00,0x00,0x00,0x00,0x00,0x00,0x00,0x00,
    0x00,0x00,0x00,0x00,0x00,0x00,0x00,0x00,0x00,0x00,0x00,0x00,0x00,0x00,0x00,0x00,
    0x00,0x00,0x00,0x00,0x00,0x00,0x00,0x00,0x00,0x00,0x00,0x00,0x00,0x00,0x00,0x00,
    0x00,0x00,0x00,0x00,0x00,0x00,0x00,0x00,0x00,0x00,0x00,0x00,0x00,0x00,0x00,0x00,
    0x00,0x00,0x00,0x00,0x00,0x00,0x00,0x00,0x00,0x00,0x00,0x00,0x00,0x00,0x00,0x00,
    0x00,0x00,0x00,0x00,0x00,0x00,0x00,0x00,0x00,0x00,0x00,0x00,0x00,0x00,0x00,0x00,
    0x00,0x00,0x00,0x00,0x00,0x00,0x00,0x00,0x00,0x00,0x00,0x00,0x00,0x00,0x00,0x00,
    0x00,0x00,0x00,0x00,0x00,0x00,0x00,0x00,0x00,0x00,0x00,0x00,0x00,0x00,0x00,0x00,
    0x00,0x00,0x00,0x00,0x00,0x00,0x00,0x00,0x00,0x00,0x00,0x00,0x00,0x00,0x00,0x00,
    0x00,0x00,0x00,0x00,0x00,0x00,0x00,0x00,0x00,0x00,0x00,0x00,0x00,0x00,0x00,0x00,
    0x00,0x00,0x00,0x00,0x00,0x00,0x00,0x00,0x00,0x00,0x00,0x00,0x00,0x00,0x00,0x00,
    0x00,0x00,0x00,0x00,0x00,0x00,0x00,0x00,0x00,0x00,0x00,0x00,0x00,0x00,0x00,0x00,
    0x00,0x00,0x00,0x00,0x00,0x00,0x00,0x00,0x00,0x00,0x00,0x00,0x00,0x00,0x00,0x00,
    0x00,0x00,0x00,0x00,0x00,0x00,0x00,0x00,0x00,0x00,0x00,0x00,0x00,0x00,0x00,0x00,
    0x00,0x00,0x00,0x00,0x00,0x00,0x00,0x00,0x00,0x00,0x00,0x00,0x00,0x00,0x00,0x00,
    0x00,0x00,0x00,0x00,0x00,0x00,0x00,0x00,0x00,0x00,0x00,0x00,0x00,0x00,0x00,0x00,
    0x00,0x00,0x00,0x00,0x00,0x00,0x00,0x00,0x00,0x00,0x00,0x00,0x00,0x00,0x00,0x00,
    0x00,0x00,0x00,0x00,0x00,0x00,0x00,0x00,0x00,0x00,0x00,0x00,0x00,0x00,0x00,0x00,
    0x00,0x00,0x00,0x00,0x00,0x00,0x00,0x00,0x00,0x00,0x00,0x00,0x00,0x00,0x00,0x00,
    0x00,0x00,0x00,0x00,0x00,0x00,0x00,0x00,0x00,0x00,0x00,0x00,0x00,0x00,0x00,0x00,
    0x00,0x00,0x00,0x00,0x00,0x00,0x00,0x00,0x00,0x00,0x00,0x00,0x00,0x00,0x00,0x00,
    0x00,0x00,0x00,0x00,0x00,0x00,0x00,0x00,0x00,0x00,0x00,0x00,0x00,0x00,0x00,0x00,
    0x00,0x00,0x00,0x00,0x00,0x00,0x00,0x00,0x00,0x00,0x00,0x00,0x00,0x00,0x00,0x00,
    0x00,0x00,0x00,0x00,0x00,0x00,0x00,0x00,0x00,0x00,0x00,0x00,0x00,0x00,0x00,0x00,
    0x00,0x00,0x00,0x00,0x00,0x00,0x00,0x00,0x00,0x00,0x00,0x00,0x00,0x00,0x00,0x00,
    0x00,0x00,0x00,0x00,0x00,0x00,0x00,0x00,0x00,0x00,0x00,0x00,0x00,0x00,0x00,0x00,
    0x00,0x00,0x00,0x00,0x00,0x00,0x00,0x00,0x00,0x00,0x00,0x00,0x00,0x00,0x00,0x00,
    0x00,0x00,0x00,0x00,0x00,0x00,0x00,0x00,0x00,0x00,0x00,0x00,0x00,0x00,0x00,0x00,
    0x00,0x00,0x00,0x00,0x00,0x00,0x00,0x00,0x00,0x00,0x00,0x00,0x00,0x00,0x00,0x00,
    0x00,0x00,0x00,0x00,0x00,0x00,0x00,0x00,0x00,0x00,0x00,0x00,0x00,0x00,0x00,0x00,
    0x00,0x00,0x00,0x00,0x00,0x00,0x00,0x00,0x00,0x00,0x00,0x00,0x00,0x00,0x00,0x00,
    0x00,0x00,0x00,0x00,0x00,0x00,0x00,0x00,0x00,0x00,0x00,0x00,0x00,0x00,0x00,0x00,
    0x00,0x00,0x00,0x00,0x00,0x00,0x00,0x00,0x00,0x00,0x00,0x00,0x00,0x00,0x00,0x00,
    0x00,0x00,0x00,0x00,0x00,0x00,0x00,0x00,0x00,0x00,0x00,0x00,0x00,0x00,0x00,0x00,
    0x00,0x00,0x00,0x00,0x00,0x00,0x00,0x00,0x00,0x00,0x00,0x00,0x00,0x00,0x00,0x00,
    0x00,0x00,0x00,0x00,0x00,0x00,0x00,0x00,0x00,0x00,0x00,0x00,0x00,0x00,0x00,0x00,
    0x00,0x00,0x00,0x00,0x00,0x00,0x00,0x00,0x00,0x00,0x00,0x00,0x00,0x00,0x00,0x00,
    0x00,0x00,0x00,0x00,0x00,0x00,0x00,0x00,0x00,0x00,0x00,0x00,0x00,0x00,0x00,0x00,
    0x00,0x00,0x00,0x00,0x00,0x00,0x00,0x00,0x00,0x00,0x00,0x00,0x00,0x00,0x00,0x00,
    0x00,0x00,0x00,0x00,0x00,0x00,0x00,0x00,0x00,0x00,0x00,0x00,0x00,0x00,0x00,0x00,
    0x00,0x00,0x00,0x00,0x00,0x00,0x00,0x00,0x00,0x00,0x00,0x00,0x00,0x00,0x00,0x00,
    0x00,0x00,0x00,0x00,0x00,0x00,0x00,0x00,0x00,0x00,0x00,0x00,0x00,0x00,0x00,0x00,
    0x00,0x00,0x00,0x00,0x00,0x00,0x00,0x00,0x00,0x00,0x00,0x00,0x00,0x00,0x00,0x00,
    0x00,0x00,0x00,0x00,0x00,0x00,0x00,0x00,0x00,0x00,0x00,0x00,0x00,0x00,0x00,0x00,
    0x00,0x00,0x00,0x00,0x00,0x00,0x00,0x00,0x00,0x00,0x00,0x00,0x00,0x00,0x00,0x00,
    0x00,0x00,0x00,0x00,0x00,0x00,0x00,0x00,0x00,0x00,0x00,0x00,0x00,0x00,0x00,0x00,
    0x00,0x00,0x00,0x00,0x00,0x00,0x00,0x00,0x00,0x00,0x00,0x00,0x00,0x00,0x00,0x00,
    0x00,0x00,0x00,0x00,0x00,0x00,0x00,0x00,0x00,0x00,0x00,0x00,0x00,0x00,0x00,0x00,
    0x00,0x00,0x00,0x00,0x00,0x00,0x00,0x00,0x00,0x00,0x00,0x00,0x00,0x00,0x00,0x00,
    0x00,0x00,0x00,0x00,0x00,0x00,0x00,0x00,0x00,0x00,0x00,0x00,0x00,0x00,0x00,0x00,
    0x00,0x00,0x00,0x00,0x00,0x00,0x00,0x00,0x00,0x00,0x00,0x00,0x00,0x00,0x00,0x00,
    0x00,0x00,0x00,0x00,0x00,0x00,0x00,0x00,0x00,0x00,0x00,0x00,0x00,0x00,0x00,0x00,
    0x00,0x00,0x00,0x00,0x00,0x00,0x00,0x00,0x00,0x00,0x00,0x00,0x00,0x00,0x00,0x00,
    0x00,0x00,0x00,0x00,0x00,0x00,0x00,0x00,0x00,0x00,0x00,0x00,0x00,0x00,0x00,0x00,
    0x00,0x00,0x00,0x00,0x00,0x00,0x00,0x00,0x00,0x00,0x00,0x00,0x00,0x00,0x00,0x00,
    0x00,0x00,0x00,0x00,0x00,0x00,0x00,0x00,0x00,0x00,0x00,0x00,0x00,0x00,0x00,0x00,
    0x00,0x00,0x00,0x00,0x00,0x00,0x00,0x00,0x00,0x00,0x00,0x00,0x00,0x00,0x00,0x00,
    0x00,0x00,0x00,0x00,0x00,0x00,0x00,0x00,0x00,0x00,0x00,0x00,0x00,0x00,0x00,0x00,
    0x00,0x00,0x00,0x00,0x00,0x00,0x00,0x00,0x00,0x00,0x00,0x00,0x00,0x00,0x00,0x00,
    0x00,0x00,0x00,0x00,0x00,0x00,0x00,0x00,0x00,0x00,0x00,0x00,0x00,0x00,0x00,0x00,
    0x00,0x00,0x00,0x00,0x00,0x00,0x00,0x00,0x00,0x00,0x00,0x00,0x00,0x00,0x00,0x00,
    0x00,0x00,0x00,0x00,0x00,0x00,0x00,0x00,0x00,0x00,0x00,0x00,0x00,0x00,0x00,0x00,
    0x00,0x00,0x00,0x00,0x00,0x00,0x00,0x00,0x00,0x00,0x00,0x00,0x00,0x00,0x00,0x00,
    0x00,0x00,0x00,0x00,0x00,0x00,0x00,0x00,0x00,0x00,0x00,0x00,0x00,0x00,0x00,0x00,
    0x00,0x00,0x00,0x00,0x00,0x00,0x00,0x00,0x00,0x00,0x00,0x00,0x00,0x00,0x00,0x00,
    0x00,0x00,0x00,0x00,0x00,0x00,0x00,0x00,0x00,0x00,0x00,0x00,0x00,0x00,0x00,0x00,
    0x00,0x00,0x00,0x00,0x00,0x00,0x00,0x00,0x00,0x00,0x00,0x00,0x00,0x00,0x00,0x00,
    0x00,0x00,0x00,0x00,0x00,0x00,0x00,0x00,0x00,0x00,0x00,0x00,0x00,0x00,0x00,0x00,
    0x00,0x00,0x00,0x00,0x00,0x00,0x00,0x00,0x00,0x00,0x00,0x00,0x00,0x00,0x00,0x00,
    0x00,0x00,0x00,0x00,0x00,0x00,0x00,0x00,0x00,0x00,0x00,0x00,0x00,0x00,0x00,0x00,
    0x00,0x00,0x00,0x00,0x00,0x00,0x00,0x00,0x00,0x00,0x00,0x00,0x00,0x00,0x00,0x00,
    0x00,0x00,0x00,0x00,0x00,0x00,0x00,0x00,0x00,0x00,0x00,0x00,0x00,0x00,0x00,0x00,
    0x00,0x00,0x00,0x00,0x00,0x00,0x00,0x00,0x00,0x00,0x00,0x00,0x00,0x00,0x00,0x00,
    0x00,0x00,0x00,0x00,0x00,0x00,0x00,0x00,0x00,0x00,0x00,0x00,0x00,0x00,0x00,0x00,
    0x00,0x00,0x00,0x00,0x00,0x00,0x00,0x00,0x00,0x00,0x00,0x00,0x00,0x00,0x00,0x00,
    0x00,0x00,0x00,0x00,0x00,0x00,0x00,0x00,0x00,0x00,0x00,0x00,0x00,0x00,0x00,0x00,
    0x00,0x00,0x00,0x00,0x00,0x00,0x00,0x00,0x00,0x00,0x00,0x00,0x00,0x00,0x00,0x00,
    0x00,0x00,0x00,0x00,0x00,0x00,0x00,0x00,0x00,0x00,0x00,0x00,0x00,0x00,0x00,0x00,
    0x00,0x00,0x00,0x00,0x00,0x00,0x00,0x00,0x00,0x00,0x00,0x00,0x00,0x00,0x00,0x00,
    0x00,0x00,0x00,0x00,0x00,0x00,0x00,0x00,0x00,0x00,0x00,0x00,0x00,0x00,0x00,0x00,
    0x00,0x00,0x00,0x00,0x00,0x00,0x00,0x00,0x00,0x00,0x00,0x00,0x00,0x00,0x00,0x00,
    0x00,0x00,0x00,0x00,0x00,0x00,0x00,0x00,0x00,0x00,0x00,0x00,0x00,0x00,0x00,0x00,
    0x00,0x00,0x00,0x00,0x00,0x00,0x00,0x00,0x00,0x00,0x00,0x00,0x00,0x00,0x00,0x00,
    0x00,0x00,0x00,0x00,0x00,0x00,0x00,0x00,0x00,0x00,0x00,0x00,0x00,0x00,0x00,0x00,
    0x00,0x00,0x00,0x00,0x00,0x00,0x00,0x00,0x00,0x00,0x00,0x00,0x00,0x00,0x00,0x00,
    0x00,0x00,0x00,0x00,0x00,0x00,0x00,0x00,0x00,0x00,0x00,0x00,0x00,0x00,0x00,0x00,
    0x00,0x00,0x00,0x00,0x00,0x00,0x00,0x00,0x00,0x00,0x00,0x00,0x00,0x00,0x00,0x00,
    0x00,0x00,0x00,0x00,0x00,0x00,0x00,0x00,0x00,0x00,0x00,0x00,0x00,0x00,0x00,0x00,
    0x00,0x00,0x00,0x00,0x00,0x00,0x00,0x00,0x00,0x00,0x00,0x00,0x00,0x00,0x00,0x00,
    0x00,0x00,0x00,0x00,0x00,0x00,0x00,0x00,0x00,0x00,0x00,0x00,0x00,0x00,0x00,0x00,
    0x00,0x00,0x00,0x00,0x00,0x00,0x00,0x00,0x00,0x00,0x00,0x00,0x00,0x00,0x00,0x00,
    0x00,0x00,0x00,0x00,0x00,0x00,0x00,0x00,0x00,0x00,0x00,0x00,0x00,0x00,0x00,0x00,
    0x00,0x00,0x00,0x00,0x00,0x00,0x00,0x00,0x00,0x00,0x00,0x00,0x00,0x00,0x00,0x00,
    0x00,0x00,0x00,0x00,0x00,0x00,0x00,0x00,0x00,0x00,0x00,0x00,0x00,0x00,0x00,0x00,
    0x00,0x00,0x00,0x00,0x00,0x00,0x00,0x00,0x00,0x00,0x00,0x00,0x00,0x00,0x00,0x00,
    0x00,0x00,0x00,0x00,0x00,0x00,0x00,0x00,0x00,0x00,0x00,0x00,0x00,0x00,0x00,0x00,
    0x00,0x00,0x00,0x00,0x00,0x00,0x00,0x00,0x00,0x00,0x00,0x00,0x00,0x00,0x00,0x00,
    0x00,0x00,0x00,0x00,0x00,0x00,0x00,0x00,0x00,0x00,0x00,0x00,0x00,0x00,0x00,0x00,
    0x00,0x00,0x00,0x00,0x00,0x00,0x00,0x00,0x00,0x00,0x00,0x00,0x00,0x00,0x00,0x00,
    0x00,0x00,0x00,0x00,0x00,0x00,0x00,0x00,0x00,0x00,0x00,0x00,0x00,0x00,0x00,0x00,
    0x00,0x00,0x00,0x00,0x00,0x00,0x00,0x00,0x00,0x00,0x00,0x00,0x00,0x00,0x00,0x00,
    0x00,0x00,0x00,0x00,0x00,0x00,0x00,0x00,0x00,0x00,0x00,0x00,0x00,0x00,0x00,0x00,
    0x00,0x00,0x00,0x00,0x00,0x00,0x00,0x00,0x00,0x00,0x00,0x00,0x00,0x00,0x00,0x00,
    0x00,0x00,0x00,0x00,0x00,0x00,0x00,0x00,0x00,0x00,0x00,0x00,0x00,0x00,0x00,0x00,
    0x00,0x00,0x00,0x00,0x00,0x00,0x00,0x00,0x00,0x00,0x00,0x00,0x00,0x00,0x00,0x00,
    0x00,0x00,0x00,0x00,0x00,0x00,0x00,0x00,0x00,0x00,0x00,0x00,0x00,0x00,0x00,0x00,
    0x00,0x00,0x00,0x00,0x00,0x00,0x00,0x00,0x00,0x00,0x00,0x00,0x00,0x00,0x00,0x00,
    0x00,0x00,0x00,0x00,0x00,0x00,0x00,0x00,0x00,0x00,0x00,0x00,0x00,0x00,0x00,0x00,
    0x00,0x00,0x00,0x00,0x00,0x00,0x00,0x00,0x00,0x00,0x00,0x00,0x00,0x00,0x00,0x00,
    0x00,0x00,0x00,0x00,0x00,0x00,0x00,0x00,0x00,0x00,0x00,0x00,0x00,0x00,0x00,0x00,
    0x00,0x00,0x00,0x00,0x00,0x00,0x00,0x00,0x00,0x00,0x00,0x00,0x00,0x00,0x00,0x00,
    0x00,0x00,0x00,0x00,0x00,0x00,0x00,0x00,0x00,0x00,0x00,0x00,0x00,0x00,0x00,0x00,
    0x00,0x00,0x00,0x00,0x00,0x00,0x00,0x00,0x00,0x00,0x00,0x00,0x00,0x00,0x00,0x00,
    0x00,0x00,0x00,0x00,0x00,0x00,0x00,0x00,0x00,0x00,0x00,0x00,0x00,0x00,0x00,0x00,
    0x00,0x00,0x00,0x00,0x00,0x00,0x00,0x00,0x00,0x00,0x00,0x00,0x00,0x00,0x00,0x00,
    0x00,0x00,0x00,0x00,0x00,0x00,0x00,0x00,0x00,0x00,0x00,0x00,0x00,0x00,0x00,0x00,
    0x00,0x00,0x00,0x00,0x00,0x00,0x00,0x00,0x00,0x00,0x00,0x00,0x00,0x00,0x00,0x00,
    0x00,0x00,0x00,0x00,0x00,0x00,0x00,0x00,0x00,0x00,0x00,0x00,0x00,0x00,0x00,0x00,
    0x00,0x00,0x00,0x00,0x00,0x00,0x00,0x00,0x00,0x00,0x00,0x00,0x00,0x00,0x00,0x00,
    0x00,0x00,0x00,0x00,0x00,0x00,0x00,0x00,0x00,0x00,0x00,0x00,0x00,0x00,0x00,0x00,
    0x00,0x00,0x00,0x00,0x00,0x00,0x00,0x00,0x00,0x00,0x00,0x00,0x00,0x00,0x00,0x00,
    0x00,0x00,0x00,0x00,0x00,0x00,0x00,0x00,0x00,0x00,0x00,0x00,0x00,0x00,0x00,0x00,
    0x00,0x00,0x00,0x00,0x00,0x00,0x00,0x00,0x00,0x00,0x00,0x00,0x00,0x00,0x00,0x00,
    0x00,0x00,0x00,0x00,0x00,0x00,0x00,0x00,0x00,0x00,0x00,0x00,0x00,0x00,0x00,0x00,
    0x00,0x00,0x00,0x00,0x00,0x00,0x00,0x00,0x00,0x00,0x00,0x00,0x00,0x00,0x00,0x00,
    0x00,0x00,0x00,0x00,0x00,0x00,0x00,0x00,0x00,0x00,0x00,0x00,0x00,0x00,0x00,0x00,
    0x00,0x00,0x00,0x00,0x00,0x00,0x00,0x00,0x00,0x00,0x00,0x00,0x00,0x00,0x00,0x00,
    0x00,0x00,0x00,0x00,0x00,0x00,0x00,0x00,0x00,0x00,0x00,0x00,0x00,0x00,0x00,0x00,
    0x00,0x00,0x00,0x00,0x00,0x00,0x00,0x00,0x00,0x00,0x00,0x00,0x00,0x00,0x00,0x00,
    0x00,0x00,0x00,0x00,0x00,0x00,0x00,0x00,0x00,0x00,0x00,0x00,0x00,0x00,0x00,0x00,
    0x00,0x00,0x00,0x00,0x00,0x00,0x00,0x00,0x00,0x00,0x00,0x00,0x00,0x00,0x00,0x00,
    0x00,0x00,0x00,0x00,0x00,0x00,0x00,0x00,0x00,0x00,0x00,0x00,0x00,0x00,0x00,0x00,
    0x00,0x00,0x00,0x00,0x00,0x00,0x00,0x00,0x00,0x00,0x00,0x00,0x00,0x00,0x00,0x00,
    0x00,0x00,0x00,0x00,0x00,0x00,0x00,0x00,0x00,0x00,0x00,0x00,0x00,0x00,0x00,0x00,
    0x00,0x00,0x00,0x00,0x00,0x00,0x00,0x00,0x00,0x00,0x00,0x00,0x00,0x00,0x00,0x00,
    0x00,0x00,0x00,0x00,0x00,0x00,0x00,0x00,0x00,0x00,0x00,0x00,0x00,0x00,0x00,0x00,
    0x00,0x00,0x00,0x00,0x00,0x00,0x00,0x00,0x00,0x00,0x00,0x00,0x00,0x00,0x00,0x00,
    0x00,0x00,0x00,0x00,0x00,0x00,0x00,0x00,0x00,0x00,0x00,0x00,0x00,0x00,0x00,0x00,
    0x00,0x00,0x00,0x00,0x00,0x00,0x00,0x00,0x00,0x00,0x00,0x00,0x00,0x00,0x00,0x00,
    0x00,0x00,0x00,0x00,0x00,0x00,0x00,0x00,0x00,0x00,0x00,0x00,0x00,0x00,0x00,0x00,
    0x00,0x00,0x00,0x00,0x00,0x00,0x00,0x00,0x00,0x00,0x00,0x00,0x00,0x00,0x00,0x00,
    0x00,0x00,0x00,0x00,0x00,0x00,0x00,0x00,0x00,0x00,0x00,0x00,0x00,0x00,0x00,0x00,
    0x00,0x00,0x00,0x00,0x00,0x00,0x00,0x00,0x00,0x00,0x00,0x00,0x00,0x00,0x00,0x00,
    0x00,0x00,0x00,0x00,0x00,0x00,0x00,0x00,0x00,0x00,0x00,0x00,0x00,0x00,0x00,0x00,
    0x00,0x00,0x00,0x00,0x00,0x00,0x00,0x00,0x00,0x00,0x00,0x00,0x00,0x00,0x00,0x00,
    0x00,0x00,0x00,0x00,0x00,0x00,0x00,0x00,0x00,0x00,0x00,0x00,0x00,0x00,0x00,0x00,
    0x00,0x00,0x00,0x00,0x00,0x00,0x00,0x00,0x00,0x00,0x00,0x00,0x00,0x00,0x00,0x00,
    0x00,0x00,0x00,0x00,0x00,0x00,0x00,0x00,0x00,0x00,0x00,0x00,0x00,0x00,0x00,0x00,
    0x00,0x00,0x00,0x00,0x00,0x00,0x00,0x00,0x00,0x00,0x00,0x00,0x00,0x00,0x00,0x00,
    0x00,0x00,0x00,0x00,0x00,0x00,0x00,0x00,0x00,0x00,0x00,0x00,0x00,0x00,0x00,0x00,
    0x00,0x00,0x00,0x00,0x00,0x00,0x00,0x00,0x00,0x00,0x00,0x00,0x00,0x00,0x00,0x00,
    0x00,0x00,0x00,0x00,0x00,0x00,0x00,0x00,0x00,0x00,0x00,0x00,0x00,0x00,0x00,0x00,
    0x00,0x00,0x00,0x00,0x00,0x00,0x00,0x00,0x00,0x00,0x00,0x00,0x00,0x00,0x00,0x00,
    0x00,0x00,0x00,0x00,0x00,0x00,0x00,0x00,0x00,0x00,0x00,0x00,0x00,0x00,0x00,0x00,
    0x00,0x00,0x00,0x00,0x00,0x00,0x00,0x00,0x00,0x00,0x00,0x00,0x00,0x00,0x00,0x00,
    0x00,0x00,0x00,0x00,0x00,0x00,0x00,0x00,0x00,0x00,0x00,0x00,0x00,0x00,0x00,0x00,
    0x00,0x00,0x00,0x00,0x00,0x00,0x00,0x00,0x00,0x00,0x00,0x00,0x00,0x00,0x00,0x00,
    0x00,0x00,0x00,0x00,0x00,0x00,0x00,0x00,0x00,0x00,0x00,0x00,0x00,0x00,0x00,0x00,
    0x00,0x00,0x00,0x00,0x00,0x00,0x00,0x00,0x00,0x00,0x00,0x00,0x00,0x00,0x00,0x00,
    0x00,0x00,0x00,0x00,0x00,0x00,0x00,0x00,0x00,0x00,0x00,0x00,0x00,0x00,0x00,0x00,
    0x00,0x00,0x00,0x00,0x00,0x00,0x00,0x00,0x00,0x00,0x00,0x00,0x00,0x00,0x00,0x00,
    0x00,0x00,0x00,0x00,0x00,0x00,0x00,0x00,0x00,0x00,0x00,0x00,0x00,0x00,0x00,0x00,
    0x00,0x00,0x00,0x00,0x00,0x00,0x00,0x00,0x00,0x00,0x00,0x00,0x00,0x00,0x00,0x00,
    0x00,0x00,0x00,0x00,0x00,0x00,0x00,0x00,0x00,0x00,0x00,0x00,0x00,0x00,0x00,0x00,
    0x00,0x00,0x00,0x00,0x00,0x00,0x00,0x00,0x00,0x00,0x00,0x00,0x00,0x00,0x00,0x00,
    0x00,0x00,0x00,0x00,0x00,0x00,0x00,0x00,0x00,0x00,0x00,0x00,0x00,0x00,0x00,0x00,
    0x00,0x00,0x00,0x00,0x00,0x00,0x00,0x00,0x00,0x00,0x00,0x00,0x00,0x00,0x00,0x00,
    0x00,0x00,0x00,0x00,0x00,0x00,0x00,0x00,0x00,0x00,0x00,0x00,0x00,0x00,0x00,0x00,
    0x00,0x00,0x00,0x00,0x00,0x00,0x00,0x00,0x00,0x00,0x00,0x00,0x00,0x00,0x00,0x00,
    0x00,0x00,0x00,0x00,0x00,0x00,0x00,0x00,0x00,0x00,0x00,0x00,0x00,0x00,0x00,0x00,
    0x00,0x00,0x00,0x00,0x00,0x00,0x00,0x00,0x00,0x00,0x00,0x00,0x00,0x00,0x00,0x00,
    0x00,0x00,0x00,0x00,0x00,0x00,0x00,0x00,0x00,0x00,0x00,0x00,0x00,0x00,0x00,0x00,
    0x00,0x00,0x00,0x00,0x00,0x00,0x00,0x00,0x00,0x00,0x00,0x00,0x00,0x00,0x00,0x00,
    0x00,0x00,0x00,0x00,0x00,0x00,0x00,0x00,0x00,0x00,0x00,0x00,0x00,0x00,0x00,0x00,
    0x00,0x00,0x00,0x00,0x00,0x00,0x00,0x00,0x00,0x00,0x00,0x00,0x00,0x00,0x00,0x00,
    0x00,0x00,0x00,0x00,0x00,0x00,0x00,0x00,0x00,0x00,0x00,0x00,0x00,0x00,0x00,0x00,
    0x00,0x00,0x00,0x00,0x00,0x00,0x00,0x00,0x00,0x00,0x00,0x00,0x00,0x00,0x00,0x00,
    0x00,0x00,0x00,0x00,0x00,0x00,0x00,0x00,0x00,0x00,0x00,0x00,0x00,0x00,0x00,0x00,
    0x00,0x00,0x00,0x00,0x00,0x00,0x00,0x00,0x00,0x00,0x00,0x00,0x00,0x00,0x00,0x00,
    0x00,0x00,0x00,0x00,0x00,0x00,0x00,0x00,0x00,0x00,0x00,0x00,0x00,0x00,0x00,0x00,
    0x00,0x00,0x00,0x00,0x00,0x00,0x00,0x00,0x00,0x00,0x00,0x00,0x00,0x00,0x00,0x00,
    0x00,0x00,0x00,0x00,0x00,0x00,0x00,0x00,0x00,0x00,0x00,0x00,0x00,0x00,0x00,0x00,
    0x00,0x00,0x00,0x00,0x00,0x00,0x00,0x00,0x00,0x00,0x00,0x00,0x00,0x00,0x00,0x00,
    0x00,0x00,0x00,0x00,0x00,0x00,0x00,0x00,0x00,0x00,0x00,0x00,0x00,0x00,0x00,0x00,
    0x00,0x00,0x00,0x00,0x00,0x00,0x00,0x00,0x00,0x00,0x00,0x00,0x00,0x00,0x00,0x00,
    0x00,0x00,0x00,0x00,0x00,0x00,0x00,0x00,0x00,0x00,0x00,0x00,0x00,0x00,0x00,0x00,
    0x00,0x00,0x00,0x00,0x00,0x00,0x00,0x00,0x00,0x00,0x00,0x00,0x00,0x00,0x00,0x00,
    0x00,0x00,0x00,0x00,0x00,0x00,0x00,0x00,0x00,0x00,0x00,0x00,0x00,0x00,0x00,0x00,
    0x00,0x00,0x00,0x00,0x00,0x00,0x00,0x00,0x00,0x00,0x00,0x00,0x00,0x00,0x00,0x00,
    0x00,0x00,0x00,0x00,0x00,0x00,0x00,0x00,0x00,0x00,0x00,0x00,0x00,0x00,0x00,0x00,
    0x00,0x00,0x00,0x00,0x00,0x00,0x00,0x00,0x00,0x00,0x00,0x00,0x00,0x00,0x00,0x00,
    0x00,0x00,0x00,0x00,0x00,0x00,0x00,0x00,0x00,0x00,0x00,0x00,0x00,0x00,0x00,0x00,
    0x00,0x00,0x00,0x00,0x00,0x00,0x00,0x00,0x00,0x00,0x00,0x00,0x00,0x00,0x00,0x00,
    0x00,0x00,0x00,0x00,0x00,0x00,0x00,0x00,0x00,0x00,0x00,0x00,0x00,0x00,0x00,0x00,
    0x00,0x00,0x00,0x00,0x00,0x00,0x00,0x00,0x00,0x00,0x00,0x00,0x00,0x00,0x00,0x00,
    0x00,0x00,0x00,0x00,0x00,0x00,0x00,0x00,0x00,0x00,0x00,0x00,0x00,0x00,0x00,0x00,
    0x00,0x00,0x00,0x00,0x00,0x00,0x00,0x00,0x00,0x00,0x00,0x00,0x00,0x00,0x00,0x00,
    0x00,0x00,0x00,0x00,0x00,0x00,0x00,0x00,0x00,0x00,0x00,0x00,0x00,0x00,0x00,0x00,
    0x00,0x00,0x00,0x00,0x00,0x00,0x00,0x00,0x00,0x00,0x00,0x00,0x00,0x00,0x00,0x00,
    0x00,0x00,0x00,0x00,0x00,0x00,0x00,0x00,0x00,0x00,0x00,0x00,0x00,0x00,0x00,0x00,
    0x00,0x00,0x00,0x00,0x00,0x00,0x00,0x00,0x00,0x00,0x00,0x00,0x00,0x00,0x00,0x00,
    0x00,0x00,0x00,0x00,0x00,0x00,0x00,0x00,0x00,0x00,0x00,0x00,0x00,0x00,0x00,0x00,
    0x00,0x00,0x00,0x00,0x00,0x00,0x00,0x00,0x00,0x00,0x00,0x00,0x00,0x00,0x00,0x00,
    0x00,0x00,0x00,0x00,0x00,0x00,0x00,0x00,0x00,0x00,0x00,0x00,0x00,0x00,0x00,0x00,
    0x00,0x00,0x00,0x00,0x00,0x00,0x00,0x00,0x00,0x00,0x00,0x00,0x00,0x00,0x00,0x00,
    0x00,0x00,0x00,0x00,0x00,0x00,0x00,0x00,0x00,0x00,0x00,0x00,0x00,0x00,0x00,0x00,
    0x00,0x00,0x00,0x00,0x00,0x00,0x00,0x00,0x00,0x00,0x00,0x00,0x00,0x00,0x00,0x00,
    0x00,0x00,0x00,0x00,0x00,0x00,0x00,0x00,0x00,0x00,0x00,0x00,0x00,0x00,0x00,0x00,
    0x00,0x00,0x00,0x00,0x00,0x00,0x00,0x00,0x00,0x00,0x00,0x00,0x00,0x00,0x00,0x00,
    0x00,0x00,0x00,0x00,0x00,0x00,0x00,0x00,0x00,0x00,0x00,0x00,0x00,0x00,0x00,0x00,
    0x00,0x00,0x00,0x00,0x00,0x00,0x00,0x00,0x00,0x00,0x00,0x00,0x00,0x00,0x00,0x00,
    0x00,0x00,0x00,0x00,0x00,0x00,0x00,0x00,0x00,0x00,0x00,0x00,0x00,0x00,0x00,0x00,
    0x00,0x00,0x00,0x00,0x00,0x00,0x00,0x00,0x00,0x00,0x00,0x00,0x00,0x00,0x00,0x00,
    0x00,0x00,0x00,0x00,0x00,0x00,0x00,0x00,0x00,0x00,0x00,0x00,0x00,0x00,0x00,0x00,
    0x00,0x00,0x00,0x00,0x00,0x00,0x00,0x00,0x00,0x00,0x00,0x00,0x00,0x00,0x00,0x00,
    0x00,0x00,0x00,0x00,0x00,0x00,0x00,0x00,0x00,0x00,0x00,0x00,0x00,0x00,0x00,0x00,
    0x00,0x00,0x00,0x00,0x00,0x00,0x00,0x00,0x00,0x00,0x00,0x00,0x00,0x00,0x00,0x00,
    0x00,0x00,0x00,0x00,0x00,0x00,0x00,0x00,0x00,0x00,0x00,0x00,0x00,0x00,0x00,0x00,
    0x00,0x00,0x00,0x00,0x00,0x00,0x00,0x00,0x00,0x00,0x00,0x00,0x00,0x00,0x00,0x00,
    0x00,0x00,0x00,0x00,0x00,0x00,0x00,0x00,0x00,0x00,0x00,0x00,0x00,0x00,0x00,0x00,
    0x00,0x00,0x00,0x00,0x00,0x00,0x00,0x00,0x00,0x00,0x00,0x00,0x00,0x00,0x00,0x00,
    0x00,0x00,0x00,0x00,0x00,0x00,0x00,0x00,0x00,0x00,0x00,0x00,0x00,0x00,0x00,0x00,
    0x00,0x00,0x00,0x00,0x00,0x00,0x00,0x00,0x00,0x00,0x00,0x00,0x00,0x00,0x00,0x00,
    0x00,0x00,0x00,0x00,0x00,0x00,0x00,0x00,0x00,0x00,0x00,0x00,0x00,0x00,0x00,0x00,
    0x00,0x00,0x00,0x00,0x00,0x00,0x00,0x00,0x00,0x00,0x00,0x00,0x00,0x00,0x00,0x00,
    0x00,0x00,0x00,0x00,0x00,0x00,0x00,0x00,0x00,0x00,0x00,0x00,0x00,0x00,0x00,0x00,
    0x00,0x00,0x00,0x00,0x00,0x00,0x00,0x00,0x00,0x00,0x00,0x00,0x00,0x00,0x00,0x00,
    0x00,0x00,0x00,0x00,0x00,0x00,0x00,0x00,0x00,0x00,0x00,0x00,0x00,0x00,0x00,0x00,
    0x00,0x00,0x00,0x00,0x00,0x00,0x00,0x00,0x00,0x00,0x00,0x00,0x00,0x00,0x00,0x00,
    0x00,0x00,0x00,0x00,0x00,0x00,0x00,0x00,0x00,0x00,0x00,0x00,0x00,0x00,0x00,0x00,
    0x00,0x00,0x00,0x00,0x00,0x00,0x00,0x00,0x00,0x00,0x00,0x00,0x00,0x00,0x00,0x00,
    0x00,0x00,0x00,0x00,0x00,0x00,0x00,0x00,0x00,0x00,0x00,0x00,0x00,0x00,0x00,0x00,
    0x00,0x00,0x00,0x00,0x00,0x00,0x00,0x00,0x00,0x00,0x00,0x00,0x00,0x00,0x00,0x00,
    0x00,0x00,0x00,0x00,0x00,0x00,0x00,0x00,0x00,0x00,0x00,0x00,0x00,0x00,0x00,0x00,
    0x00,0x00,0x00,0x00,0x00,0x00,0x00,0x00,0x00,0x00,0x00,0x00,0x00,0x00,0x00,0x00,
    0x00,0x00,0x00,0x00,0x00,0x00,0x00,0x00,0x00,0x00,0x00,0x00,0x00,0x00,0x00,0x00,
    0x00,0x00,0x00,0x00,0x00,0x00,0x00,0x00,0x00,0x00,0x00,0x00,0x00,0x00,0x00,0x00,
    0x00,0x00,0x00,0x00,0x00,0x00,0x00,0x00,0x00,0x00,0x00,0x00,0x00,0x00,0x00,0x00,
    0x00,0x00,0x00,0x00,0x00,0x00,0x00,0x00,0x00,0x00,0x00,0x00,0x00,0x00,0x00,0x00,
    0x00,0x00,0x00,0x00,0x00,0x00,0x00,0x00,0x00,0x00,0x00,0x00,0x00,0x00,0x00,0x00,
    0x00,0x00,0x00,0x00,0x00,0x00,0x00,0x00,0x00,0x00,0x00,0x00,0x00,0x00,0x00,0x00,
    0x00,0x00,0x00,0x00,0x00,0x00,0x00,0x00,0x00,0x00,0x00,0x00,0x00,0x00,0x00,0x00,
    0x00,0x00,0x00,0x00,0x00,0x00,0x00,0x00,0x00,0x00,0x00,0x00,0x00,0x00,0x00,0x00,
    0x00,0x00,0x00,0x00,0x00,0x00,0x00,0x00,0x00,0x00,0x00,0x00,0x00,0x00,0x00,0x00,
    0x00,0x00,0x00,0x00,0x00,0x00,0x00,0x00,0x00,0x00,0x00,0x00,0x00,0x00,0x00,0x00,
    0x00,0x00,0x00,0x00,0x00,0x00,0x00,0x00,0x00,0x00,0x00,0x00,0x00,0x00,0x00,0x00,
    0x00,0x00,0x00,0x00,0x00,0x00,0x00,0x00,0x00,0x00,0x00,0x00,0x00,0x00,0x00,0x00,
    0x00,0x00,0x00,0x00,0x00,0x00,0x00,0x00,0x00,0x00,0x00,0x00,0x00,0x00,0x00,0x00,
    0x00,0x00,0x00,0x00,0x00,0x00,0x00,0x00,0x00,0x00,0x00,0x00,0x00,0x00,0x00,0x00,
    0x00,0x00,0x00,0x00,0x00,0x00,0x00,0x00,0x00,0x00,0x00,0x00,0x00,0x00,0x00,0x00,
    0x00,0x00,0x00,0x00,0x00,0x00,0x00,0x00,0x00,0x00,0x00,0x00,0x00,0x00,0x00,0x00,
    0x00,0x00,0x00,0x00,0x00,0x00,0x00,0x00,0x00,0x00,0x00,0x00,0x00,0x00,0x00,0x00,
    0x00,0x00,0x00,0x00,0x00,0x00,0x00,0x00,0x00,0x00,0x00,0x00,0x00,0x00,0x00,0x00,
    0x00,0x00,0x00,0x00,0x00,0x00,0x00,0x00,0x00,0x00,0x00,0x00,0x00,0x00,0x00,0x00,
    0x00,0x00,0x00,0x00,0x00,0x00,0x00,0x00,0x00,0x00,0x00,0x00,0x00,0x00,0x00,0x00,
    0x00,0x00,0x00,0x00,0x00,0x00,0x00,0x00,0x00,0x00,0x00,0x00,0x00,0x00,0x00,0x00,
    0x00,0x00,0x00,0x00,0x00,0x00,0x00,0x00,0x00,0x00,0x00,0x00,0x00,0x00,0x00,0x00,
    0x00,0x00,0x00,0x00,0x00,0x00,0x00,0x00,0x00,0x00,0x00,0x00,0x00,0x00,0x00,0x00,
    0x00,0x00,0x00,0x00,0x00,0x00,0x00,0x00,0x00,0x00,0x00,0x00,0x00,0x00,0x00,0x00,
    0x00,0x00,0x00,0x00,0x00,0x00,0x00,0x00,0x00,0x00,0x00,0x00,0x00,0x00,0x00,0x00,
    0x00,0x00,0x00,0x00,0x00,0x00,0x00,0x00,0x00,0x00,0x00,0x00,0x00,0x00,0x00,0x00,
    0x00,0x00,0x00,0x00,0x00,0x00,0x00,0x00,0x00,0x00,0x00,0x00,0x00,0x00,0x00,0x00,
    0x00,0x00,0x00,0x00,0x00,0x00,0x00,0x00,0x00,0x00,0x00,0x00,0x00,0x00,0x00,0x00,
    0x00,0x00,0x00,0x00,0x00,0x00,0x00,0x00,0x00,0x00,0x00,0x00,0x00,0x00,0x00,0x00,
    0x00,0x00,0x00,0x00,0x00,0x00,0x00,0x00,0x00,0x00,0x00,0x00,0x00,0x00,0x00,0x00,
    0x00,0x00,0x00,0x00,0x00,0x00,0x00,0x00,0x00,0x00,0x00,0x00,0x00,0x00,0x00,0x00,
    0x00,0x00,0x00,0x00,0x00,0x00,0x00,0x00,0x00,0x00,0x00,0x00,0x00,0x00,0x00,0x00,
    0x00,0x00,0x00,0x00,0x00,0x00,0x00,0x00,0x00,0x00,0x00,0x00,0x00,0x00,0x00,0x00,
    0x00,0x00,0x00,0x00,0x00,0x00,0x00,0x00,0x00,0x00,0x00,0x00,0x00,0x00,0x00,0x00,
    0x00,0x00,0x00,0x00,0x00,0x00,0x00,0x00,0x00,0x00,0x00,0x00,0x00,0x00,0x00,0x00,
    0x00,0x00,0x00,0x00,0x00,0x00,0x00,0x00,0x00,0x00,0x00,0x00,0x00,0x00,0x00,0x00,
    0x00,0x00,0x00,0x00,0x00,0x00,0x00,0x00,0x00,0x00,0x00,0x00,0x00,0x00,0x00,0x00,
    0x00,0x00,0x00,0x00,0x00,0x00,0x00,0x00,0x00,0x00,0x00,0x00,0x00,0x00,0x00,0x00,
    0x00,0x00,0x00,0x00,0x00,0x00,0x00,0x00,0x00,0x00,0x00,0x00,0x00,0x00,0x00,0x00,
    0x00,0x00,0x00,0x00,0x00,0x00,0x00,0x00,0x00,0x00,0x00,0x00,0x00,0x00,0x00,0x00,
    0x00,0x00,0x00,0x00,0x00,0x00,0x00,0x00,0x00,0x00,0x00,0x00,0x00,0x00,0x00,0x00,
    0x00,0x00,0x00,0x00,0x00,0x00,0x00,0x00,0x00,0x00,0x00,0x00,0x00,0x00,0x00,0x00,
    0x00,0x00,0x00,0x00,0x00,0x00,0x00,0x00,0x00,0x00,0x00,0x00,0x00,0x00,0x00,0x00,
    0x00,0x00,0x00,0x00,0x00,0x00,0x00,0x00,0x00,0x00,0x00,0x00,0x00,0x00,0x00,0x00,
    0x00,0x00,0x00,0x00,0x00,0x00,0x00,0x00,0x00,0x00,0x00,0x00,0x00,0x00,0x00,0x00,
    0x00,0x00,0x00,0x00,0x00,0x00,0x00,0x00,0x00,0x00,0x00,0x00,0x00,0x00,0x00,0x00,
    0x00,0x00,0x00,0x00,0x00,0x00,0x00,0x00,0x00,0x00,0x00,0x00,0x00,0x00,0x00,0x00,
    0x00,0x00,0x00,0x00,0x00,0x00,0x00,0x00,0x00,0x00,0x00,0x00,0x00,0x00,0x00,0x00,
    0x00,0x00,0x00,0x00,0x00,0x00,0x00,0x00,0x00,0x00,0x00,0x00,0x00,0x00,0x00,0x00,
    0x00,0x00,0x00,0x00,0x00,0x00,0x00,0x00,0x00,0x00,0x00,0x00,0x00,0x00,0x00,0x00,
    0x00,0x00,0x00,0x00,0x00,0x00,0x00,0x00,0x00,0x00,0x00,0x00,0x00,0x00,0x00,0x00,
    0x00,0x00,0x00,0x00,0x00,0x00,0x00,0x00,0x00,0x00,0x00,0x00,0x00,0x00,0x00,0x00,
    0x00,0x00,0x00,0x00,0x00,0x00,0x00,0x00,0x00,0x00,0x00,0x00,0x00,0x00,0x00,0x00,
    0x00,0x00,0x00,0x00,0x00,0x00,0x00,0x00,0x00,0x00,0x00,0x00,0x00,0x00,0x00,0x00,
    0x00,0x00,0x00,0x00,0x00,0x00,0x00,0x00,0x00,0x00,0x00,0x00,0x00,0x00,0x00,0x00,
    0x00,0x00,0x00,0x00,0x00,0x00,0x00,0x00,0x00,0x00,0x00,0x00,0x00,0x00,0x00,0x00,
    0x00,0x00,0x00,0x00,0x00,0x00,0x00,0x00,0x00,0x00,0x00,0x00,0x00,0x00,0x00,0x00,
    0x00,0x00,0x00,0x00,0x00,0x00,0x00,0x00,0x00,0x00,0x00,0x00,0x00,0x00,0x00,0x00,
    0x00,0x00,0x00,0x00,0x00,0x00,0x00,0x00,0x00,0x00,0x00,0x00,0x00,0x00,0x00,0x00,
    0x00,0x00,0x00,0x00,0x00,0x00,0x00,0x00,0x00,0x00,0x00,0x00,0x00,0x00,0x00,0x00,
    0x00,0x00,0x00,0x00,0x00,0x00,0x00,0x00,0x00,0x00,0x00,0x00,0x00,0x00,0x00,0x00,
    0x00,0x00,0x00,0x00,0x00,0x00,0x00,0x00,0x00,0x00,0x00,0x00,0x00,0x00,0x00,0x00,
    0x00,0x00,0x00,0x00,0x00,0x00,0x00,0x00,0x00,0x00,0x00,0x00,0x00,0x00,0x00,0x00,
    0x00,0x00,0x00,0x00,0x00,0x00,0x00,0x00,0x00,0x00,0x00,0x00,0x00,0x00,0x00,0x00,
    0x00,0x00,0x00,0x00,0x00,0x00,0x00,0x00,0x00,0x00,0x00,0x00,0x00,0x00,0x00,0x00,
    0x00,0x00,0x00,0x00,0x00,0x00,0x00,0x00,0x00,0x00,0x00,0x00,0x00,0x00,0x00,0x00,
    0x00,0x00,0x00,0x00,0x00,0x00,0x00,0x00,0x00,0x00,0x00,0x00,0x00,0x00,0x00,0x00,
    0x00,0x00,0x00,0x00,0x00,0x00,0x00,0x00,0x00,0x00,0x00,0x00,0x00,0x00,0x00,0x00,
    0x00,0x00,0x00,0x00,0x00,0x00,0x00,0x00,0x00,0x00,0x00,0x00,0x00,0x00,0x00,0x00,
    0x00,0x00,0x00,0x00,0x00,0x00,0x00,0x00,0x00,0x00,0x00,0x00,0x00,0x00,0x00,0x00,
    0x00,0x00,0x00,0x00,0x00,0x00,0x00,0x00,0x00,0x00,0x00,0x00,0x00,0x00,0x00,0x00,
    0x00,0x00,0x00,0x00,0x00,0x00,0x00,0x00,0x00,0x00,0x00,0x00,0x00,0x00,0x00,0x00,
    0x00,0x00,0x00,0x00,0x00,0x00,0x00,0x00,0x00,0x00,0x00,0x00,0x00,0x00,0x00,0x00,
    0x00,0x00,0x00,0x00,0x00,0x00,0x00,0x00,0x00,0x00,0x00,0x00,0x00,0x00,0x00,0x00,
    0x00,0x00,0x00,0x00,0x00,0x00,0x00,0x00,0x00,0x00,0x00,0x00,0x00,0x00,0x00,0x00,
    0x00,0x00,0x00,0x00,0x00,0x00,0x00,0x00,0x00,0x00,0x00,0x00,0x00,0x00,0x00,0x00,
    0x00,0x00,0x00,0x00,0x00,0x00,0x00,0x00,0x00,0x00,0x00,0x00,0x00,0x00,0x00,0x00,
    0x00,0x00,0x00,0x00,0x00,0x00,0x00,0x00,0x00,0x00,0x00,0x00,0x00,0x00,0x00,0x00,
    0x00,0x00,0x00,0x00,0x00,0x00,0x00,0x00,0x00,0x00,0x00,0x00,0x00,0x00,0x00,0x00,
    0x00,0x00,0x00,0x00,0x00,0x00,0x00,0x00,0x00,0x00,0x00,0x00,0x00,0x00,0x00,0x00,
    0x00,0x00,0x00,0x00,0x00,0x00,0x00,0x00,0x00,0x00,0x00,0x00,0x00,0x00,0x00,0x00,
    0x00,0x00,0x00,0x00,0x00,0x00,0x00,0x00,0x00,0x00,0x00,0x00,0x00,0x00,0x00,0x00,
    0x00,0x00,0x00,0x00,0x00,0x00,0x00,0x00,0x00,0x00,0x00,0x00,0x00,0x00,0x00,0x00,
    0x00,0x00,0x00,0x00,0x00,0x00,0x00,0x00,0x00,0x00,0x00,0x00,0x00,0x00,0x00,0x00,
    0x00,0x00,0x00,0x00,0x00,0x00,0x00,0x00,0x00,0x00,0x00,0x00,0x00,0x00,0x00,0x00,
    0x00,0x00,0x00,0x00,0x00,0x00,0x00,0x00,0x00,0x00,0x00,0x00,0x00,0x00,0x00,0x00,
    0x00,0x00,0x00,0x00,0x00,0x00,0x00,0x00,0x00,0x00,0x00,0x00,0x00,0x00,0x00,0x00,
    0x00,0x00,0x00,0x00,0x00,0x00,0x00,0x00,0x00,0x00,0x00,0x00,0x00,0x00,0x00,0x00,
    0x00,0x00,0x00,0x00,0x00,0x00,0x00,0x00,0x00,0x00,0x00,0x00,0x00,0x00,0x00,0x00,
    0x00,0x00,0x00,0x00,0x00,0x00,0x00,0x00,0x00,0x00,0x00,0x00,0x00,0x00,0x00,0x00,
    0x00,0x00,0x00,0x00,0x00,0x00,0x00,0x00,0x00,0x00,0x00,0x00,0x00,0x00,0x00,0x00,
    0x00,0x00,0x00,0x00,0x00,0x00,0x00,0x00,0x00,0x00,0x00,0x00,0x00,0x00,0x00,0x00,
    0x00,0x00,0x00,0x00,0x00,0x00,0x00,0x00,0x00,0x00,0x00,0x00,0x00,0x00,0x00,0x00,
    0x00,0x00,0x00,0x00,0x00,0x00,0x00,0x00,0x00,0x00,0x00,0x00,0x00,0x00,0x00,0x00,
    0x00,0x00,0x00,0x00,0x00,0x00,0x00,0x00,0x00,0x00,0x00,0x00,0x00,0x00,0x00,0x00,
    0x00,0x00,0x00,0x00,0x00,0x00,0x00,0x00,0x00,0x00,0x00,0x00,0x00,0x00,0x00,0x00,
    0x00,0x00,0x00,0x00,0x00,0x00,0x00,0x00,0x00,0x00,0x00,0x00,0x00,0x00,0x00,0x00,
    0x00,0x00,0x00,0x00,0x00,0x00,0x00,0x00,0x00,0x00,0x00,0x00,0x00,0x00,0x00,0x00,
    0x00,0x00,0x00,0x00,0x00,0x00,0x00,0x00,0x00,0x00,0x00,0x00,0x00,0x00,0x00,0x00,
    0x00,0x00,0x00,0x00,0x00,0x00,0x00,0x00,0x00,0x00,0x00,0x00,0x00,0x00,0x00,0x00,
    0x00,0x00,0x00,0x00,0x00,0x00,0x00,0x00,0x00,0x00,0x00,0x00,0x00,0x00,0x00,0x00,
    0x00,0x00,0x00,0x00,0x00,0x00,0x00,0x00,0x00,0x00,0x00,0x00,0x00,0x00,0x00,0x00,
    0x00,0x00,0x00,0x00,0x00,0x00,0x00,0x00,0x00,0x00,0x00,0x00,0x00,0x00,0x00,0x00,
    0x00,0x00,0x00,0x00,0x00,0x00,0x00,0x00,0x00,0x00,0x00,0x00,0x00,0x00,0x00,0x00,
    0x00,0x00,0x00,0x00,0x00,0x00,0x00,0x00,0x00,0x00,0x00,0x00,0x00,0x00,0x00,0x00,
    0x00,0x00,0x00,0x00,0x00,0x00,0x00,0x00,0x00,0x00,0x00,0x00,0x00,0x00,0x00,0x00,
    0x00,0x00,0x00,0x00,0x00,0x00,0x00,0x00,0x00,0x00,0x00,0x00,0x00,0x00,0x00,0x00,
    0x00,0x00,0x00,0x00,0x00,0x00,0x00,0x00,0x00,0x00,0x00,0x00,0x00,0x00,0x00,0x00,
    0x00,0x00,0x00,0x00,0x00,0x00,0x00,0x00,0x00,0x00,0x00,0x00,0x00,0x00,0x00,0x00,
    0x00,0x00,0x00,0x00,0x00,0x00,0x00,0x00,0x00,0x00,0x00,0x00,0x00,0x00,0x00,0x00,
    0x00,0x00,0x00,0x00,0x00,0x00,0x00,0x00,0x00,0x00,0x00,0x00,0x00,0x00,0x00,0x00,
    0x00,0x00,0x00,0x00,0x00,0x00,0x00,0x00,0x00,0x00,0x00,0x00,0x00,0x00,0x00,0x00,
    0x00,0x00,0x00,0x00,0x00,0x00,0x00,0x00,0x00,0x00,0x00,0x00,0x00,0x00,0x00,0x00,
    0x00,0x00,0x00,0x00,0x00,0x00,0x00,0x00,0x00,0x00,0x00,0x00,0x00,0x00,0x00,0x00,
    0x00,0x00,0x00,0x00,0x00,0x00,0x00,0x00,0x00,0x00,0x00,0x00,0x00,0x00,0x00,0x00,
    0x00,0x00,0x00,0x00,0x00,0x00,0x00,0x00,0x00,0x00,0x00,0x00,0x00,0x00,0x00,0x00,
    0x00,0x00,0x00,0x00,0x00,0x00,0x00,0x00,0x00,0x00,0x00,0x00,0x00,0x00,0x00,0x00,
    0x00,0x00,0x00,0x00,0x00,0x00,0x00,0x00,0x00,0x00,0x00,0x00,0x00,0x00,0x00,0x00,
    0x00,0x00,0x00,0x00,0x00,0x00,0x00,0x00,0x00,0x00,0x00,0x00,0x00,0x00,0x00,0x00,
    0x00,0x00,0x00,0x00,0x00,0x00,0x00,0x00,0x00,0x00,0x00,0x00,0x00,0x00,0x00,0x00,
    0x00,0x00,0x00,0x00,0x00,0x00,0x00,0x00,0x00,0x00,0x00,0x00,0x00,0x00,0x00,0x00,
    0x00,0x00,0x00,0x00,0x00,0x00,0x00,0x00,0x00,0x00,0x00,0x00,0x00,0x00,0x00,0x00,
    0x00,0x00,0x00,0x00,0x00,0x00,0x00,0x00,0x00,0x00,0x00,0x00,0x00,0x00,0x00,0x00,
    0x00,0x00,0x00,0x00,0x00,0x00,0x00,0x00,0x00,0x00,0x00,0x00,0x00,0x00,0x00,0x00,
    0x00,0x00,0x00,0x00,0x00,0x00,0x00,0x00,0x00,0x00,0x00,0x00,0x00,0x00,0x00,0x00,
    0x00,0x00,0x00,0x00,0x00,0x00,0x00,0x00,0x00,0x00,0x00,0x00,0x00,0x00,0x00,0x00,
    0x00,0x00,0x00,0x00,0x00,0x00,0x00,0x00,0x00,0x00,0x00,0x00,0x00,0x00,0x00,0x00,
    0x00,0x00,0x00,0x00,0x00,0x00,0x00,0x00,0x00,0x00,0x00,0x00,0x00,0x00,0x00,0x00,
    0x00,0x00,0x00,0x00,0x00,0x00,0x00,0x00,0x00,0x00,0x00,0x00,0x00,0x00,0x00,0x00,
    0x00,0x00,0x00,0x00,0x00,0x00,0x00,0x00,0x00,0x00,0x00,0x00,0x00,0x00,0x00,0x00,
    0x00,0x00,0x00,0x00,0x00,0x00,0x00,0x00,0x00,0x00,0x00,0x00,0x00,0x00,0x00,0x00,
    0x00,0x00,0x00,0x00,0x00,0x00,0x00,0x00,0x00,0x00,0x00,0x00,0x00,0x00,0x00,0x00,
    0x00,0x00,0x00,0x00,0x00,0x00,0x00,0x00,0x00,0x00,0x00,0x00,0x00,0x00,0x00,0x00,
    0x00,0x00,0x00,0x00,0x00,0x00,0x00,0x00,0x00,0x00,0x00,0x00,0x00,0x00,0x00,0x00,
    0x00,0x00,0x00,0x00,0x00,0x00,0x00,0x00,0x00,0x00,0x00,0x00,0x00,0x00,0x00,0x00,
    0x00,0x00,0x00,0x00,0x00,0x00,0x00,0x00,0x00,0x00,0x00,0x00,0x00,0x00,0x00,0x00,
    0x00,0x00,0x00,0x00,0x00,0x00,0x00,0x00,0x00,0x00,0x00,0x00,0x00,0x00,0x00,0x00,
    0x00,0x00,0x00,0x00,0x00,0x00,0x00,0x00,0x00,0x00,0x00,0x00,0x00,0x00,0x00,0x00,
    0x00,0x00,0x00,0x00,0x00,0x00,0x00,0x00,0x00,0x00,0x00,0x00,0x00,0x00,0x00,0x00,
    0x00,0x00,0x00,0x00,0x00,0x00,0x00,0x00,0x00,0x00,0x00,0x00,0x00,0x00,0x00,0x00,
    0x00,0x00,0x00,0x00,0x00,0x00,0x00,0x00,0x00,0x00,0x00,0x00,0x00,0x00,0x00,0x00,
    0x00,0x00,0x00,0x00,0x00,0x00,0x00,0x00,0x00,0x00,0x00,0x00,0x00,0x00,0x00,0x00,
    0x00,0x00,0x00,0x00,0x00,0x00,0x00,0x00,0x00,0x00,0x00,0x00,0x00,0x00,0x00,0x00,
    0x00,0x00,0x00,0x00,0x00,0x00,0x00,0x00,0x00,0x00,0x00,0x00,0x00,0x00,0x00,0x00,
    0x00,0x00,0x00,0x00,0x00,0x00,0x00,0x00,0x00,0x00,0x00,0x00,0x00,0x00,0x00,0x00,
    0x00,0x00,0x00,0x00,0x00,0x00,0x00,0x00,0x00,0x00,0x00,0x00,0x00,0x00,0x00,0x00,
    0x00,0x00,0x00,0x00,0x00,0x00,0x00,0x00,0x00,0x00,0x00,0x00,0x00,0x00,0x00,0x00,
    0x00,0x00,0x00,0x00,0x00,0x00,0x00,0x00,0x00,0x00,0x00,0x00,0x00,0x00,0x00,0x00,
    0x00,0x00,0x00,0x00,0x00,0x00,0x00,0x00,0x00,0x00,0x00,0x00,0x00,0x00,0x00,0x00,
    0x00,0x00,0x00,0x00,0x00,0x00,0x00,0x00,0x00,0x00,0x00,0x00,0x00,0x00,0x00,0x00,
    0x00,0x00,0x00,0x00,0x00,0x00,0x00,0x00,0x00,0x00,0x00,0x00,0x00,0x00,0x00,0x00,
    0x00,0x00,0x00,0x00,0x00,0x00,0x00,0x00,0x00,0x00,0x00,0x00,0x00,0x00,0x00,0x00,
    0x00,0x00,0x00,0x00,0x00,0x00,0x00,0x00,0x00,0x00,0x00,0x00,0x00,0x00,0x00,0x00,
    0x00,0x00,0x00,0x00,0x00,0x00,0x00,0x00,0x00,0x00,0x00,0x00,0x00,0x00,0x00,0x00,
    0x00,0x00,0x00,0x00,0x00,0x00,0x00,0x00,0x00,0x00,0x00,0x00,0x00,0x00,0x00,0x00,
    0x00,0x00,0x00,0x00,0x00,0x00,0x00,0x00,0x00,0x00,0x00,0x00,0x00,0x00,0x00,0x00,
    0x00,0x00,0x00,0x00,0x00,0x00,0x00,0x00,0x00,0x00,0x00,0x00,0x00,0x00,0x00,0x00,
    0x00,0x00,0x00,0x00,0x00,0x00,0x00,0x00,0x00,0x00,0x00,0x00,0x00,0x00,0x00,0x00,
    0x00,0x00,0x00,0x00,0x00,0x00,0x00,0x00,0x00,0x00,0x00,0x00,0x00,0x00,0x00,0x00,
    0x00,0x00,0x00,0x00,0x00,0x00,0x00,0x00,0x00,0x00,0x00,0x00,0x00,0x00,0x00,0x00,
    0x00,0x00,0x00,0x00,0x00,0x00,0x00,0x00,0x00,0x00,0x00,0x00,0x00,0x00,0x00,0x00,
    0x00,0x00,0x00,0x00,0x00,0x00,0x00,0x00,0x00,0x00,0x00,0x00,0x00,0x00,0x00,0x00,
    0x00,0x00,0x00,0x00,0x00,0x00,0x00,0x00,0x00,0x00,0x00,0x00,0x00,0x00,0x00,0x00,
    0x00,0x00,0x00,0x00,0x00,0x00,0x00,0x00,0x00,0x00,0x00,0x00,0x00,0x00,0x00,0x00,
    0x00,0x00,0x00,0x00,0x00,0x00,0x00,0x00,0x00,0x00,0x00,0x00,0x00,0x00,0x00,0x00,
    0x00,0x00,0x00,0x00,0x00,0x00,0x00,0x00,0x00,0x00,0x00,0x00,0x00,0x00,0x00,0x00,
    0x00,0x00,0x00,0x00,0x00,0x00,0x00,0x00,0x00,0x00,0x00,0x00,0x00,0x00,0x00,0x00,
    0x00,0x00,0x00,0x00,0x00,0x00,0x00,0x00,0x00,0x00,0x00,0x00,0x00,0x00,0x00,0x00,
    0x00,0x00,0x00,0x00,0x00,0x00,0x00,0x00,0x00,0x00,0x00,0x00,0x00,0x00,0x00,0x00,
    0x00,0x00,0x00,0x00,0x00,0x00,0x00,0x00,0x00,0x00,0x00,0x00,0x00,0x00,0x00,0x00,
    0x00,0x00,0x00,0x00,0x00,0x00,0x00,0x00,0x00,0x00,0x00,0x00,0x00,0x00,0x00,0x00,
    0x00,0x00,0x00,0x00,0x00,0x00,0x00,0x00,0x00,0x00,0x00,0x00,0x00,0x00,0x00,0x00,
    0x00,0x00,0x00,0x00,0x00,0x00,0x00,0x00,0x00,0x00,0x00,0x00,0x00,0x00,0x00,0x00,
    0x00,0x00,0x00,0x00,0x00,0x00,0x00,0x00,0x00,0x00,0x00,0x00,0x00,0x00,0x00,0x00,
    0x00,0x00,0x00,0x00,0x00,0x00,0x00,0x00,0x00,0x00,0x00,0x00,0x00,0x00,0x00,0x00,
    0x00,0x00,0x00,0x00,0x00,0x00,0x00,0x00,0x00,0x00,0x00,0x00,0x00,0x00,0x00,0x00,
    0x00,0x00,0x00,0x00,0x00,0x00,0x00,0x00,0x00,0x00,0x00,0x00,0x00,0x00,0x00,0x00,
    0x00,0x00,0x00,0x00,0x00,0x00,0x00,0x00,0x00,0x00,0x00,0x00,0x00,0x00,0x00,0x00,
    0x00,0x00,0x00,0x00,0x00,0x00,0x00,0x00,0x00,0x00,0x00,0x00,0x00,0x00,0x00,0x00,
    0x00,0x00,0x00,0x00,0x00,0x00,0x00,0x00,0x00,0x00,0x00,0x00,0x00,0x00,0x00,0x00,
    0x00,0x00,0x00,0x00,0x00,0x00,0x00,0x00,0x00,0x00,0x00,0x00,0x00,0x00,0x00,0x00,
    0x00,0x00,0x00,0x00,0x00,0x00,0x00,0x00,0x00,0x00,0x00,0x00,0x00,0x00,0x00,0x00,
    0x00,0x00,0x00,0x00,0x00,0x00,0x00,0x00,0x00,0x00,0x00,0x00,0x00,0x00,0x00,0x00,
    0x00,0x00,0x00,0x00,0x00,0x00,0x00,0x00,0x00,0x00,0x00,0x00,0x00,0x00,0x00,0x00,
    0x00,0x00,0x00,0x00,0x00,0x00,0x00,0x00,0x00,0x00,0x00,0x00,0x00,0x00,0x00,0x00,
    0x00,0x00,0x00,0x00,0x00,0x00,0x00,0x00,0x00,0x00,0x00,0x00,0x00,0x00,0x00,0x00,
    0x00,0x00,0x00,0x00,0x00,0x00,0x00,0x00,0x00,0x00,0x00,0x00,0x00,0x00,0x00,0x00,
    0x00,0x00,0x00,0x00,0x00,0x00,0x00,0x00,0x00,0x00,0x00,0x00,0x00,0x00,0x00,0x00,
    0x00,0x00,0x00,0x00,0x00,0x00,0x00,0x00,0x00,0x00,0x00,0x00,0x00,0x00,0x00,0x00,
    0x00,0x00,0x00,0x00,0x00,0x00,0x00,0x00,0x00,0x00,0x00,0x00,0x00,0x00,0x00,0x00,
    0x00,0x00,0x00,0x00,0x00,0x00,0x00,0x00,0x00,0x00,0x00,0x00,0x00,0x00,0x00,0x00,
    0x00,0x00,0x00,0x00,0x00,0x00,0x00,0x00,0x00,0x00,0x00,0x00,0x00,0x00,0x00,0x00,
    0x00,0x00,0x00,0x00,0x00,0x00,0x00,0x00,0x00,0x00,0x00,0x00,0x00,0x00,0x00,0x00,
    0x00,0x00,0x00,0x00,0x00,0x00,0x00,0x00,0x00,0x00,0x00,0x00,0x00,0x00,0x00,0x00,
    0x00,0x00,0x00,0x00,0x00,0x00,0x00,0x00,0x00,0x00,0x00,0x00,0x00,0x00,0x00,0x00,
    0x00,0x00,0x00,0x00,0x00,0x00,0x00,0x00,0x00,0x00,0x00,0x00,0x00,0x00,0x00,0x00,
    0x00,0x00,0x00,0x00,0x00,0x00,0x00,0x00,0x00,0x00,0x00,0x00,0x00,0x00,0x00,0x00,
    0x00,0x00,0x00,0x00,0x00,0x00,0x00,0x00,0x00,0x00,0x00,0x00,0x00,0x00,0x00,0x00,
    0x00,0x00,0x00,0x00,0x00,0x00,0x00,0x00,0x00,0x00,0x00,0x00,0x00,0x00,0x00,0x00,
    0x00,0x00,0x00,0x00,0x00,0x00,0x00,0x00,0x00,0x00,0x00,0x00,0x00,0x00,0x00,0x00,
    0x00,0x00,0x00,0x00,0x00,0x00,0x00,0x00,0x00,0x00,0x00,0x00,0x00,0x00,0x00,0x00,
    0x00,0x00,0x00,0x00,0x00,0x00,0x00,0x00,0x00,0x00,0x00,0x00,0x00,0x00,0x00,0x00,
    0x00,0x00,0x00,0x00,0x00,0x00,0x00,0x00,0x00,0x00,0x00,0x00,0x00,0x00,0x00,0x00,
    0x00,0x00,0x00,0x00,0x00,0x00,0x00,0x00,0x00,0x00,0x00,0x00,0x00,0x00,0x00,0x00,
    0x00,0x00,0x00,0x00,0x00,0x00,0x00,0x00,0x00,0x00,0x00,0x00,0x00,0x00,0x00,0x00,
    0x00,0x00,0x00,0x00,0x00,0x00,0x00,0x00,0x00,0x00,0x00,0x00,0x00,0x00,0x00,0x00,
    0x00,0x00,0x00,0x00,0x00,0x00,0x00,0x00,0x00,0x00,0x00,0x00,0x00,0x00,0x00,0x00,
    0x00,0x00,0x00,0x00,0x00,0x00,0x00,0x00,0x00,0x00,0x00,0x00,0x00,0x00,0x00,0x00,
    0x00,0x00,0x00,0x00,0x00,0x00,0x00,0x00,0x00,0x00,0x00,0x00,0x00,0x00,0x00,0x00,
    0x00,0x00,0x00,0x00,0x00,0x00,0x00,0x00,0x00,0x00,0x00,0x00,0x00,0x00,0x00,0x00,
    0x00,0x00,0x00,0x00,0x00,0x00,0x00,0x00,0x00,0x00,0x00,0x00,0x00,0x00,0x00,0x00,
    0x00,0x00,0x00,0x00,0x00,0x00,0x00,0x00,0x00,0x00,0x00,0x00,0x00,0x00,0x00,0x00,
    0x00,0x00,0x00,0x00,0x00,0x00,0x00,0x00,0x00,0x00,0x00,0x00,0x00,0x00,0x00,0x00,
    0x00,0x00,0x00,0x00,0x00,0x00,0x00,0x00,0x00,0x00,0x00,0x00,0x00,0x00,0x00,0x00,
    0x00,0x00,0x00,0x00,0x00,0x00,0x00,0x00,0x00,0x00,0x00,0x00,0x00,0x00,0x00,0x00,
    0x00,0x00,0x00,0x00,0x00,0x00,0x00,0x00,0x00,0x00,0x00,0x00,0x00,0x00,0x00,0x00,
    0x00,0x00,0x00,0x00,0x00,0x00,0x00,0x00,0x00,0x00,0x00,0x00,0x00,0x00,0x00,0x00,
    0x00,0x00,0x00,0x00,0x00,0x00,0x00,0x00,0x00,0x00,0x00,0x00,0x00,0x00,0x00,0x00,
    0x00,0x00,0x00,0x00,0x00,0x00,0x00,0x00,0x00,0x00,0x00,0x00,0x00,0x00,0x00,0x00,
    0x00,0x00,0x00,0x00,0x00,0x00,0x00,0x00,0x00,0x00,0x00,0x00,0x00,0x00,0x00,0x00,
    0x00,0x00,0x00,0x00,0x00,0x00,0x00,0x00,0x00,0x00,0x00,0x00,0x00,0x00,0x00,0x00,
    0x00,0x00,0x00,0x00,0x00,0x00,0x00,0x00,0x00,0x00,0x00,0x00,0x00,0x00,0x00,0x00,
    0x00,0x00,0x00,0x00,0x00,0x00,0x00,0x00,0x00,0x00,0x00,0x00,0x00,0x00,0x00,0x00,
    0x00,0x00,0x00,0x00,0x00,0x00,0x00,0x00,0x00,0x00,0x00,0x00,0x00,0x00,0x00,0x00,
    0x00,0x00,0x00,0x00,0x00,0x00,0x00,0x00,0x00,0x00,0x00,0x00,0x00,0x00,0x00,0x00,
    0x00,0x00,0x00,0x00,0x00,0x00,0x00,0x00,0x00,0x00,0x00,0x00,0x00,0x00,0x00,0x00,
    0x00,0x00,0x00,0x00,0x00,0x00,0x00,0x00,0x00,0x00,0x00,0x00,0x00,0x00,0x00,0x00,
    0x00,0x00,0x00,0x00,0x00,0x00,0x00,0x00,0x00,0x00,0x00,0x00,0x00,0x00,0x00,0x00,
    0x00,0x00,0x00,0x00,0x00,0x00,0x00,0x00,0x00,0x00,0x00,0x00,0x00,0x00,0x00,0x00,
    0x00,0x00,0x00,0x00,0x00,0x00,0x00,0x00,0x00,0x00,0x00,0x00,0x00,0x00,0x00,0x00,
    0x00,0x00,0x00,0x00,0x00,0x00,0x00,0x00,0x00,0x00,0x00,0x00,0x00,0x00,0x00,0x00,
    0x00,0x00,0x00,0x00,0x00,0x00,0x00,0x00,0x00,0x00,0x00,0x00,0x00,0x00,0x00,0x00,
    0x00,0x00,0x00,0x00,0x00,0x00,0x00,0x00,0x00,0x00,0x00,0x00,0x00,0x00,0x00,0x00,
    0x00,0x00,0x00,0x00,0x00,0x00,0x00,0x00,0x00,0x00,0x00,0x00,0x00,0x00,0x00,0x00,
    0x00,0x00,0x00,0x00,0x00,0x00,0x00,0x00,0x00,0x00,0x00,0x00,0x00,0x00,0x00,0x00,
    0x00,0x00,0x00,0x00,0x00,0x00,0x00,0x00,0x00,0x00,0x00,0x00,0x00,0x00,0x00,0x00,
    0x00,0x00,0x00,0x00,0x00,0x00,0x00,0x00,0x00,0x00,0x00,0x00,0x00,0x00,0x00,0x00,
    0x00,0x00,0x00,0x00,0x00,0x00,0x00,0x00,0x00,0x00,0x00,0x00,0x00,0x00,0x00,0x00,
    0x00,0x00,0x00,0x00,0x00,0x00,0x00,0x00,0x00,0x00,0x00,0x00,0x00,0x00,0x00,0x00,
    0x00,0x00,0x00,0x00,0x00,0x00,0x00,0x00,0x00,0x00,0x00,0x00,0x00,0x00,0x00,0x00,
    0x00,0x00,0x00,0x00,0x00,0x00,0x00,0x00,0x00,0x00,0x00,0x00,0x00,0x00,0x00,0x00,
    0x00,0x00,0x00,0x00,0x00,0x00,0x00,0x00,0x00,0x00,0x00,0x00,0x00,0x00,0x00,0x00,
    0x00,0x00,0x00,0x00,0x00,0x00,0x00,0x00,0x00,0x00,0x00,0x00,0x00,0x00,0x00,0x00,
    0x00,0x00,0x00,0x00,0x00,0x00,0x00,0x00,0x00,0x00,0x00,0x00,0x00,0x00,0x00,0x00,
    0x00,0x00,0x00,0x00,0x00,0x00,0x00,0x00,0x00,0x00,0x00,0x00,0x00,0x00,0x00,0x00,
    0x00,0x00,0x00,0x00,0x00,0x00,0x00,0x00,0x00,0x00,0x00,0x00,0x00,0x00,0x00,0x00,
    0x00,0x00,0x00,0x00,0x00,0x00,0x00,0x00,0x00,0x00,0x00,0x00,0x00,0x00,0x00,0x00,
    0x00,0x00,0x00,0x00,0x00,0x00,0x00,0x00,0x00,0x00,0x00,0x00,0x00,0x00,0x00,0x00,
    0x00,0x00,0x00,0x00,0x00,0x00,0x00,0x00,0x00,0x00,0x00,0x00,0x00,0x00,0x00,0x00,
    0x00,0x00,0x00,0x00,0x00,0x00,0x00,0x00,0x00,0x00,0x00,0x00,0x00,0x00,0x00,0x00,
    0x00,0x00,0x00,0x00,0x00,0x00,0x00,0x00,0x00,0x00,0x00,0x00,0x00,0x00,0x00,0x00,
    0x00,0x00,0x00,0x00,0x00,0x00,0x00,0x00,0x00,0x00,0x00,0x00,0x00,0x00,0x00,0x00,
    0x00,0x00,0x00,0x00,0x00,0x00,0x00,0x00,0x00,0x00,0x00,0x00,0x00,0x00,0x00,0x00,
    0x00,0x00,0x00,0x00,0x00,0x00,0x00,0x00,0x00,0x00,0x00,0x00,0x00,0x00,0x00,0x00,
    0x00,0x00,0x00,0x00,0x00,0x00,0x00,0x00,0x00,0x00,0x00,0x00,0x00,0x00,0x00,0x00,
    0x00,0x00,0x00,0x00,0x00,0x00,0x00,0x00,0x00,0x00,0x00,0x00,0x00,0x00,0x00,0x00,
    0x00,0x00,0x00,0x00,0x00,0x00,0x00,0x00,0x00,0x00,0x00,0x00,0x00,0x00,0x00,0x00,
    0x00,0x00,0x00,0x00,0x00,0x00,0x00,0x00,0x00,0x00,0x00,0x00,0x00,0x00,0x00,0x00,
    0x00,0x00,0x00,0x00,0x00,0x00,0x00,0x00,0x00,0x00,0x00,0x00,0x00,0x00,0x00,0x00,
    0x00,0x00,0x00,0x00,0x00,0x00,0x00,0x00,0x00,0x00,0x00,0x00,0x00,0x00,0x00,0x00,
    0x00,0x00,0x00,0x00,0x00,0x00,0x00,0x00,0x00,0x00,0x00,0x00,0x00,0x00,0x00,0x00,
    0x00,0x00,0x00,0x00,0x00,0x00,0x00,0x00,0x00,0x00,0x00,0x00,0x00,0x00,0x00,0x00,
    0x00,0x00,0x00,0x00,0x00,0x00,0x00,0x00,0x00,0x00,0x00,0x00,0x00,0x00,0x00,0x00,
    0x00,0x00,0x00,0x00,0x00,0x00,0x00,0x00,0x00,0x00,0x00,0x00,0x00,0x00,0x00,0x00,
    0x00,0x00,0x00,0x00,0x00,0x00,0x00,0x00,0x00,0x00,0x00,0x00,0x00,0x00,0x00,0x00,
    0x00,0x00,0x00,0x00,0x00,0x00,0x00,0x00,0x00,0x00,0x00,0x00,0x00,0x00,0x00,0x00,
    0x00,0x00,0x00,0x00,0x00,0x00,0x00,0x00,0x00,0x00,0x00,0x00,0x00,0x00,0x00,0x00,
    0x00,0x00,0x00,0x00,0x00,0x00,0x00,0x00,0x00,0x00,0x00,0x00,0x00,0x00,0x00,0x00,
    0x00,0x00,0x00,0x00,0x00,0x00,0x00,0x00,0x00,0x00,0x00,0x00,0x00,0x00,0x00,0x00,
    0x00,0x00,0x00,0x00,0x00,0x00,0x00,0x00,0x00,0x00,0x00,0x00,0x00,0x00,0x00,0x00,
    0x00,0x00,0x00,0x00,0x00,0x00,0x00,0x00,0x00,0x00,0x00,0x00,0x00,0x00,0x00,0x00,
    0x00,0x00,0x00,0x00,0x00,0x00,0x00,0x00,0x00,0x00,0x00,0x00,0x00,0x00,0x00,0x00,
    0x00,0x00,0x00,0x00,0x00,0x00,0x00,0x00,0x00,0x00,0x00,0x00,0x00,0x00,0x00,0x00,
    0x00,0x00,0x00,0x00,0x00,0x00,0x00,0x00,0x00,0x00,0x00,0x00,0x00,0x00,0x00,0x00,
    0x00,0x00,0x00,0x00,0x00,0x00,0x00,0x00,0x00,0x00,0x00,0x00,0x00,0x00,0x00,0x00,
    0x00,0x00,0x00,0x00,0x00,0x00,0x00,0x00,0x00,0x00,0x00,0x00,0x00,0x00,0x00,0x00,
    0x00,0x00,0x00,0x00,0x00,0x00,0x00,0x00,0x00,0x00,0x00,0x00,0x00,0x00,0x00,0x00,
    0x00,0x00,0x00,0x00,0x00,0x00,0x00,0x00,0x00,0x00,0x00,0x00,0x00,0x00,0x00,0x00,
    0x00,0x00,0x00,0x00,0x00,0x00,0x00,0x00,0x00,0x00,0x00,0x00,0x00,0x00,0x00,0x00,
    0x00,0x00,0x00,0x00,0x00,0x00,0x00,0x00,0x00,0x00,0x00,0x00,0x00,0x00,0x00,0x00,
    0x00,0x00,0x00,0x00,0x00,0x00,0x00,0x00,0x00,0x00,0x00,0x00,0x00,0x00,0x00,0x00,
    0x00,0x00,0x00,0x00,0x00,0x00,0x00,0x00,0x00,0x00,0x00,0x00,0x00,0x00,0x00,0x00,
    0x00,0x00,0x00,0x00,0x00,0x00,0x00,0x00,0x00,0x00,0x00,0x00,0x00,0x00,0x00,0x00,
    0x00,0x00,0x00,0x00,0x00,0x00,0x00,0x00,0x00,0x00,0x00,0x00,0x00,0x00,0x00,0x00,
    0x00,0x00,0x00,0x00,0x00,0x00,0x00,0x00,0x00,0x00,0x00,0x00,0x00,0x00,0x00,0x00,
    0x00,0x00,0x00,0x00,0x00,0x00,0x00,0x00,0x00,0x00,0x00,0x00,0x00,0x00,0x00,0x00,
    0x00,0x00,0x00,0x00,0x00,0x00,0x00,0x00,0x00,0x00,0x00,0x00,0x00,0x00,0x00,0x00,
    0x00,0x00,0x00,0x00,0x00,0x00,0x00,0x00,0x00,0x00,0x00,0x00,0x00,0x00,0x00,0x00,
    0x00,0x00,0x00,0x00,0x00,0x00,0x00,0x00,0x00,0x00,0x00,0x00,0x00,0x00,0x00,0x00,
    0x00,0x00,0x00,0x00,0x00,0x00,0x00,0x00,0x00,0x00,0x00,0x00,0x00,0x00,0x00,0x00,
    0x00,0x00,0x00,0x00,0x00,0x00,0x00,0x00,0x00,0x00,0x00,0x00,0x00,0x00,0x00,0x00,
    0x00,0x00,0x00,0x00,0x00,0x00,0x00,0x00,0x00,0x00,0x00,0x00,0x00,0x00,0x00,0x00,
    0x00,0x00,0x00,0x00,0x00,0x00,0x00,0x00,0x00,0x00,0x00,0x00,0x00,0x00,0x00,0x00,
    0x00,0x00,0x00,0x00,0x00,0x00,0x00,0x00,0x00,0x00,0x00,0x00,0x00,0x00,0x00,0x00,
    0x00,0x00,0x00,0x00,0x00,0x00,0x00,0x00,0x00,0x00,0x00,0x00,0x00,0x00,0x00,0x00,
    0x00,0x00,0x00,0x00,0x00,0x00,0x00,0x00,0x00,0x00,0x00,0x00,0x00,0x00,0x00,0x00,
    0x00,0x00,0x00,0x00,0x00,0x00,0x00,0x00,0x00,0x00,0x00,0x00,0x00,0x00,0x00,0x00,
    0x00,0x00,0x00,0x00,0x00,0x00,0x00,0x00,0x00,0x00,0x00,0x00,0x00,0x00,0x00,0x00,
    0x00,0x00,0x00,0x00,0x00,0x00,0x00,0x00,0x00,0x00,0x00,0x00,0x00,0x00,0x00,0x00,
    0x00,0x00,0x00,0x00,0x00,0x00,0x00,0x00,0x00,0x00,0x00,0x00,0x00,0x00,0x00,0x00,
    0x00,0x00,0x00,0x00,0x00,0x00,0x00,0x00,0x00,0x00,0x00,0x00,0x00,0x00,0x00,0x00,
    0x00,0x00,0x00,0x00,0x00,0x00,0x00,0x00,0x00,0x00,0x00,0x00,0x00,0x00,0x00,0x00,
    0x00,0x00,0x00,0x00,0x00,0x00,0x00,0x00,0x00,0x00,0x00,0x00,0x00,0x00,0x00,0x00,
    0x00,0x00,0x00,0x00,0x00,0x00,0x00,0x00,0x00,0x00,0x00,0x00,0x00,0x00,0x00,0x00,
    0x00,0x00,0x00,0x00,0x00,0x00,0x00,0x00,0x00,0x00,0x00,0x00,0x00,0x00,0x00,0x00,
    0x00,0x00,0x00,0x00,0x00,0x00,0x00,0x00,0x00,0x00,0x00,0x00,0x00,0x00,0x00,0x00,
    0x00,0x00,0x00,0x00,0x00,0x00,0x00,0x00,0x00,0x00,0x00,0x00,0x00,0x00,0x00,0x00,
    0x00,0x00,0x00,0x00,0x00,0x00,0x00,0x00,0x00,0x00,0x00,0x00,0x00,0x00,0x00,0x00,
    0x00,0x00,0x00,0x00,0x00,0x00,0x00,0x00,0x00,0x00,0x00,0x00,0x00,0x00,0x00,0x00,
    0x00,0x00,0x00,0x00,0x00,0x00,0x00,0x00,0x00,0x00,0x00,0x00,0x00,0x00,0x00,0x00,
    0x00,0x00,0x00,0x00,0x00,0x00,0x00,0x00,0x00,0x00,0x00,0x00,0x00,0x00,0x00,0x00,
    0x00,0x00,0x00,0x00,0x00,0x00,0x00,0x00,0x00,0x00,0x00,0x00,0x00,0x00,0x00,0x00,
    0x00,0x00,0x00,0x00,0x00,0x00,0x00,0x00,0x00,0x00,0x00,0x00,0x00,0x00,0x00,0x00,
    0x00,0x00,0x00,0x00,0x00,0x00,0x00,0x00,0x00,0x00,0x00,0x00,0x00,0x00,0x00,0x00,
    0x00,0x00,0x00,0x00,0x00,0x00,0x00,0x00,0x00,0x00,0x00,0x00,0x00,0x00,0x00,0x00,
    0x00,0x00,0x00,0x00,0x00,0x00,0x00,0x00,0x00,0x00,0x00,0x00,0x00,0x00,0x00,0x00,
    0x00,0x00,0x00,0x00,0x00,0x00,0x00,0x00,0x00,0x00,0x00,0x00,0x00,0x00,0x00,0x00,
    0x00,0x00,0x00,0x00,0x00,0x00,0x00,0x00,0x00,0x00,0x00,0x00,0x00,0x00,0x00,0x00,
    0x00,0x00,0x00,0x00,0x00,0x00,0x00,0x00,0x00,0x00,0x00,0x00,0x00,0x00,0x00,0x00,
    0x00,0x00,0x00,0x00,0x00,0x00,0x00,0x00,0x00,0x00,0x00,0x00,0x00,0x00,0x00,0x00,
    0x00,0x00,0x00,0x00,0x00,0x00,0x00,0x00,0x00,0x00,0x00,0x00,0x00,0x00,0x00,0x00,
    0x00,0x00,0x00,0x00,0x00,0x00,0x00,0x00,0x00,0x00,0x00,0x00,0x00,0x00,0x00,0x00,
    0x00,0x00,0x00,0x00,0x00,0x00,0x00,0x00,0x00,0x00,0x00,0x00,0x00,0x00,0x00,0x00,
    0x00,0x00,0x00,0x00,0x00,0x00,0x00,0x00,0x00,0x00,0x00,0x00,0x00,0x00,0x00,0x00,
    0x00,0x00,0x00,0x00,0x00,0x00,0x00,0x00,0x00,0x00,0x00,0x00,0x00,0x00,0x00,0x00,
    0x00,0x00,0x00,0x00,0x00,0x00,0x00,0x00,0x00,0x00,0x00,0x00,0x00,0x00,0x00,0x00,
    0x00,0x00,0x00,0x00,0x00,0x00,0x00,0x00,0x00,0x00,0x00,0x00,0x00,0x00,0x00,0x00,
    0x00,0x00,0x00,0x00,0x00,0x00,0x00,0x00,0x00,0x00,0x00,0x00,0x00,0x00,0x00,0x00,
    0x00,0x00,0x00,0x00,0x00,0x00,0x00,0x00,0x00,0x00,0x00,0x00,0x00,0x00,0x00,0x00,
    0x00,0x00,0x00,0x00,0x00,0x00,0x00,0x00,0x00,0x00,0x00,0x00,0x00,0x00,0x00,0x00,
    0x00,0x00,0x00,0x00,0x00,0x00,0x00,0x00,0x00,0x00,0x00,0x00,0x00,0x00,0x00,0x00,
    0x00,0x00,0x00,0x00,0x00,0x00,0x00,0x00,0x00,0x00,0x00,0x00,0x00,0x00,0x00,0x00,
    0x00,0x00,0x00,0x00,0x00,0x00,0x00,0x00,0x00,0x00,0x00,0x00,0x00,0x00,0x00,0x00,
    0x00,0x00,0x00,0x00,0x00,0x00,0x00,0x00,0x00,0x00,0x00,0x00,0x00,0x00,0x00,0x00,
    0x00,0x00,0x00,0x00,0x00,0x00,0x00,0x00,0x00,0x00,0x00,0x00,0x00,0x00,0x00,0x00,
    0x00,0x00,0x00,0x00,0x00,0x00,0x00,0x00,0x00,0x00,0x00,0x00,0x00,0x00,0x00,0x00,
    0x00,0x00,0x00,0x00,0x00,0x00,0x00,0x00,0x00,0x00,0x00,0x00,0x00,0x00,0x00,0x00,
    0x00,0x00,0x00,0x00,0x00,0x00,0x00,0x00,0x00,0x00,0x00,0x00,0x00,0x00,0x00,0x00,
    0x00,0x00,0x00,0x00,0x00,0x00,0x00,0x00,0x00,0x00,0x00,0x00,0x00,0x00,0x00,0x00,
    0x00,0x00,0x00,0x00,0x00,0x00,0x00,0x00,0x00,0x00,0x00,0x00,0x00,0x00,0x00,0x00,
    0x00,0x00,0x00,0x00,0x00,0x00,0x00,0x00,0x00,0x00,0x00,0x00,0x00,0x00,0x00,0x00,
    0x00,0x00,0x00,0x00,0x00,0x00,0x00,0x00,0x00,0x00,0x00,0x00,0x00,0x00,0x00,0x00,
    0x00,0x00,0x00,0x00,0x00,0x00,0x00,0x00,0x00,0x00,0x00,0x00,0x00,0x00,0x00,0x00,
    0x00,0x00,0x00,0x00,0x00,0x00,0x00,0x00,0x00,0x00,0x00,0x00,0x00,0x00,0x00,0x00,
    0x00,0x00,0x00,0x00,0x00,0x00,0x00,0x00,0x00,0x00,0x00,0x00,0x00,0x00,0x00,0x00,
    0x00,0x00,0x00,0x00,0x00,0x00,0x00,0x00,0x00,0x00,0x00,0x00,0x00,0x00,0x00,0x00,
    0x00,0x00,0x00,0x00,0x00,0x00,0x00,0x00,0x00,0x00,0x00,0x00,0x00,0x00,0x00,0x00,
    0x00,0x00,0x00,0x00,0x00,0x00,0x00,0x00,0x00,0x00,0x00,0x00,0x00,0x00,0x00,0x00,
    0x00,0x00,0x00,0x00,0x00,0x00,0x00,0x00,0x00,0x00,0x00,0x00,0x00,0x00,0x00,0x00,
    0x00,0x00,0x00,0x00,0x00,0x00,0x00,0x00,0x00,0x00,0x00,0x00,0x00,0x00,0x00,0x00,
    0x00,0x00,0x00,0x00,0x00,0x00,0x00,0x00,0x00,0x00,0x00,0x00,0x00,0x00,0x00,0x00,
    0x00,0x00,0x00,0x00,0x00,0x00,0x00,0x00,0x00,0x00,0x00,0x00,0x00,0x00,0x00,0x00,
    0x00,0x00,0x00,0x00,0x00,0x00,0x00,0x00,0x00,0x00,0x00,0x00,0x00,0x00,0x00,0x00,
    0x00,0x00,0x00,0x00,0x00,0x00,0x00,0x00,0x00,0x00,0x00,0x00,0x00,0x00,0x00,0x00,
    0x00,0x00,0x00,0x00,0x00,0x00,0x00,0x00,0x00,0x00,0x00,0x00,0x00,0x00,0x00,0x00,
    0x00,0x00,0x00,0x00,0x00,0x00,0x00,0x00,0x00,0x00,0x00,0x00,0x00,0x00,0x00,0x00,
    0x00,0x00,0x00,0x00,0x00,0x00,0x00,0x00,0x00,0x00,0x00,0x00,0x00,0x00,0x00,0x00,
    0x00,0x00,0x00,0x00,0x00,0x00,0x00,0x00,0x00,0x00,0x00,0x00,0x00,0x00,0x00,0x00,
    0x00,0x00,0x00,0x00,0x00,0x00,0x00,0x00,0x00,0x00,0x00,0x00,0x00,0x00,0x00,0x00,
    0x00,0x00,0x00,0x00,0x00,0x00,0x00,0x00,0x00,0x00,0x00,0x00,0x00,0x00,0x00,0x00,
    0x00,0x00,0x00,0x00,0x00,0x00,0x00,0x00,0x00,0x00,0x00,0x00,0x00,0x00,0x00,0x00,
    0x00,0x00,0x00,0x00,0x00,0x00,0x00,0x00,0x00,0x00,0x00,0x00,0x00,0x00,0x00,0x00,
    0x00,0x00,0x00,0x00,0x00,0x00,0x00,0x00,0x00,0x00,0x00,0x00,0x00,0x00,0x00,0x00,
    0x00,0x00,0x00,0x00,0x00,0x00,0x00,0x00,0x00,0x00,0x00,0x00,0x00,0x00,0x00,0x00,
    0x00,0x00,0x00,0x00,0x00,0x00,0x00,0x00,0x00,0x00,0x00,0x00,0x00,0x00,0x00,0x00,
    0x00,0x00,0x00,0x00,0x00,0x00,0x00,0x00,0x00,0x00,0x00,0x00,0x00,0x00,0x00,0x00,
    0x00,0x00,0x00,0x00,0x00,0x00,0x00,0x00,0x00,0x00,0x00,0x00,0x00,0x00,0x00,0x00,
    0x00,0x00,0x00,0x00,0x00,0x00,0x00,0x00,0x00,0x00,0x00,0x00,0x00,0x00,0x00,0x00,
    0x00,0x00,0x00,0x00,0x00,0x00,0x00,0x00,0x00,0x00,0x00,0x00,0x00,0x00,0x00,0x00,
    0x00,0x00,0x00,0x00,0x00,0x00,0x00,0x00,0x00,0x00,0x00,0x00,0x00,0x00,0x00,0x00,
    0x00,0x00,0x00,0x00,0x00,0x00,0x00,0x00,0x00,0x00,0x00,0x00,0x00,0x00,0x00,0x00,
    0x00,0x00,0x00,0x00,0x00,0x00,0x00,0x00,0x00,0x00,0x00,0x00,0x00,0x00,0x00,0x00,
    0x00,0x00,0x00,0x00,0x00,0x00,0x00,0x00,0x00,0x00,0x00,0x00,0x00,0x00,0x00,0x00,
    0x00,0x00,0x00,0x00,0x00,0x00,0x00,0x00,0x00,0x00,0x00,0x00,0x00,0x00,0x00,0x00,
    0x00,0x00,0x00,0x00,0x00,0x00,0x00,0x00,0x00,0x00,0x00,0x00,0x00,0x00,0x00,0x00,
    0x00,0x00,0x00,0x00,0x00,0x00,0x00,0x00,0x00,0x00,0x00,0x00,0x00,0x00,0x00,0x00,
    0x00,0x00,0x00,0x00,0x00,0x00,0x00,0x00,0x00,0x00,0x00,0x00,0x00,0x00,0x00,0x00,
    0x00,0x00,0x00,0x00,0x00,0x00,0x00,0x00,0x00,0x00,0x00,0x00,0x00,0x00,0x00,0x00,
    0x00,0x00,0x00,0x00,0x00,0x00,0x00,0x00,0x00,0x00,0x00,0x00,0x00,0x00,0x00,0x00,
    0x00,0x00,0x00,0x00,0x00,0x00,0x00,0x00,0x00,0x00,0x00,0x00,0x00,0x00,0x00,0x00,
    0x00,0x00,0x00,0x00,0x00,0x00,0x00,0x00,0x00,0x00,0x00,0x00,0x00,0x00,0x00,0x00,
    0x00,0x00,0x00,0x00,0x00,0x00,0x00,0x00,0x00,0x00,0x00,0x00,0x00,0x00,0x00,0x00,
    0x00,0x00,0x00,0x00,0x00,0x00,0x00,0x00,0x00,0x00,0x00,0x00,0x00,0x00,0x00,0x00,
    0x00,0x00,0x00,0x00,0x00,0x00,0x00,0x00,0x00,0x00,0x00,0x00,0x00,0x00,0x00,0x00,
    0x00,0x00,0x00,0x00,0x00,0x00,0x00,0x00,0x00,0x00,0x00,0x00,0x00,0x00,0x00,0x00,
    0x00,0x00,0x00,0x00,0x00,0x00,0x00,0x00,0x00,0x00,0x00,0x00,0x00,0x00,0x00,0x00,
    0x00,0x00,0x00,0x00,0x00,0x00,0x00,0x00,0x00,0x00,0x00,0x00,0x00,0x00,0x00,0x00,
    0x00,0x00,0x00,0x00,0x00,0x00,0x00,0x00,0x00,0x00,0x00,0x00,0x00,0x00,0x00,0x00,
    0x00,0x00,0x00,0x00,0x00,0x00,0x00,0x00,0x00,0x00,0x00,0x00,0x00,0x00,0x00,0x00,
    0x00,0x00,0x00,0x00,0x00,0x00,0x00,0x00,0x00,0x00,0x00,0x00,0x00,0x00,0x00,0x00,
    0x00,0x00,0x00,0x00,0x00,0x00,0x00,0x00,0x00,0x00,0x00,0x00,0x00,0x00,0x00,0x00,
    0x00,0x00,0x00,0x00,0x00,0x00,0x00,0x00,0x00,0x00,0x00,0x00,0x00,0x00,0x00,0x00,
    0x00,0x00,0x00,0x00,0x00,0x00,0x00,0x00,0x00,0x00,0x00,0x00,0x00,0x00,0x00,0x00,
    0x00,0x00,0x00,0x00,0x00,0x00,0x00,0x00,0x00,0x00,0x00,0x00,0x00,0x00,0x00,0x00,
    0x00,0x00,0x00,0x00,0x00,0x00,0x00,0x00,0x00,0x00,0x00,0x00,0x00,0x00,0x00,0x00,
    0x00,0x00,0x00,0x00,0x00,0x00,0x00,0x00,0x00,0x00,0x00,0x00,0x00,0x00,0x00,0x00,
    0x00,0x00,0x00,0x00,0x00,0x00,0x00,0x00,0x00,0x00,0x00,0x00,0x00,0x00,0x00,0x00,
    0x00,0x00,0x00,0x00,0x00,0x00,0x00,0x00,0x00,0x00,0x00,0x00,0x00,0x00,0x00,0x00,
    0x00,0x00,0x00,0x00,0x00,0x00,0x00,0x00,0x00,0x00,0x00,0x00,0x00,0x00,0x00,0x00,
    0x00,0x00,0x00,0x00,0x00,0x00,0x00,0x00,0x00,0x00,0x00,0x00,0x00,0x00,0x00,0x00,
    0x00,0x00,0x00,0x00,0x00,0x00,0x00,0x00,0x00,0x00,0x00,0x00,0x00,0x00,0x00,0x00,
    0x00,0x00,0x00,0x00,0x00,0x00,0x00,0x00,0x00,0x00,0x00,0x00,0x00,0x00,0x00,0x00,
    0x00,0x00,0x00,0x00,0x00,0x00,0x00,0x00,0x00,0x00,0x00,0x00,0x00,0x00,0x00,0x00,
    0x00,0x00,0x00,0x00,0x00,0x00,0x00,0x00,0x00,0x00,0x00,0x00,0x00,0x00,0x00,0x00,
    0x00,0x00,0x00,0x00,0x00,0x00,0x00,0x00,0x00,0x00,0x00,0x00,0x00,0x00,0x00,0x00,
    0x00,0x00,0x00,0x00,0x00,0x00,0x00,0x00,0x00,0x00,0x00,0x00,0x00,0x00,0x00,0x00,
    0x00,0x00,0x00,0x00,0x00,0x00,0x00,0x00,0x00,0x00,0x00,0x00,0x00,0x00,0x00,0x00,
    0x00,0x00,0x00,0x00,0x00,0x00,0x00,0x00,0x00,0x00,0x00,0x00,0x00,0x00,0x00,0x00,
    0x00,0x00,0x00,0x00,0x00,0x00,0x00,0x00,0x00,0x00,0x00,0x00,0x00,0x00,0x00,0x00,
    0x00,0x00,0x00,0x00,0x00,0x00,0x00,0x00,0x00,0x00,0x00,0x00,0x00,0x00,0x00,0x00,
    0x00,0x00,0x00,0x00,0x00,0x00,0x00,0x00,0x00,0x00,0x00,0x00,0x00,0x00,0x00,0x00,
    0x00,0x00,0x00,0x00,0x00,0x00,0x00,0x00,0x00,0x00,0x00,0x00,0x00,0x00,0x00,0x00,
    0x00,0x00,0x00,0x00,0x00,0x00,0x00,0x00,0x00,0x00,0x00,0x00,0x00,0x00,0x00,0x00,
    0x00,0x00,0x00,0x00,0x00,0x00,0x00,0x00,0x00,0x00,0x00,0x00,0x00,0x00,0x00,0x00,
    0x00,0x00,0x00,0x00,0x00,0x00,0x00,0x00,0x00,0x00,0x00,0x00,0x00,0x00,0x00,0x00,
    0x00,0x00,0x00,0x00,0x00,0x00,0x00,0x00,0x00,0x00,0x00,0x00,0x00,0x00,0x00,0x00,
    0x00,0x00,0x00,0x00,0x00,0x00,0x00,0x00,0x00,0x00,0x00,0x00,0x00,0x00,0x00,0x00,
    0x00,0x00,0x00,0x00,0x00,0x00,0x00,0x00,0x00,0x00,0x00,0x00,0x00,0x00,0x00,0x00,
    0x00,0x00,0x00,0x00,0x00,0x00,0x00,0x00,0x00,0x00,0x00,0x00,0x00,0x00,0x00,0x00,
    0x00,0x00,0x00,0x00,0x00,0x00,0x00,0x00,0x00,0x00,0x00,0x00,0x00,0x00,0x00,0x00,
    0x00,0x00,0x00,0x00,0x00,0x00,0x00,0x00,0x00,0x00,0x00,0x00,0x00,0x00,0x00,0x00,
    0x00,0x00,0x00,0x00,0x00,0x00,0x00,0x00,0x00,0x00,0x00,0x00,0x00,0x00,0x00,0x00,
    0x00,0x00,0x00,0x00,0x00,0x00,0x00,0x00,0x00,0x00,0x00,0x00,0x00,0x00,0x00,0x00,
    0x00,0x00,0x00,0x00,0x00,0x00,0x00,0x00,0x00,0x00,0x00,0x00,0x00,0x00,0x00,0x00,
    0x00,0x00,0x00,0x00,0x00,0x00,0x00,0x00,0x00,0x00,0x00,0x00,0x00,0x00,0x00,0x00,
    0x00,0x00,0x00,0x00,0x00,0x00,0x00,0x00,0x00,0x00,0x00,0x00,0x00,0x00,0x00,0x00,
    0x00,0x00,0x00,0x00,0x00,0x00,0x00,0x00,0x00,0x00,0x00,0x00,0x00,0x00,0x00,0x00,
    0x00,0x00,0x00,0x00,0x00,0x00,0x00,0x00,0x00,0x00,0x00,0x00,0x00,0x00,0x00,0x00,
    0x00,0x00,0x00,0x00,0x00,0x00,0x00,0x00,0x00,0x00,0x00,0x00,0x00,0x00,0x00,0x00,
    0x00,0x00,0x00,0x00,0x00,0x00,0x00,0x00,0x00,0x00,0x00,0x00,0x00,0x00,0x00,0x00,
    0x00,0x00,0x00,0x00,0x00,0x00,0x00,0x00,0x00,0x00,0x00,0x00,0x00,0x00,0x00,0x00,
    0x00,0x00,0x00,0x00,0x00,0x00,0x00,0x00,0x00,0x00,0x00,0x00,0x00,0x00,0x00,0x00,
    0x00,0x00,0x00,0x00,0x00,0x00,0x00,0x00,0x00,0x00,0x00,0x00,0x00,0x00,0x00,0x00,
    0x00,0x00,0x00,0x00,0x00,0x00,0x00,0x00,0x00,0x00,0x00,0x00,0x00,0x00,0x00,0x00,
    0x00,0x00,0x00,0x00,0x00,0x00,0x00,0x00,0x00,0x00,0x00,0x00,0x00,0x00,0x00,0x00,
    0x00,0x00,0x00,0x00,0x00,0x00,0x00,0x00,0x00,0x00,0x00,0x00,0x00,0x00,0x00,0x00,
    0x00,0x00,0x00,0x00,0x00,0x00,0x00,0x00,0x00,0x00,0x00,0x00,0x00,0x00,0x00,0x00,
    0x00,0x00,0x00,0x00,0x00,0x00,0x00,0x00,0x00,0x00,0x00,0x00,0x00,0x00,0x00,0x00,
    0x00,0x00,0x00,0x00,0x00,0x00,0x00,0x00,0x00,0x00,0x00,0x00,0x00,0x00,0x00,0x00,
    0x00,0x00,0x00,0x00,0x00,0x00,0x00,0x00,0x00,0x00,0x00,0x00,0x00,0x00,0x00,0x00,
    0x00,0x00,0x00,0x00,0x00,0x00,0x00,0x00,0x00,0x00,0x00,0x00,0x00,0x00,0x00,0x00,
    0x00,0x00,0x00,0x00,0x00,0x00,0x00,0x00,0x00,0x00,0x00,0x00,0x00,0x00,0x00,0x00,
    0x00,0x00,0x00,0x00,0x00,0x00,0x00,0x00,0x00,0x00,0x00,0x00,0x00,0x00,0x00,0x00,
    0x00,0x00,0x00,0x00,0x00,0x00,0x00,0x00,0x00,0x00,0x00,0x00,0x00,0x00,0x00,0x00,
    0x00,0x00,0x00,0x00,0x00,0x00,0x00,0x00,0x00,0x00,0x00,0x00,0x00,0x00,0x00,0x00,
    0x00,0x00,0x00,0x00,0x00,0x00,0x00,0x00,0x00,0x00,0x00,0x00,0x00,0x00,0x00,0x00,
    0x00,0x00,0x00,0x00,0x00,0x00,0x00,0x00,0x00,0x00,0x00,0x00,0x00,0x00,0x00,0x00,
    0x00,0x00,0x00,0x00,0x00,0x00,0x00,0x00,0x00,0x00,0x00,0x00,0x00,0x00,0x00,0x00,
    0x00,0x00,0x00,0x00,0x00,0x00,0x00,0x00,0x00,0x00,0x00,0x00,0x00,0x00,0x00,0x00,
    0x00,0x00,0x00,0x00,0x00,0x00,0x00,0x00,0x00,0x00,0x00,0x00,0x00,0x00,0x00,0x00,
    0x00,0x00,0x00,0x00,0x00,0x00,0x00,0x00,0x00,0x00,0x00,0x00,0x00,0x00,0x00,0x00,
    0x00,0x00,0x00,0x00,0x00,0x00,0x00,0x00,0x00,0x00,0x00,0x00,0x00,0x00,0x00,0x00,
    0x00,0x00,0x00,0x00,0x00,0x00,0x00,0x00,0x00,0x00,0x00,0x00,0x00,0x00,0x00,0x00,
    0x00,0x00,0x00,0x00,0x00,0x00,0x00,0x00,0x00,0x00,0x00,0x00,0x00,0x00,0x00,0x00,
    0x00,0x00,0x00,0x00,0x00,0x00,0x00,0x00,0x00,0x00,0x00,0x00,0x00,0x00,0x00,0x00,
    0x00,0x00,0x00,0x00,0x00,0x00,0x00,0x00,0x00,0x00,0x00,0x00,0x00,0x00,0x00,0x00,
    0x00,0x00,0x00,0x00,0x00,0x00,0x00,0x00,0x00,0x00,0x00,0x00,0x00,0x00,0x00,0x00,
    0x00,0x00,0x00,0x00,0x00,0x00,0x00,0x00,0x00,0x00,0x00,0x00,0x00,0x00,0x00,0x00,
    0x00,0x00,0x00,0x00,0x00,0x00,0x00,0x00,0x00,0x00,0x00,0x00,0x00,0x00,0x00,0x00,
    0x00,0x00,0x00,0x00,0x00,0x00,0x00,0x00,0x00,0x00,0x00,0x00,0x00,0x00,0x00,0x00,
    0x00,0x00,0x00,0x00,0x00,0x00,0x00,0x00,0x00,0x00,0x00,0x00,0x00,0x00,0x00,0x00,
    0x00,0x00,0x00,0x00,0x00,0x00,0x00,0x00,0x00,0x00,0x00,0x00,0x00,0x00,0x00,0x00,
    0x00,0x00,0x00,0x00,0x00,0x00,0x00,0x00,0x00,0x00,0x00,0x00,0x00,0x00,0x00,0x00,
    0x00,0x00,0x00,0x00,0x00,0x00,0x00,0x00,0x00,0x00,0x00,0x00,0x00,0x00,0x00,0x00,
    0x00,0x00,0x00,0x00,0x00,0x00,0x00,0x00,0x00,0x00,0x00,0x00,0x00,0x00,0x00,0x00,
    0x00,0x00,0x00,0x00,0x00,0x00,0x00,0x00,0x00,0x00,0x00,0x00,0x00,0x00,0x00,0x00,
    0x00,0x00,0x00,0x00,0x00,0x00,0x00,0x00,0x00,0x00,0x00,0x00,0x00,0x00,0x00,0x00,
    0x00,0x00,0x00,0x00,0x00,0x00,0x00,0x00,0x00,0x00,0x00,0x00,0x00,0x00,0x00,0x00,
    0x00,0x00,0x00,0x00,0x00,0x00,0x00,0x00,0x00,0x00,0x00,0x00,0x00,0x00,0x00,0x00,
    0x00,0x00,0x00,0x00,0x00,0x00,0x00,0x00,0x00,0x00,0x00,0x00,0x00,0x00,0x00,0x00,
    0x00,0x00,0x00,0x00,0x00,0x00,0x00,0x00,0x00,0x00,0x00,0x00,0x00,0x00,0x00,0x00,
    0x00,0x00,0x00,0x00,0x00,0x00,0x00,0x00,0x00,0x00,0x00,0x00,0x00,0x00,0x00,0x00,
    0x00,0x00,0x00,0x00,0x00,0x00,0x00,0x00,0x00,0x00,0x00,0x00,0x00,0x00,0x00,0x00,
    0x00,0x00,0x00,0x00,0x00,0x00,0x00,0x00,0x00,0x00,0x00,0x00,0x00,0x00,0x00,0x00,
    0x00,0x00,0x00,0x00,0x00,0x00,0x00,0x00,0x00,0x00,0x00,0x00,0x00,0x00,0x00,0x00,
    0x00,0x00,0x00,0x00,0x00,0x00,0x00,0x00,0x00,0x00,0x00,0x00,0x00,0x00,0x00,0x00,
    0x00,0x00,0x00,0x00,0x00,0x00,0x00,0x00,0x00,0x00,0x00,0x00,0x00,0x00,0x00,0x00,
    0x00,0x00,0x00,0x00,0x00,0x00,0x00,0x00,0x00,0x00,0x00,0x00,0x00,0x00,0x00,0x00,
    0x00,0x00,0x00,0x00,0x00,0x00,0x00,0x00,0x00,0x00,0x00,0x00,0x00,0x00,0x00,0x00,
    0x00,0x00,0x00,0x00,0x00,0x00,0x00,0x00,0x00,0x00,0x00,0x00,0x00,0x00,0x00,0x00,
    0x00,0x00,0x00,0x00,0x00,0x00,0x00,0x00,0x00,0x00,0x00,0x00,0x00,0x00,0x00,0x00,
    0x00,0x00,0x00,0x00,0x00,0x00,0x00,0x00,0x00,0x00,0x00,0x00,0x00,0x00,0x00,0x00,
    0x00,0x00,0x00,0x00,0x00,0x00,0x00,0x00,0x00,0x00,0x00,0x00,0x00,0x00,0x00,0x00,
    0x00,0x00,0x00,0x00,0x00,0x00,0x00,0x00,0x00,0x00,0x00,0x00,0x00,0x00,0x00,0x00,
    0x00,0x00,0x00,0x00,0x00,0x00,0x00,0x00,0x00,0x00,0x00,0x00,0x00,0x00,0x00,0x00,
    0x00,0x00,0x00,0x00,0x00,0x00,0x00,0x00,0x00,0x00,0x00,0x00,0x00,0x00,0x00,0x00,
    0x00,0x00,0x00,0x00,0x00,0x00,0x00,0x00,0x00,0x00,0x00,0x00,0x00,0x00,0x00,0x00,
    0x00,0x00,0x00,0x00,0x00,0x00,0x00,0x00,0x00,0x00,0x00,0x00,0x00,0x00,0x00,0x00,
    0x00,0x00,0x00,0x00,0x00,0x00,0x00,0x00,0x00,0x00,0x00,0x00,0x00,0x00,0x00,0x00,
    0x00,0x00,0x00,0x00,0x00,0x00,0x00,0x00,0x00,0x00,0x00,0x00,0x00,0x00,0x00,0x00,
    0x00,0x00,0x00,0x00,0x00,0x00,0x00,0x00,0x00,0x00,0x00,0x00,0x00,0x00,0x00,0x00,
    0x00,0x00,0x00,0x00,0x00,0x00,0x00,0x00,0x00,0x00,0x00,0x00,0x00,0x00,0x00,0x00,
    0x00,0x00,0x00,0x00,0x00,0x00,0x00,0x00,0x00,0x00,0x00,0x00,0x00,0x00,0x00,0x00,
    0x00,0x00,0x00,0x00,0x00,0x00,0x00,0x00,0x00,0x00,0x00,0x00,0x00,0x00,0x00,0x00,
    0x00,0x00,0x00,0x00,0x00,0x00,0x00,0x00,0x00,0x00,0x00,0x00,0x00,0x00,0x00,0x00,
    0x00,0x00,0x00,0x00,0x00,0x00,0x00,0x00,0x00,0x00,0x00,0x00,0x00,0x00,0x00,0x00,
    0x00,0x00,0x00,0x00,0x00,0x00,0x00,0x00,0x00,0x00,0x00,0x00,0x00,0x00,0x00,0x00,
    0x00,0x00,0x00,0x00,0x00,0x00,0x00,0x00,0x00,0x00,0x00,0x00,0x00,0x00,0x00,0x00,
    0x00,0x00,0x00,0x00,0x00,0x00,0x00,0x00,0x00,0x00,0x00,0x00,0x00,0x00,0x00,0x00,
    0x00,0x00,0x00,0x00,0x00,0x00,0x00,0x00,0x00,0x00,0x00,0x00,0x00,0x00,0x00,0x00,
    0x00,0x00,0x00,0x00,0x00,0x00,0x00,0x00,0x00,0x00,0x00,0x00,0x00,0x00,0x00,0x00,
    0x00,0x00,0x00,0x00,0x00,0x00,0x00,0x00,0x00,0x00,0x00,0x00,0x00,0x00,0x00,0x00,
    0x00,0x00,0x00,0x00,0x00,0x00,0x00,0x00,0x00,0x00,0x00,0x00,0x00,0x00,0x00,0x00,
    0x00,0x00,0x00,0x00,0x00,0x00,0x00,0x00,0x00,0x00,0x00,0x00,0x00,0x00,0x00,0x00,
    0x00,0x00,0x00,0x00,0x00,0x00,0x00,0x00,0x00,0x00,0x00,0x00,0x00,0x00,0x00,0x00,
    0x00,0x00,0x00,0x00,0x00,0x00,0x00,0x00,0x00,0x00,0x00,0x00,0x00,0x00,0x00,0x00,
    0x00,0x00,0x00,0x00,0x00,0x00,0x00,0x00,0x00,0x00,0x00,0x00,0x00,0x00,0x00,0x00,
    0x00,0x00,0x00,0x00,0x00,0x00,0x00,0x00,0x00,0x00,0x00,0x00,0x00,0x00,0x00,0x00,
    0x00,0x00,0x00,0x00,0x00,0x00,0x00,0x00,0x00,0x00,0x00,0x00,0x00,0x00,0x00,0x00,
    0x00,0x00,0x00,0x00,0x00,0x00,0x00,0x00,0x00,0x00,0x00,0x00,0x00,0x00,0x00,0x00,
    0x00,0x00,0x00,0x00,0x00,0x00,0x00,0x00,0x00,0x00,0x00,0x00,0x00,0x00,0x00,0x00,
    0x00,0x00,0x00,0x00,0x00,0x00,0x00,0x00,0x00,0x00,0x00,0x00,0x00,0x00,0x00,0x00,
    0x00,0x00,0x00,0x00,0x00,0x00,0x00,0x00,0x00,0x00,0x00,0x00,0x00,0x00,0x00,0x00,
    0x00,0x00,0x00,0x00,0x00,0x00,0x00,0x00,0x00,0x00,0x00,0x00,0x00,0x00,0x00,0x00,
    0x00,0x00,0x00,0x00,0x00,0x00,0x00,0x00,0x00,0x00,0x00,0x00,0x00,0x00,0x00,0x00,
    0x00,0x00,0x00,0x00,0x00,0x00,0x00,0x00,0x00,0x00,0x00,0x00,0x00,0x00,0x00,0x00,
    0x00,0x00,0x00,0x00,0x00,0x00,0x00,0x00,0x00,0x00,0x00,0x00,0x00,0x00,0x00,0x00,
    0x00,0x00,0x00,0x00,0x00,0x00,0x00,0x00,0x00,0x00,0x00,0x00,0x00,0x00,0x00,0x00,
    0x00,0x00,0x00,0x00,0x00,0x00,0x00,0x00,0x00,0x00,0x00,0x00,0x00,0x00,0x00,0x00,
    0x00,0x00,0x00,0x00,0x00,0x00,0x00,0x00,0x00,0x00,0x00,0x00,0x00,0x00,0x00,0x00,
    0x00,0x00,0x00,0x00,0x00,0x00,0x00,0x00,0x00,0x00,0x00,0x00,0x00,0x00,0x00,0x00,
    0x00,0x00,0x00,0x00,0x00,0x00,0x00,0x00,0x00,0x00,0x00,0x00,0x00,0x00,0x00,0x00,
    0x00,0x00,0x00,0x00,0x00,0x00,0x00,0x00,0x00,0x00,0x00,0x00,0x00,0x00,0x00,0x00,
    0x00,0x00,0x00,0x00,0x00,0x00,0x00,0x00,0x00,0x00,0x00,0x00,0x00,0x00,0x00,0x00,
    0x00,0x00,0x00,0x00,0x00,0x00,0x00,0x00,0x00,0x00,0x00,0x00,0x00,0x00,0x00,0x00,
    0x00,0x00,0x00,0x00,0x00,0x00,0x00,0x00,0x00,0x00,0x00,0x00,0x00,0x00,0x00,0x00,
    0x00,0x00,0x00,0x00,0x00,0x00,0x00,0x00,0x00,0x00,0x00,0x00,0x00,0x00,0x00,0x00,
    0x00,0x00,0x00,0x00,0x00,0x00,0x00,0x00,0x00,0x00,0x00,0x00,0x00,0x00,0x00,0x00,
    0x00,0x00,0x00,0x00,0x00,0x00,0x00,0x00,0x00,0x00,0x00,0x00,0x00,0x00,0x00,0x00,
    0x00,0x00,0x00,0x00,0x00,0x00,0x00,0x00,0x00,0x00,0x00,0x00,0x00,0x00,0x00,0x00,
    0x00,0x00,0x00,0x00,0x00,0x00,0x00,0x00,0x00,0x00,0x00,0x00,0x00,0x00,0x00,0x00,
    0x00,0x00,0x00,0x00,0x00,0x00,0x00,0x00,0x00,0x00,0x00,0x00,0x00,0x00,0x00,0x00,
    0x00,0x00,0x00,0x00,0x00,0x00,0x00,0x00,0x00,0x00,0x00,0x00,0x00,0x00,0x00,0x00,
    0x00,0x00,0x00,0x00,0x00,0x00,0x00,0x00,0x00,0x00,0x00,0x00,0x00,0x00,0x00,0x00,
    0x00,0x00,0x00,0x00,0x00,0x00,0x00,0x00,0x00,0x00,0x00,0x00,0x00,0x00,0x00,0x00,
    0x00,0x00,0x00,0x00,0x00,0x00,0x00,0x00,0x00,0x00,0x00,0x00,0x00,0x00,0x00,0x00,
    0x00,0x00,0x00,0x00,0x00,0x00,0x00,0x00,0x00,0x00,0x00,0x00,0x00,0x00,0x00,0x00,
    0x00,0x00,0x00,0x00,0x00,0x00,0x00,0x00,0x00,0x00,0x00,0x00,0x00,0x00,0x00,0x00,
    0x00,0x00,0x00,0x00,0x00,0x00,0x00,0x00,0x00,0x00,0x00,0x00,0x00,0x00,0x00,0x00,
    0x00,0x00,0x00,0x00,0x00,0x00,0x00,0x00,0x00,0x00,0x00,0x00,0x00,0x00,0x00,0x00,
    0x00,0x00,0x00,0x00,0x00,0x00,0x00,0x00,0x00,0x00,0x00,0x00,0x00,0x00,0x00,0x00,
    0x00,0x00,0x00,0x00,0x00,0x00,0x00,0x00,0x00,0x00,0x00,0x00,0x00,0x00,0x00,0x00,
    0x00,0x00,0x00,0x00,0x00,0x00,0x00,0x00,0x00,0x00,0x00,0x00,0x00,0x00,0x00,0x00,
    0x00,0x00,0x00,0x00,0x00,0x00,0x00,0x00,0x00,0x00,0x00,0x00,0x00,0x00,0x00,0x00,
    0x00,0x00,0x00,0x00,0x00,0x00,0x00,0x00,0x00,0x00,0x00,0x00,0x00,0x00,0x00,0x00,
    0x00,0x00,0x00,0x00,0x00,0x00,0x00,0x00,0x00,0x00,0x00,0x00,0x00,0x00,0x00,0x00,
    0x00,0x00,0x00,0x00,0x00,0x00,0x00,0x00,0x00,0x00,0x00,0x00,0x00,0x00,0x00,0x00,
    0x00,0x00,0x00,0x00,0x00,0x00,0x00,0x00,0x00,0x00,0x00,0x00,0x00,0x00,0x00,0x00,
    0x00,0x00,0x00,0x00,0x00,0x00,0x00,0x00,0x00,0x00,0x00,0x00,0x00,0x00,0x00,0x00,
    0x00,0x00,0x00,0x00,0x00,0x00,0x00,0x00,0x00,0x00,0x00,0x00,0x00,0x00,0x00,0x00,
    0x00,0x00,0x00,0x00,0x00,0x00,0x00,0x00,0x00,0x00,0x00,0x00,0x00,0x00,0x00,0x00,
    0x00,0x00,0x00,0x00,0x00,0x00,0x00,0x00,0x00,0x00,0x00,0x00,0x00,0x00,0x00,0x00,
    0x00,0x00,0x00,0x00,0x00,0x00,0x00,0x00,0x00,0x00,0x00,0x00,0x00,0x00,0x00,0x00,
    0x00,0x00,0x00,0x00,0x00,0x00,0x00,0x00,0x00,0x00,0x00,0x00,0x00,0x00,0x00,0x00,
    0x00,0x00,0x00,0x00,0x00,0x00,0x00,0x00,0x00,0x00,0x00,0x00,0x00,0x00,0x00,0x00,
    0x00,0x00,0x00,0x00,0x00,0x00,0x00,0x00,0x00,0x00,0x00,0x00,0x00,0x00,0x00,0x00,
    0x00,0x00,0x00,0x00,0x00,0x00,0x00,0x00,0x00,0x00,0x00,0x00,0x00,0x00,0x00,0x00,
    0x00,0x00,0x00,0x00,0x00,0x00,0x00,0x00,0x00,0x00,0x00,0x00,0x00,0x00,0x00,0x00,
    0x00,0x00,0x00,0x00,0x00,0x00,0x00,0x00,0x00,0x00,0x00,0x00,0x00,0x00,0x00,0x00,
    0x00,0x00,0x00,0x00,0x00,0x00,0x00,0x00,0x00,0x00,0x00,0x00,0x00,0x00,0x00,0x00,
    0x00,0x00,0x00,0x00,0x00,0x00,0x00,0x00,0x00,0x00,0x00,0x00,0x00,0x00,0x00,0x00,
    0x00,0x00,0x00,0x00,0x00,0x00,0x00,0x00,0x00,0x00,0x00,0x00,0x00,0x00,0x00,0x00,
    0x00,0x00,0x00,0x00,0x00,0x00,0x00,0x00,0x00,0x00,0x00,0x00,0x00,0x00,0x00,0x00,
    0x00,0x00,0x00,0x00,0x00,0x00,0x00,0x00,0x00,0x00,0x00,0x00,0x00,0x00,0x00,0x00,
    0x00,0x00,0x00,0x00,0x00,0x00,0x00,0x00,0x00,0x00,0x00,0x00,0x00,0x00,0x00,0x00,
    0x00,0x00,0x00,0x00,0x00,0x00,0x00,0x00,0x00,0x00,0x00,0x00,0x00,0x00,0x00,0x00,
    0x00,0x00,0x00,0x00,0x00,0x00,0x00,0x00,0x00,0x00,0x00,0x00,0x00,0x00,0x00,0x00,
    0x00,0x00,0x00,0x00,0x00,0x00,0x00,0x00,0x00,0x00,0x00,0x00,0x00,0x00,0x00,0x00,
    0x00,0x00,0x00,0x00,0x00,0x00,0x00,0x00,0x00,0x00,0x00,0x00,0x00,0x00,0x00,0x00,
    0x00,0x00,0x00,0x00,0x00,0x00,0x00,0x00,0x00,0x00,0x00,0x00,0x00,0x00,0x00,0x00,
    0x00,0x00,0x00,0x00,0x00,0x00,0x00,0x00,0x00,0x00,0x00,0x00,0x00,0x00,0x00,0x00,
    0x00,0x00,0x00,0x00,0x00,0x00,0x00,0x00,0x00,0x00,0x00,0x00,0x00,0x00,0x00,0x00,
    0x00,0x00,0x00,0x00,0x00,0x00,0x00,0x00,0x00,0x00,0x00,0x00,0x00,0x00,0x00,0x00,
    0x00,0x00,0x00,0x00,0x00,0x00,0x00,0x00,0x00,0x00,0x00,0x00,0x00,0x00,0x00,0x00,
    0x00,0x00,0x00,0x00,0x00,0x00,0x00,0x00,0x00,0x00,0x00,0x00,0x00,0x00,0x00,0x00,
    0x00,0x00,0x00,0x00,0x00,0x00,0x00,0x00,0x00,0x00,0x00,0x00,0x00,0x00,0x00,0x00,
    0x00,0x00,0x00,0x00,0x00,0x00,0x00,0x00,0x00,0x00,0x00,0x00,0x00,0x00,0x00,0x00,
    0x00,0x00,0x00,0x00,0x00,0x00,0x00,0x00,0x00,0x00,0x00,0x00,0x00,0x00,0x00,0x00,
    0x00,0x00,0x00,0x00,0x00,0x00,0x00,0x00,0x00,0x00,0x00,0x00,0x00,0x00,0x00,0x00,
    0x00,0x00,0x00,0x00,0x00,0x00,0x00,0x00,0x00,0x00,0x00,0x00,0x00,0x00,0x00,0x00,
    0x00,0x00,0x00,0x00,0x00,0x00,0x00,0x00,0x00,0x00,0x00,0x00,0x00,0x00,0x00,0x00,
    0x00,0x00,0x00,0x00,0x00,0x00,0x00,0x00,0x00,0x00,0x00,0x00,0x00,0x00,0x00,0x00,
    0x00,0x00,0x00,0x00,0x00,0x00,0x00,0x00,0x00,0x00,0x00,0x00,0x00,0x00,0x00,0x00,
    0x00,0x00,0x00,0x00,0x00,0x00,0x00,0x00,0x00,0x00,0x00,0x00,0x00,0x00,0x00,0x00,
    0x00,0x00,0x00,0x00,0x00,0x00,0x00,0x00,0x00,0x00,0x00,0x00,0x00,0x00,0x00,0x00,
    0x00,0x00,0x00,0x00,0x00,0x00,0x00,0x00,0x00,0x00,0x00,0x00,0x00,0x00,0x00,0x00,
    0x00,0x00,0x00,0x00,0x00,0x00,0x00,0x00,0x00,0x00,0x00,0x00,0x00,0x00,0x00,0x00,
    0x00,0x00,0x00,0x00,0x00,0x00,0x00,0x00,0x00,0x00,0x00,0x00,0x00,0x00,0x00,0x00,
    0x00,0x00,0x00,0x00,0x00,0x00,0x00,0x00,0x00,0x00,0x00,0x00,0x00,0x00,0x00,0x00,
    0x00,0x00,0x00,0x00,0x00,0x00,0x00,0x00,0x00,0x00,0x00,0x00,0x00,0x00,0x00,0x00,
    0x00,0x00,0x00,0x00,0x00,0x00,0x00,0x00,0x00,0x00,0x00,0x00,0x00,0x00,0x00,0x00,
    0x00,0x00,0x00,0x00,0x00,0x00,0x00,0x00,0x00,0x00,0x00,0x00,0x00,0x00,0x00,0x00,
    0x00,0x00,0x00,0x00,0x00,0x00,0x00,0x00,0x00,0x00,0x00,0x00,0x00,0x00,0x00,0x00,
    0x00,0x00,0x00,0x00,0x00,0x00,0x00,0x00,0x00,0x00,0x00,0x00,0x00,0x00,0x00,0x00,
    0x00,0x00,0x00,0x00,0x00,0x00,0x00,0x00,0x00,0x00,0x00,0x00,0x00,0x00,0x00,0x00,
    0x00,0x00,0x00,0x00,0x00,0x00,0x00,0x00,0x00,0x00,0x00,0x00,0x00,0x00,0x00,0x00,
    0x00,0x00,0x00,0x00,0x00,0x00,0x00,0x00,0x00,0x00,0x00,0x00,0x00,0x00,0x00,0x00,
    0x00,0x00,0x00,0x00,0x00,0x00,0x00,0x00,0x00,0x00,0x00,0x00,0x00,0x00,0x00,0x00,
    0x00,0x00,0x00,0x00,0x00,0x00,0x00,0x00,0x00,0x00,0x00,0x00,0x00,0x00,0x00,0x00,
    0x00,0x00,0x00,0x00,0x00,0x00,0x00,0x00,0x00,0x00,0x00,0x00,0x00,0x00,0x00,0x00,
    0x00,0x00,0x00,0x00,0x00,0x00,0x00,0x00,0x00,0x00,0x00,0x00,0x00,0x00,0x00,0x00,
    0x00,0x00,0x00,0x00,0x00,0x00,0x00,0x00,0x00,0x00,0x00,0x00,0x00,0x00,0x00,0x00,
    0x00,0x00,0x00,0x00,0x00,0x00,0x00,0x00,0x00,0x00,0x00,0x00,0x00,0x00,0x00,0x00,
    0x00,0x00,0x00,0x00,0x00,0x00,0x00,0x00,0x00,0x00,0x00,0x00,0x00,0x00,0x00,0x00,
    0x00,0x00,0x00,0x00,0x00,0x00,0x00,0x00,0x00,0x00,0x00,0x00,0x00,0x00,0x00,0x00,
    0x00,0x00,0x00,0x00,0x00,0x00,0x00,0x00,0x00,0x00,0x00,0x00,0x00,0x00,0x00,0x00,
    0x00,0x00,0x00,0x00,0x00,0x00,0x00,0x00,0x00,0x00,0x00,0x00,0x00,0x00,0x00,0x00,
    0x00,0x00,0x00,0x00,0x00,0x00,0x00,0x00,0x00,0x00,0x00,0x00,0x00,0x00,0x00,0x00,
    0x00,0x00,0x00,0x00,0x00,0x00,0x00,0x00,0x00,0x00,0x00,0x00,0x00,0x00,0x00,0x00,
    0x00,0x00,0x00,0x00,0x00,0x00,0x00,0x00,0x00,0x00,0x00,0x00,0x00,0x00,0x00,0x00,
    0x00,0x00,0x00,0x00,0x00,0x00,0x00,0x00,0x00,0x00,0x00,0x00,0x00,0x00,0x00,0x00,
    0x00,0x00,0x00,0x00,0x00,0x00,0x00,0x00,0x00,0x00,0x00,0x00,0x00,0x00,0x00,0x00,
    0x00,0x00,0x00,0x00,0x00,0x00,0x00,0x00,0x00,0x00,0x00,0x00,0x00,0x00,0x00,0x00,
    0x00,0x00,0x00,0x00,0x00,0x00,0x00,0x00,0x00,0x00,0x00,0x00,0x00,0x00,0x00,0x00,
    0x00,0x00,0x00,0x00,0x00,0x00,0x00,0x00,0x00,0x00,0x00,0x00,0x00,0x00,0x00,0x00,
    0x00,0x00,0x00,0x00,0x00,0x00,0x00,0x00,0x00,0x00,0x00,0x00,0x00,0x00,0x00,0x00,
    0x00,0x00,0x00,0x00,0x00,0x00,0x00,0x00,0x00,0x00,0x00,0x00,0x00,0x00,0x00,0x00,
    0x00,0x00,0x00,0x00,0x00,0x00,0x00,0x00,0x00,0x00,0x00,0x00,0x00,0x00,0x00,0x00,
    0x00,0x00,0x00,0x00,0x00,0x00,0x00,0x00,0x00,0x00,0x00,0x00,0x00,0x00,0x00,0x00,
    0x00,0x00,0x00,0x00,0x00,0x00,0x00,0x00,0x00,0x00,0x00,0x00,0x00,0x00,0x00,0x00,
    0x00,0x00,0x00,0x00,0x00,0x00,0x00,0x00,0x00,0x00,0x00,0x00,0x00,0x00,0x00,0x00,
    0x00,0x00,0x00,0x00,0x00,0x00,0x00,0x00,0x00,0x00,0x00,0x00,0x00,0x00,0x00,0x00,
    0x00,0x00,0x00,0x00,0x00,0x00,0x00,0x00,0x00,0x00,0x00,0x00,0x00,0x00,0x00,0x00,
    0x00,0x00,0x00,0x00,0x00,0x00,0x00,0x00,0x00,0x00,0x00,0x00,0x00,0x00,0x00,0x00,
    0x00,0x00,0x00,0x00,0x00,0x00,0x00,0x00,0x00,0x00,0x00,0x00,0x00,0x00,0x00,0x00,
    0x00,0x00,0x00,0x00,0x00,0x00,0x00,0x00,0x00,0x00,0x00,0x00,0x00,0x00,0x00,0x00,
    0x00,0x00,0x00,0x00,0x00,0x00,0x00,0x00,0x00,0x00,0x00,0x00,0x00,0x00,0x00,0x00,
    0x00,0x00,0x00,0x00,0x00,0x00,0x00,0x00,0x00,0x00,0x00,0x00,0x00,0x00,0x00,0x00,
    0x00,0x00,0x00,0x00,0x00,0x00,0x00,0x00,0x00,0x00,0x00,0x00,0x00,0x00,0x00,0x00,
    0x00,0x00,0x00,0x00,0x00,0x00,0x00,0x00,0x00,0x00,0x00,0x00,0x00,0x00,0x00,0x00,
    0x00,0x00,0x00,0x00,0x00,0x00,0x00,0x00,0x00,0x00,0x00,0x00,0x00,0x00,0x00,0x00,
    0x00,0x00,0x00,0x00,0x00,0x00,0x00,0x00,0x00,0x00,0x00,0x00,0x00,0x00,0x00,0x00,
    0x00,0x00,0x00,0x00,0x00,0x00,0x00,0x00,0x00,0x00,0x00,0x00,0x00,0x00,0x00,0x00,
    0x00,0x00,0x00,0x00,0x00,0x00,0x00,0x00,0x00,0x00,0x00,0x00,0x00,0x00,0x00,0x00,
    0x00,0x00,0x00,0x00,0x00,0x00,0x00,0x00,0x00,0x00,0x00,0x00,0x00,0x00,0x00,0x00,
    0x00,0x00,0x00,0x00,0x00,0x00,0x00,0x00,0x00,0x00,0x00,0x00,0x00,0x00,0x00,0x00,
    0x00,0x00,0x00,0x00,0x00,0x00,0x00,0x00,0x00,0x00,0x00,0x00,0x00,0x00,0x00,0x00,
    0x00,0x00,0x00,0x00,0x00,0x00,0x00,0x00,0x00,0x00,0x00,0x00,0x00,0x00,0x00,0x00,
    0x00,0x00,0x00,0x00,0x00,0x00,0x00,0x00,0x00,0x00,0x00,0x00,0x00,0x00,0x00,0x00,
    0x00,0x00,0x00,0x00,0x00,0x00,0x00,0x00,0x00,0x00,0x00,0x00,0x00,0x00,0x00,0x00,
    0x00,0x00,0x00,0x00,0x00,0x00,0x00,0x00,0x00,0x00,0x00,0x00,0x00,0x00,0x00,0x00,
    0x00,0x00,0x00,0x00,0x00,0x00,0x00,0x00,0x00,0x00,0x00,0x00,0x00,0x00,0x00,0x00,
    0x00,0x00,0x00,0x00,0x00,0x00,0x00,0x00,0x00,0x00,0x00,0x00,0x00,0x00,0x00,0x00,
    0x00,0x00,0x00,0x00,0x00,0x00,0x00,0x00,0x00,0x00,0x00,0x00,0x00,0x00,0x00,0x00,
    0x00,0x00,0x00,0x00,0x00,0x00,0x00,0x00,0x00,0x00,0x00,0x00,0x00,0x00,0x00,0x00,
    0x00,0x00,0x00,0x00,0x00,0x00,0x00,0x00,0x00,0x00,0x00,0x00,0x00,0x00,0x00,0x00,
    0x00,0x00,0x00,0x00,0x00,0x00,0x00,0x00,0x00,0x00,0x00,0x00,0x00,0x00,0x00,0x00,
    0x00,0x00,0x00,0x00,0x00,0x00,0x00,0x00,0x00,0x00,0x00,0x00,0x00,0x00,0x00,0x00,
    0x00,0x00,0x00,0x00,0x00,0x00,0x00,0x00,0x00,0x00,0x00,0x00,0x00,0x00,0x00,0x00,
    0x00,0x00,0x00,0x00,0x00,0x00,0x00,0x00,0x00,0x00,0x00,0x00,0x00,0x00,0x00,0x00,
    0x00,0x00,0x00,0x00,0x00,0x00,0x00,0x00,0x00,0x00,0x00,0x00,0x00,0x00,0x00,0x00,
    0x00,0x00,0x00,0x00,0x00,0x00,0x00,0x00,0x00,0x00,0x00,0x00,0x00,0x00,0x00,0x00,
    0x00,0x00,0x00,0x00,0x00,0x00,0x00,0x00,0x00,0x00,0x00,0x00,0x00,0x00,0x00,0x00,
    0x00,0x00,0x00,0x00,0x00,0x00,0x00,0x00,0x00,0x00,0x00,0x00,0x00,0x00,0x00,0x00,
    0x00,0x00,0x00,0x00,0x00,0x00,0x00,0x00,0x00,0x00,0x00,0x00,0x00,0x00,0x00,0x00,
    0x00,0x00,0x00,0x00,0x00,0x00,0x00,0x00,0x00,0x00,0x00,0x00,0x00,0x00,0x00,0x00,
    0x00,0x00,0x00,0x00,0x00,0x00,0x00,0x00,0x00,0x00,0x00,0x00,0x00,0x00,0x00,0x00,
    0x00,0x00,0x00,0x00,0x00,0x00,0x00,0x00,0x00,0x00,0x00,0x00,0x00,0x00,0x00,0x00,
    0x00,0x00,0x00,0x00,0x00,0x00,0x00,0x00,0x00,0x00,0x00,0x00,0x00,0x00,0x00,0x00,
    0x00,0x00,0x00,0x00,0x00,0x00,0x00,0x00,0x00,0x00,0x00,0x00,0x00,0x00,0x00,0x00,
    0x00,0x00,0x00,0x00,0x00,0x00,0x00,0x00,0x00,0x00,0x00,0x00,0x00,0x00,0x00,0x00,
    0x00,0x00,0x00,0x00,0x00,0x00,0x00,0x00,0x00,0x00,0x00,0x00,0x00,0x00,0x00,0x00,
    0x00,0x00,0x00,0x00,0x00,0x00,0x00,0x00,0x00,0x00,0x00,0x00,0x00,0x00,0x00,0x00,
    0x00,0x00,0x00,0x00,0x00,0x00,0x00,0x00,0x00,0x00,0x00,0x00,0x00,0x00,0x00,0x00,
    0x00,0x00,0x00,0x00,0x00,0x00,0x00,0x00,0x00,0x00,0x00,0x00,0x00,0x00,0x00,0x00,
    0x00,0x00,0x00,0x00,0x00,0x00,0x00,0x00,0x00,0x00,0x00,0x00,0x00,0x00,0x00,0x00,
    0x00,0x00,0x00,0x00,0x00,0x00,0x00,0x00,0x00,0x00,0x00,0x00,0x00,0x00,0x00,0x00,
    0x00,0x00,0x00,0x00,0x00,0x00,0x00,0x00,0x00,0x00,0x00,0x00,0x00,0x00,0x00,0x00,
    0x00,0x00,0x00,0x00,0x00,0x00,0x00,0x00,0x00,0x00,0x00,0x00,0x00,0x00,0x00,0x00,
    0x00,0x00,0x00,0x00,0x00,0x00,0x00,0x00,0x00,0x00,0x00,0x00,0x00,0x00,0x00,0x00,
    0x00,0x00,0x00,0x00,0x00,0x00,0x00,0x00,0x00,0x00,0x00,0x00,0x00,0x00,0x00,0x00,
    0x00,0x00,0x00,0x00,0x00,0x00,0x00,0x00,0x00,0x00,0x00,0x00,0x00,0x00,0x00,0x00,
    0x00,0x00,0x00,0x00,0x00,0x00,0x00,0x00,0x00,0x00,0x00,0x00,0x00,0x00,0x00,0x00,
    0x00,0x00,0x00,0x00,0x00,0x00,0x00,0x00,0x00,0x00,0x00,0x00,0x00,0x00,0x00,0x00,
    0x00,0x00,0x00,0x00,0x00,0x00,0x00,0x00,0x00,0x00,0x00,0x00,0x00,0x00,0x00,0x00,
    0x00,0x00,0x00,0x00,0x00,0x00,0x00,0x00,0x00,0x00,0x00,0x00,0x00,0x00,0x00,0x00,
    0x00,0x00,0x00,0x00,0x00,0x00,0x00,0x00,0x00,0x00,0x00,0x00,0x00,0x00,0x00,0x00,
    0x00,0x00,0x00,0x00,0x00,0x00,0x00,0x00,0x00,0x00,0x00,0x00,0x00,0x00,0x00,0x00,
    0x00,0x00,0x00,0x00,0x00,0x00,0x00,0x00,0x00,0x00,0x00,0x00,0x00,0x00,0x00,0x00,
    0x00,0x00,0x00,0x00,0x00,0x00,0x00,0x00,0x00,0x00,0x00,0x00,0x00,0x00,0x00,0x00,
    0x00,0x00,0x00,0x00,0x00,0x00,0x00,0x00,0x00,0x00,0x00,0x00,0x00,0x00,0x00,0x00,
    0x00,0x00,0x00,0x00,0x00,0x00,0x00,0x00,0x00,0x00,0x00,0x00,0x00,0x00,0x00,0x00,
    0x00,0x00,0x00,0x00,0x00,0x00,0x00,0x00,0x00,0x00,0x00,0x00,0x00,0x00,0x00,0x00,
    0x00,0x00,0x00,0x00,0x00,0x00,0x00,0x00,0x00,0x00,0x00,0x00,0x00,0x00,0x00,0x00,
    0x00,0x00,0x00,0x00,0x00,0x00,0x00,0x00,0x00,0x00,0x00,0x00,0x00,0x00,0x00,0x00,
    0x00,0x00,0x00,0x00,0x00,0x00,0x00,0x00,0x00,0x00,0x00,0x00,0x00,0x00,0x00,0x00,
    0x00,0x00,0x00,0x00,0x00,0x00,0x00,0x00,0x00,0x00,0x00,0x00,0x00,0x00,0x00,0x00,
    0x00,0x00,0x00,0x00,0x00,0x00,0x00,0x00,0x00,0x00,0x00,0x00,0x00,0x00,0x00,0x00,
    0x00,0x00,0x00,0x00,0x00,0x00,0x00,0x00,0x00,0x00,0x00,0x00,0x00,0x00,0x00,0x00,
    0x00,0x00,0x00,0x00,0x00,0x00,0x00,0x00,0x00,0x00,0x00,0x00,0x00,0x00,0x00,0x00,
    0x00,0x00,0x00,0x00,0x00,0x00,0x00,0x00,0x00,0x00,0x00,0x00,0x00,0x00,0x00,0x00,
    0x00,0x00,0x00,0x00,0x00,0x00,0x00,0x00,0x00,0x00,0x00,0x00,0x00,0x00,0x00,0x00,
    0x00,0x00,0x00,0x00,0x00,0x00,0x00,0x00,0x00,0x00,0x00,0x00,0x00,0x00,0x00,0x00,
    0x00,0x00,0x00,0x00,0x00,0x00,0x00,0x00,0x00,0x00,0x00,0x00,0x00,0x00,0x00,0x00,
    0x00,0x00,0x00,0x00,0x00,0x00,0x00,0x00,0x00,0x00,0x00,0x00,0x00,0x00,0x00,0x00,
    0x00,0x00,0x00,0x00,0x00,0x00,0x00,0x00,0x00,0x00,0x00,0x00,0x00,0x00,0x00,0x00,
    0x00,0x00,0x00,0x00,0x00,0x00,0x00,0x00,0x00,0x00,0x00,0x00,0x00,0x00,0x00,0x00,
    0x00,0x00,0x00,0x00,0x00,0x00,0x00,0x00,0x00,0x00,0x00,0x00,0x00,0x00,0x00,0x00,
    0x00,0x00,0x00,0x00,0x00,0x00,0x00,0x00,0x00,0x00,0x00,0x00,0x00,0x00,0x00,0x00,
    0x00,0x00,0x00,0x00,0x00,0x00,0x00,0x00,0x00,0x00,0x00,0x00,0x00,0x00,0x00,0x00,
    0x00,0x00,0x00,0x00,0x00,0x00,0x00,0x00,0x00,0x00,0x00,0x00,0x00,0x00,0x00,0x00,
    0x00,0x00,0x00,0x00,0x00,0x00,0x00,0x00,0x00,0x00,0x00,0x00,0x00,0x00,0x00,0x00,
    0x00,0x00,0x00,0x00,0x00,0x00,0x00,0x00,0x00,0x00,0x00,0x00,0x00,0x00,0x00,0x00,
    0x00,0x00,0x00,0x00,0x00,0x00,0x00,0x00,0x00,0x00,0x00,0x00,0x00,0x00,0x00,0x00,
    0x00,0x00,0x00,0x00,0x00,0x00,0x00,0x00,0x00,0x00,0x00,0x00,0x00,0x00,0x00,0x00,
    0x00,0x00,0x00,0x00,0x00,0x00,0x00,0x00,0x00,0x00,0x00,0x00,0x00,0x00,0x00,0x00,
    0x00,0x00,0x00,0x00,0x00,0x00,0x00,0x00,0x00,0x00,0x00,0x00,0x00,0x00,0x00,0x00,
    0x00,0x00,0x00,0x00,0x00,0x00,0x00,0x00,0x00,0x00,0x00,0x00,0x00,0x00,0x00,0x00,
    0x00,0x00,0x00,0x00,0x00,0x00,0x00,0x00,0x00,0x00,0x00,0x00,0x00,0x00,0x00,0x00,
    0x00,0x00,0x00,0x00,0x00,0x00,0x00,0x00,0x00,0x00,0x00,0x00,0x00,0x00,0x00,0x00,
    0x00,0x00,0x00,0x00,0x00,0x00,0x00,0x00,0x00,0x00,0x00,0x00,0x00,0x00,0x00,0x00,
    0x00,0x00,0x00,0x00,0x00,0x00,0x00,0x00,0x00,0x00,0x00,0x00,0x00,0x00,0x00,0x00,
    0x00,0x00,0x00,0x00,0x00,0x00,0x00,0x00,0x00,0x00,0x00,0x00,0x00,0x00,0x00,0x00,
    0x00,0x00,0x00,0x00,0x00,0x00,0x00,0x00,0x00,0x00,0x00,0x00,0x00,0x00,0x00,0x00,
    0x00,0x00,0x00,0x00,0x00,0x00,0x00,0x00,0x00,0x00,0x00,0x00,0x00,0x00,0x00,0x00,
    0x00,0x00,0x00,0x00,0x00,0x00,0x00,0x00,0x00,0x00,0x00,0x00,0x00,0x00,0x00,0x00,
    0x00,0x00,0x00,0x00,0x00,0x00,0x00,0x00,0x00,0x00,0x00,0x00,0x00,0x00,0x00,0x00,
    0x00,0x00,0x00,0x00,0x00,0x00,0x00,0x00,0x00,0x00,0x00,0x00,0x00,0x00,0x00,0x00,
    0x00,0x00,0x00,0x00,0x00,0x00,0x00,0x00,0x00,0x00,0x00,0x00,0x00,0x00,0x00,0x00,
    0x00,0x00,0x00,0x00,0x00,0x00,0x00,0x00,0x00,0x00,0x00,0x00,0x00,0x00,0x00,0x00,
    0x00,0x00,0x00,0x00,0x00,0x00,0x00,0x00,0x00,0x00,0x00,0x00,0x00,0x00,0x00,0x00,
    0x00,0x00,0x00,0x00,0x00,0x00,0x00,0x00,0x00,0x00,0x00,0x00,0x00,0x00,0x00,0x00,
    0x00,0x00,0x00,0x00,0x00,0x00,0x00,0x00,0x00,0x00,0x00,0x00,0x00,0x00,0x00,0x00,
    0x00,0x00,0x00,0x00,0x00,0x00,0x00,0x00,0x00,0x00,0x00,0x00,0x00,0x00,0x00,0x00,
    0x00,0x00,0x00,0x00,0x00,0x00,0x00,0x00,0x00,0x00,0x00,0x00,0x00,0x00,0x00,0x00,
    0x00,0x00,0x00,0x00,0x00,0x00,0x00,0x00,0x00,0x00,0x00,0x00,0x00,0x00,0x00,0x00,
    0x00,0x00,0x00,0x00,0x00,0x00,0x00,0x00,0x00,0x00,0x00,0x00,0x00,0x00,0x00,0x00,
    0x00,0x00,0x00,0x00,0x00,0x00,0x00,0x00,0x00,0x00,0x00,0x00,0x00,0x00,0x00,0x00,
    0x00,0x00,0x00,0x00,0x00,0x00,0x00,0x00,0x00,0x00,0x00,0x00,0x00,0x00,0x00,0x00,
    0x00,0x00,0x00,0x00,0x00,0x00,0x00,0x00,0x00,0x00,0x00,0x00,0x00,0x00,0x00,0x00,
    0x00,0x00,0x00,0x00,0x00,0x00,0x00,0x00,0x00,0x00,0x00,0x00,0x00,0x00,0x00,0x00,
    0x00,0x00,0x00,0x00,0x00,0x00,0x00,0x00,0x00,0x00,0x00,0x00,0x00,0x00,0x00,0x00,
    0x00,0x00,0x00,0x00,0x00,0x00,0x00,0x00,0x00,0x00,0x00,0x00,0x00,0x00,0x00,0x00,
    0x00,0x00,0x00,0x00,0x00,0x00,0x00,0x00,0x00,0x00,0x00,0x00,0x00,0x00,0x00,0x00,
    0x00,0x00,0x00,0x00,0x00,0x00,0x00,0x00,0x00,0x00,0x00,0x00,0x00,0x00,0x00,0x00,
    0x00,0x00,0x00,0x00,0x00,0x00,0x00,0x00,0x00,0x00,0x00,0x00,0x00,0x00,0x00,0x00,
    0x00,0x00,0x00,0x00,0x00,0x00,0x00,0x00,0x00,0x00,0x00,0x00,0x00,0x00,0x00,0x00,
    0x00,0x00,0x00,0x00,0x00,0x00,0x00,0x00,0x00,0x00,0x00,0x00,0x00,0x00,0x00,0x00,
    0x00,0x00,0x00,0x00,0x00,0x00,0x00,0x00,0x00,0x00,0x00,0x00,0x00,0x00,0x00,0x00,
    0x00,0x00,0x00,0x00,0x00,0x00,0x00,0x00,0x00,0x00,0x00,0x00,0x00,0x00,0x00,0x00,
    0x00,0x00,0x00,0x00,0x00,0x00,0x00,0x00,0x00,0x00,0x00,0x00,0x00,0x00,0x00,0x00,
    0x00,0x00,0x00,0x00,0x00,0x00,0x00,0x00,0x00,0x00,0x00,0x00,0x00,0x00,0x00,0x00,
    0x00,0x00,0x00,0x00,0x00,0x00,0x00,0x00,0x00,0x00,0x00,0x00,0x00,0x00,0x00,0x00,
    0x00,0x00,0x00,0x00,0x00,0x00,0x00,0x00,0x00,0x00,0x00,0x00,0x00,0x00,0x00,0x00,
    0x00,0x00,0x00,0x00,0x00,0x00,0x00,0x00,0x00,0x00,0x00,0x00,0x00,0x00,0x00,0x00,
    0x00,0x00,0x00,0x00,0x00,0x00,0x00,0x00,0x00,0x00,0x00,0x00,0x00,0x00,0x00,0x00,
    0x00,0x00,0x00,0x00,0x00,0x00,0x00,0x00,0x00,0x00,0x00,0x00,0x00,0x00,0x00,0x00,
    0x00,0x00,0x00,0x00,0x00,0x00,0x00,0x00,0x00,0x00,0x00,0x00,0x00,0x00,0x00,0x00,
    0x00,0x00,0x00,0x00,0x00,0x00,0x00,0x00,0x00,0x00,0x00,0x00,0x00,0x00,0x00,0x00,
    0x00,0x00,0x00,0x00,0x00,0x00,0x00,0x00,0x00,0x00,0x00,0x00,0x00,0x00,0x00,0x00,
    0x00,0x00,0x00,0x00,0x00,0x00,0x00,0x00,0x00,0x00,0x00,0x00,0x00,0x00,0x00,0x00,
    0x00,0x00,0x00,0x00,0x00,0x00,0x00,0x00,0x00,0x00,0x00,0x00,0x00,0x00,0x00,0x00,
    0x00,0x00,0x00,0x00,0x00,0x00,0x00,0x00,0x00,0x00,0x00,0x00,0x00,0x00,0x00,0x00,
    0x00,0x00,0x00,0x00,0x00,0x00,0x00,0x00,0x00,0x00,0x00,0x00,0x00,0x00,0x00,0x00,
    0x00,0x00,0x00,0x00,0x00,0x00,0x00,0x00,0x00,0x00,0x00,0x00,0x00,0x00,0x00,0x00,
    0x00,0x00,0x00,0x00,0x00,0x00,0x00,0x00,0x00,0x00,0x00,0x00,0x00,0x00,0x00,0x00,
    0x00,0x00,0x00,0x00,0x00,0x00,0x00,0x00,0x00,0x00,0x00,0x00,0x00,0x00,0x00,0x00,
    0x00,0x00,0x00,0x00,0x00,0x00,0x00,0x00,0x00,0x00,0x00,0x00,0x00,0x00,0x00,0x00,
    0x00,0x00,0x00,0x00,0x00,0x00,0x00,0x00,0x00,0x00,0x00,0x00,0x00,0x00,0x00,0x00,
    0x00,0x00,0x00,0x00,0x00,0x00,0x00,0x00,0x00,0x00,0x00,0x00,0x00,0x00,0x00,0x00,
    0x00,0x00,0x00,0x00,0x00,0x00,0x00,0x00,0x00,0x00,0x00,0x00,0x00,0x00,0x00,0x00,
    0x00,0x00,0x00,0x00,0x00,0x00,0x00,0x00,0x00,0x00,0x00,0x00,0x00,0x00,0x00,0x00,
    0x00,0x00,0x00,0x00,0x00,0x00,0x00,0x00,0x00,0x00,0x00,0x00,0x00,0x00,0x00,0x00,
    0x00,0x00,0x00,0x00,0x00,0x00,0x00,0x00,0x00,0x00,0x00,0x00,0x00,0x00,0x00,0x00,
    0x00,0x00,0x00,0x00,0x00,0x00,0x00,0x00,0x00,0x00,0x00,0x00,0x00,0x00,0x00,0x00,
    0x00,0x00,0x00,0x00,0x00,0x00,0x00,0x00,0x00,0x00,0x00,0x00,0x00,0x00,0x00,0x00,
    0x00,0x00,0x00,0x00,0x00,0x00,0x00,0x00,0x00,0x00,0x00,0x00,0x00,0x00,0x00,0x00,
    0x00,0x00,0x00,0x00,0x00,0x00,0x00,0x00,0x00,0x00,0x00,0x00,0x00,0x00,0x00,0x00,
    0x00,0x00,0x00,0x00,0x00,0x00,0x00,0x00,0x00,0x00,0x00,0x00,0x00,0x00,0x00,0x00,
    0x00,0x00,0x00,0x00,0x00,0x00,0x00,0x00,0x00,0x00,0x00,0x00,0x00,0x00,0x00,0x00,
    0x00,0x00,0x00,0x00,0x00,0x00,0x00,0x00,0x00,0x00,0x00,0x00,0x00,0x00,0x00,0x00,
    0x00,0x00,0x00,0x00,0x00,0x00,0x00,0x00,0x00,0x00,0x00,0x00,0x00,0x00,0x00,0x00,
    0x00,0x00,0x00,0x00,0x00,0x00,0x00,0x00,0x00,0x00,0x00,0x00,0x00,0x00,0x00,0x00,
    0x00,0x00,0x00,0x00,0x00,0x00,0x00,0x00,0x00,0x00,0x00,0x00,0x00,0x00,0x00,0x00,
    0x00,0x00,0x00,0x00,0x00,0x00,0x00,0x00,0x00,0x00,0x00,0x00,0x00,0x00,0x00,0x00,
    0x00,0x00,0x00,0x00,0x00,0x00,0x00,0x00,0x00,0x00,0x00,0x00,0x00,0x00,0x00,0x00,
    0x00,0x00,0x00,0x00,0x00,0x00,0x00,0x00,0x00,0x00,0x00,0x00,0x00,0x00,0x00,0x00,
    0x00,0x00,0x00,0x00,0x00,0x00,0x00,0x00,0x00,0x00,0x00,0x00,0x00,0x00,0x00,0x00,
    0x00,0x00,0x00,0x00,0x00,0x00,0x00,0x00,0x00,0x00,0x00,0x00,0x00,0x00,0x00,0x00,
    0x00,0x00,0x00,0x00,0x00,0x00,0x00,0x00,0x00,0x00,0x00,0x00,0x00,0x00,0x00,0x00,
    0x00,0x00,0x00,0x00,0x00,0x00,0x00,0x00,0x00,0x00,0x00,0x00,0x00,0x00,0x00,0x00,
    0x00,0x00,0x00,0x00,0x00,0x00,0x00,0x00,0x00,0x00,0x00,0x00,0x00,0x00,0x00,0x00,
    0x00,0x00,0x00,0x00,0x00,0x00,0x00,0x00,0x00,0x00,0x00,0x00,0x00,0x00,0x00,0x00,
    0x00,0x00,0x00,0x00,0x00,0x00,0x00,0x00,0x00,0x00,0x00,0x00,0x00,0x00,0x00,0x00,
    0x00,0x00,0x00,0x00,0x00,0x00,0x00,0x00,0x00,0x00,0x00,0x00,0x00,0x00,0x00,0x00,
    0x00,0x00,0x00,0x00,0x00,0x00,0x00,0x00,0x00,0x00,0x00,0x00,0x00,0x00,0x00,0x00,
    0x00,0x00,0x00,0x00,0x00,0x00,0x00,0x00,0x00,0x00,0x00,0x00,0x00,0x00,0x00,0x00,
    0x00,0x00,0x00,0x00,0x00,0x00,0x00,0x00,0x00,0x00,0x00,0x00,0x00,0x00,0x00,0x00,
    0x00,0x00,0x00,0x00,0x00,0x00,0x00,0x00,0x00,0x00,0x00,0x00,0x00,0x00,0x00,0x00,
    0x00,0x00,0x00,0x00,0x00,0x00,0x00,0x00,0x00,0x00,0x00,0x00,0x00,0x00,0x00,0x00,
    0x00,0x00,0x00,0x00,0x00,0x00,0x00,0x00,0x00,0x00,0x00,0x00,0x00,0x00,0x00,0x00,
    0x00,0x00,0x00,0x00,0x00,0x00,0x00,0x00,0x00,0x00,0x00,0x00,0x00,0x00,0x00,0x00,
    0x00,0x00,0x00,0x00,0x00,0x00,0x00,0x00,0x00,0x00,0x00,0x00,0x00,0x00,0x00,0x00,
    0x00,0x00,0x00,0x00,0x00,0x00,0x00,0x00,0x00,0x00,0x00,0x00,0x00,0x00,0x00,0x00,
    0x00,0x00,0x00,0x00,0x00,0x00,0x00,0x00,0x00,0x00,0x00,0x00,0x00,0x00,0x00,0x00,
    0x00,0x00,0x00,0x00,0x00,0x00,0x00,0x00,0x00,0x00,0x00,0x00,0x00,0x00,0x00,0x00,
    0x00,0x00,0x00,0x00,0x00,0x00,0x00,0x00,0x00,0x00,0x00,0x00,0x00,0x00,0x00,0x00,
    0x00,0x00,0x00,0x00,0x00,0x00,0x00,0x00,0x00,0x00,0x00,0x00,0x00,0x00,0x00,0x00,
    0x00,0x00,0x00,0x00,0x00,0x00,0x00,0x00,0x00,0x00,0x00,0x00,0x00,0x00,0x00,0x00,
    0x00,0x00,0x00,0x00,0x00,0x00,0x00,0x00,0x00,0x00,0x00,0x00,0x00,0x00,0x00,0x00,
    0x00,0x00,0x00,0x00,0x00,0x00,0x00,0x00,0x00,0x00,0x00,0x00,0x00,0x00,0x00,0x00,
    0x00,0x00,0x00,0x00,0x00,0x00,0x00,0x00,0x00,0x00,0x00,0x00,0x00,0x00,0x00,0x00,
    0x00,0x00,0x00,0x00,0x00,0x00,0x00,0x00,0x00,0x00,0x00,0x00,0x00,0x00,0x00,0x00,
    0x00,0x00,0x00,0x00,0x00,0x00,0x00,0x00,0x00,0x00,0x00,0x00,0x00,0x00,0x00,0x00,
    0x00,0x00,0x00,0x00,0x00,0x00,0x00,0x00,0x00,0x00,0x00,0x00,0x00,0x00,0x00,0x00,
    0x00,0x00,0x00,0x00,0x00,0x00,0x00,0x00,0x00,0x00,0x00,0x00,0x00,0x00,0x00,0x00,
    0x00,0x00,0x00,0x00,0x00,0x00,0x00,0x00,0x00,0x00,0x00,0x00,0x00,0x00,0x00,0x00,
    0x00,0x00,0x00,0x00,0x00,0x00,0x00,0x00,0x00,0x00,0x00,0x00,0x00,0x00,0x00,0x00,
    0x00,0x00,0x00,0x00,0x00,0x00,0x00,0x00,0x00,0x00,0x00,0x00,0x00,0x00,0x00,0x00,
    0x00,0x00,0x00,0x00,0x00,0x00,0x00,0x00,0x00,0x00,0x00,0x00,0x00,0x00,0x00,0x00,
    0x00,0x00,0x00,0x00,0x00,0x00,0x00,0x00,0x00,0x00,0x00,0x00,0x00,0x00,0x00,0x00,
    0x00,0x00,0x00,0x00,0x00,0x00,0x00,0x00,0x00,0x00,0x00,0x00,0x00,0x00,0x00,0x00,
    0x00,0x00,0x00,0x00,0x00,0x00,0x00,0x00,0x00,0x00,0x00,0x00,0x00,0x00,0x00,0x00,
    0x00,0x00,0x00,0x00,0x00,0x00,0x00,0x00,0x00,0x00,0x00,0x00,0x00,0x00,0x00,0x00,
    0x00,0x00,0x00,0x00,0x00,0x00,0x00,0x00,0x00,0x00,0x00,0x00,0x00,0x00,0x00,0x00,
    0x00,0x00,0x00,0x00,0x00,0x00,0x00,0x00,0x00,0x00,0x00,0x00,0x00,0x00,0x00,0x00,
    0x00,0x00,0x00,0x00,0x00,0x00,0x00,0x00,0x00,0x00,0x00,0x00,0x00,0x00,0x00,0x00,
    0x00,0x00,0x00,0x00,0x00,0x00,0x00,0x00,0x00,0x00,0x00,0x00,0x00,0x00,0x00,0x00,
    0x00,0x00,0x00,0x00,0x00,0x00,0x00,0x00,0x00,0x00,0x00,0x00,0x00,0x00,0x00,0x00,
    0x00,0x00,0x00,0x00,0x00,0x00,0x00,0x00,0x00,0x00,0x00,0x00,0x00,0x00,0x00,0x00,
    0x00,0x00,0x00,0x00,0x00,0x00,0x00,0x00,0x00,0x00,0x00,0x00,0x00,0x00,0x00,0x00,
    0x00,0x00,0x00,0x00,0x00,0x00,0x00,0x00,0x00,0x00,0x00,0x00,0x00,0x00,0x00,0x00,
    0x00,0x00,0x00,0x00,0x00,0x00,0x00,0x00,0x00,0x00,0x00,0x00,0x00,0x00,0x00,0x00,
    0x00,0x00,0x00,0x00,0x00,0x00,0x00,0x00,0x00,0x00,0x00,0x00,0x00,0x00,0x00,0x00,
    0x00,0x00,0x00,0x00,0x00,0x00,0x00,0x00,0x00,0x00,0x00,0x00,0x00,0x00,0x00,0x00,
    0x00,0x00,0x00,0x00,0x00,0x00,0x00,0x00,0x00,0x00,0x00,0x00,0x00,0x00,0x00,0x00,
    0x00,0x00,0x00,0x00,0x00,0x00,0x00,0x00,0x00,0x00,0x00,0x00,0x00,0x00,0x00,0x00,
    0x00,0x00,0x00,0x00,0x00,0x00,0x00,0x00,0x00,0x00,0x00,0x00,0x00,0x00,0x00,0x00,
    0x00,0x00,0x00,0x00,0x00,0x00,0x00,0x00,0x00,0x00,0x00,0x00,0x00,0x00,0x00,0x00,
    0x00,0x00,0x00,0x00,0x00,0x00,0x00,0x00,0x00,0x00,0x00,0x00,0x00,0x00,0x00,0x00,
    0x00,0x00,0x00,0x00,0x00,0x00,0x00,0x00,0x00,0x00,0x00,0x00,0x00,0x00,0x00,0x00,
    0x00,0x00,0x00,0x00,0x00,0x00,0x00,0x00,0x00,0x00,0x00,0x00,0x00,0x00,0x00,0x00,
    0x00,0x00,0x00,0x00,0x00,0x00,0x00,0x00,0x00,0x00,0x00,0x00,0x00,0x00,0x00,0x00,
    0x00,0x00,0x00,0x00,0x00,0x00,0x00,0x00,0x00,0x00,0x00,0x00,0x00,0x00,0x00,0x00,
    0x00,0x00,0x00,0x00,0x00,0x00,0x00,0x00,0x00,0x00,0x00,0x00,0x00,0x00,0x00,0x00,
    0x00,0x00,0x00,0x00,0x00,0x00,0x00,0x00,0x00,0x00,0x00,0x00,0x00,0x00,0x00,0x00,
    0x00,0x00,0x00,0x00,0x00,0x00,0x00,0x00,0x00,0x00,0x00,0x00,0x00,0x00,0x00,0x00,
    0x00,0x00,0x00,0x00,0x00,0x00,0x00,0x00,0x00,0x00,0x00,0x00,0x00,0x00,0x00,0x00,
    0x00,0x00,0x00,0x00,0x00,0x00,0x00,0x00,0x00,0x00,0x00,0x00,0x00,0x00,0x00,0x00,
    0x00,0x00,0x00,0x00,0x00,0x00,0x00,0x00,0x00,0x00,0x00,0x00,0x00,0x00,0x00,0x00,
    0x00,0x00,0x00,0x00,0x00,0x00,0x00,0x00,0x00,0x00,0x00,0x00,0x00,0x00,0x00,0x00,
    0x00,0x00,0x00,0x00,0x00,0x00,0x00,0x00,0x00,0x00,0x00,0x00,0x00,0x00,0x00,0x00,
    0x00,0x00,0x00,0x00,0x00,0x00,0x00,0x00,0x00,0x00,0x00,0x00,0x00,0x00,0x00,0x00,
    0x00,0x00,0x00,0x00,0x00,0x00,0x00,0x00,0x00,0x00,0x00,0x00,0x00,0x00,0x00,0x00,
    0x00,0x00,0x00,0x00,0x00,0x00,0x00,0x00,0x00,0x00,0x00,0x00,0x00,0x00,0x00,0x00,
    0x00,0x00,0x00,0x00,0x00,0x00,0x00,0x00,0x00,0x00,0x00,0x00,0x00,0x00,0x00,0x00,
    0x00,0x00,0x00,0x00,0x00,0x00,0x00,0x00,0x00,0x00,0x00,0x00,0x00,0x00,0x00,0x00,
    0x00,0x00,0x00,0x00,0x00,0x00,0x00,0x00,0x00,0x00,0x00,0x00,0x00,0x00,0x00,0x00,
    0x00,0x00,0x00,0x00,0x00,0x00,0x00,0x00,0x00,0x00,0x00,0x00,0x00,0x00,0x00,0x00,
    0x00,0x00,0x00,0x00,0x00,0x00,0x00,0x00,0x00,0x00,0x00,0x00,0x00,0x00,0x00,0x00,
    0x00,0x00,0x00,0x00,0x00,0x00,0x00,0x00,0x00,0x00,0x00,0x00,0x00,0x00,0x00,0x00,
    0x00,0x00,0x00,0x00,0x00,0x00,0x00,0x00,0x00,0x00,0x00,0x00,0x00,0x00,0x00,0x00,
    0x00,0x00,0x00,0x00,0x00,0x00,0x00,0x00,0x00,0x00,0x00,0x00,0x00,0x00,0x00,0x00,
    0x00,0x00,0x00,0x00,0x00,0x00,0x00,0x00,0x00,0x00,0x00,0x00,0x00,0x00,0x00,0x00,
    0x00,0x00,0x00,0x00,0x00,0x00,0x00,0x00,0x00,0x00,0x00,0x00,0x00,0x00,0x00,0x00,
    0x00,0x00,0x00,0x00,0x00,0x00,0x00,0x00,0x00,0x00,0x00,0x00,0x00,0x00,0x00,0x00,
    0x00,0x00,0x00,0x00,0x00,0x00,0x00,0x00,0x00,0x00,0x00,0x00,0x00,0x00,0x00,0x00,
    0x00,0x00,0x00,0x00,0x00,0x00,0x00,0x00,0x00,0x00,0x00,0x00,0x00,0x00,0x00,0x00,
    0x00,0x00,0x00,0x00,0x00,0x00,0x00,0x00,0x00,0x00,0x00,0x00,0x00,0x00,0x00,0x00,
    0x00,0x00,0x00,0x00,0x00,0x00,0x00,0x00,0x00,0x00,0x00,0x00,0x00,0x00,0x00,0x00,
    0x00,0x00,0x00,0x00,0x00,0x00,0x00,0x00,0x00,0x00,0x00,0x00,0x00,0x00,0x00,0x00,
    0x00,0x00,0x00,0x00,0x00,0x00,0x00,0x00,0x00,0x00,0x00,0x00,0x00,0x00,0x00,0x00,
    0x00,0x00,0x00,0x00,0x00,0x00,0x00,0x00,0x00,0x00,0x00,0x00,0x00,0x00,0x00,0x00,
    0x00,0x00,0x00,0x00,0x00,0x00,0x00,0x00,0x00,0x00,0x00,0x00,0x00,0x00,0x00,0x00,
    0x00,0x00,0x00,0x00,0x00,0x00,0x00,0x00,0x00,0x00,0x00,0x00,0x00,0x00,0x00,0x00,
    0x00,0x00,0x00,0x00,0x00,0x00,0x00,0x00,0x00,0x00,0x00,0x00,0x00,0x00,0x00,0x00,
    0x00,0x00,0x00,0x00,0x00,0x00,0x00,0x00,0x00,0x00,0x00,0x00,0x00,0x00,0x00,0x00,
    0x00,0x00,0x00,0x00,0x00,0x00,0x00,0x00,0x00,0x00,0x00,0x00,0x00,0x00,0x00,0x00,
    0x00,0x00,0x00,0x00,0x00,0x00,0x00,0x00,0x00,0x00,0x00,0x00,0x00,0x00,0x00,0x00,
    0x00,0x00,0x00,0x00,0x00,0x00,0x00,0x00,0x00,0x00,0x00,0x00,0x00,0x00,0x00,0x00,
    0x00,0x00,0x00,0x00,0x00,0x00,0x00,0x00,0x00,0x00,0x00,0x00,0x00,0x00,0x00,0x00,
    0x00,0x00,0x00,0x00,0x00,0x00,0x00,0x00,0x00,0x00,0x00,0x00,0x00,0x00,0x00,0x00,
    0x00,0x00,0x00,0x00,0x00,0x00,0x00,0x00,0x00,0x00,0x00,0x00,0x00,0x00,0x00,0x00,
    0x00,0x00,0x00,0x00,0x00,0x00,0x00,0x00,0x00,0x00,0x00,0x00,0x00,0x00,0x00,0x00,
    0x00,0x00,0x00,0x00,0x00,0x00,0x00,0x00,0x00,0x00,0x00,0x00,0x00,0x00,0x00,0x00,
    0x00,0x00,0x00,0x00,0x00,0x00,0x00,0x00,0x00,0x00,0x00,0x00,0x00,0x00,0x00,0x00,
    0x00,0x00,0x00,0x00,0x00,0x00,0x00,0x00,0x00,0x00,0x00,0x00,0x00,0x00,0x00,0x00,
    0x00,0x00,0x00,0x00,0x00,0x00,0x00,0x00,0x00,0x00,0x00,0x00,0x00,0x00,0x00,0x00,
    0x00,0x00,0x00,0x00,0x00,0x00,0x00,0x00,0x00,0x00,0x00,0x00,0x00,0x00,0x00,0x00,
    0x00,0x00,0x00,0x00,0x00,0x00,0x00,0x00,0x00,0x00,0x00,0x00,0x00,0x00,0x00,0x00,
    0x00,0x00,0x00,0x00,0x00,0x00,0x00,0x00,0x00,0x00,0x00,0x00,0x00,0x00,0x00,0x00,
    0x00,0x00,0x00,0x00,0x00,0x00,0x00,0x00,0x00,0x00,0x00,0x00,0x00,0x00,0x00,0x00,
    0x00,0x00,0x00,0x00,0x00,0x00,0x00,0x00,0x00,0x00,0x00,0x00,0x00,0x00,0x00,0x00,
    0x00,0x00,0x00,0x00,0x00,0x00,0x00,0x00,0x00,0x00,0x00,0x00,0x00,0x00,0x00,0x00,
    0x00,0x00,0x00,0x00,0x00,0x00,0x00,0x00,0x00,0x00,0x00,0x00,0x00,0x00,0x00,0x00,
    0x00,0x00,0x00,0x00,0x00,0x00,0x00,0x00,0x00,0x00,0x00,0x00,0x00,0x00,0x00,0x00,
    0x00,0x00,0x00,0x00,0x00,0x00,0x00,0x00,0x00,0x00,0x00,0x00,0x00,0x00,0x00,0x00,
    0x00,0x00,0x00,0x00,0x00,0x00,0x00,0x00,0x00,0x00,0x00,0x00,0x00,0x00,0x00,0x00,
    0x00,0x00,0x00,0x00,0x00,0x00,0x00,0x00,0x00,0x00,0x00,0x00,0x00,0x00,0x00,0x00,
    0x00,0x00,0x00,0x00,0x00,0x00,0x00,0x00,0x00,0x00,0x00,0x00,0x00,0x00,0x00,0x00,
    0x00,0x00,0x00,0x00,0x00,0x00,0x00,0x00,0x00,0x00,0x00,0x00,0x00,0x00,0x00,0x00,
    0x00,0x00,0x00,0x00,0x00,0x00,0x00,0x00,0x00,0x00,0x00,0x00,0x00,0x00,0x00,0x00,
    0x00,0x00,0x00,0x00,0x00,0x00,0x00,0x00,0x00,0x00,0x00,0x00,0x00,0x00,0x00,0x00,
    0x00,0x00,0x00,0x00,0x00,0x00,0x00,0x00,0x00,0x00,0x00,0x00,0x00,0x00,0x00,0x00,
    0x00,0x00,0x00,0x00,0x00,0x00,0x00,0x00,0x00,0x00,0x00,0x00,0x00,0x00,0x00,0x00,
    0x00,0x00,0x00,0x00,0x00,0x00,0x00,0x00,0x00,0x00,0x00,0x00,0x00,0x00,0x00,0x00,
    0x00,0x00,0x00,0x00,0x00,0x00,0x00,0x00,0x00,0x00,0x00,0x00,0x00,0x00,0x00,0x00,
    0x00,0x00,0x00,0x00,0x00,0x00,0x00,0x00,0x00,0x00,0x00,0x00,0x00,0x00,0x00,0x00,
    0x00,0x00,0x00,0x00,0x00,0x00,0x00,0x00,0x00,0x00,0x00,0x00,0x00,0x00,0x00,0x00,
    0x00,0x00,0x00,0x00,0x00,0x00,0x00,0x00,0x00,0x00,0x00,0x00,0x00,0x00,0x00,0x00,
    0x00,0x00,0x00,0x00,0x00,0x00,0x00,0x00,0x00,0x00,0x00,0x00,0x00,0x00,0x00,0x00,
    0x00,0x00,0x00,0x00,0x00,0x00,0x00,0x00,0x00,0x00,0x00,0x00,0x00,0x00,0x00,0x00,
    0x00,0x00,0x00,0x00,0x00,0x00,0x00,0x00,0x00,0x00,0x00,0x00,0x00,0x00,0x00,0x00,
    0x00,0x00,0x00,0x00,0x00,0x00,0x00,0x00,0x00,0x00,0x00,0x00,0x00,0x00,0x00,0x00,
    0x00,0x00,0x00,0x00,0x00,0x00,0x00,0x00,0x00,0x00,0x00,0x00,0x00,0x00,0x00,0x00,
    0x00,0x00,0x00,0x00,0x00,0x00,0x00,0x00,0x00,0x00,0x00,0x00,0x00,0x00,0x00,0x00,
    0x00,0x00,0x00,0x00,0x00,0x00,0x00,0x00,0x00,0x00,0x00,0x00,0x00,0x00,0x00,0x00,
    0x00,0x00,0x00,0x00,0x00,0x00,0x00,0x00,0x00,0x00,0x00,0x00,0x00,0x00,0x00,0x00,
    0x00,0x00,0x00,0x00,0x00,0x00,0x00,0x00,0x00,0x00,0x00,0x00,0x00,0x00,0x00,0x00,
    0x00,0x00,0x00,0x00,0x00,0x00,0x00,0x00,0x00,0x00,0x00,0x00,0x00,0x00,0x00,0x00,
    0x00,0x00,0x00,0x00,0x00,0x00,0x00,0x00,0x00,0x00,0x00,0x00,0x00,0x00,0x00,0x00,
    0x00,0x00,0x00,0x00,0x00,0x00,0x00,0x00,0x00,0x00,0x00,0x00,0x00,0x00,0x00,0x00,
    0x00,0x00,0x00,0x00,0x00,0x00,0x00,0x00,0x00,0x00,0x00,0x00,0x00,0x00,0x00,0x00,
    0x00,0x00,0x00,0x00,0x00,0x00,0x00,0x00,0x00,0x00,0x00,0x00,0x00,0x00,0x00,0x00,
    0x00,0x00,0x00,0x00,0x00,0x00,0x00,0x00,0x00,0x00,0x00,0x00,0x00,0x00,0x00,0x00,
    0x00,0x00,0x00,0x00,0x00,0x00,0x00,0x00,0x00,0x00,0x00,0x00,0x00,0x00,0x00,0x00,
    0x00,0x00,0x00,0x00,0x00,0x00,0x00,0x00,0x00,0x00,0x00,0x00,0x00,0x00,0x00,0x00,
    0x00,0x00,0x00,0x00,0x00,0x00,0x00,0x00,0x00,0x00,0x00,0x00,0x00,0x00,0x00,0x00,
    0x00,0x00,0x00,0x00,0x00,0x00,0x00,0x00,0x00,0x00,0x00,0x00,0x00,0x00,0x00,0x00,
    0x00,0x00,0x00,0x00,0x00,0x00,0x00,0x00,0x00,0x00,0x00,0x00,0x00,0x00,0x00,0x00,
    0x00,0x00,0x00,0x00,0x00,0x00,0x00,0x00,0x00,0x00,0x00,0x00,0x00,0x00,0x00,0x00,
    0x00,0x00,0x00,0x00,0x00,0x00,0x00,0x00,0x00,0x00,0x00,0x00,0x00,0x00,0x00,0x00,
    0x00,0x00,0x00,0x00,0x00,0x00,0x00,0x00,0x00,0x00,0x00,0x00,0x00,0x00,0x00,0x00,
    0x00,0x00,0x00,0x00,0x00,0x00,0x00,0x00,0x00,0x00,0x00,0x00,0x00,0x00,0x00,0x00,
    0x00,0x00,0x00,0x00,0x00,0x00,0x00,0x00,0x00,0x00,0x00,0x00,0x00,0x00,0x00,0x00,
    0x00,0x00,0x00,0x00,0x00,0x00,0x00,0x00,0x00,0x00,0x00,0x00,0x00,0x00,0x00,0x00,
    0x00,0x00,0x00,0x00,0x00,0x00,0x00,0x00,0x00,0x00,0x00,0x00,0x00,0x00,0x00,0x00,
    0x00,0x00,0x00,0x00,0x00,0x00,0x00,0x00,0x00,0x00,0x00,0x00,0x00,0x00,0x00,0x00,
    0x00,0x00,0x00,0x00,0x00,0x00,0x00,0x00,0x00,0x00,0x00,0x00,0x00,0x00,0x00,0x00,
    0x00,0x00,0x00,0x00,0x00,0x00,0x00,0x00,0x00,0x00,0x00,0x00,0x00,0x00,0x00,0x00,
    0x00,0x00,0x00,0x00,0x00,0x00,0x00,0x00,0x00,0x00,0x00,0x00,0x00,0x00,0x00,0x00,
    0x00,0x00,0x00,0x00,0x00,0x00,0x00,0x00,0x00,0x00,0x00,0x00,0x00,0x00,0x00,0x00,
    0x00,0x00,0x00,0x00,0x00,0x00,0x00,0x00,0x00,0x00,0x00,0x00,0x00,0x00,0x00,0x00,
    0x00,0x00,0x00,0x00,0x00,0x00,0x00,0x00,0x00,0x00,0x00,0x00,0x00,0x00,0x00,0x00,
    0x00,0x00,0x00,0x00,0x00,0x00,0x00,0x00,0x00,0x00,0x00,0x00,0x00,0x00,0x00,0x00,
    0x00,0x00,0x00,0x00,0x00,0x00,0x00,0x00,0x00,0x00,0x00,0x00,0x00,0x00,0x00,0x00,
    0x00,0x00,0x00,0x00,0x00,0x00,0x00,0x00,0x00,0x00,0x00,0x00,0x00,0x00,0x00,0x00,
    0x00,0x00,0x00,0x00,0x00,0x00,0x00,0x00,0x00,0x00,0x00,0x00,0x00,0x00,0x00,0x00,
    0x00,0x00,0x00,0x00,0x00,0x00,0x00,0x00,0x00,0x00,0x00,0x00,0x00,0x00,0x00,0x00,
    0x00,0x00,0x00,0x00,0x00,0x00,0x00,0x00,0x00,0x00,0x00,0x00,0x00,0x00,0x00,0x00,
    0x00,0x00,0x00,0x00,0x00,0x00,0x00,0x00,0x00,0x00,0x00,0x00,0x00,0x00,0x00,0x00,
    0x00,0x00,0x00,0x00,0x00,0x00,0x00,0x00,0x00,0x00,0x00,0x00,0x00,0x00,0x00,0x00,
    0x00,0x00,0x00,0x00,0x00,0x00,0x00,0x00,0x00,0x00,0x00,0x00,0x00,0x00,0x00,0x00,
    0x00,0x00,0x00,0x00,0x00,0x00,0x00,0x00,0x00,0x00,0x00,0x00,0x00,0x00,0x00,0x00,
    0x00,0x00,0x00,0x00,0x00,0x00,0x00,0x00,0x00,0x00,0x00,0x00,0x00,0x00,0x00,0x00,
    0x00,0x00,0x00,0x00,0x00,0x00,0x00,0x00,0x00,0x00,0x00,0x00,0x00,0x00,0x00,0x00,
    0x00,0x00,0x00,0x00,0x00,0x00,0x00,0x00,0x00,0x00,0x00,0x00,0x00,0x00,0x00,0x00,
    0x00,0x00,0x00,0x00,0x00,0x00,0x00,0x00,0x00,0x00,0x00,0x00,0x00,0x00,0x00,0x00,
    0x00,0x00,0x00,0x00,0x00,0x00,0x00,0x00,0x00,0x00,0x00,0x00,0x00,0x00,0x00,0x00,
    0x00,0x00,0x00,0x00,0x00,0x00,0x00,0x00,0x00,0x00,0x00,0x00,0x00,0x00,0x00,0x00,
    0x00,0x00,0x00,0x00,0x00,0x00,0x00,0x00,0x00,0x00,0x00,0x00,0x00,0x00,0x00,0x00,
    0x00,0x00,0x00,0x00,0x00,0x00,0x00,0x00,0x00,0x00,0x00,0x00,0x00,0x00,0x00,0x00,
    0x00,0x00,0x00,0x00,0x00,0x00,0x00,0x00,0x00,0x00,0x00,0x00,0x00,0x00,0x00,0x00,
    0x00,0x00,0x00,0x00,0x00,0x00,0x00,0x00,0x00,0x00,0x00,0x00,0x00,0x00,0x00,0x00,
    0x00,0x00,0x00,0x00,0x00,0x00,0x00,0x00,0x00,0x00,0x00,0x00,0x00,0x00,0x00,0x00,
    0x00,0x00,0x00,0x00,0x00,0x00,0x00,0x00,0x00,0x00,0x00,0x00,0x00,0x00,0x00,0x00,
    0x00,0x00,0x00,0x00,0x00,0x00,0x00,0x00,0x00,0x00,0x00,0x00,0x00,0x00,0x00,0x00,
    0x00,0x00,0x00,0x00,0x00,0x00,0x00,0x00,0x00,0x00,0x00,0x00,0x00,0x00,0x00,0x00,
    0x00,0x00,0x00,0x00,0x00,0x00,0x00,0x00,0x00,0x00,0x00,0x00,0x00,0x00,0x00,0x00,
    0x00,0x00,0x00,0x00,0x00,0x00,0x00,0x00,0x00,0x00,0x00,0x00,0x00,0x00,0x00,0x00,
    0x00,0x00,0x00,0x00,0x00,0x00,0x00,0x00,0x00,0x00,0x00,0x00,0x00,0x00,0x00,0x00,
    0x00,0x00,0x00,0x00,0x00,0x00,0x00,0x00,0x00,0x00,0x00,0x00,0x00,0x00,0x00,0x00,
    0x00,0x00,0x00,0x00,0x00,0x00,0x00,0x00,0x00,0x00,0x00,0x00,0x00,0x00,0x00,0x00,
    0x00,0x00,0x00,0x00,0x00,0x00,0x00,0x00,0x00,0x00,0x00,0x00,0x00,0x00,0x00,0x00,
    0x00,0x00,0x00,0x00,0x00,0x00,0x00,0x00,0x00,0x00,0x00,0x00,0x00,0x00,0x00,0x00,
    0x00,0x00,0x00,0x00,0x00,0x00,0x00,0x00,0x00,0x00,0x00,0x00,0x00,0x00,0x00,0x00,
    0x00,0x00,0x00,0x00,0x00,0x00,0x00,0x00,0x00,0x00,0x00,0x00,0x00,0x00,0x00,0x00,
    0x00,0x00,0x00,0x00,0x00,0x00,0x00,0x00,0x00,0x00,0x00,0x00,0x00,0x00,0x00,0x00,
    0x00,0x00,0x00,0x00,0x00,0x00,0x00,0x00,0x00,0x00,0x00,0x00,0x00,0x00,0x00,0x00,
    0x00,0x00,0x00,0x00,0x00,0x00,0x00,0x00,0x00,0x00,0x00,0x00,0x00,0x00,0x00,0x00,
    0x00,0x00,0x00,0x00,0x00,0x00,0x00,0x00,0x00,0x00,0x00,0x00,0x00,0x00,0x00,0x00,
    0x00,0x00,0x00,0x00,0x00,0x00,0x00,0x00,0x00,0x00,0x00,0x00,0x00,0x00,0x00,0x00,
    0x00,0x00,0x00,0x00,0x00,0x00,0x00,0x00,0x00,0x00,0x00,0x00,0x00,0x00,0x00,0x00,
    0x00,0x00,0x00,0x00,0x00,0x00,0x00,0x00,0x00,0x00,0x00,0x00,0x00,0x00,0x00,0x00,
    0x00,0x00,0x00,0x00,0x00,0x00,0x00,0x00,0x00,0x00,0x00,0x00,0x00,0x00,0x00,0x00,
    0x00,0x00,0x00,0x00,0x00,0x00,0x00,0x00,0x00,0x00,0x00,0x00,0x00,0x00,0x00,0x00,
    0x00,0x00,0x00,0x00,0x00,0x00,0x00,0x00,0x00,0x00,0x00,0x00,0x00,0x00,0x00,0x00,
    0x00,0x00,0x00,0x00,0x00,0x00,0x00,0x00,0x00,0x00,0x00,0x00,0x00,0x00,0x00,0x00,
    0x00,0x00,0x00,0x00,0x00,0x00,0x00,0x00,0x00,0x00,0x00,0x00,0x00,0x00,0x00,0x00,
    0x00,0x00,0x00,0x00,0x00,0x00,0x00,0x00,0x00,0x00,0x00,0x00,0x00,0x00,0x00,0x00,
    0x00,0x00,0x00,0x00,0x00,0x00,0x00,0x00,0x00,0x00,0x00,0x00,0x00,0x00,0x00,0x00,
    0x00,0x00,0x00,0x00,0x00,0x00,0x00,0x00,0x00,0x00,0x00,0x00,0x00,0x00,0x00,0x00,
    0x00,0x00,0x00,0x00,0x00,0x00,0x00,0x00,0x00,0x00,0x00,0x00,0x00,0x00,0x00,0x00,
    0x00,0x00,0x00,0x00,0x00,0x00,0x00,0x00,0x00,0x00,0x00,0x00,0x00,0x00,0x00,0x00,
    0x00,0x00,0x00,0x00,0x00,0x00,0x00,0x00,0x00,0x00,0x00,0x00,0x00,0x00,0x00,0x00,
    0x00,0x00,0x00,0x00,0x00,0x00,0x00,0x00,0x00,0x00,0x00,0x00,0x00,0x00,0x00,0x00,
    0x00,0x00,0x00,0x00,0x00,0x00,0x00,0x00,0x00,0x00,0x00,0x00,0x00,0x00,0x00,0x00,
    0x00,0x00,0x00,0x00,0x00,0x00,0x00,0x00,0x00,0x00,0x00,0x00,0x00,0x00,0x00,0x00,
    0x00,0x00,0x00,0x00,0x00,0x00,0x00,0x00,0x00,0x00,0x00,0x00,0x00,0x00,0x00,0x00,
    0x00,0x00,0x00,0x00,0x00,0x00,0x00,0x00,0x00,0x00,0x00,0x00,0x00,0x00,0x00,0x00,
    0x00,0x00,0x00,0x00,0x00,0x00,0x00,0x00,0x00,0x00,0x00,0x00,0x00,0x00,0x00,0x00,
    0x00,0x00,0x00,0x00,0x00,0x00,0x00,0x00,0x00,0x00,0x00,0x00,0x00,0x00,0x00,0x00,
    0x00,0x00,0x00,0x00,0x00,0x00,0x00,0x00,0x00,0x00,0x00,0x00,0x00,0x00,0x00,0x00,
    0x00,0x00,0x00,0x00,0x00,0x00,0x00,0x00,0x00,0x00,0x00,0x00,0x00,0x00,0x00,0x00,
    0x00,0x00,0x00,0x00,0x00,0x00,0x00,0x00,0x00,0x00,0x00,0x00,0x00,0x00,0x00,0x00,
    0x00,0x00,0x00,0x00,0x00,0x00,0x00,0x00,0x00,0x00,0x00,0x00,0x00,0x00,0x00,0x00,
    0x00,0x00,0x00,0x00,0x00,0x00,0x00,0x00,0x00,0x00,0x00,0x00,0x00,0x00,0x00,0x00,
    0x00,0x00,0x00,0x00,0x00,0x00,0x00,0x00,0x00,0x00,0x00,0x00,0x00,0x00,0x00,0x00,
    0x00,0x00,0x00,0x00,0x00,0x00,0x00,0x00,0x00,0x00,0x00,0x00,0x00,0x00,0x00,0x00,
    0x00,0x00,0x00,0x00,0x00,0x00,0x00,0x00,0x00,0x00,0x00,0x00,0x00,0x00,0x00,0x00,
    0x00,0x00,0x00,0x00,0x00,0x00,0x00,0x00,0x00,0x00,0x00,0x00,0x00,0x00,0x00,0x00,
    0x00,0x00,0x00,0x00,0x00,0x00,0x00,0x00,0x00,0x00,0x00,0x00,0x00,0x00,0x00,0x00,
    0x00,0x00,0x00,0x00,0x00,0x00,0x00,0x00,0x00,0x00,0x00,0x00,0x00,0x00,0x00,0x00,
    0x00,0x00,0x00,0x00,0x00,0x00,0x00,0x00,0x00,0x00,0x00,0x00,0x00,0x00,0x00,0x00,
    0x00,0x00,0x00,0x00,0x00,0x00,0x00,0x00,0x00,0x00,0x00,0x00,0x00,0x00,0x00,0x00,
    0x00,0x00,0x00,0x00,0x00,0x00,0x00,0x00,0x00,0x00,0x00,0x00,0x00,0x00,0x00,0x00,
    0x00,0x00,0x00,0x00,0x00,0x00,0x00,0x00,0x00,0x00,0x00,0x00,0x00,0x00,0x00,0x00,
    0x00,0x00,0x00,0x00,0x00,0x00,0x00,0x00,0x00,0x00,0x00,0x00,0x00,0x00,0x00,0x00,
    0x00,0x00,0x00,0x00,0x00,0x00,0x00,0x00,0x00,0x00,0x00,0x00,0x00,0x00,0x00,0x00,
    0x00,0x00,0x00,0x00,0x00,0x00,0x00,0x00,0x00,0x00,0x00,0x00,0x00,0x00,0x00,0x00,
    0x00,0x00,0x00,0x00,0x00,0x00,0x00,0x00,0x00,0x00,0x00,0x00,0x00,0x00,0x00,0x00,
    0x00,0x00,0x00,0x00,0x00,0x00,0x00,0x00,0x00,0x00,0x00,0x00,0x00,0x00,0x00,0x00,
    0x00,0x00,0x00,0x00,0x00,0x00,0x00,0x00,0x00,0x00,0x00,0x00,0x00,0x00,0x00,0x00,
    0x00,0x00,0x00,0x00,0x00,0x00,0x00,0x00,0x00,0x00,0x00,0x00,0x00,0x00,0x00,0x00,
    0x00,0x00,0x00,0x00,0x00,0x00,0x00,0x00,0x00,0x00,0x00,0x00,0x00,0x00,0x00,0x00,
    0x00,0x00,0x00,0x00,0x00,0x00,0x00,0x00,0x00,0x00,0x00,0x00,0x00,0x00,0x00,0x00,
    0x00,0x00,0x00,0x00,0x00,0x00,0x00,0x00,0x00,0x00,0x00,0x00,0x00,0x00,0x00,0x00,
    0x00,0x00,0x00,0x00,0x00,0x00,0x00,0x00,0x00,0x00,0x00,0x00,0x00,0x00,0x00,0x00,
    0x00,0x00,0x00,0x00,0x00,0x00,0x00,0x00,0x00,0x00,0x00,0x00,0x00,0x00,0x00,0x00,
    0x00,0x00,0x00,0x00,0x00,0x00,0x00,0x00,0x00,0x00,0x00,0x00,0x00,0x00,0x00,0x00,
    0x00,0x00,0x00,0x00,0x00,0x00,0x00,0x00,0x00,0x00,0x00,0x00,0x00,0x00,0x00,0x00,
    0x00,0x00,0x00,0x00,0x00,0x00,0x00,0x00,0x00,0x00,0x00,0x00,0x00,0x00,0x00,0x00,
    0x00,0x00,0x00,0x00,0x00,0x00,0x00,0x00,0x00,0x00,0x00,0x00,0x00,0x00,0x00,0x00,
    0x00,0x00,0x00,0x00,0x00,0x00,0x00,0x00,0x00,0x00,0x00,0x00,0x00,0x00,0x00,0x00,
    0x00,0x00,0x00,0x00,0x00,0x00,0x00,0x00,0x00,0x00,0x00,0x00,0x00,0x00,0x00,0x00,
    0x00,0x00,0x00,0x00,0x00,0x00,0x00,0x00,0x00,0x00,0x00,0x00,0x00,0x00,0x00,0x00,
    0x00,0x00,0x00,0x00,0x00,0x00,0x00,0x00,0x00,0x00,0x00,0x00,0x00,0x00,0x00,0x00,
    0x00,0x00,0x00,0x00,0x00,0x00,0x00,0x00,0x00,0x00,0x00,0x00,0x00,0x00,0x00,0x00,
    0x00,0x00,0x00,0x00,0x00,0x00,0x00,0x00,0x00,0x00,0x00,0x00,0x00,0x00,0x00,0x00,
    0x00,0x00,0x00,0x00,0x00,0x00,0x00,0x00,0x00,0x00,0x00,0x00,0x00,0x00,0x00,0x00,
    0x00,0x00,0x00,0x00,0x00,0x00,0x00,0x00,0x00,0x00,0x00,0x00,0x00,0x00,0x00,0x00,
    0x00,0x00,0x00,0x00,0x00,0x00,0x00,0x00,0x00,0x00,0x00,0x00,0x00,0x00,0x00,0x00,
    0x00,0x00,0x00,0x00,0x00,0x00,0x00,0x00,0x00,0x00,0x00,0x00,0x00,0x00,0x00,0x00,
    0x00,0x00,0x00,0x00,0x00,0x00,0x00,0x00,0x00,0x00,0x00,0x00,0x00,0x00,0x00,0x00,
    0x00,0x00,0x00,0x00,0x00,0x00,0x00,0x00,0x00,0x00,0x00,0x00,0x00,0x00,0x00,0x00,
    0x00,0x00,0x00,0x00,0x00,0x00,0x00,0x00,0x00,0x00,0x00,0x00,0x00,0x00,0x00,0x00,
    0x00,0x00,0x00,0x00,0x00,0x00,0x00,0x00,0x00,0x00,0x00,0x00,0x00,0x00,0x00,0x00,
    0x00,0x00,0x00,0x00,0x00,0x00,0x00,0x00,0x00,0x00,0x00,0x00,0x00,0x00,0x00,0x00,
    0x00,0x00,0x00,0x00,0x00,0x00,0x00,0x00,0x00,0x00,0x00,0x00,0x00,0x00,0x00,0x00,
    0x00,0x00,0x00,0x00,0x00,0x00,0x00,0x00,0x00,0x00,0x00,0x00,0x00,0x00,0x00,0x00,
    0x00,0x00,0x00,0x00,0x00,0x00,0x00,0x00,0x00,0x00,0x00,0x00,0x00,0x00,0x00,0x00,
    0x00,0x00,0x00,0x00,0x00,0x00,0x00,0x00,0x00,0x00,0x00,0x00,0x00,0x00,0x00,0x00,
    0x00,0x00,0x00,0x00,0x00,0x00,0x00,0x00,0x00,0x00,0x00,0x00,0x00,0x00,0x00,0x00,
    0x00,0x00,0x00,0x00,0x00,0x00,0x00,0x00,0x00,0x00,0x00,0x00,0x00,0x00,0x00,0x00,
    0x00,0x00,0x00,0x00,0x00,0x00,0x00,0x00,0x00,0x00,0x00,0x00,0x00,0x00,0x00,0x00,
    0x00,0x00,0x00,0x00,0x00,0x00,0x00,0x00,0x00,0x00,0x00,0x00,0x00,0x00,0x00,0x00,
    0x00,0x00,0x00,0x00,0x00,0x00,0x00,0x00,0x00,0x00,0x00,0x00,0x00,0x00,0x00,0x00,
    0x00,0x00,0x00,0x00,0x00,0x00,0x00,0x00,0x00,0x00,0x00,0x00,0x00,0x00,0x00,0x00,
    0x00,0x00,0x00,0x00,0x00,0x00,0x00,0x00,0x00,0x00,0x00,0x00,0x00,0x00,0x00,0x00,
    0x00,0x00,0x00,0x00,0x00,0x00,0x00,0x00,0x00,0x00,0x00,0x00,0x00,0x00,0x00,0x00,
    0x00,0x00,0x00,0x00,0x00,0x00,0x00,0x00,0x00,0x00,0x00,0x00,0x00,0x00,0x00,0x00,
    0x00,0x00,0x00,0x00,0x00,0x00,0x00,0x00,0x00,0x00,0x00,0x00,0x00,0x00,0x00,0x00,
    0x00,0x00,0x00,0x00,0x00,0x00,0x00,0x00,0x00,0x00,0x00,0x00,0x00,0x00,0x00,0x00,
    0x00,0x00,0x00,0x00,0x00,0x00,0x00,0x00,0x00,0x00,0x00,0x00,0x00,0x00,0x00,0x00,
    0x00,0x00,0x00,0x00,0x00,0x00,0x00,0x00,0x00,0x00,0x00,0x00,0x00,0x00,0x00,0x00,
    0x00,0x00,0x00,0x00,0x00,0x00,0x00,0x00,0x00,0x00,0x00,0x00,0x00,0x00,0x00,0x00,
    0x00,0x00,0x00,0x00,0x00,0x00,0x00,0x00,0x00,0x00,0x00,0x00,0x00,0x00,0x00,0x00,
    0x00,0x00,0x00,0x00,0x00,0x00,0x00,0x00,0x00,0x00,0x00,0x00,0x00,0x00,0x00,0x00,
    0x00,0x00,0x00,0x00,0x00,0x00,0x00,0x00,0x00,0x00,0x00,0x00,0x00,0x00,0x00,0x00,
    0x00,0x00,0x00,0x00,0x00,0x00,0x00,0x00,0x00,0x00,0x00,0x00,0x00,0x00,0x00,0x00,
    0x00,0x00,0x00,0x00,0x00,0x00,0x00,0x00,0x00,0x00,0x00,0x00,0x00,0x00,0x00,0x00,
    0x00,0x00,0x00,0x00,0x00,0x00,0x00,0x00,0x00,0x00,0x00,0x00,0x00,0x00,0x00,0x00,
    0x00,0x00,0x00,0x00,0x00,0x00,0x00,0x00,0x00,0x00,0x00,0x00,0x00,0x00,0x00,0x00,
    0x00,0x00,0x00,0x00,0x00,0x00,0x00,0x00,0x00,0x00,0x00,0x00,0x00,0x00,0x00,0x00,
    0x00,0x00,0x00,0x00,0x00,0x00,0x00,0x00,0x00,0x00,0x00,0x00,0x00,0x00,0x00,0x00,
    0x00,0x00,0x00,0x00,0x00,0x00,0x00,0x00,0x00,0x00,0x00,0x00,0x00,0x00,0x00,0x00,
    0x00,0x00,0x00,0x00,0x00,0x00,0x00,0x00,0x00,0x00,0x00,0x00,0x00,0x00,0x00,0x00,
    0x00,0x00,0x00,0x00,0x00,0x00,0x00,0x00,0x00,0x00,0x00,0x00,0x00,0x00,0x00,0x00,
    0x00,0x00,0x00,0x00,0x00,0x00,0x00,0x00,0x00,0x00,0x00,0x00,0x00,0x00,0x00,0x00,
    0x00,0x00,0x00,0x00,0x00,0x00,0x00,0x00,0x00,0x00,0x00,0x00,0x00,0x00,0x00,0x00,
    0x00,0x00,0x00,0x00,0x00,0x00,0x00,0x00,0x00,0x00,0x00,0x00,0x00,0x00,0x00,0x00,
    0x00,0x00,0x00,0x00,0x00,0x00,0x00,0x00,0x00,0x00,0x00,0x00,0x00,0x00,0x00,0x00,
    0x00,0x00,0x00,0x00,0x00,0x00,0x00,0x00,0x00,0x00,0x00,0x00,0x00,0x00,0x00,0x00,
    0x00,0x00,0x00,0x00,0x00,0x00,0x00,0x00,0x00,0x00,0x00,0x00,0x00,0x00,0x00,0x00,
    0x00,0x00,0x00,0x00,0x00,0x00,0x00,0x00,0x00,0x00,0x00,0x00,0x00,0x00,0x00,0x00,
    0x00,0x00,0x00,0x00,0x00,0x00,0x00,0x00,0x00,0x00,0x00,0x00,0x00,0x00,0x00,0x00,
    0x00,0x00,0x00,0x00,0x00,0x00,0x00,0x00,0x00,0x00,0x00,0x00,0x00,0x00,0x00,0x00,
    0x00,0x00,0x00,0x00,0x00,0x00,0x00,0x00,0x00,0x00,0x00,0x00,0x00,0x00,0x00,0x00,
    0x00,0x00,0x00,0x00,0x00,0x00,0x00,0x00,0x00,0x00,0x00,0x00,0x00,0x00,0x00,0x00,
    0x00,0x00,0x00,0x00,0x00,0x00,0x00,0x00,0x00,0x00,0x00,0x00,0x00,0x00,0x00,0x00,
    0x00,0x00,0x00,0x00,0x00,0x00,0x00,0x00,0x00,0x00,0x00,0x00,0x00,0x00,0x00,0x00,
    0x00,0x00,0x00,0x00,0x00,0x00,0x00,0x00,0x00,0x00,0x00,0x00,0x00,0x00,0x00,0x00,
    0x00,0x00,0x00,0x00,0x00,0x00,0x00,0x00,0x00,0x00,0x00,0x00,0x00,0x00,0x00,0x00,
    0x00,0x00,0x00,0x00,0x00,0x00,0x00,0x00,0x00,0x00,0x00,0x00,0x00,0x00,0x00,0x00,
    0x00,0x00,0x00,0x00,0x00,0x00,0x00,0x00,0x00,0x00,0x00,0x00,0x00,0x00,0x00,0x00,
    0x00,0x00,0x00,0x00,0x00,0x00,0x00,0x00,0x00,0x00,0x00,0x00,0x00,0x00,0x00,0x00,
    0x00,0x00,0x00,0x00,0x00,0x00,0x00,0x00,0x00,0x00,0x00,0x00,0x00,0x00,0x00,0x00,
    0x00,0x00,0x00,0x00,0x00,0x00,0x00,0x00,0x00,0x00,0x00,0x00,0x00,0x00,0x00,0x00,
    0x00,0x00,0x00,0x00,0x00,0x00,0x00,0x00,0x00,0x00,0x00,0x00,0x00,0x00,0x00,0x00,
    0x00,0x00,0x00,0x00,0x00,0x00,0x00,0x00,0x00,0x00,0x00,0x00,0x00,0x00,0x00,0x00,
    0x00,0x00,0x00,0x00,0x00,0x00,0x00,0x00,0x00,0x00,0x00,0x00,0x00,0x00,0x00,0x00,
    0x00,0x00,0x00,0x00,0x00,0x00,0x00,0x00,0x00,0x00,0x00,0x00,0x00,0x00,0x00,0x00,
    0x00,0x00,0x00,0x00,0x00,0x00,0x00,0x00,0x00,0x00,0x00,0x00,0x00,0x00,0x00,0x00,
    0x00,0x00,0x00,0x00,0x00,0x00,0x00,0x00,0x00,0x00,0x00,0x00,0x00,0x00,0x00,0x00,
    0x00,0x00,0x00,0x00,0x00,0x00,0x00,0x00,0x00,0x00,0x00,0x00,0x00,0x00,0x00,0x00,
    0x00,0x00,0x00,0x00,0x00,0x00,0x00,0x00,0x00,0x00,0x00,0x00,0x00,0x00,0x00,0x00,
    0x00,0x00,0x00,0x00,0x00,0x00,0x00,0x00,0x00,0x00,0x00,0x00,0x00,0x00,0x00,0x00,
    0x00,0x00,0x00,0x00,0x00,0x00,0x00,0x00,0x00,0x00,0x00,0x00,0x00,0x00,0x00,0x00,
    0x00,0x00,0x00,0x00,0x00,0x00,0x00,0x00,0x00,0x00,0x00,0x00,0x00,0x00,0x00,0x00,
    0x00,0x00,0x00,0x00,0x00,0x00,0x00,0x00,0x00,0x00,0x00,0x00,0x00,0x00,0x00,0x00,
    0x00,0x00,0x00,0x00,0x00,0x00,0x00,0x00,0x00,0x00,0x00,0x00,0x00,0x00,0x00,0x00,
    0x00,0x00,0x00,0x00,0x00,0x00,0x00,0x00,0x00,0x00,0x00,0x00,0x00,0x00,0x00,0x00,
    0x00,0x00,0x00,0x00,0x00,0x00,0x00,0x00,0x00,0x00,0x00,0x00,0x00,0x00,0x00,0x00,
    0x00,0x00,0x00,0x00,0x00,0x00,0x00,0x00,0x00,0x00,0x00,0x00,0x00,0x00,0x00,0x00,
    0x00,0x00,0x00,0x00,0x00,0x00,0x00,0x00,0x00,0x00,0x00,0x00,0x00,0x00,0x00,0x00,
    0x00,0x00,0x00,0x00,0x00,0x00,0x00,0x00,0x00,0x00,0x00,0x00,0x00,0x00,0x00,0x00,
    0x00,0x00,0x00,0x00,0x00,0x00,0x00,0x00,0x00,0x00,0x00,0x00,0x00,0x00,0x00,0x00,
    0x00,0x00,0x00,0x00,0x00,0x00,0x00,0x00,0x00,0x00,0x00,0x00,0x00,0x00,0x00,0x00,
    0x00,0x00,0x00,0x00,0x00,0x00,0x00,0x00,0x00,0x00,0x00,0x00,0x00,0x00,0x00,0x00,
    0x00,0x00,0x00,0x00,0x00,0x00,0x00,0x00,0x00,0x00,0x00,0x00,0x00,0x00,0x00,0x00,
    0x00,0x00,0x00,0x00,0x00,0x00,0x00,0x00,0x00,0x00,0x00,0x00,0x00,0x00,0x00,0x00,
    0x00,0x00,0x00,0x00,0x00,0x00,0x00,0x00,0x00,0x00,0x00,0x00,0x00,0x00,0x00,0x00,
    0x00,0x00,0x00,0x00,0x00,0x00,0x00,0x00,0x00,0x00,0x00,0x00,0x00,0x00,0x00,0x00,
    0x00,0x00,0x00,0x00,0x00,0x00,0x00,0x00,0x00,0x00,0x00,0x00,0x00,0x00,0x00,0x00,
    0x00,0x00,0x00,0x00,0x00,0x00,0x00,0x00,0x00,0x00,0x00,0x00,0x00,0x00,0x00,0x00,
    0x00,0x00,0x00,0x00,0x00,0x00,0x00,0x00,0x00,0x00,0x00,0x00,0x00,0x00,0x00,0x00,
    0x00,0x00,0x00,0x00,0x00,0x00,0x00,0x00,0x00,0x00,0x00,0x00,0x00,0x00,0x00,0x00,
    0x00,0x00,0x00,0x00,0x00,0x00,0x00,0x00,0x00,0x00,0x00,0x00,0x00,0x00,0x00,0x00,
    0x00,0x00,0x00,0x00,0x00,0x00,0x00,0x00,0x00,0x00,0x00,0x00,0x00,0x00,0x00,0x00,
    0x00,0x00,0x00,0x00,0x00,0x00,0x00,0x00,0x00,0x00,0x00,0x00,0x00,0x00,0x00,0x00,
    0x00,0x00,0x00,0x00,0x00,0x00,0x00,0x00,0x00,0x00,0x00,0x00,0x00,0x00,0x00,0x00,
    0x00,0x00,0x00,0x00,0x00,0x00,0x00,0x00,0x00,0x00,0x00,0x00,0x00,0x00,0x00,0x00,
    0x00,0x00,0x00,0x00,0x00,0x00,0x00,0x00,0x00,0x00,0x00,0x00,0x00,0x00,0x00,0x00,
    0x00,0x00,0x00,0x00,0x00,0x00,0x00,0x00,0x00,0x00,0x00,0x00,0x00,0x00,0x00,0x00,
    0x00,0x00,0x00,0x00,0x00,0x00,0x00,0x00,0x00,0x00,0x00,0x00,0x00,0x00,0x00,0x00,
    0x00,0x00,0x00,0x00,0x00,0x00,0x00,0x00,0x00,0x00,0x00,0x00,0x00,0x00,0x00,0x00,
    0x00,0x00,0x00,0x00,0x00,0x00,0x00,0x00,0x00,0x00,0x00,0x00,0x00,0x00,0x00,0x00,
    0x00,0x00,0x00,0x00,0x00,0x00,0x00,0x00,0x00,0x00,0x00,0x00,0x00,0x00,0x00,0x00,
    0x00,0x00,0x00,0x00,0x00,0x00,0x00,0x00,0x00,0x00,0x00,0x00,0x00,0x00,0x00,0x00,
    0x00,0x00,0x00,0x00,0x00,0x00,0x00,0x00,0x00,0x00,0x00,0x00,0x00,0x00,0x00,0x00,
    0x00,0x00,0x00,0x00,0x00,0x00,0x00,0x00,0x00,0x00,0x00,0x00,0x00,0x00,0x00,0x00,
    0x00,0x00,0x00,0x00,0x00,0x00,0x00,0x00,0x00,0x00,0x00,0x00,0x00,0x00,0x00,0x00,
    0x00,0x00,0x00,0x00,0x00,0x00,0x00,0x00,0x00,0x00,0x00,0x00,0x00,0x00,0x00,0x00,
    0x00,0x00,0x00,0x00,0x00,0x00,0x00,0x00,0x00,0x00,0x00,0x00,0x00,0x00,0x00,0x00,
    0x00,0x00,0x00,0x00,0x00,0x00,0x00,0x00,0x00,0x00,0x00,0x00,0x00,0x00,0x00,0x00,
    0x00,0x00,0x00,0x00,0x00,0x00,0x00,0x00,0x00,0x00,0x00,0x00,0x00,0x00,0x00,0x00,
    0x00,0x00,0x00,0x00,0x00,0x00,0x00,0x00,0x00,0x00,0x00,0x00,0x00,0x00,0x00,0x00,
    0x00,0x00,0x00,0x00,0x00,0x00,0x00,0x00,0x00,0x00,0x00,0x00,0x00,0x00,0x00,0x00,
    0x00,0x00,0x00,0x00,0x00,0x00,0x00,0x00,0x00,0x00,0x00,0x00,0x00,0x00,0x00,0x00,
    0x00,0x00,0x00,0x00,0x00,0x00,0x00,0x00,0x00,0x00,0x00,0x00,0x00,0x00,0x00,0x00,
    0x00,0x00,0x00,0x00,0x00,0x00,0x00,0x00,0x00,0x00,0x00,0x00,0x00,0x00,0x00,0x00,
    0x00,0x00,0x00,0x00,0x00,0x00,0x00,0x00,0x00,0x00,0x00,0x00,0x00,0x00,0x00,0x00,
    0x00,0x00,0x00,0x00,0x00,0x00,0x00,0x00,0x00,0x00,0x00,0x00,0x00,0x00,0x00,0x00,
    0x00,0x00,0x00,0x00,0x00,0x00,0x00,0x00,0x00,0x00,0x00,0x00,0x00,0x00,0x00,0x00,
    0x00,0x00,0x00,0x00,0x00,0x00,0x00,0x00,0x00,0x00,0x00,0x00,0x00,0x00,0x00,0x00,
    0x00,0x00,0x00,0x00,0x00,0x00,0x00,0x00,0x00,0x00,0x00,0x00,0x00,0x00,0x00,0x00,
    0x00,0x00,0x00,0x00,0x00,0x00,0x00,0x00,0x00,0x00,0x00,0x00,0x00,0x00,0x00,0x00,
    0x00,0x00,0x00,0x00,0x00,0x00,0x00,0x00,0x00,0x00,0x00,0x00,0x00,0x00,0x00,0x00,
    0x00,0x00,0x00,0x00,0x00,0x00,0x00,0x00,0x00,0x00,0x00,0x00,0x00,0x00,0x00,0x00,
    0x00,0x00,0x00,0x00,0x00,0x00,0x00,0x00,0x00,0x00,0x00,0x00,0x00,0x00,0x00,0x00,
    0x00,0x00,0x00,0x00,0x00,0x00,0x00,0x00,0x00,0x00,0x00,0x00,0x00,0x00,0x00,0x00,
    0x00,0x00,0x00,0x00,0x00,0x00,0x00,0x00,0x00,0x00,0x00,0x00,0x00,0x00,0x00,0x00,
    0x00,0x00,0x00,0x00,0x00,0x00,0x00,0x00,0x00,0x00,0x00,0x00,0x00,0x00,0x00,0x00,
    0x00,0x00,0x00,0x00,0x00,0x00,0x00,0x00,0x00,0x00,0x00,0x00,0x00,0x00,0x00,0x00,
    0x00,0x00,0x00,0x00,0x00,0x00,0x00,0x00,0x00,0x00,0x00,0x00,0x00,0x00,0x00,0x00,
    0x00,0x00,0x00,0x00,0x00,0x00,0x00,0x00,0x00,0x00,0x00,0x00,0x00,0x00,0x00,0x00,
    0x00,0x00,0x00,0x00,0x00,0x00,0x00,0x00,0x00,0x00,0x00,0x00,0x00,0x00,0x00,0x00,
    0x00,0x00,0x00,0x00,0x00,0x00,0x00,0x00,0x00,0x00,0x00,0x00,0x00,0x00,0x00,0x00,
    0x00,0x00,0x00,0x00,0x00,0x00,0x00,0x00,0x00,0x00,0x00,0x00,0x00,0x00,0x00,0x00,
    0x00,0x00,0x00,0x00,0x00,0x00,0x00,0x00,0x00,0x00,0x00,0x00,0x00,0x00,0x00,0x00,
    0x00,0x00,0x00,0x00,0x00,0x00,0x00,0x00,0x00,0x00,0x00,0x00,0x00,0x00,0x00,0x00,
    0x00,0x00,0x00,0x00,0x00,0x00,0x00,0x00,0x00,0x00,0x00,0x00,0x00,0x00,0x00,0x00,
    0x00,0x00,0x00,0x00,0x00,0x00,0x00,0x00,0x00,0x00,0x00,0x00,0x00,0x00,0x00,0x00,
    0x00,0x00,0x00,0x00,0x00,0x00,0x00,0x00,0x00,0x00,0x00,0x00,0x00,0x00,0x00,0x00,
    0x00,0x00,0x00,0x00,0x00,0x00,0x00,0x00,0x00,0x00,0x00,0x00,0x00,0x00,0x00,0x00,
    0x00,0x00,0x00,0x00,0x00,0x00,0x00,0x00,0x00,0x00,0x00,0x00,0x00,0x00,0x00,0x00,
    0x00,0x00,0x00,0x00,0x00,0x00,0x00,0x00,0x00,0x00,0x00,0x00,0x00,0x00,0x00,0x00,
    0x00,0x00,0x00,0x00,0x00,0x00,0x00,0x00,0x00,0x00,0x00,0x00,0x00,0x00,0x00,0x00,
    0x00,0x00,0x00,0x00,0x00,0x00,0x00,0x00,0x00,0x00,0x00,0x00,0x00,0x00,0x00,0x00,
    0x00,0x00,0x00,0x00,0x00,0x00,0x00,0x00,0x00,0x00,0x00,0x00,0x00,0x00,0x00,0x00,
    0x00,0x00,0x00,0x00,0x00,0x00,0x00,0x00,0x00,0x00,0x00,0x00,0x00,0x00,0x00,0x00,
    0x00,0x00,0x00,0x00,0x00,0x00,0x00,0x00,0x00,0x00,0x00,0x00,0x00,0x00,0x00,0x00,
    0x00,0x00,0x00,0x00,0x00,0x00,0x00,0x00,0x00,0x00,0x00,0x00,0x00,0x00,0x00,0x00,
    0x00,0x00,0x00,0x00,0x00,0x00,0x00,0x00,0x00,0x00,0x00,0x00,0x00,0x00,0x00,0x00,
    0x00,0x00,0x00,0x00,0x00,0x00,0x00,0x00,0x00,0x00,0x00,0x00,0x00,0x00,0x00,0x00,
    0x00,0x00,0x00,0x00,0x00,0x00,0x00,0x00,0x00,0x00,0x00,0x00,0x00,0x00,0x00,0x00,
    0x00,0x00,0x00,0x00,0x00,0x00,0x00,0x00,0x00,0x00,0x00,0x00,0x00,0x00,0x00,0x00,
    0x00,0x00,0x00,0x00,0x00,0x00,0x00,0x00,0x00,0x00,0x00,0x00,0x00,0x00,0x00,0x00,
    0x00,0x00,0x00,0x00,0x00,0x00,0x00,0x00,0x00,0x00,0x00,0x00,0x00,0x00,0x00,0x00,
    0x00,0x00,0x00,0x00,0x00,0x00,0x00,0x00,0x00,0x00,0x00,0x00,0x00,0x00,0x00,0x00,
    0x00,0x00,0x00,0x00,0x00,0x00,0x00,0x00,0x00,0x00,0x00,0x00,0x00,0x00,0x00,0x00,
    0x00,0x00,0x00,0x00,0x00,0x00,0x00,0x00,0x00,0x00,0x00,0x00,0x00,0x00,0x00,0x00,
    0x00,0x00,0x00,0x00,0x00,0x00,0x00,0x00,0x00,0x00,0x00,0x00,0x00,0x00,0x00,0x00,
    0x00,0x00,0x00,0x00,0x00,0x00,0x00,0x00,0x00,0x00,0x00,0x00,0x00,0x00,0x00,0x00,
    0x00,0x00,0x00,0x00,0x00,0x00,0x00,0x00,0x00,0x00,0x00,0x00,0x00,0x00,0x00,0x00,
    0x00,0x00,0x00,0x00,0x00,0x00,0x00,0x00,0x00,0x00,0x00,0x00,0x00,0x00,0x00,0x00,
    0x00,0x00,0x00,0x00,0x00,0x00,0x00,0x00,0x00,0x00,0x00,0x00,0x00,0x00,0x00,0x00,
    0x00,0x00,0x00,0x00,0x00,0x00,0x00,0x00,0x00,0x00,0x00,0x00,0x00,0x00,0x00,0x00,
    0x00,0x00,0x00,0x00,0x00,0x00,0x00,0x00,0x00,0x00,0x00,0x00,0x00,0x00,0x00,0x00,
    0x00,0x00,0x00,0x00,0x00,0x00,0x00,0x00,0x00,0x00,0x00,0x00,0x00,0x00,0x00,0x00,
    0x00,0x00,0x00,0x00,0x00,0x00,0x00,0x00,0x00,0x00,0x00,0x00,0x00,0x00,0x00,0x00,
    0x00,0x00,0x00,0x00,0x00,0x00,0x00,0x00,0x00,0x00,0x00,0x00,0x00,0x00,0x00,0x00,
    0x00,0x00,0x00,0x00,0x00,0x00,0x00,0x00,0x00,0x00,0x00,0x00,0x00,0x00,0x00,0x00,
    0x00,0x00,0x00,0x00,0x00,0x00,0x00,0x00,0x00,0x00,0x00,0x00,0x00,0x00,0x00,0x00,
    0x00,0x00,0x00,0x00,0x00,0x00,0x00,0x00,0x00,0x00,0x00,0x00,0x00,0x00,0x00,0x00,
    0x00,0x00,0x00,0x00,0x00,0x00,0x00,0x00,0x00,0x00,0x00,0x00,0x00,0x00,0x00,0x00,
    0x00,0x00,0x00,0x00,0x00,0x00,0x00,0x00,0x00,0x00,0x00,0x00,0x00,0x00,0x00,0x00,
    0x00,0x00,0x00,0x00,0x00,0x00,0x00,0x00,0x00,0x00,0x00,0x00,0x00,0x00,0x00,0x00,
    0x00,0x00,0x00,0x00,0x00,0x00,0x00,0x00,0x00,0x00,0x00,0x00,0x00,0x00,0x00,0x00,
    0x00,0x00,0x00,0x00,0x00,0x00,0x00,0x00,0x00,0x00,0x00,0x00,0x00,0x00,0x00,0x00,
    0x00,0x00,0x00,0x00,0x00,0x00,0x00,0x00,0x00,0x00,0x00,0x00,0x00,0x00,0x00,0x00,
    0x00,0x00,0x00,0x00,0x00,0x00,0x00,0x00,0x00,0x00,0x00,0x00,0x00,0x00,0x00,0x00,
    0x00,0x00,0x00,0x00,0x00,0x00,0x00,0x00,0x00,0x00,0x00,0x00,0x00,0x00,0x00,0x00,
    0x00,0x00,0x00,0x00,0x00,0x00,0x00,0x00,0x00,0x00,0x00,0x00,0x00,0x00,0x00,0x00,
    0x00,0x00,0x00,0x00,0x00,0x00,0x00,0x00,0x00,0x00,0x00,0x00,0x00,0x00,0x00,0x00,
    0x00,0x00,0x00,0x00,0x00,0x00,0x00,0x00,0x00,0x00,0x00,0x00,0x00,0x00,0x00,0x00,
    0x00,0x00,0x00,0x00,0x00,0x00,0x00,0x00,0x00,0x00,0x00,0x00,0x00,0x00,0x00,0x00,
    0x00,0x00,0x00,0x00,0x00,0x00,0x00,0x00,0x00,0x00,0x00,0x00,0x00,0x00,0x00,0x00,
    0x00,0x00,0x00,0x00,0x00,0x00,0x00,0x00,0x00,0x00,0x00,0x00,0x00,0x00,0x00,0x00,
    0x00,0x00,0x00,0x00,0x00,0x00,0x00,0x00,0x00,0x00,0x00,0x00,0x00,0x00,0x00,0x00,
    0x00,0x00,0x00,0x00,0x00,0x00,0x00,0x00,0x00,0x00,0x00,0x00,0x00,0x00,0x00,0x00,
    0x00,0x00,0x00,0x00,0x00,0x00,0x00,0x00,0x00,0x00,0x00,0x00,0x00,0x00,0x00,0x00,
    0x00,0x00,0x00,0x00,0x00,0x00,0x00,0x00,0x00,0x00,0x00,0x00,0x00,0x00,0x00,0x00,
    0x00,0x00,0x00,0x00,0x00,0x00,0x00,0x00,0x00,0x00,0x00,0x00,0x00,0x00,0x00,0x00,
    0x00,0x00,0x00,0x00,0x00,0x00,0x00,0x00,0x00,0x00,0x00,0x00,0x00,0x00,0x00,0x00,
    0x00,0x00,0x00,0x00,0x00,0x00,0x00,0x00,0x00,0x00,0x00,0x00,0x00,0x00,0x00,0x00,
    0x00,0x00,0x00,0x00,0x00,0x00,0x00,0x00,0x00,0x00,0x00,0x00,0x00,0x00,0x00,0x00,
    0x00,0x00,0x00,0x00,0x00,0x00,0x00,0x00,0x00,0x00,0x00,0x00,0x00,0x00,0x00,0x00,
    0x00,0x00,0x00,0x00,0x00,0x00,0x00,0x00,0x00,0x00,0x00,0x00,0x00,0x00,0x00,0x00,
    0x00,0x00,0x00,0x00,0x00,0x00,0x00,0x00,0x00,0x00,0x00,0x00,0x00,0x00,0x00,0x00,
    0x00,0x00,0x00,0x00,0x00,0x00,0x00,0x00,0x00,0x00,0x00,0x00,0x00,0x00,0x00,0x00,
    0x00,0x00,0x00,0x00,0x00,0x00,0x00,0x00,0x00,0x00,0x00,0x00,0x00,0x00,0x00,0x00,
    0x00,0x00,0x00,0x00,0x00,0x00,0x00,0x00,0x00,0x00,0x00,0x00,0x00,0x00,0x00,0x00,
    0x00,0x00,0x00,0x00,0x00,0x00,0x00,0x00,0x00,0x00,0x00,0x00,0x00,0x00,0x00,0x00,
    0x00,0x00,0x00,0x00,0x00,0x00,0x00,0x00,0x00,0x00,0x00,0x00,0x00,0x00,0x00,0x00,
    0x00,0x00,0x00,0x00,0x00,0x00,0x00,0x00,0x00,0x00,0x00,0x00,0x00,0x00,0x00,0x00,
    0x00,0x00,0x00,0x00,0x00,0x00,0x00,0x00,0x00,0x00,0x00,0x00,0x00,0x00,0x00,0x00,
    0x00,0x00,0x00,0x00,0x00,0x00,0x00,0x00,0x00,0x00,0x00,0x00,0x00,0x00,0x00,0x00,
    0x00,0x00,0x00,0x00,0x00,0x00,0x00,0x00,0x00,0x00,0x00,0x00,0x00,0x00,0x00,0x00,
    0x00,0x00,0x00,0x00,0x00,0x00,0x00,0x00,0x00,0x00,0x00,0x00,0x00,0x00,0x00,0x00,
    0x00,0x00,0x00,0x00,0x00,0x00,0x00,0x00,0x00,0x00,0x00,0x00,0x00,0x00,0x00,0x00,
    0x00,0x00,0x00,0x00,0x00,0x00,0x00,0x00,0x00,0x00,0x00,0x00,0x00,0x00,0x00,0x00,
    0x00,0x00,0x00,0x00,0x00,0x00,0x00,0x00,0x00,0x00,0x00,0x00,0x00,0x00,0x00,0x00,
    0x00,0x00,0x00,0x00,0x00,0x00,0x00,0x00,0x00,0x00,0x00,0x00,0x00,0x00,0x00,0x00,
    0x00,0x00,0x00,0x00,0x00,0x00,0x00,0x00,0x00,0x00,0x00,0x00,0x00,0x00,0x00,0x00,
    0x00,0x00,0x00,0x00,0x00,0x00,0x00,0x00,0x00,0x00,0x00,0x00,0x00,0x00,0x00,0x00,
    0x00,0x00,0x00,0x00,0x00,0x00,0x00,0x00,0x00,0x00,0x00,0x00,0x00,0x00,0x00,0x00,
    0x00,0x00,0x00,0x00,0x00,0x00,0x00,0x00,0x00,0x00,0x00,0x00,0x00,0x00,0x00,0x00,
    0x00,0x00,0x00,0x00,0x00,0x00,0x00,0x00,0x00,0x00,0x00,0x00,0x00,0x00,0x00,0x00,
    0x00,0x00,0x00,0x00,0x00,0x00,0x00,0x00,0x00,0x00,0x00,0x00,0x00,0x00,0x00,0x00,
    0x00,0x00,0x00,0x00,0x00,0x00,0x00,0x00,0x00,0x00,0x00,0x00,0x00,0x00,0x00,0x00,
    0x00,0x00,0x00,0x00,0x00,0x00,0x00,0x00,0x00,0x00,0x00,0x00,0x00,0x00,0x00,0x00,
    0x00,0x00,0x00,0x00,0x00,0x00,0x00,0x00,0x00,0x00,0x00,0x00,0x00,0x00,0x00,0x00,
    0x00,0x00,0x00,0x00,0x00,0x00,0x00,0x00,0x00,0x00,0x00,0x00,0x00,0x00,0x00,0x00,
    0x00,0x00,0x00,0x00,0x00,0x00,0x00,0x00,0x00,0x00,0x00,0x00,0x00,0x00,0x00,0x00,
    0x00,0x00,0x00,0x00,0x00,0x00,0x00,0x00,0x00,0x00,0x00,0x00,0x00,0x00,0x00,0x00,
    0x00,0x00,0x00,0x00,0x00,0x00,0x00,0x00,0x00,0x00,0x00,0x00,0x00,0x00,0x00,0x00,
    0x00,0x00,0x00,0x00,0x00,0x00,0x00,0x00,0x00,0x00,0x00,0x00,0x00,0x00,0x00,0x00,
    0x00,0x00,0x00,0x00,0x00,0x00,0x00,0x00,0x00,0x00,0x00,0x00,0x00,0x00,0x00,0x00,
    0x00,0x00,0x00,0x00,0x00,0x00,0x00,0x00,0x00,0x00,0x00,0x00,0x00,0x00,0x00,0x00,
    0x00,0x00,0x00,0x00,0x00,0x00,0x00,0x00,0x00,0x00,0x00,0x00,0x00,0x00,0x00,0x00,
    0x00,0x00,0x00,0x00,0x00,0x00,0x00,0x00,0x00,0x00,0x00,0x00,0x00,0x00,0x00,0x00,
    0x00,0x00,0x00,0x00,0x00,0x00,0x00,0x00,0x00,0x00,0x00,0x00,0x00,0x00,0x00,0x00,
    0x00,0x00,0x00,0x00,0x00,0x00,0x00,0x00,0x00,0x00,0x00,0x00,0x00,0x00,0x00,0x00,
    0x00,0x00,0x00,0x00,0x00,0x00,0x00,0x00,0x00,0x00,0x00,0x00,0x00,0x00,0x00,0x00,
    0x00,0x00,0x00,0x00,0x00,0x00,0x00,0x00,0x00,0x00,0x00,0x00,0x00,0x00,0x00,0x00,
    0x00,0x00,0x00,0x00,0x00,0x00,0x00,0x00,0x00,0x00,0x00,0x00,0x00,0x00,0x00,0x00,
    0x00,0x00,0x00,0x00,0x00,0x00,0x00,0x00,0x00,0x00,0x00,0x00,0x00,0x00,0x00,0x00,
    0x00,0x00,0x00,0x00,0x00,0x00,0x00,0x00,0x00,0x00,0x00,0x00,0x00,0x00,0x00,0x00,
    0x00,0x00,0x00,0x00,0x00,0x00,0x00,0x00,0x00,0x00,0x00,0x00,0x00,0x00,0x00,0x00,
    0x00,0x00,0x00,0x00,0x00,0x00,0x00,0x00,0x00,0x00,0x00,0x00,0x00,0x00,0x00,0x00,
    0x00,0x00,0x00,0x00,0x00,0x00,0x00,0x00,0x00,0x00,0x00,0x00,0x00,0x00,0x00,0x00,
    0x00,0x00,0x00,0x00,0x00,0x00,0x00,0x00,0x00,0x00,0x00,0x00,0x00,0x00,0x00,0x00,
    0x00,0x00,0x00,0x00,0x00,0x00,0x00,0x00,0x00,0x00,0x00,0x00,0x00,0x00,0x00,0x00,
    0x00,0x00,0x00,0x00,0x00,0x00,0x00,0x00,0x00,0x00,0x00,0x00,0x00,0x00,0x00,0x00,
    0x00,0x00,0x00,0x00,0x00,0x00,0x00,0x00,0x00,0x00,0x00,0x00,0x00,0x00,0x00,0x00,
    0x00,0x00,0x00,0x00,0x00,0x00,0x00,0x00,0x00,0x00,0x00,0x00,0x00,0x00,0x00,0x00,
    0x00,0x00,0x00,0x00,0x00,0x00,0x00,0x00,0x00,0x00,0x00,0x00,0x00,0x00,0x00,0x00,
    0x00,0x00,0x00,0x00,0x00,0x00,0x00,0x00,0x00,0x00,0x00,0x00,0x00,0x00,0x00,0x00,
    0x00,0x00,0x00,0x00,0x00,0x00,0x00,0x00,0x00,0x00,0x00,0x00,0x00,0x00,0x00,0x00,
    0x00,0x00,0x00,0x00,0x00,0x00,0x00,0x00,0x00,0x00,0x00,0x00,0x00,0x00,0x00,0x00,
    0x00,0x00,0x00,0x00,0x00,0x00,0x00,0x00,0x00,0x00,0x00,0x00,0x00,0x00,0x00,0x00,
    0x00,0x00,0x00,0x00,0x00,0x00,0x00,0x00,0x00,0x00,0x00,0x00,0x00,0x00,0x00,0x00,
    0x00,0x00,0x00,0x00,0x00,0x00,0x00,0x00,0x00,0x00,0x00,0x00,0x00,0x00,0x00,0x00,
    0x00,0x00,0x00,0x00,0x00,0x00,0x00,0x00,0x00,0x00,0x00,0x00,0x00,0x00,0x00,0x00,
    0x00,0x00,0x00,0x00,0x00,0x00,0x00,0x00,0x00,0x00,0x00,0x00,0x00,0x00,0x00,0x00,
    0x00,0x00,0x00,0x00,0x00,0x00,0x00,0x00,0x00,0x00,0x00,0x00,0x00,0x00,0x00,0x00,
    0x00,0x00,0x00,0x00,0x00,0x00,0x00,0x00,0x00,0x00,0x00,0x00,0x00,0x00,0x00,0x00,
    0x00,0x00,0x00,0x00,0x00,0x00,0x00,0x00,0x00,0x00,0x00,0x00,0x00,0x00,0x00,0x00,
    0x00,0x00,0x00,0x00,0x00,0x00,0x00,0x00,0x00,0x00,0x00,0x00,0x00,0x00,0x00,0x00,
    0x00,0x00,0x00,0x00,0x00,0x00,0x00,0x00,0x00,0x00,0x00,0x00,0x00,0x00,0x00,0x00,
    0x00,0x00,0x00,0x00,0x00,0x00,0x00,0x00,0x00,0x00,0x00,0x00,0x00,0x00,0x00,0x00,
    0x00,0x00,0x00,0x00,0x00,0x00,0x00,0x00,0x00,0x00,0x00,0x00,0x00,0x00,0x00,0x00,
    0x00,0x00,0x00,0x00,0x00,0x00,0x00,0x00,0x00,0x00,0x00,0x00,0x00,0x00,0x00,0x00,
    0x00,0x00,0x00,0x00,0x00,0x00,0x00,0x00,0x00,0x00,0x00,0x00,0x00,0x00,0x00,0x00,
    0x00,0x00,0x00,0x00,0x00,0x00,0x00,0x00,0x00,0x00,0x00,0x00,0x00,0x00,0x00,0x00,
    0x00,0x00,0x00,0x00,0x00,0x00,0x00,0x00,0x00,0x00,0x00,0x00,0x00,0x00,0x00,0x00,
    0x00,0x00,0x00,0x00,0x00,0x00,0x00,0x00,0x00,0x00,0x00,0x00,0x00,0x00,0x00,0x00,
    0x00,0x00,0x00,0x00,0x00,0x00,0x00,0x00,0x00,0x00,0x00,0x00,0x00,0x00,0x00,0x00,
    0x00,0x00,0x00,0x00,0x00,0x00,0x00,0x00,0x00,0x00,0x00,0x00,0x00,0x00,0x00,0x00,
    0x00,0x00,0x00,0x00,0x00,0x00,0x00,0x00,0x00,0x00,0x00,0x00,0x00,0x00,0x00,0x00,
    0x00,0x00,0x00,0x00,0x00,0x00,0x00,0x00,0x00,0x00,0x00,0x00,0x00,0x00,0x00,0x00,
    0x00,0x00,0x00,0x00,0x00,0x00,0x00,0x00,0x00,0x00,0x00,0x00,0x00,0x00,0x00,0x00,
    0x00,0x00,0x00,0x00,0x00,0x00,0x00,0x00,0x00,0x00,0x00,0x00,0x00,0x00,0x00,0x00,
    0x00,0x00,0x00,0x00,0x00,0x00,0x00,0x00,0x00,0x00,0x00,0x00,0x00,0x00,0x00,0x00,
    0x00,0x00,0x00,0x00,0x00,0x00,0x00,0x00,0x00,0x00,0x00,0x00,0x00,0x00,0x00,0x00,
    0x00,0x00,0x00,0x00,0x00,0x00,0x00,0x00,0x00,0x00,0x00,0x00,0x00,0x00,0x00,0x00,
    0x00,0x00,0x00,0x00,0x00,0x00,0x00,0x00,0x00,0x00,0x00,0x00,0x00,0x00,0x00,0x00,
    0x00,0x00,0x00,0x00,0x00,0x00,0x00,0x00,0x00,0x00,0x00,0x00,0x00,0x00,0x00,0x00,
    0x00,0x00,0x00,0x00,0x00,0x00,0x00,0x00,0x00,0x00,0x00,0x00,0x00,0x00,0x00,0x00,
    0x00,0x00,0x00,0x00,0x00,0x00,0x00,0x00,0x00,0x00,0x00,0x00,0x00,0x00,0x00,0x00,
    0x00,0x00,0x00,0x00,0x00,0x00,0x00,0x00,0x00,0x00,0x00,0x00,0x00,0x00,0x00,0x00,
    0x00,0x00,0x00,0x00,0x00,0x00,0x00,0x00,0x00,0x00,0x00,0x00,0x00,0x00,0x00,0x00,
    0x00,0x00,0x00,0x00,0x00,0x00,0x00,0x00,0x00,0x00,0x00,0x00,0x00,0x00,0x00,0x00,
    0x00,0x00,0x00,0x00,0x00,0x00,0x00,0x00,0x00,0x00,0x00,0x00,0x00,0x00,0x00,0x00,
    0x00,0x00,0x00,0x00,0x00,0x00,0x00,0x00,0x00,0x00,0x00,0x00,0x00,0x00,0x00,0x00,
    0x00,0x00,0x00,0x00,0x00,0x00,0x00,0x00,0x00,0x00,0x00,0x00,0x00,0x00,0x00,0x00,
    0x00,0x00,0x00,0x00,0x00,0x00,0x00,0x00,0x00,0x00,0x00,0x00,0x00,0x00,0x00,0x00,
    0x00,0x00,0x00,0x00,0x00,0x00,0x00,0x00,0x00,0x00,0x00,0x00,0x00,0x00,0x00,0x00,
    0x00,0x00,0x00,0x00,0x00,0x00,0x00,0x00,0x00,0x00,0x00,0x00,0x00,0x00,0x00,0x00,
    0x00,0x00,0x00,0x00,0x00,0x00,0x00,0x00,0x00,0x00,0x00,0x00,0x00,0x00,0x00,0x00,
    0x00,0x00,0x00,0x00,0x00,0x00,0x00,0x00,0x00,0x00,0x00,0x00,0x00,0x00,0x00,0x00,
    0x00,0x00,0x00,0x00,0x00,0x00,0x00,0x00,0x00,0x00,0x00,0x00,0x00,0x00,0x00,0x00,
    0x00,0x00,0x00,0x00,0x00,0x00,0x00,0x00,0x00,0x00,0x00,0x00,0x00,0x00,0x00,0x00,
    0x00,0x00,0x00,0x00,0x00,0x00,0x00,0x00,0x00,0x00,0x00,0x00,0x00,0x00,0x00,0x00,
    0x00,0x00,0x00,0x00,0x00,0x00,0x00,0x00,0x00,0x00,0x00,0x00,0x00,0x00,0x00,0x00,
    0x00,0x00,0x00,0x00,0x00,0x00,0x00,0x00,0x00,0x00,0x00,0x00,0x00,0x00,0x00,0x00,
    0x00,0x00,0x00,0x00,0x00,0x00,0x00,0x00,0x00,0x00,0x00,0x00,0x00,0x00,0x00,0x00,
    0x00,0x00,0x00,0x00,0x00,0x00,0x00,0x00,0x00,0x00,0x00,0x00,0x00,0x00,0x00,0x00,
    0x00,0x00,0x00,0x00,0x00,0x00,0x00,0x00,0x00,0x00,0x00,0x00,0x00,0x00,0x00,0x00,
    0x00,0x00,0x00,0x00,0x00,0x00,0x00,0x00,0x00,0x00,0x00,0x00,0x00,0x00,0x00,0x00,
    0x00,0x00,0x00,0x00,0x00,0x00,0x00,0x00,0x00,0x00,0x00,0x00,0x00,0x00,0x00,0x00,
    0x00,0x00,0x00,0x00,0x00,0x00,0x00,0x00,0x00,0x00,0x00,0x00,0x00,0x00,0x00,0x00,
    0x00,0x00,0x00,0x00,0x00,0x00,0x00,0x00,0x00,0x00,0x00,0x00,0x00,0x00,0x00,0x00,
    0x00,0x00,0x00,0x00,0x00,0x00,0x00,0x00,0x00,0x00,0x00,0x00,0x00,0x00,0x00,0x00,
    0x00,0x00,0x00,0x00,0x00,0x00,0x00,0x00,0x00,0x00,0x00,0x00,0x00,0x00,0x00,0x00,
    0x00,0x00,0x00,0x00,0x00,0x00,0x00,0x00,0x00,0x00,0x00,0x00,0x00,0x00,0x00,0x00,
    0x00,0x00,0x00,0x00,0x00,0x00,0x00,0x00,0x00,0x00,0x00,0x00,0x00,0x00,0x00,0x00,
    0x00,0x00,0x00,0x00,0x00,0x00,0x00,0x00,0x00,0x00,0x00,0x00,0x00,0x00,0x00,0x00,
    0x00,0x00,0x00,0x00,0x00,0x00,0x00,0x00,0x00,0x00,0x00,0x00,0x00,0x00,0x00,0x00,
    0x00,0x00,0x00,0x00,0x00,0x00,0x00,0x00,0x00,0x00,0x00,0x00,0x00,0x00,0x00,0x00,
    0x00,0x00,0x00,0x00,0x00,0x00,0x00,0x00,0x00,0x00,0x00,0x00,0x00,0x00,0x00,0x00,
    0x00,0x00,0x00,0x00,0x00,0x00,0x00,0x00,0x00,0x00,0x00,0x00,0x00,0x00,0x00,0x00,
    0x00,0x00,0x00,0x00,0x00,0x00,0x00,0x00,0x00,0x00,0x00,0x00,0x00,0x00,0x00,0x00,
    0x00,0x00,0x00,0x00,0x00,0x00,0x00,0x00,0x00,0x00,0x00,0x00,0x00,0x00,0x00,0x00,
    0x00,0x00,0x00,0x00,0x00,0x00,0x00,0x00,0x00,0x00,0x00,0x00,0x00,0x00,0x00,0x00,
    0x00,0x00,0x00,0x00,0x00,0x00,0x00,0x00,0x00,0x00,0x00,0x00,0x00,0x00,0x00,0x00,
    0x00,0x00,0x00,0x00,0x00,0x00,0x00,0x00,0x00,0x00,0x00,0x00,0x00,0x00,0x00,0x00,
    0x00,0x00,0x00,0x00,0x00,0x00,0x00,0x00,0x00,0x00,0x00,0x00,0x00,0x00,0x00,0x00,
    0x00,0x00,0x00,0x00,0x00,0x00,0x00,0x00,0x00,0x00,0x00,0x00,0x00,0x00,0x00,0x00,
    0x00,0x00,0x00,0x00,0x00,0x00,0x00,0x00,0x00,0x00,0x00,0x00,0x00,0x00,0x00,0x00,
    0x00,0x00,0x00,0x00,0x00,0x00,0x00,0x00,0x00,0x00,0x00,0x00,0x00,0x00,0x00,0x00,
    0x00,0x00,0x00,0x00,0x00,0x00,0x00,0x00,0x00,0x00,0x00,0x00,0x00,0x00,0x00,0x00,
    0x00,0x00,0x00,0x00,0x00,0x00,0x00,0x00,0x00,0x00,0x00,0x00,0x00,0x00,0x00,0x00,
    0x00,0x00,0x00,0x00,0x00,0x00,0x00,0x00,0x00,0x00,0x00,0x00,0x00,0x00,0x00,0x00,
    0x00,0x00,0x00,0x00,0x00,0x00,0x00,0x00,0x00,0x00,0x00,0x00,0x00,0x00,0x00,0x00,
    0x00,0x00,0x00,0x00,0x00,0x00,0x00,0x00,0x00,0x00,0x00,0x00,0x00,0x00,0x00,0x00,
    0x00,0x00,0x00,0x00,0x00,0x00,0x00,0x00,0x00,0x00,0x00,0x00,0x00,0x00,0x00,0x00,
    0x00,0x00,0x00,0x00,0x00,0x00,0x00,0x00,0x00,0x00,0x00,0x00,0x00,0x00,0x00,0x00,
    0x00,0x00,0x00,0x00,0x00,0x00,0x00,0x00,0x00,0x00,0x00,0x00,0x00,0x00,0x00,0x00,
    0x00,0x00,0x00,0x00,0x00,0x00,0x00,0x00,0x00,0x00,0x00,0x00,0x00,0x00,0x00,0x00,
    0x00,0x00,0x00,0x00,0x00,0x00,0x00,0x00,0x00,0x00,0x00,0x00,0x00,0x00,0x00,0x00,
    0x00,0x00,0x00,0x00,0x00,0x00,0x00,0x00,0x00,0x00,0x00,0x00,0x00,0x00,0x00,0x00,
    0x00,0x00,0x00,0x00,0x00,0x00,0x00,0x00,0x00,0x00,0x00,0x00,0x00,0x00,0x00,0x00,
    0x00,0x00,0x00,0x00,0x00,0x00,0x00,0x00,0x00,0x00,0x00,0x00,0x00,0x00,0x00,0x00,
    0x00,0x00,0x00,0x00,0x00,0x00,0x00,0x00,0x00,0x00,0x00,0x00,0x00,0x00,0x00,0x00,
    0x00,0x00,0x00,0x00,0x00,0x00,0x00,0x00,0x00,0x00,0x00,0x00,0x00,0x00,0x00,0x00,
    0x00,0x00,0x00,0x00,0x00,0x00,0x00,0x00,0x00,0x00,0x00,0x00,0x00,0x00,0x00,0x00,
    0x00,0x00,0x00,0x00,0x00,0x00,0x00,0x00,0x00,0x00,0x00,0x00,0x00,0x00,0x00,0x00,
    0x00,0x00,0x00,0x00,0x00,0x00,0x00,0x00,0x00,0x00,0x00,0x00,0x00,0x00,0x00,0x00,
    0x00,0x00,0x00,0x00,0x00,0x00,0x00,0x00,0x00,0x00,0x00,0x00,0x00,0x00,0x00,0x00,
    0x00,0x00,0x00,0x00,0x00,0x00,0x00,0x00,0x00,0x00,0x00,0x00,0x00,0x00,0x00,0x00,
    0x00,0x00,0x00,0x00,0x00,0x00,0x00,0x00,0x00,0x00,0x00,0x00,0x00,0x00,0x00,0x00,
    0x00,0x00,0x00,0x00,0x00,0x00,0x00,0x00,0x00,0x00,0x00,0x00,0x00,0x00,0x00,0x00,
    0x00,0x00,0x00,0x00,0x00,0x00,0x00,0x00,0x00,0x00,0x00,0x00,0x00,0x00,0x00,0x00,
    0x00,0x00,0x00,0x00,0x00,0x00,0x00,0x00,0x00,0x00,0x00,0x00,0x00,0x00,0x00,0x00,
    0x00,0x00,0x00,0x00,0x00,0x00,0x00,0x00,0x00,0x00,0x00,0x00,0x00,0x00,0x00,0x00,
    0x00,0x00,0x00,0x00,0x00,0x00,0x00,0x00,0x00,0x00,0x00,0x00,0x00,0x00,0x00,0x00,
    0x00,0x00,0x00,0x00,0x00,0x00,0x00,0x00,0x00,0x00,0x00,0x00,0x00,0x00,0x00,0x00,
    0x00,0x00,0x00,0x00,0x00,0x00,0x00,0x00,0x00,0x00,0x00,0x00,0x00,0x00,0x00,0x00,
    0x00,0x00,0x00,0x00,0x00,0x00,0x00,0x00,0x00,0x00,0x00,0x00,0x00,0x00,0x00,0x00,
    0x00,0x00,0x00,0x00,0x00,0x00,0x00,0x00,0x00,0x00,0x00,0x00,0x00,0x00,0x00,0x00,
    0x00,0x00,0x00,0x00,0x00,0x00,0x00,0x00,0x00,0x00,0x00,0x00,0x00,0x00,0x00,0x00,
    0x00,0x00,0x00,0x00,0x00,0x00,0x00,0x00,0x00,0x00,0x00,0x00,0x00,0x00,0x00,0x00,
    0x00,0x00,0x00,0x00,0x00,0x00,0x00,0x00,0x00,0x00,0x00,0x00,0x00,0x00,0x00,0x00,
    0x00,0x00,0x00,0x00,0x00,0x00,0x00,0x00,0x00,0x00,0x00,0x00,0x00,0x00,0x00,0x00,
    0x00,0x00,0x00,0x00,0x00,0x00,0x00,0x00,0x00,0x00,0x00,0x00,0x00,0x00,0x00,0x00,
    0x00,0x00,0x00,0x00,0x00,0x00,0x00,0x00,0x00,0x00,0x00,0x00,0x00,0x00,0x00,0x00,
    0x00,0x00,0x00,0x00,0x00,0x00,0x00,0x00,0x00,0x00,0x00,0x00,0x00,0x00,0x00,0x00,
    0x00,0x00,0x00,0x00,0x00,0x00,0x00,0x00,0x00,0x00,0x00,0x00,0x00,0x00,0x00,0x00,
    0x00,0x00,0x00,0x00,0x00,0x00,0x00,0x00,0x00,0x00,0x00,0x00,0x00,0x00,0x00,0x00,
    0x00,0x00,0x00,0x00,0x00,0x00,0x00,0x00,0x00,0x00,0x00,0x00,0x00,0x00,0x00,0x00,
    0x00,0x00,0x00,0x00,0x00,0x00,0x00,0x00,0x00,0x00,0x00,0x00,0x00,0x00,0x00,0x00,
    0x00,0x00,0x00,0x00,0x00,0x00,0x00,0x00,0x00,0x00,0x00,0x00,0x00,0x00,0x00,0x00,
    0x00,0x00,0x00,0x00,0x00,0x00,0x00,0x00,0x00,0x00,0x00,0x00,0x00,0x00,0x00,0x00,
    0x00,0x00,0x00,0x00,0x00,0x00,0x00,0x00,0x00,0x00,0x00,0x00,0x00,0x00,0x00,0x00,
    0x00,0x00,0x00,0x00,0x00,0x00,0x00,0x00,0x00,0x00,0x00,0x00,0x00,0x00,0x00,0x00,
    0x00,0x00,0x00,0x00,0x00,0x00,0x00,0x00,0x00,0x00,0x00,0x00,0x00,0x00,0x00,0x00,
    0x00,0x00,0x00,0x00,0x00,0x00,0x00,0x00,0x00,0x00,0x00,0x00,0x00,0x00,0x00,0x00,
    0x00,0x00,0x00,0x00,0x00,0x00,0x00,0x00,0x00,0x00,0x00,0x00,0x00,0x00,0x00,0x00,
    0x00,0x00,0x00,0x00,0x00,0x00,0x00,0x00,0x00,0x00,0x00,0x00,0x00,0x00,0x00,0x00,
    0x00,0x00,0x00,0x00,0x00,0x00,0x00,0x00,0x00,0x00,0x00,0x00,0x00,0x00,0x00,0x00,
    0x00,0x00,0x00,0x00,0x00,0x00,0x00,0x00,0x00,0x00,0x00,0x00,0x00,0x00,0x00,0x00,
    0x00,0x00,0x00,0x00,0x00,0x00,0x00,0x00,0x00,0x00,0x00,0x00,0x00,0x00,0x00,0x00,
    0x00,0x00,0x00,0x00,0x00,0x00,0x00,0x00,0x00,0x00,0x00,0x00,0x00,0x00,0x00,0x00,
    0x00,0x00,0x00,0x00,0x00,0x00,0x00,0x00,0x00,0x00,0x00,0x00,0x00,0x00,0x00,0x00,
    0x00,0x00,0x00,0x00,0x00,0x00,0x00,0x00,0x00,0x00,0x00,0x00,0x00,0x00,0x00,0x00,
    0x00,0x00,0x00,0x00,0x00,0x00,0x00,0x00,0x00,0x00,0x00,0x00,0x00,0x00,0x00,0x00,
    0x00,0x00,0x00,0x00,0x00,0x00,0x00,0x00,0x00,0x00,0x00,0x00,0x00,0x00,0x00,0x00,
    0x00,0x00,0x00,0x00,0x00,0x00,0x00,0x00,0x00,0x00,0x00,0x00,0x00,0x00,0x00,0x00,
    0x00,0x00,0x00,0x00,0x00,0x00,0x00,0x00,0x00,0x00,0x00,0x00,0x00,0x00,0x00,0x00,
    0x00,0x00,0x00,0x00,0x00,0x00,0x00,0x00,0x00,0x00,0x00,0x00,0x00,0x00,0x00,0x00,
    0x00,0x00,0x00,0x00,0x00,0x00,0x00,0x00,0x00,0x00,0x00,0x00,0x00,0x00,0x00,0x00,
    0x00,0x00,0x00,0x00,0x00,0x00,0x00,0x00,0x00,0x00,0x00,0x00,0x00,0x00,0x00,0x00,
    0x00,0x00,0x00,0x00,0x00,0x00,0x00,0x00,0x00,0x00,0x00,0x00,0x00,0x00,0x00,0x00,
    0x00,0x00,0x00,0x00,0x00,0x00,0x00,0x00,0x00,0x00,0x00,0x00,0x00,0x00,0x00,0x00,
    0x00,0x00,0x00,0x00,0x00,0x00,0x00,0x00,0x00,0x00,0x00,0x00,0x00,0x00,0x00,0x00,
    0x00,0x00,0x00,0x00,0x00,0x00,0x00,0x00,0x00,0x00,0x00,0x00,0x00,0x00,0x00,0x00,
    0x00,0x00,0x00,0x00,0x00,0x00,0x00,0x00,0x00,0x00,0x00,0x00,0x00,0x00,0x00,0x00,
    0x00,0x00,0x00,0x00,0x00,0x00,0x00,0x00,0x00,0x00,0x00,0x00,0x00,0x00,0x00,0x00,
    0x00,0x00,0x00,0x00,0x00,0x00,0x00,0x00,0x00,0x00,0x00,0x00,0x00,0x00,0x00,0x00,
    0x00,0x00,0x00,0x00,0x00,0x00,0x00,0x00,0x00,0x00,0x00,0x00,0x00,0x00,0x00,0x00,
    0x00,0x00,0x00,0x00,0x00,0x00,0x00,0x00,0x00,0x00,0x00,0x00,0x00,0x00,0x00,0x00,
    0x00,0x00,0x00,0x00,0x00,0x00,0x00,0x00,0x00,0x00,0x00,0x00,0x00,0x00,0x00,0x00,
    0x00,0x00,0x00,0x00,0x00,0x00,0x00,0x00,0x00,0x00,0x00,0x00,0x00,0x00,0x00,0x00,
    0x00,0x00,0x00,0x00,0x00,0x00,0x00,0x00,0x00,0x00,0x00,0x00,0x00,0x00,0x00,0x00,
    0x00,0x00,0x00,0x00,0x00,0x00,0x00,0x00,0x00,0x00,0x00,0x00,0x00,0x00,0x00,0x00,
    0x00,0x00,0x00,0x00,0x00,0x00,0x00,0x00,0x00,0x00,0x00,0x00,0x00,0x00,0x00,0x00,
    0x00,0x00,0x00,0x00,0x00,0x00,0x00,0x00,0x00,0x00,0x00,0x00,0x00,0x00,0x00,0x00,
    0x00,0x00,0x00,0x00,0x00,0x00,0x00,0x00,0x00,0x00,0x00,0x00,0x00,0x00,0x00,0x00,
    0x00,0x00,0x00,0x00,0x00,0x00,0x00,0x00,0x00,0x00,0x00,0x00,0x00,0x00,0x00,0x00,
    0x00,0x00,0x00,0x00,0x00,0x00,0x00,0x00,0x00,0x00,0x00,0x00,0x00,0x00,0x00,0x00,
    0x00,0x00,0x00,0x00,0x00,0x00,0x00,0x00,0x00,0x00,0x00,0x00,0x00,0x00,0x00,0x00,
    0x00,0x00,0x00,0x00,0x00,0x00,0x00,0x00,0x00,0x00,0x00,0x00,0x00,0x00,0x00,0x00,
    0x00,0x00,0x00,0x00,0x00,0x00,0x00,0x00,0x00,0x00,0x00,0x00,0x00,0x00,0x00,0x00,
    0x00,0x00,0x00,0x00,0x00,0x00,0x00,0x00,0x00,0x00,0x00,0x00,0x00,0x00,0x00,0x00,
    0x00,0x00,0x00,0x00,0x00,0x00,0x00,0x00,0x00,0x00,0x00,0x00,0x00,0x00,0x00,0x00,
    0x00,0x00,0x00,0x00,0x00,0x00,0x00,0x00,0x00,0x00,0x00,0x00,0x00,0x00,0x00,0x00,
    0x00,0x00,0x00,0x00,0x00,0x00,0x00,0x00,0x00,0x00,0x00,0x00,0x00,0x00,0x00,0x00,
    0x00,0x00,0x00,0x00,0x00,0x00,0x00,0x00,0x00,0x00,0x00,0x00,0x00,0x00,0x00,0x00,
    0x00,0x00,0x00,0x00,0x00,0x00,0x00,0x00,0x00,0x00,0x00,0x00,0x00,0x00,0x00,0x00,
    0x00,0x00,0x00,0x00,0x00,0x00,0x00,0x00,0x00,0x00,0x00,0x00,0x00,0x00,0x00,0x00,
    0x00,0x00,0x00,0x00,0x00,0x00,0x00,0x00,0x00,0x00,0x00,0x00,0x00,0x00,0x00,0x00,
    0x00,0x00,0x00,0x00,0x00,0x00,0x00,0x00,0x00,0x00,0x00,0x00,0x00,0x00,0x00,0x00,
    0x00,0x00,0x00,0x00,0x00,0x00,0x00,0x00,0x00,0x00,0x00,0x00,0x00,0x00,0x00,0x00,
    0x00,0x00,0x00,0x00,0x00,0x00,0x00,0x00,0x00,0x00,0x00,0x00,0x00,0x00,0x00,0x00,
    0x00,0x00,0x00,0x00,0x00,0x00,0x00,0x00,0x00,0x00,0x00,0x00,0x00,0x00,0x00,0x00,
    0x00,0x00,0x00,0x00,0x00,0x00,0x00,0x00,0x00,0x00,0x00,0x00,0x00,0x00,0x00,0x00,
    0x00,0x00,0x00,0x00,0x00,0x00,0x00,0x00,0x00,0x00,0x00,0x00,0x00,0x00,0x00,0x00,
    0x00,0x00,0x00,0x00,0x00,0x00,0x00,0x00,0x00,0x00,0x00,0x00,0x00,0x00,0x00,0x00,
    0x00,0x00,0x00,0x00,0x00,0x00,0x00,0x00,0x00,0x00,0x00,0x00,0x00,0x00,0x00,0x00,
    0x00,0x00,0x00,0x00,0x00,0x00,0x00,0x00,0x00,0x00,0x00,0x00,0x00,0x00,0x00,0x00,
    0x00,0x00,0x00,0x00,0x00,0x00,0x00,0x00,0x00,0x00,0x00,0x00,0x00,0x00,0x00,0x00,
    0x00,0x00,0x00,0x00,0x00,0x00,0x00,0x00,0x00,0x00,0x00,0x00,0x00,0x00,0x00,0x00,
    0x00,0x00,0x00,0x00,0x00,0x00,0x00,0x00,0x00,0x00,0x00,0x00,0x00,0x00,0x00,0x00,
    0x00,0x00,0x00,0x00,0x00,0x00,0x00,0x00,0x00,0x00,0x00,0x00,0x00,0x00,0x00,0x00,
    0x00,0x00,0x00,0x00,0x00,0x00,0x00,0x00,0x00,0x00,0x00,0x00,0x00,0x00,0x00,0x00,
    0x00,0x00,0x00,0x00,0x00,0x00,0x00,0x00,0x00,0x00,0x00,0x00,0x00,0x00,0x00,0x00,
    0x00,0x00,0x00,0x00,0x00,0x00,0x00,0x00,0x00,0x00,0x00,0x00,0x00,0x00,0x00,0x00,
    0x00,0x00,0x00,0x00,0x00,0x00,0x00,0x00,0x00,0x00,0x00,0x00,0x00,0x00,0x00,0x00,
    0x00,0x00,0x00,0x00,0x00,0x00,0x00,0x00,0x00,0x00,0x00,0x00,0x00,0x00,0x00,0x00,
    0x00,0x00,0x00,0x00,0x00,0x00,0x00,0x00,0x00,0x00,0x00,0x00,0x00,0x00,0x00,0x00,
    0x00,0x00,0x00,0x00,0x00,0x00,0x00,0x00,0x00,0x00,0x00,0x00,0x00,0x00,0x00,0x00,
    0x00,0x00,0x00,0x00,0x00,0x00,0x00,0x00,0x00,0x00,0x00,0x00,0x00,0x00,0x00,0x00,
    0x00,0x00,0x00,0x00,0x00,0x00,0x00,0x00,0x00,0x00,0x00,0x00,0x00,0x00,0x00,0x00,
    0x00,0x00,0x00,0x00,0x00,0x00,0x00,0x00,0x00,0x00,0x00,0x00,0x00,0x00,0x00,0x00,
    0x00,0x00,0x00,0x00,0x00,0x00,0x00,0x00,0x00,0x00,0x00,0x00,0x00,0x00,0x00,0x00,
    0x00,0x00,0x00,0x00,0x00,0x00,0x00,0x00,0x00,0x00,0x00,0x00,0x00,0x00,0x00,0x00,
    0x00,0x00,0x00,0x00,0x00,0x00,0x00,0x00,0x00,0x00,0x00,0x00,0x00,0x00,0x00,0x00,
    0x00,0x00,0x00,0x00,0x00,0x00,0x00,0x00,0x00,0x00,0x00,0x00,0x00,0x00,0x00,0x00,
    0x00,0x00,0x00,0x00,0x00,0x00,0x00,0x00,0x00,0x00,0x00,0x00,0x00,0x00,0x00,0x00,
    0x00,0x00,0x00,0x00,0x00,0x00,0x00,0x00,0x00,0x00,0x00,0x00,0x00,0x00,0x00,0x00,
    0x00,0x00,0x00,0x00,0x00,0x00,0x00,0x00,0x00,0x00,0x00,0x00,0x00,0x00,0x00,0x00,
    0x00,0x00,0x00,0x00,0x00,0x00,0x00,0x00,0x00,0x00,0x00,0x00,0x00,0x00,0x00,0x00,
    0x00,0x00,0x00,0x00,0x00,0x00,0x00,0x00,0x00,0x00,0x00,0x00,0x00,0x00,0x00,0x00,
    0x00,0x00,0x00,0x00,0x00,0x00,0x00,0x00,0x00,0x00,0x00,0x00,0x00,0x00,0x00,0x00,
    0x00,0x00,0x00,0x00,0x00,0x00,0x00,0x00,0x00,0x00,0x00,0x00,0x00,0x00,0x00,0x00,
    0x00,0x00,0x00,0x00,0x00,0x00,0x00,0x00,0x00,0x00,0x00,0x00,0x00,0x00,0x00,0x00,
    0x00,0x00,0x00,0x00,0x00,0x00,0x00,0x00,0x00,0x00,0x00,0x00,0x00,0x00,0x00,0x00,
    0x00,0x00,0x00,0x00,0x00,0x00,0x00,0x00,0x00,0x00,0x00,0x00,0x00,0x00,0x00,0x00,
    0x00,0x00,0x00,0x00,0x00,0x00,0x00,0x00,0x00,0x00,0x00,0x00,0x00,0x00,0x00,0x00,
    0x00,0x00,0x00,0x00,0x00,0x00,0x00,0x00,0x00,0x00,0x00,0x00,0x00,0x00,0x00,0x00,
    0x00,0x00,0x00,0x00,0x00,0x00,0x00,0x00,0x00,0x00,0x00,0x00,0x00,0x00,0x00,0x00,
    0x00,0x00,0x00,0x00,0x00,0x00,0x00,0x00,0x00,0x00,0x00,0x00,0x00,0x00,0x00,0x00,
    0x00,0x00,0x00,0x00,0x00,0x00,0x00,0x00,0x00,0x00,0x00,0x00,0x00,0x00,0x00,0x00,
    0x00,0x00,0x00,0x00,0x00,0x00,0x00,0x00,0x00,0x00,0x00,0x00,0x00,0x00,0x00,0x00,
    0x00,0x00,0x00,0x00,0x00,0x00,0x00,0x00,0x00,0x00,0x00,0x00,0x00,0x00,0x00,0x00,
    0x00,0x00,0x00,0x00,0x00,0x00,0x00,0x00,0x00,0x00,0x00,0x00,0x00,0x00,0x00,0x00,
    0x00,0x00,0x00,0x00,0x00,0x00,0x00,0x00,0x00,0x00,0x00,0x00,0x00,0x00,0x00,0x00,
    0x00,0x00,0x00,0x00,0x00,0x00,0x00,0x00,0x00,0x00,0x00,0x00,0x00,0x00,0x00,0x00,
    0x00,0x00,0x00,0x00,0x00,0x00,0x00,0x00,0x00,0x00,0x00,0x00,0x00,0x00,0x00,0x00,
    0x00,0x00,0x00,0x00,0x00,0x00,0x00,0x00,0x00,0x00,0x00,0x00,0x00,0x00,0x00,0x00,
    0x00,0x00,0x00,0x00,0x00,0x00,0x00,0x00,0x00,0x00,0x00,0x00,0x00,0x00,0x00,0x00,
    0x00,0x00,0x00,0x00,0x00,0x00,0x00,0x00,0x00,0x00,0x00,0x00,0x00,0x00,0x00,0x00,
    0x00,0x00,0x00,0x00,0x00,0x00,0x00,0x00,0x00,0x00,0x00,0x00,0x00,0x00,0x00,0x00,
    0x00,0x00,0x00,0x00,0x00,0x00,0x00,0x00,0x00,0x00,0x00,0x00,0x00,0x00,0x00,0x00,
    0x00,0x00,0x00,0x00,0x00,0x00,0x00,0x00,0x00,0x00,0x00,0x00,0x00,0x00,0x00,0x00,
    0x00,0x00,0x00,0x00,0x00,0x00,0x00,0x00,0x00,0x00,0x00,0x00,0x00,0x00,0x00,0x00,
    0x00,0x00,0x00,0x00,0x00,0x00,0x00,0x00,0x00,0x00,0x00,0x00,0x00,0x00,0x00,0x00,
    0x00,0x00,0x00,0x00,0x00,0x00,0x00,0x00,0x00,0x00,0x00,0x00,0x00,0x00,0x00,0x00,
    0x00,0x00,0x00,0x00,0x00,0x00,0x00,0x00,0x00,0x00,0x00,0x00,0x00,0x00,0x00,0x00,
    0x00,0x00,0x00,0x00,0x00,0x00,0x00,0x00,0x00,0x00,0x00,0x00,0x00,0x00,0x00,0x00,
    0x00,0x00,0x00,0x00,0x00,0x00,0x00,0x00,0x00,0x00,0x00,0x00,0x00,0x00,0x00,0x00,
    0x00,0x00,0x00,0x00,0x00,0x00,0x00,0x00,0x00,0x00,0x00,0x00,0x00,0x00,0x00,0x00,
    0x00,0x00,0x00,0x00,0x00,0x00,0x00,0x00,0x00,0x00,0x00,0x00,0x00,0x00,0x00,0x00,
    0x00,0x00,0x00,0x00,0x00,0x00,0x00,0x00,0x00,0x00,0x00,0x00,0x00,0x00,0x00,0x00,
    0x00,0x00,0x00,0x00,0x00,0x00,0x00,0x00,0x00,0x00,0x00,0x00,0x00,0x00,0x00,0x00,
    0x00,0x00,0x00,0x00,0x00,0x00,0x00,0x00,0x00,0x00,0x00,0x00,0x00,0x00,0x00,0x00,
    0x00,0x00,0x00,0x00,0x00,0x00,0x00,0x00,0x00,0x00,0x00,0x00,0x00,0x00,0x00,0x00,
    0x00,0x00,0x00,0x00,0x00,0x00,0x00,0x00,0x00,0x00,0x00,0x00,0x00,0x00,0x00,0x00,
    0x00,0x00,0x00,0x00,0x00,0x00,0x00,0x00,0x00,0x00,0x00,0x00,0x00,0x00,0x00,0x00,
    0x00,0x00,0x00,0x00,0x00,0x00,0x00,0x00,0x00,0x00,0x00,0x00,0x00,0x00,0x00,0x00,
    0x00,0x00,0x00,0x00,0x00,0x00,0x00,0x00,0x00,0x00,0x00,0x00,0x00,0x00,0x00,0x00,
    0x00,0x00,0x00,0x00,0x00,0x00,0x00,0x00,0x00,0x00,0x00,0x00,0x00,0x00,0x00,0x00,
    0x00,0x00,0x00,0x00,0x00,0x00,0x00,0x00,0x00,0x00,0x00,0x00,0x00,0x00,0x00,0x00,
    0x00,0x00,0x00,0x00,0x00,0x00,0x00,0x00,0x00,0x00,0x00,0x00,0x00,0x00,0x00,0x00,
    0x00,0x00,0x00,0x00,0x00,0x00,0x00,0x00,0x00,0x00,0x00,0x00,0x00,0x00,0x00,0x00,
    0x00,0x00,0x00,0x00,0x00,0x00,0x00,0x00,0x00,0x00,0x00,0x00,0x00,0x00,0x00,0x00,
    0x00,0x00,0x00,0x00,0x00,0x00,0x00,0x00,0x00,0x00,0x00,0x00,0x00,0x00,0x00,0x00,
    0x00,0x00,0x00,0x00,0x00,0x00,0x00,0x00,0x00,0x00,0x00,0x00,0x00,0x00,0x00,0x00,
    0x00,0x00,0x00,0x00,0x00,0x00,0x00,0x00,0x00,0x00,0x00,0x00,0x00,0x00,0x00,0x00,
    0x00,0x00,0x00,0x00,0x00,0x00,0x00,0x00,0x00,0x00,0x00,0x00,0x00,0x00,0x00,0x00,
    0x00,0x00,0x00,0x00,0x00,0x00,0x00,0x00,0x00,0x00,0x00,0x00,0x00,0x00,0x00,0x00,
    0x00,0x00,0x00,0x00,0x00,0x00,0x00,0x00,0x00,0x00,0x00,0x00,0x00,0x00,0x00,0x00,
    0x00,0x00,0x00,0x00,0x00,0x00,0x00,0x00,0x00,0x00,0x00,0x00,0x00,0x00,0x00,0x00,
    0x00,0x00,0x00,0x00,0x00,0x00,0x00,0x00,0x00,0x00,0x00,0x00,0x00,0x00,0x00,0x00,
    0x00,0x00,0x00,0x00,0x00,0x00,0x00,0x00,0x00,0x00,0x00,0x00,0x00,0x00,0x00,0x00,
    0x00,0x00,0x00,0x00,0x00,0x00,0x00,0x00,0x00,0x00,0x00,0x00,0x00,0x00,0x00,0x00,
    0x00,0x00,0x00,0x00,0x00,0x00,0x00,0x00,0x00,0x00,0x00,0x00,0x00,0x00,0x00,0x00,
    0x00,0x00,0x00,0x00,0x00,0x00,0x00,0x00,0x00,0x00,0x00,0x00,0x00,0x00,0x00,0x00,
    0x00,0x00,0x00,0x00,0x00,0x00,0x00,0x00,0x00,0x00,0x00,0x00,0x00,0x00,0x00,0x00,
    0x00,0x00,0x00,0x00,0x00,0x00,0x00,0x00,0x00,0x00,0x00,0x00,0x00,0x00,0x00,0x00,
    0x00,0x00,0x00,0x00,0x00,0x00,0x00,0x00,0x00,0x00,0x00,0x00,0x00,0x00,0x00,0x00,
    0x00,0x00,0x00,0x00,0x00,0x00,0x00,0x00,0x00,0x00,0x00,0x00,0x00,0x00,0x00,0x00,
    0x00,0x00,0x00,0x00,0x00,0x00,0x00,0x00,0x00,0x00,0x00,0x00,0x00,0x00,0x00,0x00,
    0x00,0x00,0x00,0x00,0x00,0x00,0x00,0x00,0x00,0x00,0x00,0x00,0x00,0x00,0x00,0x00,
    0x00,0x00,0x00,0x00,0x00,0x00,0x00,0x00,0x00,0x00,0x00,0x00,0x00,0x00,0x00,0x00,
    0x00,0x00,0x00,0x00,0x00,0x00,0x00,0x00,0x00,0x00,0x00,0x00,0x00,0x00,0x00,0x00,
    0x00,0x00,0x00,0x00,0x00,0x00,0x00,0x00,0x00,0x00,0x00,0x00,0x00,0x00,0x00,0x00,
    0x00,0x00,0x00,0x00,0x00,0x00,0x00,0x00,0x00,0x00,0x00,0x00,0x00,0x00,0x00,0x00,
    0x00,0x00,0x00,0x00,0x00,0x00,0x00,0x00,0x00,0x00,0x00,0x00,0x00,0x00,0x00,0x00,
    0x00,0x00,0x00,0x00,0x00,0x00,0x00,0x00,0x00,0x00,0x00,0x00,0x00,0x00,0x00,0x00,
    0x00,0x00,0x00,0x00,0x00,0x00,0x00,0x00,0x00,0x00,0x00,0x00,0x00,0x00,0x00,0x00,
    0x00,0x00,0x00,0x00,0x00,0x00,0x00,0x00,0x00,0x00,0x00,0x00,0x00,0x00,0x00,0x00,
    0x00,0x00,0x00,0x00,0x00,0x00,0x00,0x00,0x00,0x00,0x00,0x00,0x00,0x00,0x00,0x00,
    0x00,0x00,0x00,0x00,0x00,0x00,0x00,0x00,0x00,0x00,0x00,0x00,0x00,0x00,0x00,0x00,
    0x00,0x00,0x00,0x00,0x00,0x00,0x00,0x00,0x00,0x00,0x00,0x00,0x00,0x00,0x00,0x00,
    0x00,0x00,0x00,0x00,0x00,0x00,0x00,0x00,0x00,0x00,0x00,0x00,0x00,0x00,0x00,0x00,
    0x00,0x00,0x00,0x00,0x00,0x00,0x00,0x00,0x00,0x00,0x00,0x00,0x00,0x00,0x00,0x00,
    0x00,0x00,0x00,0x00,0x00,0x00,0x00,0x00,0x00,0x00,0x00,0x00,0x00,0x00,0x00,0x00,
    0x00,0x00,0x00,0x00,0x00,0x00,0x00,0x00,0x00,0x00,0x00,0x00,0x00,0x00,0x00,0x00,
    0x00,0x00,0x00,0x00,0x00,0x00,0x00,0x00,0x00,0x00,0x00,0x00,0x00,0x00,0x00,0x00,
    0x00,0x00,0x00,0x00,0x00,0x00,0x00,0x00,0x00,0x00,0x00,0x00,0x00,0x00,0x00,0x00,
    0x00,0x00,0x00,0x00,0x00,0x00,0x00,0x00,0x00,0x00,0x00,0x00,0x00,0x00,0x00,0x00,
    0x00,0x00,0x00,0x00,0x00,0x00,0x00,0x00,0x00,0x00,0x00,0x00,0x00,0x00,0x00,0x00,
    0x00,0x00,0x00,0x00,0x00,0x00,0x00,0x00,0x00,0x00,0x00,0x00,0x00,0x00,0x00,0x00,
    0x00,0x00,0x00,0x00,0x00,0x00,0x00,0x00,0x00,0x00,0x00,0x00,0x00,0x00,0x00,0x00,
    0x00,0x00,0x00,0x00,0x00,0x00,0x00,0x00,0x00,0x00,0x00,0x00,0x00,0x00,0x00,0x00,
    0x00,0x00,0x00,0x00,0x00,0x00,0x00,0x00,0x00,0x00,0x00,0x00,0x00,0x00,0x00,0x00,
    0x00,0x00,0x00,0x00,0x00,0x00,0x00,0x00,0x00,0x00,0x00,0x00,0x00,0x00,0x00,0x00,
    0x00,0x00,0x00,0x00,0x00,0x00,0x00,0x00,0x00,0x00,0x00,0x00,0x00,0x00,0x00,0x00,
    0x00,0x00,0x00,0x00,0x00,0x00,0x00,0x00,0x00,0x00,0x00,0x00,0x00,0x00,0x00,0x00,
    0x00,0x00,0x00,0x00,0x00,0x00,0x00,0x00,0x00,0x00,0x00,0x00,0x00,0x00,0x00,0x00,
    0x00,0x00,0x00,0x00,0x00,0x00,0x00,0x00,0x00,0x00,0x00,0x00,0x00,0x00,0x00,0x00,
    0x00,0x00,0x00,0x00,0x00,0x00,0x00,0x00,0x00,0x00,0x00,0x00,0x00,0x00,0x00,0x00,
    0x00,0x00,0x00,0x00,0x00,0x00,0x00,0x00,0x00,0x00,0x00,0x00,0x00,0x00,0x00,0x00,
    0x00,0x00,0x00,0x00,0x00,0x00,0x00,0x00,0x00,0x00,0x00,0x00,0x00,0x00,0x00,0x00,
    0x00,0x00,0x00,0x00,0x00,0x00,0x00,0x00,0x00,0x00,0x00,0x00,0x00,0x00,0x00,0x00,
    0x00,0x00,0x00,0x00,0x00,0x00,0x00,0x00,0x00,0x00,0x00,0x00,0x00,0x00,0x00,0x00,
    0x00,0x00,0x00,0x00,0x00,0x00,0x00,0x00,0x00,0x00,0x00,0x00,0x00,0x00,0x00,0x00,
    0x00,0x00,0x00,0x00,0x00,0x00,0x00,0x00,0x00,0x00,0x00,0x00,0x00,0x00,0x00,0x00,
    0x00,0x00,0x00,0x00,0x00,0x00,0x00,0x00,0x00,0x00,0x00,0x00,0x00,0x00,0x00,0x00,
    0x00,0x00,0x00,0x00,0x00,0x00,0x00,0x00,0x00,0x00,0x00,0x00,0x00,0x00,0x00,0x00,
    0x00,0x00,0x00,0x00,0x00,0x00,0x00,0x00,0x00,0x00,0x00,0x00,0x00,0x00,0x00,0x00,
    0x00,0x00,0x00,0x00,0x00,0x00,0x00,0x00,
};
static constexpr uint32_t kTlsBlobSize = 113272;
